load_zone,weather_iteration,stage_id,timepoint,load_component,load_mw
Zone1,0,1,20300001,all,2475.0
Zone1,0,1,20300002,all,2376.0
Zone1,0,1,20300003,all,2310.0
Zone1,0,1,20300004,all,2244.0
Zone1,0,1,20300005,all,2277.0
Zone1,0,1,20300006,all,2376.0
Zone1,0,1,20300007,all,2640.0
Zone1,0,1,20300008,all,2970.0
Zone1,0,1,20300009,all,3234.0
Zone1,0,1,20300010,all,3300.0
Zone1,0,1,20300011,all,3267.0
Zone1,0,1,20300012,all,3201.0
Zone1,0,1,20300013,all,3135.0
Zone1,0,1,20300014,all,3069.0
Zone1,0,1,20300015,all,3036.0
Zone1,0,1,20300016,all,3069.0
Zone1,0,1,20300017,all,3135.0
Zone1,0,1,20300018,all,3300.0
Zone1,0,1,20300019,all,3366.0
Zone1,0,1,20300020,all,3399.0
Zone1,0,1,20300021,all,3333.0
Zone1,0,1,20300022,all,3168.0
Zone1,0,1,20300023,all,2904.0
Zone1,0,1,20300024,all,2640.0
Zone1,0,1,20300025,all,2475.0
Zone1,0,1,20300026,all,2376.0
Zone1,0,1,20300027,all,2310.0
Zone1,0,1,20300028,all,2244.0
Zone1,0,1,20300029,all,2277.0
Zone1,0,1,20300030,all,2376.0
Zone1,0,1,20300031,all,2640.0
Zone1,0,1,20300032,all,2970.0
Zone1,0,1,20300033,all,3234.0
Zone1,0,1,20300034,all,3300.0
Zone1,0,1,20300035,all,3267.0
Zone1,0,1,20300036,all,3201.0
Zone1,0,1,20300037,all,3135.0
Zone1,0,1,20300038,all,3069.0
Zone1,0,1,20300039,all,3036.0
Zone1,0,1,20300040,all,3069.0
Zone1,0,1,20300041,all,3135.0
Zone1,0,1,20300042,all,3300.0
Zone1,0,1,20300043,all,3366.0
Zone1,0,1,20300044,all,3399.0
Zone1,0,1,20300045,all,3333.0
Zone1,0,1,20300046,all,3168.0
Zone1,0,1,20300047,all,2904.0
Zone1,0,1,20300048,all,2640.0
Zone1,0,1,20300049,all,2475.0
Zone1,0,1,20300050,all,2376.0
Zone1,0,1,20300051,all,2310.0
Zone1,0,1,20300052,all,2244.0
Zone1,0,1,20300053,all,2277.0
Zone1,0,1,20300054,all,2376.0
Zone1,0,1,20300055,all,2640.0
Zone1,0,1,20300056,all,2970.0
Zone1,0,1,20300057,all,3234.0
Zone1,0,1,20300058,all,3300.0
Zone1,0,1,20300059,all,3267.0
Zone1,0,1,20300060,all,3201.0
Zone1,0,1,20300061,all,3135.0
Zone1,0,1,20300062,all,3069.0
Zone1,0,1,20300063,all,3036.0
Zone1,0,1,20300064,all,3069.0
Zone1,0,1,20300065,all,3135.0
Zone1,0,1,20300066,all,3300.0
Zone1,0,1,20300067,all,3366.0
Zone1,0,1,20300068,all,3399.0
Zone1,0,1,20300069,all,3333.0
Zone1,0,1,20300070,all,3168.0
Zone1,0,1,20300071,all,2904.0
Zone1,0,1,20300072,all,2640.0
Zone1,0,1,20300073,all,2475.0
Zone1,0,1,20300074,all,2376.0
Zone1,0,1,20300075,all,2310.0
Zone1,0,1,20300076,all,2244.0
Zone1,0,1,20300077,all,2277.0
Zone1,0,1,20300078,all,2376.0
Zone1,0,1,20300079,all,2640.0
Zone1,0,1,20300080,all,2970.0
Zone1,0,1,20300081,all,3234.0
Zone1,0,1,20300082,all,3300.0
Zone1,0,1,20300083,all,3267.0
Zone1,0,1,20300084,all,3201.0
Zone1,0,1,20300085,all,3135.0
Zone1,0,1,20300086,all,3069.0
Zone1,0,1,20300087,all,3036.0
Zone1,0,1,20300088,all,3069.0
Zone1,0,1,20300089,all,3135.0
Zone1,0,1,20300090,all,3300.0
Zone1,0,1,20300091,all,3366.0
Zone1,0,1,20300092,all,3399.0
Zone1,0,1,20300093,all,3333.0
Zone1,0,1,20300094,all,3168.0
Zone1,0,1,20300095,all,2904.0
Zone1,0,1,20300096,all,2640.0
Zone1,0,1,20300097,all,2475.0
Zone1,0,1,20300098,all,2376.0
Zone1,0,1,20300099,all,2310.0
Zone1,0,1,20300100,all,2244.0
Zone1,0,1,20300101,all,2277.0
Zone1,0,1,20300102,all,2376.0
Zone1,0,1,20300103,all,2640.0
Zone1,0,1,20300104,all,2970.0
Zone1,0,1,20300105,all,3234.0
Zone1,0,1,20300106,all,3300.0
Zone1,0,1,20300107,all,3267.0
Zone1,0,1,20300108,all,3201.0
Zone1,0,1,20300109,all,3135.0
Zone1,0,1,20300110,all,3069.0
Zone1,0,1,20300111,all,3036.0
Zone1,0,1,20300112,all,3069.0
Zone1,0,1,20300113,all,3135.0
Zone1,0,1,20300114,all,3300.0
Zone1,0,1,20300115,all,3366.0
Zone1,0,1,20300116,all,3399.0
Zone1,0,1,20300117,all,3333.0
Zone1,0,1,20300118,all,3168.0
Zone1,0,1,20300119,all,2904.0
Zone1,0,1,20300120,all,2640.0
Zone1,0,1,20300121,all,2475.0
Zone1,0,1,20300122,all,2376.0
Zone1,0,1,20300123,all,2310.0
Zone1,0,1,20300124,all,2244.0
Zone1,0,1,20300125,all,2277.0
Zone1,0,1,20300126,all,2376.0
Zone1,0,1,20300127,all,2640.0
Zone1,0,1,20300128,all,2970.0
Zone1,0,1,20300129,all,3234.0
Zone1,0,1,20300130,all,3300.0
Zone1,0,1,20300131,all,3267.0
Zone1,0,1,20300132,all,3201.0
Zone1,0,1,20300133,all,3135.0
Zone1,0,1,20300134,all,3069.0
Zone1,0,1,20300135,all,3036.0
Zone1,0,1,20300136,all,3069.0
Zone1,0,1,20300137,all,3135.0
Zone1,0,1,20300138,all,3300.0
Zone1,0,1,20300139,all,3366.0
Zone1,0,1,20300140,all,3399.0
Zone1,0,1,20300141,all,3333.0
Zone1,0,1,20300142,all,3168.0
Zone1,0,1,20300143,all,2904.0
Zone1,0,1,20300144,all,2640.0
Zone1,0,1,20300145,all,2475.0
Zone1,0,1,20300146,all,2376.0
Zone1,0,1,20300147,all,2310.0
Zone1,0,1,20300148,all,2244.0
Zone1,0,1,20300149,all,2277.0
Zone1,0,1,20300150,all,2376.0
Zone1,0,1,20300151,all,2640.0
Zone1,0,1,20300152,all,2970.0
Zone1,0,1,20300153,all,3234.0
Zone1,0,1,20300154,all,3300.0
Zone1,0,1,20300155,all,3267.0
Zone1,0,1,20300156,all,3201.0
Zone1,0,1,20300157,all,3135.0
Zone1,0,1,20300158,all,3069.0
Zone1,0,1,20300159,all,3036.0
Zone1,0,1,20300160,all,3069.0
Zone1,0,1,20300161,all,3135.0
Zone1,0,1,20300162,all,3300.0
Zone1,0,1,20300163,all,3366.0
Zone1,0,1,20300164,all,3399.0
Zone1,0,1,20300165,all,3333.0
Zone1,0,1,20300166,all,3168.0
Zone1,0,1,20300167,all,2904.0
Zone1,0,1,20300168,all,2640.0
Zone1,0,1,20300169,all,2475.0
Zone1,0,1,20300170,all,2376.0
Zone1,0,1,20300171,all,2310.0
Zone1,0,1,20300172,all,2244.0
Zone1,0,1,20300173,all,2277.0
Zone1,0,1,20300174,all,2376.0
Zone1,0,1,20300175,all,2640.0
Zone1,0,1,20300176,all,2970.0
Zone1,0,1,20300177,all,3234.0
Zone1,0,1,20300178,all,3300.0
Zone1,0,1,20300179,all,3267.0
Zone1,0,1,20300180,all,3201.0
Zone1,0,1,20300181,all,3135.0
Zone1,0,1,20300182,all,3069.0
Zone1,0,1,20300183,all,3036.0
Zone1,0,1,20300184,all,3069.0
Zone1,0,1,20300185,all,3135.0
Zone1,0,1,20300186,all,3300.0
Zone1,0,1,20300187,all,3366.0
Zone1,0,1,20300188,all,3399.0
Zone1,0,1,20300189,all,3333.0
Zone1,0,1,20300190,all,3168.0
Zone1,0,1,20300191,all,2904.0
Zone1,0,1,20300192,all,2640.0
Zone1,0,1,20300193,all,2475.0
Zone1,0,1,20300194,all,2376.0
Zone1,0,1,20300195,all,2310.0
Zone1,0,1,20300196,all,2244.0
Zone1,0,1,20300197,all,2277.0
Zone1,0,1,20300198,all,2376.0
Zone1,0,1,20300199,all,2640.0
Zone1,0,1,20300200,all,2970.0
Zone1,0,1,20300201,all,3234.0
Zone1,0,1,20300202,all,3300.0
Zone1,0,1,20300203,all,3267.0
Zone1,0,1,20300204,all,3201.0
Zone1,0,1,20300205,all,3135.0
Zone1,0,1,20300206,all,3069.0
Zone1,0,1,20300207,all,3036.0
Zone1,0,1,20300208,all,3069.0
Zone1,0,1,20300209,all,3135.0
Zone1,0,1,20300210,all,3300.0
Zone1,0,1,20300211,all,3366.0
Zone1,0,1,20300212,all,3399.0
Zone1,0,1,20300213,all,3333.0
Zone1,0,1,20300214,all,3168.0
Zone1,0,1,20300215,all,2904.0
Zone1,0,1,20300216,all,2640.0
Zone1,0,1,20300217,all,2475.0
Zone1,0,1,20300218,all,2376.0
Zone1,0,1,20300219,all,2310.0
Zone1,0,1,20300220,all,2244.0
Zone1,0,1,20300221,all,2277.0
Zone1,0,1,20300222,all,2376.0
Zone1,0,1,20300223,all,2640.0
Zone1,0,1,20300224,all,2970.0
Zone1,0,1,20300225,all,3234.0
Zone1,0,1,20300226,all,3300.0
Zone1,0,1,20300227,all,3267.0
Zone1,0,1,20300228,all,3201.0
Zone1,0,1,20300229,all,3135.0
Zone1,0,1,20300230,all,3069.0
Zone1,0,1,20300231,all,3036.0
Zone1,0,1,20300232,all,3069.0
Zone1,0,1,20300233,all,3135.0
Zone1,0,1,20300234,all,3300.0
Zone1,0,1,20300235,all,3366.0
Zone1,0,1,20300236,all,3399.0
Zone1,0,1,20300237,all,3333.0
Zone1,0,1,20300238,all,3168.0
Zone1,0,1,20300239,all,2904.0
Zone1,0,1,20300240,all,2640.0
Zone1,0,1,20300241,all,2475.0
Zone1,0,1,20300242,all,2376.0
Zone1,0,1,20300243,all,2310.0
Zone1,0,1,20300244,all,2244.0
Zone1,0,1,20300245,all,2277.0
Zone1,0,1,20300246,all,2376.0
Zone1,0,1,20300247,all,2640.0
Zone1,0,1,20300248,all,2970.0
Zone1,0,1,20300249,all,3234.0
Zone1,0,1,20300250,all,3300.0
Zone1,0,1,20300251,all,3267.0
Zone1,0,1,20300252,all,3201.0
Zone1,0,1,20300253,all,3135.0
Zone1,0,1,20300254,all,3069.0
Zone1,0,1,20300255,all,3036.0
Zone1,0,1,20300256,all,3069.0
Zone1,0,1,20300257,all,3135.0
Zone1,0,1,20300258,all,3300.0
Zone1,0,1,20300259,all,3366.0
Zone1,0,1,20300260,all,3399.0
Zone1,0,1,20300261,all,3333.0
Zone1,0,1,20300262,all,3168.0
Zone1,0,1,20300263,all,2904.0
Zone1,0,1,20300264,all,2640.0
Zone1,0,1,20300265,all,2475.0
Zone1,0,1,20300266,all,2376.0
Zone1,0,1,20300267,all,2310.0
Zone1,0,1,20300268,all,2244.0
Zone1,0,1,20300269,all,2277.0
Zone1,0,1,20300270,all,2376.0
Zone1,0,1,20300271,all,2640.0
Zone1,0,1,20300272,all,2970.0
Zone1,0,1,20300273,all,3234.0
Zone1,0,1,20300274,all,3300.0
Zone1,0,1,20300275,all,3267.0
Zone1,0,1,20300276,all,3201.0
Zone1,0,1,20300277,all,3135.0
Zone1,0,1,20300278,all,3069.0
Zone1,0,1,20300279,all,3036.0
Zone1,0,1,20300280,all,3069.0
Zone1,0,1,20300281,all,3135.0
Zone1,0,1,20300282,all,3300.0
Zone1,0,1,20300283,all,3366.0
Zone1,0,1,20300284,all,3399.0
Zone1,0,1,20300285,all,3333.0
Zone1,0,1,20300286,all,3168.0
Zone1,0,1,20300287,all,2904.0
Zone1,0,1,20300288,all,2640.0
Zone1,0,1,20300289,all,2475.0
Zone1,0,1,20300290,all,2376.0
Zone1,0,1,20300291,all,2310.0
Zone1,0,1,20300292,all,2244.0
Zone1,0,1,20300293,all,2277.0
Zone1,0,1,20300294,all,2376.0
Zone1,0,1,20300295,all,2640.0
Zone1,0,1,20300296,all,2970.0
Zone1,0,1,20300297,all,3234.0
Zone1,0,1,20300298,all,3300.0
Zone1,0,1,20300299,all,3267.0
Zone1,0,1,20300300,all,3201.0
Zone1,0,1,20300301,all,3135.0
Zone1,0,1,20300302,all,3069.0
Zone1,0,1,20300303,all,3036.0
Zone1,0,1,20300304,all,3069.0
Zone1,0,1,20300305,all,3135.0
Zone1,0,1,20300306,all,3300.0
Zone1,0,1,20300307,all,3366.0
Zone1,0,1,20300308,all,3399.0
Zone1,0,1,20300309,all,3333.0
Zone1,0,1,20300310,all,3168.0
Zone1,0,1,20300311,all,2904.0
Zone1,0,1,20300312,all,2640.0
Zone1,0,1,20300313,all,2475.0
Zone1,0,1,20300314,all,2376.0
Zone1,0,1,20300315,all,2310.0
Zone1,0,1,20300316,all,2244.0
Zone1,0,1,20300317,all,2277.0
Zone1,0,1,20300318,all,2376.0
Zone1,0,1,20300319,all,2640.0
Zone1,0,1,20300320,all,2970.0
Zone1,0,1,20300321,all,3234.0
Zone1,0,1,20300322,all,3300.0
Zone1,0,1,20300323,all,3267.0
Zone1,0,1,20300324,all,3201.0
Zone1,0,1,20300325,all,3135.0
Zone1,0,1,20300326,all,3069.0
Zone1,0,1,20300327,all,3036.0
Zone1,0,1,20300328,all,3069.0
Zone1,0,1,20300329,all,3135.0
Zone1,0,1,20300330,all,3300.0
Zone1,0,1,20300331,all,3366.0
Zone1,0,1,20300332,all,3399.0
Zone1,0,1,20300333,all,3333.0
Zone1,0,1,20300334,all,3168.0
Zone1,0,1,20300335,all,2904.0
Zone1,0,1,20300336,all,2640.0
Zone1,0,1,20300337,all,2475.0
Zone1,0,1,20300338,all,2376.0
Zone1,0,1,20300339,all,2310.0
Zone1,0,1,20300340,all,2244.0
Zone1,0,1,20300341,all,2277.0
Zone1,0,1,20300342,all,2376.0
Zone1,0,1,20300343,all,2640.0
Zone1,0,1,20300344,all,2970.0
Zone1,0,1,20300345,all,3234.0
Zone1,0,1,20300346,all,3300.0
Zone1,0,1,20300347,all,3267.0
Zone1,0,1,20300348,all,3201.0
Zone1,0,1,20300349,all,3135.0
Zone1,0,1,20300350,all,3069.0
Zone1,0,1,20300351,all,3036.0
Zone1,0,1,20300352,all,3069.0
Zone1,0,1,20300353,all,3135.0
Zone1,0,1,20300354,all,3300.0
Zone1,0,1,20300355,all,3366.0
Zone1,0,1,20300356,all,3399.0
Zone1,0,1,20300357,all,3333.0
Zone1,0,1,20300358,all,3168.0
Zone1,0,1,20300359,all,2904.0
Zone1,0,1,20300360,all,2640.0
Zone1,0,1,20300361,all,2475.0
Zone1,0,1,20300362,all,2376.0
Zone1,0,1,20300363,all,2310.0
Zone1,0,1,20300364,all,2244.0
Zone1,0,1,20300365,all,2277.0
Zone1,0,1,20300366,all,2376.0
Zone1,0,1,20300367,all,2640.0
Zone1,0,1,20300368,all,2970.0
Zone1,0,1,20300369,all,3234.0
Zone1,0,1,20300370,all,3300.0
Zone1,0,1,20300371,all,3267.0
Zone1,0,1,20300372,all,3201.0
Zone1,0,1,20300373,all,3135.0
Zone1,0,1,20300374,all,3069.0
Zone1,0,1,20300375,all,3036.0
Zone1,0,1,20300376,all,3069.0
Zone1,0,1,20300377,all,3135.0
Zone1,0,1,20300378,all,3300.0
Zone1,0,1,20300379,all,3366.0
Zone1,0,1,20300380,all,3399.0
Zone1,0,1,20300381,all,3333.0
Zone1,0,1,20300382,all,3168.0
Zone1,0,1,20300383,all,2904.0
Zone1,0,1,20300384,all,2640.0
Zone1,0,1,20300385,all,2475.0
Zone1,0,1,20300386,all,2376.0
Zone1,0,1,20300387,all,2310.0
Zone1,0,1,20300388,all,2244.0
Zone1,0,1,20300389,all,2277.0
Zone1,0,1,20300390,all,2376.0
Zone1,0,1,20300391,all,2640.0
Zone1,0,1,20300392,all,2970.0
Zone1,0,1,20300393,all,3234.0
Zone1,0,1,20300394,all,3300.0
Zone1,0,1,20300395,all,3267.0
Zone1,0,1,20300396,all,3201.0
Zone1,0,1,20300397,all,3135.0
Zone1,0,1,20300398,all,3069.0
Zone1,0,1,20300399,all,3036.0
Zone1,0,1,20300400,all,3069.0
Zone1,0,1,20300401,all,3135.0
Zone1,0,1,20300402,all,3300.0
Zone1,0,1,20300403,all,3366.0
Zone1,0,1,20300404,all,3399.0
Zone1,0,1,20300405,all,3333.0
Zone1,0,1,20300406,all,3168.0
Zone1,0,1,20300407,all,2904.0
Zone1,0,1,20300408,all,2640.0
Zone1,0,1,20300409,all,2475.0
Zone1,0,1,20300410,all,2376.0
Zone1,0,1,20300411,all,2310.0
Zone1,0,1,20300412,all,2244.0
Zone1,0,1,20300413,all,2277.0
Zone1,0,1,20300414,all,2376.0
Zone1,0,1,20300415,all,2640.0
Zone1,0,1,20300416,all,2970.0
Zone1,0,1,20300417,all,3234.0
Zone1,0,1,20300418,all,3300.0
Zone1,0,1,20300419,all,3267.0
Zone1,0,1,20300420,all,3201.0
Zone1,0,1,20300421,all,3135.0
Zone1,0,1,20300422,all,3069.0
Zone1,0,1,20300423,all,3036.0
Zone1,0,1,20300424,all,3069.0
Zone1,0,1,20300425,all,3135.0
Zone1,0,1,20300426,all,3300.0
Zone1,0,1,20300427,all,3366.0
Zone1,0,1,20300428,all,3399.0
Zone1,0,1,20300429,all,3333.0
Zone1,0,1,20300430,all,3168.0
Zone1,0,1,20300431,all,2904.0
Zone1,0,1,20300432,all,2640.0
Zone1,0,1,20300433,all,2475.0
Zone1,0,1,20300434,all,2376.0
Zone1,0,1,20300435,all,2310.0
Zone1,0,1,20300436,all,2244.0
Zone1,0,1,20300437,all,2277.0
Zone1,0,1,20300438,all,2376.0
Zone1,0,1,20300439,all,2640.0
Zone1,0,1,20300440,all,2970.0
Zone1,0,1,20300441,all,3234.0
Zone1,0,1,20300442,all,3300.0
Zone1,0,1,20300443,all,3267.0
Zone1,0,1,20300444,all,3201.0
Zone1,0,1,20300445,all,3135.0
Zone1,0,1,20300446,all,3069.0
Zone1,0,1,20300447,all,3036.0
Zone1,0,1,20300448,all,3069.0
Zone1,0,1,20300449,all,3135.0
Zone1,0,1,20300450,all,3300.0
Zone1,0,1,20300451,all,3366.0
Zone1,0,1,20300452,all,3399.0
Zone1,0,1,20300453,all,3333.0
Zone1,0,1,20300454,all,3168.0
Zone1,0,1,20300455,all,2904.0
Zone1,0,1,20300456,all,2640.0
Zone1,0,1,20300457,all,2475.0
Zone1,0,1,20300458,all,2376.0
Zone1,0,1,20300459,all,2310.0
Zone1,0,1,20300460,all,2244.0
Zone1,0,1,20300461,all,2277.0
Zone1,0,1,20300462,all,2376.0
Zone1,0,1,20300463,all,2640.0
Zone1,0,1,20300464,all,2970.0
Zone1,0,1,20300465,all,3234.0
Zone1,0,1,20300466,all,3300.0
Zone1,0,1,20300467,all,3267.0
Zone1,0,1,20300468,all,3201.0
Zone1,0,1,20300469,all,3135.0
Zone1,0,1,20300470,all,3069.0
Zone1,0,1,20300471,all,3036.0
Zone1,0,1,20300472,all,3069.0
Zone1,0,1,20300473,all,3135.0
Zone1,0,1,20300474,all,3300.0
Zone1,0,1,20300475,all,3366.0
Zone1,0,1,20300476,all,3399.0
Zone1,0,1,20300477,all,3333.0
Zone1,0,1,20300478,all,3168.0
Zone1,0,1,20300479,all,2904.0
Zone1,0,1,20300480,all,2640.0
Zone1,0,1,20300481,all,2475.0
Zone1,0,1,20300482,all,2376.0
Zone1,0,1,20300483,all,2310.0
Zone1,0,1,20300484,all,2244.0
Zone1,0,1,20300485,all,2277.0
Zone1,0,1,20300486,all,2376.0
Zone1,0,1,20300487,all,2640.0
Zone1,0,1,20300488,all,2970.0
Zone1,0,1,20300489,all,3234.0
Zone1,0,1,20300490,all,3300.0
Zone1,0,1,20300491,all,3267.0
Zone1,0,1,20300492,all,3201.0
Zone1,0,1,20300493,all,3135.0
Zone1,0,1,20300494,all,3069.0
Zone1,0,1,20300495,all,3036.0
Zone1,0,1,20300496,all,3069.0
Zone1,0,1,20300497,all,3135.0
Zone1,0,1,20300498,all,3300.0
Zone1,0,1,20300499,all,3366.0
Zone1,0,1,20300500,all,3399.0
Zone1,0,1,20300501,all,3333.0
Zone1,0,1,20300502,all,3168.0
Zone1,0,1,20300503,all,2904.0
Zone1,0,1,20300504,all,2640.0
Zone1,0,1,20300505,all,2475.0
Zone1,0,1,20300506,all,2376.0
Zone1,0,1,20300507,all,2310.0
Zone1,0,1,20300508,all,2244.0
Zone1,0,1,20300509,all,2277.0
Zone1,0,1,20300510,all,2376.0
Zone1,0,1,20300511,all,2640.0
Zone1,0,1,20300512,all,2970.0
Zone1,0,1,20300513,all,3234.0
Zone1,0,1,20300514,all,3300.0
Zone1,0,1,20300515,all,3267.0
Zone1,0,1,20300516,all,3201.0
Zone1,0,1,20300517,all,3135.0
Zone1,0,1,20300518,all,3069.0
Zone1,0,1,20300519,all,3036.0
Zone1,0,1,20300520,all,3069.0
Zone1,0,1,20300521,all,3135.0
Zone1,0,1,20300522,all,3300.0
Zone1,0,1,20300523,all,3366.0
Zone1,0,1,20300524,all,3399.0
Zone1,0,1,20300525,all,3333.0
Zone1,0,1,20300526,all,3168.0
Zone1,0,1,20300527,all,2904.0
Zone1,0,1,20300528,all,2640.0
Zone1,0,1,20300529,all,2475.0
Zone1,0,1,20300530,all,2376.0
Zone1,0,1,20300531,all,2310.0
Zone1,0,1,20300532,all,2244.0
Zone1,0,1,20300533,all,2277.0
Zone1,0,1,20300534,all,2376.0
Zone1,0,1,20300535,all,2640.0
Zone1,0,1,20300536,all,2970.0
Zone1,0,1,20300537,all,3234.0
Zone1,0,1,20300538,all,3300.0
Zone1,0,1,20300539,all,3267.0
Zone1,0,1,20300540,all,3201.0
Zone1,0,1,20300541,all,3135.0
Zone1,0,1,20300542,all,3069.0
Zone1,0,1,20300543,all,3036.0
Zone1,0,1,20300544,all,3069.0
Zone1,0,1,20300545,all,3135.0
Zone1,0,1,20300546,all,3300.0
Zone1,0,1,20300547,all,3366.0
Zone1,0,1,20300548,all,3399.0
Zone1,0,1,20300549,all,3333.0
Zone1,0,1,20300550,all,3168.0
Zone1,0,1,20300551,all,2904.0
Zone1,0,1,20300552,all,2640.0
Zone1,0,1,20300553,all,2475.0
Zone1,0,1,20300554,all,2376.0
Zone1,0,1,20300555,all,2310.0
Zone1,0,1,20300556,all,2244.0
Zone1,0,1,20300557,all,2277.0
Zone1,0,1,20300558,all,2376.0
Zone1,0,1,20300559,all,2640.0
Zone1,0,1,20300560,all,2970.0
Zone1,0,1,20300561,all,3234.0
Zone1,0,1,20300562,all,3300.0
Zone1,0,1,20300563,all,3267.0
Zone1,0,1,20300564,all,3201.0
Zone1,0,1,20300565,all,3135.0
Zone1,0,1,20300566,all,3069.0
Zone1,0,1,20300567,all,3036.0
Zone1,0,1,20300568,all,3069.0
Zone1,0,1,20300569,all,3135.0
Zone1,0,1,20300570,all,3300.0
Zone1,0,1,20300571,all,3366.0
Zone1,0,1,20300572,all,3399.0
Zone1,0,1,20300573,all,3333.0
Zone1,0,1,20300574,all,3168.0
Zone1,0,1,20300575,all,2904.0
Zone1,0,1,20300576,all,2640.0
Zone1,0,1,20300577,all,2475.0
Zone1,0,1,20300578,all,2376.0
Zone1,0,1,20300579,all,2310.0
Zone1,0,1,20300580,all,2244.0
Zone1,0,1,20300581,all,2277.0
Zone1,0,1,20300582,all,2376.0
Zone1,0,1,20300583,all,2640.0
Zone1,0,1,20300584,all,2970.0
Zone1,0,1,20300585,all,3234.0
Zone1,0,1,20300586,all,3300.0
Zone1,0,1,20300587,all,3267.0
Zone1,0,1,20300588,all,3201.0
Zone1,0,1,20300589,all,3135.0
Zone1,0,1,20300590,all,3069.0
Zone1,0,1,20300591,all,3036.0
Zone1,0,1,20300592,all,3069.0
Zone1,0,1,20300593,all,3135.0
Zone1,0,1,20300594,all,3300.0
Zone1,0,1,20300595,all,3366.0
Zone1,0,1,20300596,all,3399.0
Zone1,0,1,20300597,all,3333.0
Zone1,0,1,20300598,all,3168.0
Zone1,0,1,20300599,all,2904.0
Zone1,0,1,20300600,all,2640.0
Zone1,0,1,20300601,all,2475.0
Zone1,0,1,20300602,all,2376.0
Zone1,0,1,20300603,all,2310.0
Zone1,0,1,20300604,all,2244.0
Zone1,0,1,20300605,all,2277.0
Zone1,0,1,20300606,all,2376.0
Zone1,0,1,20300607,all,2640.0
Zone1,0,1,20300608,all,2970.0
Zone1,0,1,20300609,all,3234.0
Zone1,0,1,20300610,all,3300.0
Zone1,0,1,20300611,all,3267.0
Zone1,0,1,20300612,all,3201.0
Zone1,0,1,20300613,all,3135.0
Zone1,0,1,20300614,all,3069.0
Zone1,0,1,20300615,all,3036.0
Zone1,0,1,20300616,all,3069.0
Zone1,0,1,20300617,all,3135.0
Zone1,0,1,20300618,all,3300.0
Zone1,0,1,20300619,all,3366.0
Zone1,0,1,20300620,all,3399.0
Zone1,0,1,20300621,all,3333.0
Zone1,0,1,20300622,all,3168.0
Zone1,0,1,20300623,all,2904.0
Zone1,0,1,20300624,all,2640.0
Zone1,0,1,20300625,all,2475.0
Zone1,0,1,20300626,all,2376.0
Zone1,0,1,20300627,all,2310.0
Zone1,0,1,20300628,all,2244.0
Zone1,0,1,20300629,all,2277.0
Zone1,0,1,20300630,all,2376.0
Zone1,0,1,20300631,all,2640.0
Zone1,0,1,20300632,all,2970.0
Zone1,0,1,20300633,all,3234.0
Zone1,0,1,20300634,all,3300.0
Zone1,0,1,20300635,all,3267.0
Zone1,0,1,20300636,all,3201.0
Zone1,0,1,20300637,all,3135.0
Zone1,0,1,20300638,all,3069.0
Zone1,0,1,20300639,all,3036.0
Zone1,0,1,20300640,all,3069.0
Zone1,0,1,20300641,all,3135.0
Zone1,0,1,20300642,all,3300.0
Zone1,0,1,20300643,all,3366.0
Zone1,0,1,20300644,all,3399.0
Zone1,0,1,20300645,all,3333.0
Zone1,0,1,20300646,all,3168.0
Zone1,0,1,20300647,all,2904.0
Zone1,0,1,20300648,all,2640.0
Zone1,0,1,20300649,all,2475.0
Zone1,0,1,20300650,all,2376.0
Zone1,0,1,20300651,all,2310.0
Zone1,0,1,20300652,all,2244.0
Zone1,0,1,20300653,all,2277.0
Zone1,0,1,20300654,all,2376.0
Zone1,0,1,20300655,all,2640.0
Zone1,0,1,20300656,all,2970.0
Zone1,0,1,20300657,all,3234.0
Zone1,0,1,20300658,all,3300.0
Zone1,0,1,20300659,all,3267.0
Zone1,0,1,20300660,all,3201.0
Zone1,0,1,20300661,all,3135.0
Zone1,0,1,20300662,all,3069.0
Zone1,0,1,20300663,all,3036.0
Zone1,0,1,20300664,all,3069.0
Zone1,0,1,20300665,all,3135.0
Zone1,0,1,20300666,all,3300.0
Zone1,0,1,20300667,all,3366.0
Zone1,0,1,20300668,all,3399.0
Zone1,0,1,20300669,all,3333.0
Zone1,0,1,20300670,all,3168.0
Zone1,0,1,20300671,all,2904.0
Zone1,0,1,20300672,all,2640.0
Zone1,0,1,20300673,all,2475.0
Zone1,0,1,20300674,all,2376.0
Zone1,0,1,20300675,all,2310.0
Zone1,0,1,20300676,all,2244.0
Zone1,0,1,20300677,all,2277.0
Zone1,0,1,20300678,all,2376.0
Zone1,0,1,20300679,all,2640.0
Zone1,0,1,20300680,all,2970.0
Zone1,0,1,20300681,all,3234.0
Zone1,0,1,20300682,all,3300.0
Zone1,0,1,20300683,all,3267.0
Zone1,0,1,20300684,all,3201.0
Zone1,0,1,20300685,all,3135.0
Zone1,0,1,20300686,all,3069.0
Zone1,0,1,20300687,all,3036.0
Zone1,0,1,20300688,all,3069.0
Zone1,0,1,20300689,all,3135.0
Zone1,0,1,20300690,all,3300.0
Zone1,0,1,20300691,all,3366.0
Zone1,0,1,20300692,all,3399.0
Zone1,0,1,20300693,all,3333.0
Zone1,0,1,20300694,all,3168.0
Zone1,0,1,20300695,all,2904.0
Zone1,0,1,20300696,all,2640.0
Zone1,0,1,20300697,all,2475.0
Zone1,0,1,20300698,all,2376.0
Zone1,0,1,20300699,all,2310.0
Zone1,0,1,20300700,all,2244.0
Zone1,0,1,20300701,all,2277.0
Zone1,0,1,20300702,all,2376.0
Zone1,0,1,20300703,all,2640.0
Zone1,0,1,20300704,all,2970.0
Zone1,0,1,20300705,all,3234.0
Zone1,0,1,20300706,all,3300.0
Zone1,0,1,20300707,all,3267.0
Zone1,0,1,20300708,all,3201.0
Zone1,0,1,20300709,all,3135.0
Zone1,0,1,20300710,all,3069.0
Zone1,0,1,20300711,all,3036.0
Zone1,0,1,20300712,all,3069.0
Zone1,0,1,20300713,all,3135.0
Zone1,0,1,20300714,all,3300.0
Zone1,0,1,20300715,all,3366.0
Zone1,0,1,20300716,all,3399.0
Zone1,0,1,20300717,all,3333.0
Zone1,0,1,20300718,all,3168.0
Zone1,0,1,20300719,all,2904.0
Zone1,0,1,20300720,all,2640.0
Zone1,0,1,20300721,all,2475.0
Zone1,0,1,20300722,all,2376.0
Zone1,0,1,20300723,all,2310.0
Zone1,0,1,20300724,all,2244.0
Zone1,0,1,20300725,all,2277.0
Zone1,0,1,20300726,all,2376.0
Zone1,0,1,20300727,all,2640.0
Zone1,0,1,20300728,all,2970.0
Zone1,0,1,20300729,all,3234.0
Zone1,0,1,20300730,all,3300.0
Zone1,0,1,20300731,all,3267.0
Zone1,0,1,20300732,all,3201.0
Zone1,0,1,20300733,all,3135.0
Zone1,0,1,20300734,all,3069.0
Zone1,0,1,20300735,all,3036.0
Zone1,0,1,20300736,all,3069.0
Zone1,0,1,20300737,all,3135.0
Zone1,0,1,20300738,all,3300.0
Zone1,0,1,20300739,all,3366.0
Zone1,0,1,20300740,all,3399.0
Zone1,0,1,20300741,all,3333.0
Zone1,0,1,20300742,all,3168.0
Zone1,0,1,20300743,all,2904.0
Zone1,0,1,20300744,all,2640.0
Zone1,0,1,20300745,all,2362.5
Zone1,0,1,20300746,all,2268.0
Zone1,0,1,20300747,all,2205.0
Zone1,0,1,20300748,all,2142.0
Zone1,0,1,20300749,all,2173.5
Zone1,0,1,20300750,all,2268.0
Zone1,0,1,20300751,all,2520.0
Zone1,0,1,20300752,all,2835.0
Zone1,0,1,20300753,all,3087.0
Zone1,0,1,20300754,all,3150.0
Zone1,0,1,20300755,all,3118.5
Zone1,0,1,20300756,all,3055.5
Zone1,0,1,20300757,all,2992.5
Zone1,0,1,20300758,all,2929.5
Zone1,0,1,20300759,all,2898.0
Zone1,0,1,20300760,all,2929.5
Zone1,0,1,20300761,all,2992.5
Zone1,0,1,20300762,all,3150.0
Zone1,0,1,20300763,all,3213.0
Zone1,0,1,20300764,all,3244.5
Zone1,0,1,20300765,all,3181.5
Zone1,0,1,20300766,all,3024.0
Zone1,0,1,20300767,all,2772.0
Zone1,0,1,20300768,all,2520.0
Zone1,0,1,20300769,all,2362.5
Zone1,0,1,20300770,all,2268.0
Zone1,0,1,20300771,all,2205.0
Zone1,0,1,20300772,all,2142.0
Zone1,0,1,20300773,all,2173.5
Zone1,0,1,20300774,all,2268.0
Zone1,0,1,20300775,all,2520.0
Zone1,0,1,20300776,all,2835.0
Zone1,0,1,20300777,all,3087.0
Zone1,0,1,20300778,all,3150.0
Zone1,0,1,20300779,all,3118.5
Zone1,0,1,20300780,all,3055.5
Zone1,0,1,20300781,all,2992.5
Zone1,0,1,20300782,all,2929.5
Zone1,0,1,20300783,all,2898.0
Zone1,0,1,20300784,all,2929.5
Zone1,0,1,20300785,all,2992.5
Zone1,0,1,20300786,all,3150.0
Zone1,0,1,20300787,all,3213.0
Zone1,0,1,20300788,all,3244.5
Zone1,0,1,20300789,all,3181.5
Zone1,0,1,20300790,all,3024.0
Zone1,0,1,20300791,all,2772.0
Zone1,0,1,20300792,all,2520.0
Zone1,0,1,20300793,all,2362.5
Zone1,0,1,20300794,all,2268.0
Zone1,0,1,20300795,all,2205.0
Zone1,0,1,20300796,all,2142.0
Zone1,0,1,20300797,all,2173.5
Zone1,0,1,20300798,all,2268.0
Zone1,0,1,20300799,all,2520.0
Zone1,0,1,20300800,all,2835.0
Zone1,0,1,20300801,all,3087.0
Zone1,0,1,20300802,all,3150.0
Zone1,0,1,20300803,all,3118.5
Zone1,0,1,20300804,all,3055.5
Zone1,0,1,20300805,all,2992.5
Zone1,0,1,20300806,all,2929.5
Zone1,0,1,20300807,all,2898.0
Zone1,0,1,20300808,all,2929.5
Zone1,0,1,20300809,all,2992.5
Zone1,0,1,20300810,all,3150.0
Zone1,0,1,20300811,all,3213.0
Zone1,0,1,20300812,all,3244.5
Zone1,0,1,20300813,all,3181.5
Zone1,0,1,20300814,all,3024.0
Zone1,0,1,20300815,all,2772.0
Zone1,0,1,20300816,all,2520.0
Zone1,0,1,20300817,all,2362.5
Zone1,0,1,20300818,all,2268.0
Zone1,0,1,20300819,all,2205.0
Zone1,0,1,20300820,all,2142.0
Zone1,0,1,20300821,all,2173.5
Zone1,0,1,20300822,all,2268.0
Zone1,0,1,20300823,all,2520.0
Zone1,0,1,20300824,all,2835.0
Zone1,0,1,20300825,all,3087.0
Zone1,0,1,20300826,all,3150.0
Zone1,0,1,20300827,all,3118.5
Zone1,0,1,20300828,all,3055.5
Zone1,0,1,20300829,all,2992.5
Zone1,0,1,20300830,all,2929.5
Zone1,0,1,20300831,all,2898.0
Zone1,0,1,20300832,all,2929.5
Zone1,0,1,20300833,all,2992.5
Zone1,0,1,20300834,all,3150.0
Zone1,0,1,20300835,all,3213.0
Zone1,0,1,20300836,all,3244.5
Zone1,0,1,20300837,all,3181.5
Zone1,0,1,20300838,all,3024.0
Zone1,0,1,20300839,all,2772.0
Zone1,0,1,20300840,all,2520.0
Zone1,0,1,20300841,all,2362.5
Zone1,0,1,20300842,all,2268.0
Zone1,0,1,20300843,all,2205.0
Zone1,0,1,20300844,all,2142.0
Zone1,0,1,20300845,all,2173.5
Zone1,0,1,20300846,all,2268.0
Zone1,0,1,20300847,all,2520.0
Zone1,0,1,20300848,all,2835.0
Zone1,0,1,20300849,all,3087.0
Zone1,0,1,20300850,all,3150.0
Zone1,0,1,20300851,all,3118.5
Zone1,0,1,20300852,all,3055.5
Zone1,0,1,20300853,all,2992.5
Zone1,0,1,20300854,all,2929.5
Zone1,0,1,20300855,all,2898.0
Zone1,0,1,20300856,all,2929.5
Zone1,0,1,20300857,all,2992.5
Zone1,0,1,20300858,all,3150.0
Zone1,0,1,20300859,all,3213.0
Zone1,0,1,20300860,all,3244.5
Zone1,0,1,20300861,all,3181.5
Zone1,0,1,20300862,all,3024.0
Zone1,0,1,20300863,all,2772.0
Zone1,0,1,20300864,all,2520.0
Zone1,0,1,20300865,all,2362.5
Zone1,0,1,20300866,all,2268.0
Zone1,0,1,20300867,all,2205.0
Zone1,0,1,20300868,all,2142.0
Zone1,0,1,20300869,all,2173.5
Zone1,0,1,20300870,all,2268.0
Zone1,0,1,20300871,all,2520.0
Zone1,0,1,20300872,all,2835.0
Zone1,0,1,20300873,all,3087.0
Zone1,0,1,20300874,all,3150.0
Zone1,0,1,20300875,all,3118.5
Zone1,0,1,20300876,all,3055.5
Zone1,0,1,20300877,all,2992.5
Zone1,0,1,20300878,all,2929.5
Zone1,0,1,20300879,all,2898.0
Zone1,0,1,20300880,all,2929.5
Zone1,0,1,20300881,all,2992.5
Zone1,0,1,20300882,all,3150.0
Zone1,0,1,20300883,all,3213.0
Zone1,0,1,20300884,all,3244.5
Zone1,0,1,20300885,all,3181.5
Zone1,0,1,20300886,all,3024.0
Zone1,0,1,20300887,all,2772.0
Zone1,0,1,20300888,all,2520.0
Zone1,0,1,20300889,all,2362.5
Zone1,0,1,20300890,all,2268.0
Zone1,0,1,20300891,all,2205.0
Zone1,0,1,20300892,all,2142.0
Zone1,0,1,20300893,all,2173.5
Zone1,0,1,20300894,all,2268.0
Zone1,0,1,20300895,all,2520.0
Zone1,0,1,20300896,all,2835.0
Zone1,0,1,20300897,all,3087.0
Zone1,0,1,20300898,all,3150.0
Zone1,0,1,20300899,all,3118.5
Zone1,0,1,20300900,all,3055.5
Zone1,0,1,20300901,all,2992.5
Zone1,0,1,20300902,all,2929.5
Zone1,0,1,20300903,all,2898.0
Zone1,0,1,20300904,all,2929.5
Zone1,0,1,20300905,all,2992.5
Zone1,0,1,20300906,all,3150.0
Zone1,0,1,20300907,all,3213.0
Zone1,0,1,20300908,all,3244.5
Zone1,0,1,20300909,all,3181.5
Zone1,0,1,20300910,all,3024.0
Zone1,0,1,20300911,all,2772.0
Zone1,0,1,20300912,all,2520.0
Zone1,0,1,20300913,all,2362.5
Zone1,0,1,20300914,all,2268.0
Zone1,0,1,20300915,all,2205.0
Zone1,0,1,20300916,all,2142.0
Zone1,0,1,20300917,all,2173.5
Zone1,0,1,20300918,all,2268.0
Zone1,0,1,20300919,all,2520.0
Zone1,0,1,20300920,all,2835.0
Zone1,0,1,20300921,all,3087.0
Zone1,0,1,20300922,all,3150.0
Zone1,0,1,20300923,all,3118.5
Zone1,0,1,20300924,all,3055.5
Zone1,0,1,20300925,all,2992.5
Zone1,0,1,20300926,all,2929.5
Zone1,0,1,20300927,all,2898.0
Zone1,0,1,20300928,all,2929.5
Zone1,0,1,20300929,all,2992.5
Zone1,0,1,20300930,all,3150.0
Zone1,0,1,20300931,all,3213.0
Zone1,0,1,20300932,all,3244.5
Zone1,0,1,20300933,all,3181.5
Zone1,0,1,20300934,all,3024.0
Zone1,0,1,20300935,all,2772.0
Zone1,0,1,20300936,all,2520.0
Zone1,0,1,20300937,all,2362.5
Zone1,0,1,20300938,all,2268.0
Zone1,0,1,20300939,all,2205.0
Zone1,0,1,20300940,all,2142.0
Zone1,0,1,20300941,all,2173.5
Zone1,0,1,20300942,all,2268.0
Zone1,0,1,20300943,all,2520.0
Zone1,0,1,20300944,all,2835.0
Zone1,0,1,20300945,all,3087.0
Zone1,0,1,20300946,all,3150.0
Zone1,0,1,20300947,all,3118.5
Zone1,0,1,20300948,all,3055.5
Zone1,0,1,20300949,all,2992.5
Zone1,0,1,20300950,all,2929.5
Zone1,0,1,20300951,all,2898.0
Zone1,0,1,20300952,all,2929.5
Zone1,0,1,20300953,all,2992.5
Zone1,0,1,20300954,all,3150.0
Zone1,0,1,20300955,all,3213.0
Zone1,0,1,20300956,all,3244.5
Zone1,0,1,20300957,all,3181.5
Zone1,0,1,20300958,all,3024.0
Zone1,0,1,20300959,all,2772.0
Zone1,0,1,20300960,all,2520.0
Zone1,0,1,20300961,all,2362.5
Zone1,0,1,20300962,all,2268.0
Zone1,0,1,20300963,all,2205.0
Zone1,0,1,20300964,all,2142.0
Zone1,0,1,20300965,all,2173.5
Zone1,0,1,20300966,all,2268.0
Zone1,0,1,20300967,all,2520.0
Zone1,0,1,20300968,all,2835.0
Zone1,0,1,20300969,all,3087.0
Zone1,0,1,20300970,all,3150.0
Zone1,0,1,20300971,all,3118.5
Zone1,0,1,20300972,all,3055.5
Zone1,0,1,20300973,all,2992.5
Zone1,0,1,20300974,all,2929.5
Zone1,0,1,20300975,all,2898.0
Zone1,0,1,20300976,all,2929.5
Zone1,0,1,20300977,all,2992.5
Zone1,0,1,20300978,all,3150.0
Zone1,0,1,20300979,all,3213.0
Zone1,0,1,20300980,all,3244.5
Zone1,0,1,20300981,all,3181.5
Zone1,0,1,20300982,all,3024.0
Zone1,0,1,20300983,all,2772.0
Zone1,0,1,20300984,all,2520.0
Zone1,0,1,20300985,all,2362.5
Zone1,0,1,20300986,all,2268.0
Zone1,0,1,20300987,all,2205.0
Zone1,0,1,20300988,all,2142.0
Zone1,0,1,20300989,all,2173.5
Zone1,0,1,20300990,all,2268.0
Zone1,0,1,20300991,all,2520.0
Zone1,0,1,20300992,all,2835.0
Zone1,0,1,20300993,all,3087.0
Zone1,0,1,20300994,all,3150.0
Zone1,0,1,20300995,all,3118.5
Zone1,0,1,20300996,all,3055.5
Zone1,0,1,20300997,all,2992.5
Zone1,0,1,20300998,all,2929.5
Zone1,0,1,20300999,all,2898.0
Zone1,0,1,20301000,all,2929.5
Zone1,0,1,20301001,all,2992.5
Zone1,0,1,20301002,all,3150.0
Zone1,0,1,20301003,all,3213.0
Zone1,0,1,20301004,all,3244.5
Zone1,0,1,20301005,all,3181.5
Zone1,0,1,20301006,all,3024.0
Zone1,0,1,20301007,all,2772.0
Zone1,0,1,20301008,all,2520.0
Zone1,0,1,20301009,all,2362.5
Zone1,0,1,20301010,all,2268.0
Zone1,0,1,20301011,all,2205.0
Zone1,0,1,20301012,all,2142.0
Zone1,0,1,20301013,all,2173.5
Zone1,0,1,20301014,all,2268.0
Zone1,0,1,20301015,all,2520.0
Zone1,0,1,20301016,all,2835.0
Zone1,0,1,20301017,all,3087.0
Zone1,0,1,20301018,all,3150.0
Zone1,0,1,20301019,all,3118.5
Zone1,0,1,20301020,all,3055.5
Zone1,0,1,20301021,all,2992.5
Zone1,0,1,20301022,all,2929.5
Zone1,0,1,20301023,all,2898.0
Zone1,0,1,20301024,all,2929.5
Zone1,0,1,20301025,all,2992.5
Zone1,0,1,20301026,all,3150.0
Zone1,0,1,20301027,all,3213.0
Zone1,0,1,20301028,all,3244.5
Zone1,0,1,20301029,all,3181.5
Zone1,0,1,20301030,all,3024.0
Zone1,0,1,20301031,all,2772.0
Zone1,0,1,20301032,all,2520.0
Zone1,0,1,20301033,all,2362.5
Zone1,0,1,20301034,all,2268.0
Zone1,0,1,20301035,all,2205.0
Zone1,0,1,20301036,all,2142.0
Zone1,0,1,20301037,all,2173.5
Zone1,0,1,20301038,all,2268.0
Zone1,0,1,20301039,all,2520.0
Zone1,0,1,20301040,all,2835.0
Zone1,0,1,20301041,all,3087.0
Zone1,0,1,20301042,all,3150.0
Zone1,0,1,20301043,all,3118.5
Zone1,0,1,20301044,all,3055.5
Zone1,0,1,20301045,all,2992.5
Zone1,0,1,20301046,all,2929.5
Zone1,0,1,20301047,all,2898.0
Zone1,0,1,20301048,all,2929.5
Zone1,0,1,20301049,all,2992.5
Zone1,0,1,20301050,all,3150.0
Zone1,0,1,20301051,all,3213.0
Zone1,0,1,20301052,all,3244.5
Zone1,0,1,20301053,all,3181.5
Zone1,0,1,20301054,all,3024.0
Zone1,0,1,20301055,all,2772.0
Zone1,0,1,20301056,all,2520.0
Zone1,0,1,20301057,all,2362.5
Zone1,0,1,20301058,all,2268.0
Zone1,0,1,20301059,all,2205.0
Zone1,0,1,20301060,all,2142.0
Zone1,0,1,20301061,all,2173.5
Zone1,0,1,20301062,all,2268.0
Zone1,0,1,20301063,all,2520.0
Zone1,0,1,20301064,all,2835.0
Zone1,0,1,20301065,all,3087.0
Zone1,0,1,20301066,all,3150.0
Zone1,0,1,20301067,all,3118.5
Zone1,0,1,20301068,all,3055.5
Zone1,0,1,20301069,all,2992.5
Zone1,0,1,20301070,all,2929.5
Zone1,0,1,20301071,all,2898.0
Zone1,0,1,20301072,all,2929.5
Zone1,0,1,20301073,all,2992.5
Zone1,0,1,20301074,all,3150.0
Zone1,0,1,20301075,all,3213.0
Zone1,0,1,20301076,all,3244.5
Zone1,0,1,20301077,all,3181.5
Zone1,0,1,20301078,all,3024.0
Zone1,0,1,20301079,all,2772.0
Zone1,0,1,20301080,all,2520.0
Zone1,0,1,20301081,all,2362.5
Zone1,0,1,20301082,all,2268.0
Zone1,0,1,20301083,all,2205.0
Zone1,0,1,20301084,all,2142.0
Zone1,0,1,20301085,all,2173.5
Zone1,0,1,20301086,all,2268.0
Zone1,0,1,20301087,all,2520.0
Zone1,0,1,20301088,all,2835.0
Zone1,0,1,20301089,all,3087.0
Zone1,0,1,20301090,all,3150.0
Zone1,0,1,20301091,all,3118.5
Zone1,0,1,20301092,all,3055.5
Zone1,0,1,20301093,all,2992.5
Zone1,0,1,20301094,all,2929.5
Zone1,0,1,20301095,all,2898.0
Zone1,0,1,20301096,all,2929.5
Zone1,0,1,20301097,all,2992.5
Zone1,0,1,20301098,all,3150.0
Zone1,0,1,20301099,all,3213.0
Zone1,0,1,20301100,all,3244.5
Zone1,0,1,20301101,all,3181.5
Zone1,0,1,20301102,all,3024.0
Zone1,0,1,20301103,all,2772.0
Zone1,0,1,20301104,all,2520.0
Zone1,0,1,20301105,all,2362.5
Zone1,0,1,20301106,all,2268.0
Zone1,0,1,20301107,all,2205.0
Zone1,0,1,20301108,all,2142.0
Zone1,0,1,20301109,all,2173.5
Zone1,0,1,20301110,all,2268.0
Zone1,0,1,20301111,all,2520.0
Zone1,0,1,20301112,all,2835.0
Zone1,0,1,20301113,all,3087.0
Zone1,0,1,20301114,all,3150.0
Zone1,0,1,20301115,all,3118.5
Zone1,0,1,20301116,all,3055.5
Zone1,0,1,20301117,all,2992.5
Zone1,0,1,20301118,all,2929.5
Zone1,0,1,20301119,all,2898.0
Zone1,0,1,20301120,all,2929.5
Zone1,0,1,20301121,all,2992.5
Zone1,0,1,20301122,all,3150.0
Zone1,0,1,20301123,all,3213.0
Zone1,0,1,20301124,all,3244.5
Zone1,0,1,20301125,all,3181.5
Zone1,0,1,20301126,all,3024.0
Zone1,0,1,20301127,all,2772.0
Zone1,0,1,20301128,all,2520.0
Zone1,0,1,20301129,all,2362.5
Zone1,0,1,20301130,all,2268.0
Zone1,0,1,20301131,all,2205.0
Zone1,0,1,20301132,all,2142.0
Zone1,0,1,20301133,all,2173.5
Zone1,0,1,20301134,all,2268.0
Zone1,0,1,20301135,all,2520.0
Zone1,0,1,20301136,all,2835.0
Zone1,0,1,20301137,all,3087.0
Zone1,0,1,20301138,all,3150.0
Zone1,0,1,20301139,all,3118.5
Zone1,0,1,20301140,all,3055.5
Zone1,0,1,20301141,all,2992.5
Zone1,0,1,20301142,all,2929.5
Zone1,0,1,20301143,all,2898.0
Zone1,0,1,20301144,all,2929.5
Zone1,0,1,20301145,all,2992.5
Zone1,0,1,20301146,all,3150.0
Zone1,0,1,20301147,all,3213.0
Zone1,0,1,20301148,all,3244.5
Zone1,0,1,20301149,all,3181.5
Zone1,0,1,20301150,all,3024.0
Zone1,0,1,20301151,all,2772.0
Zone1,0,1,20301152,all,2520.0
Zone1,0,1,20301153,all,2362.5
Zone1,0,1,20301154,all,2268.0
Zone1,0,1,20301155,all,2205.0
Zone1,0,1,20301156,all,2142.0
Zone1,0,1,20301157,all,2173.5
Zone1,0,1,20301158,all,2268.0
Zone1,0,1,20301159,all,2520.0
Zone1,0,1,20301160,all,2835.0
Zone1,0,1,20301161,all,3087.0
Zone1,0,1,20301162,all,3150.0
Zone1,0,1,20301163,all,3118.5
Zone1,0,1,20301164,all,3055.5
Zone1,0,1,20301165,all,2992.5
Zone1,0,1,20301166,all,2929.5
Zone1,0,1,20301167,all,2898.0
Zone1,0,1,20301168,all,2929.5
Zone1,0,1,20301169,all,2992.5
Zone1,0,1,20301170,all,3150.0
Zone1,0,1,20301171,all,3213.0
Zone1,0,1,20301172,all,3244.5
Zone1,0,1,20301173,all,3181.5
Zone1,0,1,20301174,all,3024.0
Zone1,0,1,20301175,all,2772.0
Zone1,0,1,20301176,all,2520.0
Zone1,0,1,20301177,all,2362.5
Zone1,0,1,20301178,all,2268.0
Zone1,0,1,20301179,all,2205.0
Zone1,0,1,20301180,all,2142.0
Zone1,0,1,20301181,all,2173.5
Zone1,0,1,20301182,all,2268.0
Zone1,0,1,20301183,all,2520.0
Zone1,0,1,20301184,all,2835.0
Zone1,0,1,20301185,all,3087.0
Zone1,0,1,20301186,all,3150.0
Zone1,0,1,20301187,all,3118.5
Zone1,0,1,20301188,all,3055.5
Zone1,0,1,20301189,all,2992.5
Zone1,0,1,20301190,all,2929.5
Zone1,0,1,20301191,all,2898.0
Zone1,0,1,20301192,all,2929.5
Zone1,0,1,20301193,all,2992.5
Zone1,0,1,20301194,all,3150.0
Zone1,0,1,20301195,all,3213.0
Zone1,0,1,20301196,all,3244.5
Zone1,0,1,20301197,all,3181.5
Zone1,0,1,20301198,all,3024.0
Zone1,0,1,20301199,all,2772.0
Zone1,0,1,20301200,all,2520.0
Zone1,0,1,20301201,all,2362.5
Zone1,0,1,20301202,all,2268.0
Zone1,0,1,20301203,all,2205.0
Zone1,0,1,20301204,all,2142.0
Zone1,0,1,20301205,all,2173.5
Zone1,0,1,20301206,all,2268.0
Zone1,0,1,20301207,all,2520.0
Zone1,0,1,20301208,all,2835.0
Zone1,0,1,20301209,all,3087.0
Zone1,0,1,20301210,all,3150.0
Zone1,0,1,20301211,all,3118.5
Zone1,0,1,20301212,all,3055.5
Zone1,0,1,20301213,all,2992.5
Zone1,0,1,20301214,all,2929.5
Zone1,0,1,20301215,all,2898.0
Zone1,0,1,20301216,all,2929.5
Zone1,0,1,20301217,all,2992.5
Zone1,0,1,20301218,all,3150.0
Zone1,0,1,20301219,all,3213.0
Zone1,0,1,20301220,all,3244.5
Zone1,0,1,20301221,all,3181.5
Zone1,0,1,20301222,all,3024.0
Zone1,0,1,20301223,all,2772.0
Zone1,0,1,20301224,all,2520.0
Zone1,0,1,20301225,all,2362.5
Zone1,0,1,20301226,all,2268.0
Zone1,0,1,20301227,all,2205.0
Zone1,0,1,20301228,all,2142.0
Zone1,0,1,20301229,all,2173.5
Zone1,0,1,20301230,all,2268.0
Zone1,0,1,20301231,all,2520.0
Zone1,0,1,20301232,all,2835.0
Zone1,0,1,20301233,all,3087.0
Zone1,0,1,20301234,all,3150.0
Zone1,0,1,20301235,all,3118.5
Zone1,0,1,20301236,all,3055.5
Zone1,0,1,20301237,all,2992.5
Zone1,0,1,20301238,all,2929.5
Zone1,0,1,20301239,all,2898.0
Zone1,0,1,20301240,all,2929.5
Zone1,0,1,20301241,all,2992.5
Zone1,0,1,20301242,all,3150.0
Zone1,0,1,20301243,all,3213.0
Zone1,0,1,20301244,all,3244.5
Zone1,0,1,20301245,all,3181.5
Zone1,0,1,20301246,all,3024.0
Zone1,0,1,20301247,all,2772.0
Zone1,0,1,20301248,all,2520.0
Zone1,0,1,20301249,all,2362.5
Zone1,0,1,20301250,all,2268.0
Zone1,0,1,20301251,all,2205.0
Zone1,0,1,20301252,all,2142.0
Zone1,0,1,20301253,all,2173.5
Zone1,0,1,20301254,all,2268.0
Zone1,0,1,20301255,all,2520.0
Zone1,0,1,20301256,all,2835.0
Zone1,0,1,20301257,all,3087.0
Zone1,0,1,20301258,all,3150.0
Zone1,0,1,20301259,all,3118.5
Zone1,0,1,20301260,all,3055.5
Zone1,0,1,20301261,all,2992.5
Zone1,0,1,20301262,all,2929.5
Zone1,0,1,20301263,all,2898.0
Zone1,0,1,20301264,all,2929.5
Zone1,0,1,20301265,all,2992.5
Zone1,0,1,20301266,all,3150.0
Zone1,0,1,20301267,all,3213.0
Zone1,0,1,20301268,all,3244.5
Zone1,0,1,20301269,all,3181.5
Zone1,0,1,20301270,all,3024.0
Zone1,0,1,20301271,all,2772.0
Zone1,0,1,20301272,all,2520.0
Zone1,0,1,20301273,all,2362.5
Zone1,0,1,20301274,all,2268.0
Zone1,0,1,20301275,all,2205.0
Zone1,0,1,20301276,all,2142.0
Zone1,0,1,20301277,all,2173.5
Zone1,0,1,20301278,all,2268.0
Zone1,0,1,20301279,all,2520.0
Zone1,0,1,20301280,all,2835.0
Zone1,0,1,20301281,all,3087.0
Zone1,0,1,20301282,all,3150.0
Zone1,0,1,20301283,all,3118.5
Zone1,0,1,20301284,all,3055.5
Zone1,0,1,20301285,all,2992.5
Zone1,0,1,20301286,all,2929.5
Zone1,0,1,20301287,all,2898.0
Zone1,0,1,20301288,all,2929.5
Zone1,0,1,20301289,all,2992.5
Zone1,0,1,20301290,all,3150.0
Zone1,0,1,20301291,all,3213.0
Zone1,0,1,20301292,all,3244.5
Zone1,0,1,20301293,all,3181.5
Zone1,0,1,20301294,all,3024.0
Zone1,0,1,20301295,all,2772.0
Zone1,0,1,20301296,all,2520.0
Zone1,0,1,20301297,all,2362.5
Zone1,0,1,20301298,all,2268.0
Zone1,0,1,20301299,all,2205.0
Zone1,0,1,20301300,all,2142.0
Zone1,0,1,20301301,all,2173.5
Zone1,0,1,20301302,all,2268.0
Zone1,0,1,20301303,all,2520.0
Zone1,0,1,20301304,all,2835.0
Zone1,0,1,20301305,all,3087.0
Zone1,0,1,20301306,all,3150.0
Zone1,0,1,20301307,all,3118.5
Zone1,0,1,20301308,all,3055.5
Zone1,0,1,20301309,all,2992.5
Zone1,0,1,20301310,all,2929.5
Zone1,0,1,20301311,all,2898.0
Zone1,0,1,20301312,all,2929.5
Zone1,0,1,20301313,all,2992.5
Zone1,0,1,20301314,all,3150.0
Zone1,0,1,20301315,all,3213.0
Zone1,0,1,20301316,all,3244.5
Zone1,0,1,20301317,all,3181.5
Zone1,0,1,20301318,all,3024.0
Zone1,0,1,20301319,all,2772.0
Zone1,0,1,20301320,all,2520.0
Zone1,0,1,20301321,all,2362.5
Zone1,0,1,20301322,all,2268.0
Zone1,0,1,20301323,all,2205.0
Zone1,0,1,20301324,all,2142.0
Zone1,0,1,20301325,all,2173.5
Zone1,0,1,20301326,all,2268.0
Zone1,0,1,20301327,all,2520.0
Zone1,0,1,20301328,all,2835.0
Zone1,0,1,20301329,all,3087.0
Zone1,0,1,20301330,all,3150.0
Zone1,0,1,20301331,all,3118.5
Zone1,0,1,20301332,all,3055.5
Zone1,0,1,20301333,all,2992.5
Zone1,0,1,20301334,all,2929.5
Zone1,0,1,20301335,all,2898.0
Zone1,0,1,20301336,all,2929.5
Zone1,0,1,20301337,all,2992.5
Zone1,0,1,20301338,all,3150.0
Zone1,0,1,20301339,all,3213.0
Zone1,0,1,20301340,all,3244.5
Zone1,0,1,20301341,all,3181.5
Zone1,0,1,20301342,all,3024.0
Zone1,0,1,20301343,all,2772.0
Zone1,0,1,20301344,all,2520.0
Zone1,0,1,20301345,all,2362.5
Zone1,0,1,20301346,all,2268.0
Zone1,0,1,20301347,all,2205.0
Zone1,0,1,20301348,all,2142.0
Zone1,0,1,20301349,all,2173.5
Zone1,0,1,20301350,all,2268.0
Zone1,0,1,20301351,all,2520.0
Zone1,0,1,20301352,all,2835.0
Zone1,0,1,20301353,all,3087.0
Zone1,0,1,20301354,all,3150.0
Zone1,0,1,20301355,all,3118.5
Zone1,0,1,20301356,all,3055.5
Zone1,0,1,20301357,all,2992.5
Zone1,0,1,20301358,all,2929.5
Zone1,0,1,20301359,all,2898.0
Zone1,0,1,20301360,all,2929.5
Zone1,0,1,20301361,all,2992.5
Zone1,0,1,20301362,all,3150.0
Zone1,0,1,20301363,all,3213.0
Zone1,0,1,20301364,all,3244.5
Zone1,0,1,20301365,all,3181.5
Zone1,0,1,20301366,all,3024.0
Zone1,0,1,20301367,all,2772.0
Zone1,0,1,20301368,all,2520.0
Zone1,0,1,20301369,all,2362.5
Zone1,0,1,20301370,all,2268.0
Zone1,0,1,20301371,all,2205.0
Zone1,0,1,20301372,all,2142.0
Zone1,0,1,20301373,all,2173.5
Zone1,0,1,20301374,all,2268.0
Zone1,0,1,20301375,all,2520.0
Zone1,0,1,20301376,all,2835.0
Zone1,0,1,20301377,all,3087.0
Zone1,0,1,20301378,all,3150.0
Zone1,0,1,20301379,all,3118.5
Zone1,0,1,20301380,all,3055.5
Zone1,0,1,20301381,all,2992.5
Zone1,0,1,20301382,all,2929.5
Zone1,0,1,20301383,all,2898.0
Zone1,0,1,20301384,all,2929.5
Zone1,0,1,20301385,all,2992.5
Zone1,0,1,20301386,all,3150.0
Zone1,0,1,20301387,all,3213.0
Zone1,0,1,20301388,all,3244.5
Zone1,0,1,20301389,all,3181.5
Zone1,0,1,20301390,all,3024.0
Zone1,0,1,20301391,all,2772.0
Zone1,0,1,20301392,all,2520.0
Zone1,0,1,20301393,all,2362.5
Zone1,0,1,20301394,all,2268.0
Zone1,0,1,20301395,all,2205.0
Zone1,0,1,20301396,all,2142.0
Zone1,0,1,20301397,all,2173.5
Zone1,0,1,20301398,all,2268.0
Zone1,0,1,20301399,all,2520.0
Zone1,0,1,20301400,all,2835.0
Zone1,0,1,20301401,all,3087.0
Zone1,0,1,20301402,all,3150.0
Zone1,0,1,20301403,all,3118.5
Zone1,0,1,20301404,all,3055.5
Zone1,0,1,20301405,all,2992.5
Zone1,0,1,20301406,all,2929.5
Zone1,0,1,20301407,all,2898.0
Zone1,0,1,20301408,all,2929.5
Zone1,0,1,20301409,all,2992.5
Zone1,0,1,20301410,all,3150.0
Zone1,0,1,20301411,all,3213.0
Zone1,0,1,20301412,all,3244.5
Zone1,0,1,20301413,all,3181.5
Zone1,0,1,20301414,all,3024.0
Zone1,0,1,20301415,all,2772.0
Zone1,0,1,20301416,all,2520.0
Zone1,0,1,20301417,all,2137.5
Zone1,0,1,20301418,all,2052.0
Zone1,0,1,20301419,all,1995.0
Zone1,0,1,20301420,all,1938.0
Zone1,0,1,20301421,all,1966.5
Zone1,0,1,20301422,all,2052.0
Zone1,0,1,20301423,all,2280.0
Zone1,0,1,20301424,all,2565.0
Zone1,0,1,20301425,all,2793.0
Zone1,0,1,20301426,all,2850.0
Zone1,0,1,20301427,all,2821.5
Zone1,0,1,20301428,all,2764.5
Zone1,0,1,20301429,all,2707.5
Zone1,0,1,20301430,all,2650.5
Zone1,0,1,20301431,all,2622.0
Zone1,0,1,20301432,all,2650.5
Zone1,0,1,20301433,all,2707.5
Zone1,0,1,20301434,all,2850.0
Zone1,0,1,20301435,all,2907.0
Zone1,0,1,20301436,all,2935.5
Zone1,0,1,20301437,all,2878.5
Zone1,0,1,20301438,all,2736.0
Zone1,0,1,20301439,all,2508.0
Zone1,0,1,20301440,all,2280.0
Zone1,0,1,20301441,all,2137.5
Zone1,0,1,20301442,all,2052.0
Zone1,0,1,20301443,all,1995.0
Zone1,0,1,20301444,all,1938.0
Zone1,0,1,20301445,all,1966.5
Zone1,0,1,20301446,all,2052.0
Zone1,0,1,20301447,all,2280.0
Zone1,0,1,20301448,all,2565.0
Zone1,0,1,20301449,all,2793.0
Zone1,0,1,20301450,all,2850.0
Zone1,0,1,20301451,all,2821.5
Zone1,0,1,20301452,all,2764.5
Zone1,0,1,20301453,all,2707.5
Zone1,0,1,20301454,all,2650.5
Zone1,0,1,20301455,all,2622.0
Zone1,0,1,20301456,all,2650.5
Zone1,0,1,20301457,all,2707.5
Zone1,0,1,20301458,all,2850.0
Zone1,0,1,20301459,all,2907.0
Zone1,0,1,20301460,all,2935.5
Zone1,0,1,20301461,all,2878.5
Zone1,0,1,20301462,all,2736.0
Zone1,0,1,20301463,all,2508.0
Zone1,0,1,20301464,all,2280.0
Zone1,0,1,20301465,all,2137.5
Zone1,0,1,20301466,all,2052.0
Zone1,0,1,20301467,all,1995.0
Zone1,0,1,20301468,all,1938.0
Zone1,0,1,20301469,all,1966.5
Zone1,0,1,20301470,all,2052.0
Zone1,0,1,20301471,all,2280.0
Zone1,0,1,20301472,all,2565.0
Zone1,0,1,20301473,all,2793.0
Zone1,0,1,20301474,all,2850.0
Zone1,0,1,20301475,all,2821.5
Zone1,0,1,20301476,all,2764.5
Zone1,0,1,20301477,all,2707.5
Zone1,0,1,20301478,all,2650.5
Zone1,0,1,20301479,all,2622.0
Zone1,0,1,20301480,all,2650.5
Zone1,0,1,20301481,all,2707.5
Zone1,0,1,20301482,all,2850.0
Zone1,0,1,20301483,all,2907.0
Zone1,0,1,20301484,all,2935.5
Zone1,0,1,20301485,all,2878.5
Zone1,0,1,20301486,all,2736.0
Zone1,0,1,20301487,all,2508.0
Zone1,0,1,20301488,all,2280.0
Zone1,0,1,20301489,all,2137.5
Zone1,0,1,20301490,all,2052.0
Zone1,0,1,20301491,all,1995.0
Zone1,0,1,20301492,all,1938.0
Zone1,0,1,20301493,all,1966.5
Zone1,0,1,20301494,all,2052.0
Zone1,0,1,20301495,all,2280.0
Zone1,0,1,20301496,all,2565.0
Zone1,0,1,20301497,all,2793.0
Zone1,0,1,20301498,all,2850.0
Zone1,0,1,20301499,all,2821.5
Zone1,0,1,20301500,all,2764.5
Zone1,0,1,20301501,all,2707.5
Zone1,0,1,20301502,all,2650.5
Zone1,0,1,20301503,all,2622.0
Zone1,0,1,20301504,all,2650.5
Zone1,0,1,20301505,all,2707.5
Zone1,0,1,20301506,all,2850.0
Zone1,0,1,20301507,all,2907.0
Zone1,0,1,20301508,all,2935.5
Zone1,0,1,20301509,all,2878.5
Zone1,0,1,20301510,all,2736.0
Zone1,0,1,20301511,all,2508.0
Zone1,0,1,20301512,all,2280.0
Zone1,0,1,20301513,all,2137.5
Zone1,0,1,20301514,all,2052.0
Zone1,0,1,20301515,all,1995.0
Zone1,0,1,20301516,all,1938.0
Zone1,0,1,20301517,all,1966.5
Zone1,0,1,20301518,all,2052.0
Zone1,0,1,20301519,all,2280.0
Zone1,0,1,20301520,all,2565.0
Zone1,0,1,20301521,all,2793.0
Zone1,0,1,20301522,all,2850.0
Zone1,0,1,20301523,all,2821.5
Zone1,0,1,20301524,all,2764.5
Zone1,0,1,20301525,all,2707.5
Zone1,0,1,20301526,all,2650.5
Zone1,0,1,20301527,all,2622.0
Zone1,0,1,20301528,all,2650.5
Zone1,0,1,20301529,all,2707.5
Zone1,0,1,20301530,all,2850.0
Zone1,0,1,20301531,all,2907.0
Zone1,0,1,20301532,all,2935.5
Zone1,0,1,20301533,all,2878.5
Zone1,0,1,20301534,all,2736.0
Zone1,0,1,20301535,all,2508.0
Zone1,0,1,20301536,all,2280.0
Zone1,0,1,20301537,all,2137.5
Zone1,0,1,20301538,all,2052.0
Zone1,0,1,20301539,all,1995.0
Zone1,0,1,20301540,all,1938.0
Zone1,0,1,20301541,all,1966.5
Zone1,0,1,20301542,all,2052.0
Zone1,0,1,20301543,all,2280.0
Zone1,0,1,20301544,all,2565.0
Zone1,0,1,20301545,all,2793.0
Zone1,0,1,20301546,all,2850.0
Zone1,0,1,20301547,all,2821.5
Zone1,0,1,20301548,all,2764.5
Zone1,0,1,20301549,all,2707.5
Zone1,0,1,20301550,all,2650.5
Zone1,0,1,20301551,all,2622.0
Zone1,0,1,20301552,all,2650.5
Zone1,0,1,20301553,all,2707.5
Zone1,0,1,20301554,all,2850.0
Zone1,0,1,20301555,all,2907.0
Zone1,0,1,20301556,all,2935.5
Zone1,0,1,20301557,all,2878.5
Zone1,0,1,20301558,all,2736.0
Zone1,0,1,20301559,all,2508.0
Zone1,0,1,20301560,all,2280.0
Zone1,0,1,20301561,all,2137.5
Zone1,0,1,20301562,all,2052.0
Zone1,0,1,20301563,all,1995.0
Zone1,0,1,20301564,all,1938.0
Zone1,0,1,20301565,all,1966.5
Zone1,0,1,20301566,all,2052.0
Zone1,0,1,20301567,all,2280.0
Zone1,0,1,20301568,all,2565.0
Zone1,0,1,20301569,all,2793.0
Zone1,0,1,20301570,all,2850.0
Zone1,0,1,20301571,all,2821.5
Zone1,0,1,20301572,all,2764.5
Zone1,0,1,20301573,all,2707.5
Zone1,0,1,20301574,all,2650.5
Zone1,0,1,20301575,all,2622.0
Zone1,0,1,20301576,all,2650.5
Zone1,0,1,20301577,all,2707.5
Zone1,0,1,20301578,all,2850.0
Zone1,0,1,20301579,all,2907.0
Zone1,0,1,20301580,all,2935.5
Zone1,0,1,20301581,all,2878.5
Zone1,0,1,20301582,all,2736.0
Zone1,0,1,20301583,all,2508.0
Zone1,0,1,20301584,all,2280.0
Zone1,0,1,20301585,all,2137.5
Zone1,0,1,20301586,all,2052.0
Zone1,0,1,20301587,all,1995.0
Zone1,0,1,20301588,all,1938.0
Zone1,0,1,20301589,all,1966.5
Zone1,0,1,20301590,all,2052.0
Zone1,0,1,20301591,all,2280.0
Zone1,0,1,20301592,all,2565.0
Zone1,0,1,20301593,all,2793.0
Zone1,0,1,20301594,all,2850.0
Zone1,0,1,20301595,all,2821.5
Zone1,0,1,20301596,all,2764.5
Zone1,0,1,20301597,all,2707.5
Zone1,0,1,20301598,all,2650.5
Zone1,0,1,20301599,all,2622.0
Zone1,0,1,20301600,all,2650.5
Zone1,0,1,20301601,all,2707.5
Zone1,0,1,20301602,all,2850.0
Zone1,0,1,20301603,all,2907.0
Zone1,0,1,20301604,all,2935.5
Zone1,0,1,20301605,all,2878.5
Zone1,0,1,20301606,all,2736.0
Zone1,0,1,20301607,all,2508.0
Zone1,0,1,20301608,all,2280.0
Zone1,0,1,20301609,all,2137.5
Zone1,0,1,20301610,all,2052.0
Zone1,0,1,20301611,all,1995.0
Zone1,0,1,20301612,all,1938.0
Zone1,0,1,20301613,all,1966.5
Zone1,0,1,20301614,all,2052.0
Zone1,0,1,20301615,all,2280.0
Zone1,0,1,20301616,all,2565.0
Zone1,0,1,20301617,all,2793.0
Zone1,0,1,20301618,all,2850.0
Zone1,0,1,20301619,all,2821.5
Zone1,0,1,20301620,all,2764.5
Zone1,0,1,20301621,all,2707.5
Zone1,0,1,20301622,all,2650.5
Zone1,0,1,20301623,all,2622.0
Zone1,0,1,20301624,all,2650.5
Zone1,0,1,20301625,all,2707.5
Zone1,0,1,20301626,all,2850.0
Zone1,0,1,20301627,all,2907.0
Zone1,0,1,20301628,all,2935.5
Zone1,0,1,20301629,all,2878.5
Zone1,0,1,20301630,all,2736.0
Zone1,0,1,20301631,all,2508.0
Zone1,0,1,20301632,all,2280.0
Zone1,0,1,20301633,all,2137.5
Zone1,0,1,20301634,all,2052.0
Zone1,0,1,20301635,all,1995.0
Zone1,0,1,20301636,all,1938.0
Zone1,0,1,20301637,all,1966.5
Zone1,0,1,20301638,all,2052.0
Zone1,0,1,20301639,all,2280.0
Zone1,0,1,20301640,all,2565.0
Zone1,0,1,20301641,all,2793.0
Zone1,0,1,20301642,all,2850.0
Zone1,0,1,20301643,all,2821.5
Zone1,0,1,20301644,all,2764.5
Zone1,0,1,20301645,all,2707.5
Zone1,0,1,20301646,all,2650.5
Zone1,0,1,20301647,all,2622.0
Zone1,0,1,20301648,all,2650.5
Zone1,0,1,20301649,all,2707.5
Zone1,0,1,20301650,all,2850.0
Zone1,0,1,20301651,all,2907.0
Zone1,0,1,20301652,all,2935.5
Zone1,0,1,20301653,all,2878.5
Zone1,0,1,20301654,all,2736.0
Zone1,0,1,20301655,all,2508.0
Zone1,0,1,20301656,all,2280.0
Zone1,0,1,20301657,all,2137.5
Zone1,0,1,20301658,all,2052.0
Zone1,0,1,20301659,all,1995.0
Zone1,0,1,20301660,all,1938.0
Zone1,0,1,20301661,all,1966.5
Zone1,0,1,20301662,all,2052.0
Zone1,0,1,20301663,all,2280.0
Zone1,0,1,20301664,all,2565.0
Zone1,0,1,20301665,all,2793.0
Zone1,0,1,20301666,all,2850.0
Zone1,0,1,20301667,all,2821.5
Zone1,0,1,20301668,all,2764.5
Zone1,0,1,20301669,all,2707.5
Zone1,0,1,20301670,all,2650.5
Zone1,0,1,20301671,all,2622.0
Zone1,0,1,20301672,all,2650.5
Zone1,0,1,20301673,all,2707.5
Zone1,0,1,20301674,all,2850.0
Zone1,0,1,20301675,all,2907.0
Zone1,0,1,20301676,all,2935.5
Zone1,0,1,20301677,all,2878.5
Zone1,0,1,20301678,all,2736.0
Zone1,0,1,20301679,all,2508.0
Zone1,0,1,20301680,all,2280.0
Zone1,0,1,20301681,all,2137.5
Zone1,0,1,20301682,all,2052.0
Zone1,0,1,20301683,all,1995.0
Zone1,0,1,20301684,all,1938.0
Zone1,0,1,20301685,all,1966.5
Zone1,0,1,20301686,all,2052.0
Zone1,0,1,20301687,all,2280.0
Zone1,0,1,20301688,all,2565.0
Zone1,0,1,20301689,all,2793.0
Zone1,0,1,20301690,all,2850.0
Zone1,0,1,20301691,all,2821.5
Zone1,0,1,20301692,all,2764.5
Zone1,0,1,20301693,all,2707.5
Zone1,0,1,20301694,all,2650.5
Zone1,0,1,20301695,all,2622.0
Zone1,0,1,20301696,all,2650.5
Zone1,0,1,20301697,all,2707.5
Zone1,0,1,20301698,all,2850.0
Zone1,0,1,20301699,all,2907.0
Zone1,0,1,20301700,all,2935.5
Zone1,0,1,20301701,all,2878.5
Zone1,0,1,20301702,all,2736.0
Zone1,0,1,20301703,all,2508.0
Zone1,0,1,20301704,all,2280.0
Zone1,0,1,20301705,all,2137.5
Zone1,0,1,20301706,all,2052.0
Zone1,0,1,20301707,all,1995.0
Zone1,0,1,20301708,all,1938.0
Zone1,0,1,20301709,all,1966.5
Zone1,0,1,20301710,all,2052.0
Zone1,0,1,20301711,all,2280.0
Zone1,0,1,20301712,all,2565.0
Zone1,0,1,20301713,all,2793.0
Zone1,0,1,20301714,all,2850.0
Zone1,0,1,20301715,all,2821.5
Zone1,0,1,20301716,all,2764.5
Zone1,0,1,20301717,all,2707.5
Zone1,0,1,20301718,all,2650.5
Zone1,0,1,20301719,all,2622.0
Zone1,0,1,20301720,all,2650.5
Zone1,0,1,20301721,all,2707.5
Zone1,0,1,20301722,all,2850.0
Zone1,0,1,20301723,all,2907.0
Zone1,0,1,20301724,all,2935.5
Zone1,0,1,20301725,all,2878.5
Zone1,0,1,20301726,all,2736.0
Zone1,0,1,20301727,all,2508.0
Zone1,0,1,20301728,all,2280.0
Zone1,0,1,20301729,all,2137.5
Zone1,0,1,20301730,all,2052.0
Zone1,0,1,20301731,all,1995.0
Zone1,0,1,20301732,all,1938.0
Zone1,0,1,20301733,all,1966.5
Zone1,0,1,20301734,all,2052.0
Zone1,0,1,20301735,all,2280.0
Zone1,0,1,20301736,all,2565.0
Zone1,0,1,20301737,all,2793.0
Zone1,0,1,20301738,all,2850.0
Zone1,0,1,20301739,all,2821.5
Zone1,0,1,20301740,all,2764.5
Zone1,0,1,20301741,all,2707.5
Zone1,0,1,20301742,all,2650.5
Zone1,0,1,20301743,all,2622.0
Zone1,0,1,20301744,all,2650.5
Zone1,0,1,20301745,all,2707.5
Zone1,0,1,20301746,all,2850.0
Zone1,0,1,20301747,all,2907.0
Zone1,0,1,20301748,all,2935.5
Zone1,0,1,20301749,all,2878.5
Zone1,0,1,20301750,all,2736.0
Zone1,0,1,20301751,all,2508.0
Zone1,0,1,20301752,all,2280.0
Zone1,0,1,20301753,all,2137.5
Zone1,0,1,20301754,all,2052.0
Zone1,0,1,20301755,all,1995.0
Zone1,0,1,20301756,all,1938.0
Zone1,0,1,20301757,all,1966.5
Zone1,0,1,20301758,all,2052.0
Zone1,0,1,20301759,all,2280.0
Zone1,0,1,20301760,all,2565.0
Zone1,0,1,20301761,all,2793.0
Zone1,0,1,20301762,all,2850.0
Zone1,0,1,20301763,all,2821.5
Zone1,0,1,20301764,all,2764.5
Zone1,0,1,20301765,all,2707.5
Zone1,0,1,20301766,all,2650.5
Zone1,0,1,20301767,all,2622.0
Zone1,0,1,20301768,all,2650.5
Zone1,0,1,20301769,all,2707.5
Zone1,0,1,20301770,all,2850.0
Zone1,0,1,20301771,all,2907.0
Zone1,0,1,20301772,all,2935.5
Zone1,0,1,20301773,all,2878.5
Zone1,0,1,20301774,all,2736.0
Zone1,0,1,20301775,all,2508.0
Zone1,0,1,20301776,all,2280.0
Zone1,0,1,20301777,all,2137.5
Zone1,0,1,20301778,all,2052.0
Zone1,0,1,20301779,all,1995.0
Zone1,0,1,20301780,all,1938.0
Zone1,0,1,20301781,all,1966.5
Zone1,0,1,20301782,all,2052.0
Zone1,0,1,20301783,all,2280.0
Zone1,0,1,20301784,all,2565.0
Zone1,0,1,20301785,all,2793.0
Zone1,0,1,20301786,all,2850.0
Zone1,0,1,20301787,all,2821.5
Zone1,0,1,20301788,all,2764.5
Zone1,0,1,20301789,all,2707.5
Zone1,0,1,20301790,all,2650.5
Zone1,0,1,20301791,all,2622.0
Zone1,0,1,20301792,all,2650.5
Zone1,0,1,20301793,all,2707.5
Zone1,0,1,20301794,all,2850.0
Zone1,0,1,20301795,all,2907.0
Zone1,0,1,20301796,all,2935.5
Zone1,0,1,20301797,all,2878.5
Zone1,0,1,20301798,all,2736.0
Zone1,0,1,20301799,all,2508.0
Zone1,0,1,20301800,all,2280.0
Zone1,0,1,20301801,all,2137.5
Zone1,0,1,20301802,all,2052.0
Zone1,0,1,20301803,all,1995.0
Zone1,0,1,20301804,all,1938.0
Zone1,0,1,20301805,all,1966.5
Zone1,0,1,20301806,all,2052.0
Zone1,0,1,20301807,all,2280.0
Zone1,0,1,20301808,all,2565.0
Zone1,0,1,20301809,all,2793.0
Zone1,0,1,20301810,all,2850.0
Zone1,0,1,20301811,all,2821.5
Zone1,0,1,20301812,all,2764.5
Zone1,0,1,20301813,all,2707.5
Zone1,0,1,20301814,all,2650.5
Zone1,0,1,20301815,all,2622.0
Zone1,0,1,20301816,all,2650.5
Zone1,0,1,20301817,all,2707.5
Zone1,0,1,20301818,all,2850.0
Zone1,0,1,20301819,all,2907.0
Zone1,0,1,20301820,all,2935.5
Zone1,0,1,20301821,all,2878.5
Zone1,0,1,20301822,all,2736.0
Zone1,0,1,20301823,all,2508.0
Zone1,0,1,20301824,all,2280.0
Zone1,0,1,20301825,all,2137.5
Zone1,0,1,20301826,all,2052.0
Zone1,0,1,20301827,all,1995.0
Zone1,0,1,20301828,all,1938.0
Zone1,0,1,20301829,all,1966.5
Zone1,0,1,20301830,all,2052.0
Zone1,0,1,20301831,all,2280.0
Zone1,0,1,20301832,all,2565.0
Zone1,0,1,20301833,all,2793.0
Zone1,0,1,20301834,all,2850.0
Zone1,0,1,20301835,all,2821.5
Zone1,0,1,20301836,all,2764.5
Zone1,0,1,20301837,all,2707.5
Zone1,0,1,20301838,all,2650.5
Zone1,0,1,20301839,all,2622.0
Zone1,0,1,20301840,all,2650.5
Zone1,0,1,20301841,all,2707.5
Zone1,0,1,20301842,all,2850.0
Zone1,0,1,20301843,all,2907.0
Zone1,0,1,20301844,all,2935.5
Zone1,0,1,20301845,all,2878.5
Zone1,0,1,20301846,all,2736.0
Zone1,0,1,20301847,all,2508.0
Zone1,0,1,20301848,all,2280.0
Zone1,0,1,20301849,all,2137.5
Zone1,0,1,20301850,all,2052.0
Zone1,0,1,20301851,all,1995.0
Zone1,0,1,20301852,all,1938.0
Zone1,0,1,20301853,all,1966.5
Zone1,0,1,20301854,all,2052.0
Zone1,0,1,20301855,all,2280.0
Zone1,0,1,20301856,all,2565.0
Zone1,0,1,20301857,all,2793.0
Zone1,0,1,20301858,all,2850.0
Zone1,0,1,20301859,all,2821.5
Zone1,0,1,20301860,all,2764.5
Zone1,0,1,20301861,all,2707.5
Zone1,0,1,20301862,all,2650.5
Zone1,0,1,20301863,all,2622.0
Zone1,0,1,20301864,all,2650.5
Zone1,0,1,20301865,all,2707.5
Zone1,0,1,20301866,all,2850.0
Zone1,0,1,20301867,all,2907.0
Zone1,0,1,20301868,all,2935.5
Zone1,0,1,20301869,all,2878.5
Zone1,0,1,20301870,all,2736.0
Zone1,0,1,20301871,all,2508.0
Zone1,0,1,20301872,all,2280.0
Zone1,0,1,20301873,all,2137.5
Zone1,0,1,20301874,all,2052.0
Zone1,0,1,20301875,all,1995.0
Zone1,0,1,20301876,all,1938.0
Zone1,0,1,20301877,all,1966.5
Zone1,0,1,20301878,all,2052.0
Zone1,0,1,20301879,all,2280.0
Zone1,0,1,20301880,all,2565.0
Zone1,0,1,20301881,all,2793.0
Zone1,0,1,20301882,all,2850.0
Zone1,0,1,20301883,all,2821.5
Zone1,0,1,20301884,all,2764.5
Zone1,0,1,20301885,all,2707.5
Zone1,0,1,20301886,all,2650.5
Zone1,0,1,20301887,all,2622.0
Zone1,0,1,20301888,all,2650.5
Zone1,0,1,20301889,all,2707.5
Zone1,0,1,20301890,all,2850.0
Zone1,0,1,20301891,all,2907.0
Zone1,0,1,20301892,all,2935.5
Zone1,0,1,20301893,all,2878.5
Zone1,0,1,20301894,all,2736.0
Zone1,0,1,20301895,all,2508.0
Zone1,0,1,20301896,all,2280.0
Zone1,0,1,20301897,all,2137.5
Zone1,0,1,20301898,all,2052.0
Zone1,0,1,20301899,all,1995.0
Zone1,0,1,20301900,all,1938.0
Zone1,0,1,20301901,all,1966.5
Zone1,0,1,20301902,all,2052.0
Zone1,0,1,20301903,all,2280.0
Zone1,0,1,20301904,all,2565.0
Zone1,0,1,20301905,all,2793.0
Zone1,0,1,20301906,all,2850.0
Zone1,0,1,20301907,all,2821.5
Zone1,0,1,20301908,all,2764.5
Zone1,0,1,20301909,all,2707.5
Zone1,0,1,20301910,all,2650.5
Zone1,0,1,20301911,all,2622.0
Zone1,0,1,20301912,all,2650.5
Zone1,0,1,20301913,all,2707.5
Zone1,0,1,20301914,all,2850.0
Zone1,0,1,20301915,all,2907.0
Zone1,0,1,20301916,all,2935.5
Zone1,0,1,20301917,all,2878.5
Zone1,0,1,20301918,all,2736.0
Zone1,0,1,20301919,all,2508.0
Zone1,0,1,20301920,all,2280.0
Zone1,0,1,20301921,all,2137.5
Zone1,0,1,20301922,all,2052.0
Zone1,0,1,20301923,all,1995.0
Zone1,0,1,20301924,all,1938.0
Zone1,0,1,20301925,all,1966.5
Zone1,0,1,20301926,all,2052.0
Zone1,0,1,20301927,all,2280.0
Zone1,0,1,20301928,all,2565.0
Zone1,0,1,20301929,all,2793.0
Zone1,0,1,20301930,all,2850.0
Zone1,0,1,20301931,all,2821.5
Zone1,0,1,20301932,all,2764.5
Zone1,0,1,20301933,all,2707.5
Zone1,0,1,20301934,all,2650.5
Zone1,0,1,20301935,all,2622.0
Zone1,0,1,20301936,all,2650.5
Zone1,0,1,20301937,all,2707.5
Zone1,0,1,20301938,all,2850.0
Zone1,0,1,20301939,all,2907.0
Zone1,0,1,20301940,all,2935.5
Zone1,0,1,20301941,all,2878.5
Zone1,0,1,20301942,all,2736.0
Zone1,0,1,20301943,all,2508.0
Zone1,0,1,20301944,all,2280.0
Zone1,0,1,20301945,all,2137.5
Zone1,0,1,20301946,all,2052.0
Zone1,0,1,20301947,all,1995.0
Zone1,0,1,20301948,all,1938.0
Zone1,0,1,20301949,all,1966.5
Zone1,0,1,20301950,all,2052.0
Zone1,0,1,20301951,all,2280.0
Zone1,0,1,20301952,all,2565.0
Zone1,0,1,20301953,all,2793.0
Zone1,0,1,20301954,all,2850.0
Zone1,0,1,20301955,all,2821.5
Zone1,0,1,20301956,all,2764.5
Zone1,0,1,20301957,all,2707.5
Zone1,0,1,20301958,all,2650.5
Zone1,0,1,20301959,all,2622.0
Zone1,0,1,20301960,all,2650.5
Zone1,0,1,20301961,all,2707.5
Zone1,0,1,20301962,all,2850.0
Zone1,0,1,20301963,all,2907.0
Zone1,0,1,20301964,all,2935.5
Zone1,0,1,20301965,all,2878.5
Zone1,0,1,20301966,all,2736.0
Zone1,0,1,20301967,all,2508.0
Zone1,0,1,20301968,all,2280.0
Zone1,0,1,20301969,all,2137.5
Zone1,0,1,20301970,all,2052.0
Zone1,0,1,20301971,all,1995.0
Zone1,0,1,20301972,all,1938.0
Zone1,0,1,20301973,all,1966.5
Zone1,0,1,20301974,all,2052.0
Zone1,0,1,20301975,all,2280.0
Zone1,0,1,20301976,all,2565.0
Zone1,0,1,20301977,all,2793.0
Zone1,0,1,20301978,all,2850.0
Zone1,0,1,20301979,all,2821.5
Zone1,0,1,20301980,all,2764.5
Zone1,0,1,20301981,all,2707.5
Zone1,0,1,20301982,all,2650.5
Zone1,0,1,20301983,all,2622.0
Zone1,0,1,20301984,all,2650.5
Zone1,0,1,20301985,all,2707.5
Zone1,0,1,20301986,all,2850.0
Zone1,0,1,20301987,all,2907.0
Zone1,0,1,20301988,all,2935.5
Zone1,0,1,20301989,all,2878.5
Zone1,0,1,20301990,all,2736.0
Zone1,0,1,20301991,all,2508.0
Zone1,0,1,20301992,all,2280.0
Zone1,0,1,20301993,all,2137.5
Zone1,0,1,20301994,all,2052.0
Zone1,0,1,20301995,all,1995.0
Zone1,0,1,20301996,all,1938.0
Zone1,0,1,20301997,all,1966.5
Zone1,0,1,20301998,all,2052.0
Zone1,0,1,20301999,all,2280.0
Zone1,0,1,20302000,all,2565.0
Zone1,0,1,20302001,all,2793.0
Zone1,0,1,20302002,all,2850.0
Zone1,0,1,20302003,all,2821.5
Zone1,0,1,20302004,all,2764.5
Zone1,0,1,20302005,all,2707.5
Zone1,0,1,20302006,all,2650.5
Zone1,0,1,20302007,all,2622.0
Zone1,0,1,20302008,all,2650.5
Zone1,0,1,20302009,all,2707.5
Zone1,0,1,20302010,all,2850.0
Zone1,0,1,20302011,all,2907.0
Zone1,0,1,20302012,all,2935.5
Zone1,0,1,20302013,all,2878.5
Zone1,0,1,20302014,all,2736.0
Zone1,0,1,20302015,all,2508.0
Zone1,0,1,20302016,all,2280.0
Zone1,0,1,20302017,all,2137.5
Zone1,0,1,20302018,all,2052.0
Zone1,0,1,20302019,all,1995.0
Zone1,0,1,20302020,all,1938.0
Zone1,0,1,20302021,all,1966.5
Zone1,0,1,20302022,all,2052.0
Zone1,0,1,20302023,all,2280.0
Zone1,0,1,20302024,all,2565.0
Zone1,0,1,20302025,all,2793.0
Zone1,0,1,20302026,all,2850.0
Zone1,0,1,20302027,all,2821.5
Zone1,0,1,20302028,all,2764.5
Zone1,0,1,20302029,all,2707.5
Zone1,0,1,20302030,all,2650.5
Zone1,0,1,20302031,all,2622.0
Zone1,0,1,20302032,all,2650.5
Zone1,0,1,20302033,all,2707.5
Zone1,0,1,20302034,all,2850.0
Zone1,0,1,20302035,all,2907.0
Zone1,0,1,20302036,all,2935.5
Zone1,0,1,20302037,all,2878.5
Zone1,0,1,20302038,all,2736.0
Zone1,0,1,20302039,all,2508.0
Zone1,0,1,20302040,all,2280.0
Zone1,0,1,20302041,all,2137.5
Zone1,0,1,20302042,all,2052.0
Zone1,0,1,20302043,all,1995.0
Zone1,0,1,20302044,all,1938.0
Zone1,0,1,20302045,all,1966.5
Zone1,0,1,20302046,all,2052.0
Zone1,0,1,20302047,all,2280.0
Zone1,0,1,20302048,all,2565.0
Zone1,0,1,20302049,all,2793.0
Zone1,0,1,20302050,all,2850.0
Zone1,0,1,20302051,all,2821.5
Zone1,0,1,20302052,all,2764.5
Zone1,0,1,20302053,all,2707.5
Zone1,0,1,20302054,all,2650.5
Zone1,0,1,20302055,all,2622.0
Zone1,0,1,20302056,all,2650.5
Zone1,0,1,20302057,all,2707.5
Zone1,0,1,20302058,all,2850.0
Zone1,0,1,20302059,all,2907.0
Zone1,0,1,20302060,all,2935.5
Zone1,0,1,20302061,all,2878.5
Zone1,0,1,20302062,all,2736.0
Zone1,0,1,20302063,all,2508.0
Zone1,0,1,20302064,all,2280.0
Zone1,0,1,20302065,all,2137.5
Zone1,0,1,20302066,all,2052.0
Zone1,0,1,20302067,all,1995.0
Zone1,0,1,20302068,all,1938.0
Zone1,0,1,20302069,all,1966.5
Zone1,0,1,20302070,all,2052.0
Zone1,0,1,20302071,all,2280.0
Zone1,0,1,20302072,all,2565.0
Zone1,0,1,20302073,all,2793.0
Zone1,0,1,20302074,all,2850.0
Zone1,0,1,20302075,all,2821.5
Zone1,0,1,20302076,all,2764.5
Zone1,0,1,20302077,all,2707.5
Zone1,0,1,20302078,all,2650.5
Zone1,0,1,20302079,all,2622.0
Zone1,0,1,20302080,all,2650.5
Zone1,0,1,20302081,all,2707.5
Zone1,0,1,20302082,all,2850.0
Zone1,0,1,20302083,all,2907.0
Zone1,0,1,20302084,all,2935.5
Zone1,0,1,20302085,all,2878.5
Zone1,0,1,20302086,all,2736.0
Zone1,0,1,20302087,all,2508.0
Zone1,0,1,20302088,all,2280.0
Zone1,0,1,20302089,all,2137.5
Zone1,0,1,20302090,all,2052.0
Zone1,0,1,20302091,all,1995.0
Zone1,0,1,20302092,all,1938.0
Zone1,0,1,20302093,all,1966.5
Zone1,0,1,20302094,all,2052.0
Zone1,0,1,20302095,all,2280.0
Zone1,0,1,20302096,all,2565.0
Zone1,0,1,20302097,all,2793.0
Zone1,0,1,20302098,all,2850.0
Zone1,0,1,20302099,all,2821.5
Zone1,0,1,20302100,all,2764.5
Zone1,0,1,20302101,all,2707.5
Zone1,0,1,20302102,all,2650.5
Zone1,0,1,20302103,all,2622.0
Zone1,0,1,20302104,all,2650.5
Zone1,0,1,20302105,all,2707.5
Zone1,0,1,20302106,all,2850.0
Zone1,0,1,20302107,all,2907.0
Zone1,0,1,20302108,all,2935.5
Zone1,0,1,20302109,all,2878.5
Zone1,0,1,20302110,all,2736.0
Zone1,0,1,20302111,all,2508.0
Zone1,0,1,20302112,all,2280.0
Zone1,0,1,20302113,all,2137.5
Zone1,0,1,20302114,all,2052.0
Zone1,0,1,20302115,all,1995.0
Zone1,0,1,20302116,all,1938.0
Zone1,0,1,20302117,all,1966.5
Zone1,0,1,20302118,all,2052.0
Zone1,0,1,20302119,all,2280.0
Zone1,0,1,20302120,all,2565.0
Zone1,0,1,20302121,all,2793.0
Zone1,0,1,20302122,all,2850.0
Zone1,0,1,20302123,all,2821.5
Zone1,0,1,20302124,all,2764.5
Zone1,0,1,20302125,all,2707.5
Zone1,0,1,20302126,all,2650.5
Zone1,0,1,20302127,all,2622.0
Zone1,0,1,20302128,all,2650.5
Zone1,0,1,20302129,all,2707.5
Zone1,0,1,20302130,all,2850.0
Zone1,0,1,20302131,all,2907.0
Zone1,0,1,20302132,all,2935.5
Zone1,0,1,20302133,all,2878.5
Zone1,0,1,20302134,all,2736.0
Zone1,0,1,20302135,all,2508.0
Zone1,0,1,20302136,all,2280.0
Zone1,0,1,20302137,all,2137.5
Zone1,0,1,20302138,all,2052.0
Zone1,0,1,20302139,all,1995.0
Zone1,0,1,20302140,all,1938.0
Zone1,0,1,20302141,all,1966.5
Zone1,0,1,20302142,all,2052.0
Zone1,0,1,20302143,all,2280.0
Zone1,0,1,20302144,all,2565.0
Zone1,0,1,20302145,all,2793.0
Zone1,0,1,20302146,all,2850.0
Zone1,0,1,20302147,all,2821.5
Zone1,0,1,20302148,all,2764.5
Zone1,0,1,20302149,all,2707.5
Zone1,0,1,20302150,all,2650.5
Zone1,0,1,20302151,all,2622.0
Zone1,0,1,20302152,all,2650.5
Zone1,0,1,20302153,all,2707.5
Zone1,0,1,20302154,all,2850.0
Zone1,0,1,20302155,all,2907.0
Zone1,0,1,20302156,all,2935.5
Zone1,0,1,20302157,all,2878.5
Zone1,0,1,20302158,all,2736.0
Zone1,0,1,20302159,all,2508.0
Zone1,0,1,20302160,all,2280.0
Zone1,0,1,20302161,all,2025.0
Zone1,0,1,20302162,all,1944.0
Zone1,0,1,20302163,all,1890.0
Zone1,0,1,20302164,all,1836.0
Zone1,0,1,20302165,all,1863.0
Zone1,0,1,20302166,all,1944.0
Zone1,0,1,20302167,all,2160.0
Zone1,0,1,20302168,all,2430.0
Zone1,0,1,20302169,all,2646.0
Zone1,0,1,20302170,all,2700.0
Zone1,0,1,20302171,all,2673.0
Zone1,0,1,20302172,all,2619.0
Zone1,0,1,20302173,all,2565.0
Zone1,0,1,20302174,all,2511.0
Zone1,0,1,20302175,all,2484.0
Zone1,0,1,20302176,all,2511.0
Zone1,0,1,20302177,all,2565.0
Zone1,0,1,20302178,all,2700.0
Zone1,0,1,20302179,all,2754.0
Zone1,0,1,20302180,all,2781.0
Zone1,0,1,20302181,all,2727.0
Zone1,0,1,20302182,all,2592.0
Zone1,0,1,20302183,all,2376.0
Zone1,0,1,20302184,all,2160.0
Zone1,0,1,20302185,all,2025.0
Zone1,0,1,20302186,all,1944.0
Zone1,0,1,20302187,all,1890.0
Zone1,0,1,20302188,all,1836.0
Zone1,0,1,20302189,all,1863.0
Zone1,0,1,20302190,all,1944.0
Zone1,0,1,20302191,all,2160.0
Zone1,0,1,20302192,all,2430.0
Zone1,0,1,20302193,all,2646.0
Zone1,0,1,20302194,all,2700.0
Zone1,0,1,20302195,all,2673.0
Zone1,0,1,20302196,all,2619.0
Zone1,0,1,20302197,all,2565.0
Zone1,0,1,20302198,all,2511.0
Zone1,0,1,20302199,all,2484.0
Zone1,0,1,20302200,all,2511.0
Zone1,0,1,20302201,all,2565.0
Zone1,0,1,20302202,all,2700.0
Zone1,0,1,20302203,all,2754.0
Zone1,0,1,20302204,all,2781.0
Zone1,0,1,20302205,all,2727.0
Zone1,0,1,20302206,all,2592.0
Zone1,0,1,20302207,all,2376.0
Zone1,0,1,20302208,all,2160.0
Zone1,0,1,20302209,all,2025.0
Zone1,0,1,20302210,all,1944.0
Zone1,0,1,20302211,all,1890.0
Zone1,0,1,20302212,all,1836.0
Zone1,0,1,20302213,all,1863.0
Zone1,0,1,20302214,all,1944.0
Zone1,0,1,20302215,all,2160.0
Zone1,0,1,20302216,all,2430.0
Zone1,0,1,20302217,all,2646.0
Zone1,0,1,20302218,all,2700.0
Zone1,0,1,20302219,all,2673.0
Zone1,0,1,20302220,all,2619.0
Zone1,0,1,20302221,all,2565.0
Zone1,0,1,20302222,all,2511.0
Zone1,0,1,20302223,all,2484.0
Zone1,0,1,20302224,all,2511.0
Zone1,0,1,20302225,all,2565.0
Zone1,0,1,20302226,all,2700.0
Zone1,0,1,20302227,all,2754.0
Zone1,0,1,20302228,all,2781.0
Zone1,0,1,20302229,all,2727.0
Zone1,0,1,20302230,all,2592.0
Zone1,0,1,20302231,all,2376.0
Zone1,0,1,20302232,all,2160.0
Zone1,0,1,20302233,all,2025.0
Zone1,0,1,20302234,all,1944.0
Zone1,0,1,20302235,all,1890.0
Zone1,0,1,20302236,all,1836.0
Zone1,0,1,20302237,all,1863.0
Zone1,0,1,20302238,all,1944.0
Zone1,0,1,20302239,all,2160.0
Zone1,0,1,20302240,all,2430.0
Zone1,0,1,20302241,all,2646.0
Zone1,0,1,20302242,all,2700.0
Zone1,0,1,20302243,all,2673.0
Zone1,0,1,20302244,all,2619.0
Zone1,0,1,20302245,all,2565.0
Zone1,0,1,20302246,all,2511.0
Zone1,0,1,20302247,all,2484.0
Zone1,0,1,20302248,all,2511.0
Zone1,0,1,20302249,all,2565.0
Zone1,0,1,20302250,all,2700.0
Zone1,0,1,20302251,all,2754.0
Zone1,0,1,20302252,all,2781.0
Zone1,0,1,20302253,all,2727.0
Zone1,0,1,20302254,all,2592.0
Zone1,0,1,20302255,all,2376.0
Zone1,0,1,20302256,all,2160.0
Zone1,0,1,20302257,all,2025.0
Zone1,0,1,20302258,all,1944.0
Zone1,0,1,20302259,all,1890.0
Zone1,0,1,20302260,all,1836.0
Zone1,0,1,20302261,all,1863.0
Zone1,0,1,20302262,all,1944.0
Zone1,0,1,20302263,all,2160.0
Zone1,0,1,20302264,all,2430.0
Zone1,0,1,20302265,all,2646.0
Zone1,0,1,20302266,all,2700.0
Zone1,0,1,20302267,all,2673.0
Zone1,0,1,20302268,all,2619.0
Zone1,0,1,20302269,all,2565.0
Zone1,0,1,20302270,all,2511.0
Zone1,0,1,20302271,all,2484.0
Zone1,0,1,20302272,all,2511.0
Zone1,0,1,20302273,all,2565.0
Zone1,0,1,20302274,all,2700.0
Zone1,0,1,20302275,all,2754.0
Zone1,0,1,20302276,all,2781.0
Zone1,0,1,20302277,all,2727.0
Zone1,0,1,20302278,all,2592.0
Zone1,0,1,20302279,all,2376.0
Zone1,0,1,20302280,all,2160.0
Zone1,0,1,20302281,all,2025.0
Zone1,0,1,20302282,all,1944.0
Zone1,0,1,20302283,all,1890.0
Zone1,0,1,20302284,all,1836.0
Zone1,0,1,20302285,all,1863.0
Zone1,0,1,20302286,all,1944.0
Zone1,0,1,20302287,all,2160.0
Zone1,0,1,20302288,all,2430.0
Zone1,0,1,20302289,all,2646.0
Zone1,0,1,20302290,all,2700.0
Zone1,0,1,20302291,all,2673.0
Zone1,0,1,20302292,all,2619.0
Zone1,0,1,20302293,all,2565.0
Zone1,0,1,20302294,all,2511.0
Zone1,0,1,20302295,all,2484.0
Zone1,0,1,20302296,all,2511.0
Zone1,0,1,20302297,all,2565.0
Zone1,0,1,20302298,all,2700.0
Zone1,0,1,20302299,all,2754.0
Zone1,0,1,20302300,all,2781.0
Zone1,0,1,20302301,all,2727.0
Zone1,0,1,20302302,all,2592.0
Zone1,0,1,20302303,all,2376.0
Zone1,0,1,20302304,all,2160.0
Zone1,0,1,20302305,all,2025.0
Zone1,0,1,20302306,all,1944.0
Zone1,0,1,20302307,all,1890.0
Zone1,0,1,20302308,all,1836.0
Zone1,0,1,20302309,all,1863.0
Zone1,0,1,20302310,all,1944.0
Zone1,0,1,20302311,all,2160.0
Zone1,0,1,20302312,all,2430.0
Zone1,0,1,20302313,all,2646.0
Zone1,0,1,20302314,all,2700.0
Zone1,0,1,20302315,all,2673.0
Zone1,0,1,20302316,all,2619.0
Zone1,0,1,20302317,all,2565.0
Zone1,0,1,20302318,all,2511.0
Zone1,0,1,20302319,all,2484.0
Zone1,0,1,20302320,all,2511.0
Zone1,0,1,20302321,all,2565.0
Zone1,0,1,20302322,all,2700.0
Zone1,0,1,20302323,all,2754.0
Zone1,0,1,20302324,all,2781.0
Zone1,0,1,20302325,all,2727.0
Zone1,0,1,20302326,all,2592.0
Zone1,0,1,20302327,all,2376.0
Zone1,0,1,20302328,all,2160.0
Zone1,0,1,20302329,all,2025.0
Zone1,0,1,20302330,all,1944.0
Zone1,0,1,20302331,all,1890.0
Zone1,0,1,20302332,all,1836.0
Zone1,0,1,20302333,all,1863.0
Zone1,0,1,20302334,all,1944.0
Zone1,0,1,20302335,all,2160.0
Zone1,0,1,20302336,all,2430.0
Zone1,0,1,20302337,all,2646.0
Zone1,0,1,20302338,all,2700.0
Zone1,0,1,20302339,all,2673.0
Zone1,0,1,20302340,all,2619.0
Zone1,0,1,20302341,all,2565.0
Zone1,0,1,20302342,all,2511.0
Zone1,0,1,20302343,all,2484.0
Zone1,0,1,20302344,all,2511.0
Zone1,0,1,20302345,all,2565.0
Zone1,0,1,20302346,all,2700.0
Zone1,0,1,20302347,all,2754.0
Zone1,0,1,20302348,all,2781.0
Zone1,0,1,20302349,all,2727.0
Zone1,0,1,20302350,all,2592.0
Zone1,0,1,20302351,all,2376.0
Zone1,0,1,20302352,all,2160.0
Zone1,0,1,20302353,all,2025.0
Zone1,0,1,20302354,all,1944.0
Zone1,0,1,20302355,all,1890.0
Zone1,0,1,20302356,all,1836.0
Zone1,0,1,20302357,all,1863.0
Zone1,0,1,20302358,all,1944.0
Zone1,0,1,20302359,all,2160.0
Zone1,0,1,20302360,all,2430.0
Zone1,0,1,20302361,all,2646.0
Zone1,0,1,20302362,all,2700.0
Zone1,0,1,20302363,all,2673.0
Zone1,0,1,20302364,all,2619.0
Zone1,0,1,20302365,all,2565.0
Zone1,0,1,20302366,all,2511.0
Zone1,0,1,20302367,all,2484.0
Zone1,0,1,20302368,all,2511.0
Zone1,0,1,20302369,all,2565.0
Zone1,0,1,20302370,all,2700.0
Zone1,0,1,20302371,all,2754.0
Zone1,0,1,20302372,all,2781.0
Zone1,0,1,20302373,all,2727.0
Zone1,0,1,20302374,all,2592.0
Zone1,0,1,20302375,all,2376.0
Zone1,0,1,20302376,all,2160.0
Zone1,0,1,20302377,all,2025.0
Zone1,0,1,20302378,all,1944.0
Zone1,0,1,20302379,all,1890.0
Zone1,0,1,20302380,all,1836.0
Zone1,0,1,20302381,all,1863.0
Zone1,0,1,20302382,all,1944.0
Zone1,0,1,20302383,all,2160.0
Zone1,0,1,20302384,all,2430.0
Zone1,0,1,20302385,all,2646.0
Zone1,0,1,20302386,all,2700.0
Zone1,0,1,20302387,all,2673.0
Zone1,0,1,20302388,all,2619.0
Zone1,0,1,20302389,all,2565.0
Zone1,0,1,20302390,all,2511.0
Zone1,0,1,20302391,all,2484.0
Zone1,0,1,20302392,all,2511.0
Zone1,0,1,20302393,all,2565.0
Zone1,0,1,20302394,all,2700.0
Zone1,0,1,20302395,all,2754.0
Zone1,0,1,20302396,all,2781.0
Zone1,0,1,20302397,all,2727.0
Zone1,0,1,20302398,all,2592.0
Zone1,0,1,20302399,all,2376.0
Zone1,0,1,20302400,all,2160.0
Zone1,0,1,20302401,all,2025.0
Zone1,0,1,20302402,all,1944.0
Zone1,0,1,20302403,all,1890.0
Zone1,0,1,20302404,all,1836.0
Zone1,0,1,20302405,all,1863.0
Zone1,0,1,20302406,all,1944.0
Zone1,0,1,20302407,all,2160.0
Zone1,0,1,20302408,all,2430.0
Zone1,0,1,20302409,all,2646.0
Zone1,0,1,20302410,all,2700.0
Zone1,0,1,20302411,all,2673.0
Zone1,0,1,20302412,all,2619.0
Zone1,0,1,20302413,all,2565.0
Zone1,0,1,20302414,all,2511.0
Zone1,0,1,20302415,all,2484.0
Zone1,0,1,20302416,all,2511.0
Zone1,0,1,20302417,all,2565.0
Zone1,0,1,20302418,all,2700.0
Zone1,0,1,20302419,all,2754.0
Zone1,0,1,20302420,all,2781.0
Zone1,0,1,20302421,all,2727.0
Zone1,0,1,20302422,all,2592.0
Zone1,0,1,20302423,all,2376.0
Zone1,0,1,20302424,all,2160.0
Zone1,0,1,20302425,all,2025.0
Zone1,0,1,20302426,all,1944.0
Zone1,0,1,20302427,all,1890.0
Zone1,0,1,20302428,all,1836.0
Zone1,0,1,20302429,all,1863.0
Zone1,0,1,20302430,all,1944.0
Zone1,0,1,20302431,all,2160.0
Zone1,0,1,20302432,all,2430.0
Zone1,0,1,20302433,all,2646.0
Zone1,0,1,20302434,all,2700.0
Zone1,0,1,20302435,all,2673.0
Zone1,0,1,20302436,all,2619.0
Zone1,0,1,20302437,all,2565.0
Zone1,0,1,20302438,all,2511.0
Zone1,0,1,20302439,all,2484.0
Zone1,0,1,20302440,all,2511.0
Zone1,0,1,20302441,all,2565.0
Zone1,0,1,20302442,all,2700.0
Zone1,0,1,20302443,all,2754.0
Zone1,0,1,20302444,all,2781.0
Zone1,0,1,20302445,all,2727.0
Zone1,0,1,20302446,all,2592.0
Zone1,0,1,20302447,all,2376.0
Zone1,0,1,20302448,all,2160.0
Zone1,0,1,20302449,all,2025.0
Zone1,0,1,20302450,all,1944.0
Zone1,0,1,20302451,all,1890.0
Zone1,0,1,20302452,all,1836.0
Zone1,0,1,20302453,all,1863.0
Zone1,0,1,20302454,all,1944.0
Zone1,0,1,20302455,all,2160.0
Zone1,0,1,20302456,all,2430.0
Zone1,0,1,20302457,all,2646.0
Zone1,0,1,20302458,all,2700.0
Zone1,0,1,20302459,all,2673.0
Zone1,0,1,20302460,all,2619.0
Zone1,0,1,20302461,all,2565.0
Zone1,0,1,20302462,all,2511.0
Zone1,0,1,20302463,all,2484.0
Zone1,0,1,20302464,all,2511.0
Zone1,0,1,20302465,all,2565.0
Zone1,0,1,20302466,all,2700.0
Zone1,0,1,20302467,all,2754.0
Zone1,0,1,20302468,all,2781.0
Zone1,0,1,20302469,all,2727.0
Zone1,0,1,20302470,all,2592.0
Zone1,0,1,20302471,all,2376.0
Zone1,0,1,20302472,all,2160.0
Zone1,0,1,20302473,all,2025.0
Zone1,0,1,20302474,all,1944.0
Zone1,0,1,20302475,all,1890.0
Zone1,0,1,20302476,all,1836.0
Zone1,0,1,20302477,all,1863.0
Zone1,0,1,20302478,all,1944.0
Zone1,0,1,20302479,all,2160.0
Zone1,0,1,20302480,all,2430.0
Zone1,0,1,20302481,all,2646.0
Zone1,0,1,20302482,all,2700.0
Zone1,0,1,20302483,all,2673.0
Zone1,0,1,20302484,all,2619.0
Zone1,0,1,20302485,all,2565.0
Zone1,0,1,20302486,all,2511.0
Zone1,0,1,20302487,all,2484.0
Zone1,0,1,20302488,all,2511.0
Zone1,0,1,20302489,all,2565.0
Zone1,0,1,20302490,all,2700.0
Zone1,0,1,20302491,all,2754.0
Zone1,0,1,20302492,all,2781.0
Zone1,0,1,20302493,all,2727.0
Zone1,0,1,20302494,all,2592.0
Zone1,0,1,20302495,all,2376.0
Zone1,0,1,20302496,all,2160.0
Zone1,0,1,20302497,all,2025.0
Zone1,0,1,20302498,all,1944.0
Zone1,0,1,20302499,all,1890.0
Zone1,0,1,20302500,all,1836.0
Zone1,0,1,20302501,all,1863.0
Zone1,0,1,20302502,all,1944.0
Zone1,0,1,20302503,all,2160.0
Zone1,0,1,20302504,all,2430.0
Zone1,0,1,20302505,all,2646.0
Zone1,0,1,20302506,all,2700.0
Zone1,0,1,20302507,all,2673.0
Zone1,0,1,20302508,all,2619.0
Zone1,0,1,20302509,all,2565.0
Zone1,0,1,20302510,all,2511.0
Zone1,0,1,20302511,all,2484.0
Zone1,0,1,20302512,all,2511.0
Zone1,0,1,20302513,all,2565.0
Zone1,0,1,20302514,all,2700.0
Zone1,0,1,20302515,all,2754.0
Zone1,0,1,20302516,all,2781.0
Zone1,0,1,20302517,all,2727.0
Zone1,0,1,20302518,all,2592.0
Zone1,0,1,20302519,all,2376.0
Zone1,0,1,20302520,all,2160.0
Zone1,0,1,20302521,all,2025.0
Zone1,0,1,20302522,all,1944.0
Zone1,0,1,20302523,all,1890.0
Zone1,0,1,20302524,all,1836.0
Zone1,0,1,20302525,all,1863.0
Zone1,0,1,20302526,all,1944.0
Zone1,0,1,20302527,all,2160.0
Zone1,0,1,20302528,all,2430.0
Zone1,0,1,20302529,all,2646.0
Zone1,0,1,20302530,all,2700.0
Zone1,0,1,20302531,all,2673.0
Zone1,0,1,20302532,all,2619.0
Zone1,0,1,20302533,all,2565.0
Zone1,0,1,20302534,all,2511.0
Zone1,0,1,20302535,all,2484.0
Zone1,0,1,20302536,all,2511.0
Zone1,0,1,20302537,all,2565.0
Zone1,0,1,20302538,all,2700.0
Zone1,0,1,20302539,all,2754.0
Zone1,0,1,20302540,all,2781.0
Zone1,0,1,20302541,all,2727.0
Zone1,0,1,20302542,all,2592.0
Zone1,0,1,20302543,all,2376.0
Zone1,0,1,20302544,all,2160.0
Zone1,0,1,20302545,all,2025.0
Zone1,0,1,20302546,all,1944.0
Zone1,0,1,20302547,all,1890.0
Zone1,0,1,20302548,all,1836.0
Zone1,0,1,20302549,all,1863.0
Zone1,0,1,20302550,all,1944.0
Zone1,0,1,20302551,all,2160.0
Zone1,0,1,20302552,all,2430.0
Zone1,0,1,20302553,all,2646.0
Zone1,0,1,20302554,all,2700.0
Zone1,0,1,20302555,all,2673.0
Zone1,0,1,20302556,all,2619.0
Zone1,0,1,20302557,all,2565.0
Zone1,0,1,20302558,all,2511.0
Zone1,0,1,20302559,all,2484.0
Zone1,0,1,20302560,all,2511.0
Zone1,0,1,20302561,all,2565.0
Zone1,0,1,20302562,all,2700.0
Zone1,0,1,20302563,all,2754.0
Zone1,0,1,20302564,all,2781.0
Zone1,0,1,20302565,all,2727.0
Zone1,0,1,20302566,all,2592.0
Zone1,0,1,20302567,all,2376.0
Zone1,0,1,20302568,all,2160.0
Zone1,0,1,20302569,all,2025.0
Zone1,0,1,20302570,all,1944.0
Zone1,0,1,20302571,all,1890.0
Zone1,0,1,20302572,all,1836.0
Zone1,0,1,20302573,all,1863.0
Zone1,0,1,20302574,all,1944.0
Zone1,0,1,20302575,all,2160.0
Zone1,0,1,20302576,all,2430.0
Zone1,0,1,20302577,all,2646.0
Zone1,0,1,20302578,all,2700.0
Zone1,0,1,20302579,all,2673.0
Zone1,0,1,20302580,all,2619.0
Zone1,0,1,20302581,all,2565.0
Zone1,0,1,20302582,all,2511.0
Zone1,0,1,20302583,all,2484.0
Zone1,0,1,20302584,all,2511.0
Zone1,0,1,20302585,all,2565.0
Zone1,0,1,20302586,all,2700.0
Zone1,0,1,20302587,all,2754.0
Zone1,0,1,20302588,all,2781.0
Zone1,0,1,20302589,all,2727.0
Zone1,0,1,20302590,all,2592.0
Zone1,0,1,20302591,all,2376.0
Zone1,0,1,20302592,all,2160.0
Zone1,0,1,20302593,all,2025.0
Zone1,0,1,20302594,all,1944.0
Zone1,0,1,20302595,all,1890.0
Zone1,0,1,20302596,all,1836.0
Zone1,0,1,20302597,all,1863.0
Zone1,0,1,20302598,all,1944.0
Zone1,0,1,20302599,all,2160.0
Zone1,0,1,20302600,all,2430.0
Zone1,0,1,20302601,all,2646.0
Zone1,0,1,20302602,all,2700.0
Zone1,0,1,20302603,all,2673.0
Zone1,0,1,20302604,all,2619.0
Zone1,0,1,20302605,all,2565.0
Zone1,0,1,20302606,all,2511.0
Zone1,0,1,20302607,all,2484.0
Zone1,0,1,20302608,all,2511.0
Zone1,0,1,20302609,all,2565.0
Zone1,0,1,20302610,all,2700.0
Zone1,0,1,20302611,all,2754.0
Zone1,0,1,20302612,all,2781.0
Zone1,0,1,20302613,all,2727.0
Zone1,0,1,20302614,all,2592.0
Zone1,0,1,20302615,all,2376.0
Zone1,0,1,20302616,all,2160.0
Zone1,0,1,20302617,all,2025.0
Zone1,0,1,20302618,all,1944.0
Zone1,0,1,20302619,all,1890.0
Zone1,0,1,20302620,all,1836.0
Zone1,0,1,20302621,all,1863.0
Zone1,0,1,20302622,all,1944.0
Zone1,0,1,20302623,all,2160.0
Zone1,0,1,20302624,all,2430.0
Zone1,0,1,20302625,all,2646.0
Zone1,0,1,20302626,all,2700.0
Zone1,0,1,20302627,all,2673.0
Zone1,0,1,20302628,all,2619.0
Zone1,0,1,20302629,all,2565.0
Zone1,0,1,20302630,all,2511.0
Zone1,0,1,20302631,all,2484.0
Zone1,0,1,20302632,all,2511.0
Zone1,0,1,20302633,all,2565.0
Zone1,0,1,20302634,all,2700.0
Zone1,0,1,20302635,all,2754.0
Zone1,0,1,20302636,all,2781.0
Zone1,0,1,20302637,all,2727.0
Zone1,0,1,20302638,all,2592.0
Zone1,0,1,20302639,all,2376.0
Zone1,0,1,20302640,all,2160.0
Zone1,0,1,20302641,all,2025.0
Zone1,0,1,20302642,all,1944.0
Zone1,0,1,20302643,all,1890.0
Zone1,0,1,20302644,all,1836.0
Zone1,0,1,20302645,all,1863.0
Zone1,0,1,20302646,all,1944.0
Zone1,0,1,20302647,all,2160.0
Zone1,0,1,20302648,all,2430.0
Zone1,0,1,20302649,all,2646.0
Zone1,0,1,20302650,all,2700.0
Zone1,0,1,20302651,all,2673.0
Zone1,0,1,20302652,all,2619.0
Zone1,0,1,20302653,all,2565.0
Zone1,0,1,20302654,all,2511.0
Zone1,0,1,20302655,all,2484.0
Zone1,0,1,20302656,all,2511.0
Zone1,0,1,20302657,all,2565.0
Zone1,0,1,20302658,all,2700.0
Zone1,0,1,20302659,all,2754.0
Zone1,0,1,20302660,all,2781.0
Zone1,0,1,20302661,all,2727.0
Zone1,0,1,20302662,all,2592.0
Zone1,0,1,20302663,all,2376.0
Zone1,0,1,20302664,all,2160.0
Zone1,0,1,20302665,all,2025.0
Zone1,0,1,20302666,all,1944.0
Zone1,0,1,20302667,all,1890.0
Zone1,0,1,20302668,all,1836.0
Zone1,0,1,20302669,all,1863.0
Zone1,0,1,20302670,all,1944.0
Zone1,0,1,20302671,all,2160.0
Zone1,0,1,20302672,all,2430.0
Zone1,0,1,20302673,all,2646.0
Zone1,0,1,20302674,all,2700.0
Zone1,0,1,20302675,all,2673.0
Zone1,0,1,20302676,all,2619.0
Zone1,0,1,20302677,all,2565.0
Zone1,0,1,20302678,all,2511.0
Zone1,0,1,20302679,all,2484.0
Zone1,0,1,20302680,all,2511.0
Zone1,0,1,20302681,all,2565.0
Zone1,0,1,20302682,all,2700.0
Zone1,0,1,20302683,all,2754.0
Zone1,0,1,20302684,all,2781.0
Zone1,0,1,20302685,all,2727.0
Zone1,0,1,20302686,all,2592.0
Zone1,0,1,20302687,all,2376.0
Zone1,0,1,20302688,all,2160.0
Zone1,0,1,20302689,all,2025.0
Zone1,0,1,20302690,all,1944.0
Zone1,0,1,20302691,all,1890.0
Zone1,0,1,20302692,all,1836.0
Zone1,0,1,20302693,all,1863.0
Zone1,0,1,20302694,all,1944.0
Zone1,0,1,20302695,all,2160.0
Zone1,0,1,20302696,all,2430.0
Zone1,0,1,20302697,all,2646.0
Zone1,0,1,20302698,all,2700.0
Zone1,0,1,20302699,all,2673.0
Zone1,0,1,20302700,all,2619.0
Zone1,0,1,20302701,all,2565.0
Zone1,0,1,20302702,all,2511.0
Zone1,0,1,20302703,all,2484.0
Zone1,0,1,20302704,all,2511.0
Zone1,0,1,20302705,all,2565.0
Zone1,0,1,20302706,all,2700.0
Zone1,0,1,20302707,all,2754.0
Zone1,0,1,20302708,all,2781.0
Zone1,0,1,20302709,all,2727.0
Zone1,0,1,20302710,all,2592.0
Zone1,0,1,20302711,all,2376.0
Zone1,0,1,20302712,all,2160.0
Zone1,0,1,20302713,all,2025.0
Zone1,0,1,20302714,all,1944.0
Zone1,0,1,20302715,all,1890.0
Zone1,0,1,20302716,all,1836.0
Zone1,0,1,20302717,all,1863.0
Zone1,0,1,20302718,all,1944.0
Zone1,0,1,20302719,all,2160.0
Zone1,0,1,20302720,all,2430.0
Zone1,0,1,20302721,all,2646.0
Zone1,0,1,20302722,all,2700.0
Zone1,0,1,20302723,all,2673.0
Zone1,0,1,20302724,all,2619.0
Zone1,0,1,20302725,all,2565.0
Zone1,0,1,20302726,all,2511.0
Zone1,0,1,20302727,all,2484.0
Zone1,0,1,20302728,all,2511.0
Zone1,0,1,20302729,all,2565.0
Zone1,0,1,20302730,all,2700.0
Zone1,0,1,20302731,all,2754.0
Zone1,0,1,20302732,all,2781.0
Zone1,0,1,20302733,all,2727.0
Zone1,0,1,20302734,all,2592.0
Zone1,0,1,20302735,all,2376.0
Zone1,0,1,20302736,all,2160.0
Zone1,0,1,20302737,all,2025.0
Zone1,0,1,20302738,all,1944.0
Zone1,0,1,20302739,all,1890.0
Zone1,0,1,20302740,all,1836.0
Zone1,0,1,20302741,all,1863.0
Zone1,0,1,20302742,all,1944.0
Zone1,0,1,20302743,all,2160.0
Zone1,0,1,20302744,all,2430.0
Zone1,0,1,20302745,all,2646.0
Zone1,0,1,20302746,all,2700.0
Zone1,0,1,20302747,all,2673.0
Zone1,0,1,20302748,all,2619.0
Zone1,0,1,20302749,all,2565.0
Zone1,0,1,20302750,all,2511.0
Zone1,0,1,20302751,all,2484.0
Zone1,0,1,20302752,all,2511.0
Zone1,0,1,20302753,all,2565.0
Zone1,0,1,20302754,all,2700.0
Zone1,0,1,20302755,all,2754.0
Zone1,0,1,20302756,all,2781.0
Zone1,0,1,20302757,all,2727.0
Zone1,0,1,20302758,all,2592.0
Zone1,0,1,20302759,all,2376.0
Zone1,0,1,20302760,all,2160.0
Zone1,0,1,20302761,all,2025.0
Zone1,0,1,20302762,all,1944.0
Zone1,0,1,20302763,all,1890.0
Zone1,0,1,20302764,all,1836.0
Zone1,0,1,20302765,all,1863.0
Zone1,0,1,20302766,all,1944.0
Zone1,0,1,20302767,all,2160.0
Zone1,0,1,20302768,all,2430.0
Zone1,0,1,20302769,all,2646.0
Zone1,0,1,20302770,all,2700.0
Zone1,0,1,20302771,all,2673.0
Zone1,0,1,20302772,all,2619.0
Zone1,0,1,20302773,all,2565.0
Zone1,0,1,20302774,all,2511.0
Zone1,0,1,20302775,all,2484.0
Zone1,0,1,20302776,all,2511.0
Zone1,0,1,20302777,all,2565.0
Zone1,0,1,20302778,all,2700.0
Zone1,0,1,20302779,all,2754.0
Zone1,0,1,20302780,all,2781.0
Zone1,0,1,20302781,all,2727.0
Zone1,0,1,20302782,all,2592.0
Zone1,0,1,20302783,all,2376.0
Zone1,0,1,20302784,all,2160.0
Zone1,0,1,20302785,all,2025.0
Zone1,0,1,20302786,all,1944.0
Zone1,0,1,20302787,all,1890.0
Zone1,0,1,20302788,all,1836.0
Zone1,0,1,20302789,all,1863.0
Zone1,0,1,20302790,all,1944.0
Zone1,0,1,20302791,all,2160.0
Zone1,0,1,20302792,all,2430.0
Zone1,0,1,20302793,all,2646.0
Zone1,0,1,20302794,all,2700.0
Zone1,0,1,20302795,all,2673.0
Zone1,0,1,20302796,all,2619.0
Zone1,0,1,20302797,all,2565.0
Zone1,0,1,20302798,all,2511.0
Zone1,0,1,20302799,all,2484.0
Zone1,0,1,20302800,all,2511.0
Zone1,0,1,20302801,all,2565.0
Zone1,0,1,20302802,all,2700.0
Zone1,0,1,20302803,all,2754.0
Zone1,0,1,20302804,all,2781.0
Zone1,0,1,20302805,all,2727.0
Zone1,0,1,20302806,all,2592.0
Zone1,0,1,20302807,all,2376.0
Zone1,0,1,20302808,all,2160.0
Zone1,0,1,20302809,all,2025.0
Zone1,0,1,20302810,all,1944.0
Zone1,0,1,20302811,all,1890.0
Zone1,0,1,20302812,all,1836.0
Zone1,0,1,20302813,all,1863.0
Zone1,0,1,20302814,all,1944.0
Zone1,0,1,20302815,all,2160.0
Zone1,0,1,20302816,all,2430.0
Zone1,0,1,20302817,all,2646.0
Zone1,0,1,20302818,all,2700.0
Zone1,0,1,20302819,all,2673.0
Zone1,0,1,20302820,all,2619.0
Zone1,0,1,20302821,all,2565.0
Zone1,0,1,20302822,all,2511.0
Zone1,0,1,20302823,all,2484.0
Zone1,0,1,20302824,all,2511.0
Zone1,0,1,20302825,all,2565.0
Zone1,0,1,20302826,all,2700.0
Zone1,0,1,20302827,all,2754.0
Zone1,0,1,20302828,all,2781.0
Zone1,0,1,20302829,all,2727.0
Zone1,0,1,20302830,all,2592.0
Zone1,0,1,20302831,all,2376.0
Zone1,0,1,20302832,all,2160.0
Zone1,0,1,20302833,all,2025.0
Zone1,0,1,20302834,all,1944.0
Zone1,0,1,20302835,all,1890.0
Zone1,0,1,20302836,all,1836.0
Zone1,0,1,20302837,all,1863.0
Zone1,0,1,20302838,all,1944.0
Zone1,0,1,20302839,all,2160.0
Zone1,0,1,20302840,all,2430.0
Zone1,0,1,20302841,all,2646.0
Zone1,0,1,20302842,all,2700.0
Zone1,0,1,20302843,all,2673.0
Zone1,0,1,20302844,all,2619.0
Zone1,0,1,20302845,all,2565.0
Zone1,0,1,20302846,all,2511.0
Zone1,0,1,20302847,all,2484.0
Zone1,0,1,20302848,all,2511.0
Zone1,0,1,20302849,all,2565.0
Zone1,0,1,20302850,all,2700.0
Zone1,0,1,20302851,all,2754.0
Zone1,0,1,20302852,all,2781.0
Zone1,0,1,20302853,all,2727.0
Zone1,0,1,20302854,all,2592.0
Zone1,0,1,20302855,all,2376.0
Zone1,0,1,20302856,all,2160.0
Zone1,0,1,20302857,all,2025.0
Zone1,0,1,20302858,all,1944.0
Zone1,0,1,20302859,all,1890.0
Zone1,0,1,20302860,all,1836.0
Zone1,0,1,20302861,all,1863.0
Zone1,0,1,20302862,all,1944.0
Zone1,0,1,20302863,all,2160.0
Zone1,0,1,20302864,all,2430.0
Zone1,0,1,20302865,all,2646.0
Zone1,0,1,20302866,all,2700.0
Zone1,0,1,20302867,all,2673.0
Zone1,0,1,20302868,all,2619.0
Zone1,0,1,20302869,all,2565.0
Zone1,0,1,20302870,all,2511.0
Zone1,0,1,20302871,all,2484.0
Zone1,0,1,20302872,all,2511.0
Zone1,0,1,20302873,all,2565.0
Zone1,0,1,20302874,all,2700.0
Zone1,0,1,20302875,all,2754.0
Zone1,0,1,20302876,all,2781.0
Zone1,0,1,20302877,all,2727.0
Zone1,0,1,20302878,all,2592.0
Zone1,0,1,20302879,all,2376.0
Zone1,0,1,20302880,all,2160.0
Zone1,0,1,20302881,all,2070.0
Zone1,0,1,20302882,all,1987.2
Zone1,0,1,20302883,all,1932.0
Zone1,0,1,20302884,all,1876.8
Zone1,0,1,20302885,all,1904.4
Zone1,0,1,20302886,all,1987.2
Zone1,0,1,20302887,all,2208.0
Zone1,0,1,20302888,all,2484.0
Zone1,0,1,20302889,all,2704.8
Zone1,0,1,20302890,all,2760.0
Zone1,0,1,20302891,all,2732.4
Zone1,0,1,20302892,all,2677.2
Zone1,0,1,20302893,all,2622.0
Zone1,0,1,20302894,all,2566.8
Zone1,0,1,20302895,all,2539.2
Zone1,0,1,20302896,all,2566.8
Zone1,0,1,20302897,all,2622.0
Zone1,0,1,20302898,all,2760.0
Zone1,0,1,20302899,all,2815.2
Zone1,0,1,20302900,all,2842.8
Zone1,0,1,20302901,all,2787.6
Zone1,0,1,20302902,all,2649.6
Zone1,0,1,20302903,all,2428.8
Zone1,0,1,20302904,all,2208.0
Zone1,0,1,20302905,all,2070.0
Zone1,0,1,20302906,all,1987.2
Zone1,0,1,20302907,all,1932.0
Zone1,0,1,20302908,all,1876.8
Zone1,0,1,20302909,all,1904.4
Zone1,0,1,20302910,all,1987.2
Zone1,0,1,20302911,all,2208.0
Zone1,0,1,20302912,all,2484.0
Zone1,0,1,20302913,all,2704.8
Zone1,0,1,20302914,all,2760.0
Zone1,0,1,20302915,all,2732.4
Zone1,0,1,20302916,all,2677.2
Zone1,0,1,20302917,all,2622.0
Zone1,0,1,20302918,all,2566.8
Zone1,0,1,20302919,all,2539.2
Zone1,0,1,20302920,all,2566.8
Zone1,0,1,20302921,all,2622.0
Zone1,0,1,20302922,all,2760.0
Zone1,0,1,20302923,all,2815.2
Zone1,0,1,20302924,all,2842.8
Zone1,0,1,20302925,all,2787.6
Zone1,0,1,20302926,all,2649.6
Zone1,0,1,20302927,all,2428.8
Zone1,0,1,20302928,all,2208.0
Zone1,0,1,20302929,all,2070.0
Zone1,0,1,20302930,all,1987.2
Zone1,0,1,20302931,all,1932.0
Zone1,0,1,20302932,all,1876.8
Zone1,0,1,20302933,all,1904.4
Zone1,0,1,20302934,all,1987.2
Zone1,0,1,20302935,all,2208.0
Zone1,0,1,20302936,all,2484.0
Zone1,0,1,20302937,all,2704.8
Zone1,0,1,20302938,all,2760.0
Zone1,0,1,20302939,all,2732.4
Zone1,0,1,20302940,all,2677.2
Zone1,0,1,20302941,all,2622.0
Zone1,0,1,20302942,all,2566.8
Zone1,0,1,20302943,all,2539.2
Zone1,0,1,20302944,all,2566.8
Zone1,0,1,20302945,all,2622.0
Zone1,0,1,20302946,all,2760.0
Zone1,0,1,20302947,all,2815.2
Zone1,0,1,20302948,all,2842.8
Zone1,0,1,20302949,all,2787.6
Zone1,0,1,20302950,all,2649.6
Zone1,0,1,20302951,all,2428.8
Zone1,0,1,20302952,all,2208.0
Zone1,0,1,20302953,all,2070.0
Zone1,0,1,20302954,all,1987.2
Zone1,0,1,20302955,all,1932.0
Zone1,0,1,20302956,all,1876.8
Zone1,0,1,20302957,all,1904.4
Zone1,0,1,20302958,all,1987.2
Zone1,0,1,20302959,all,2208.0
Zone1,0,1,20302960,all,2484.0
Zone1,0,1,20302961,all,2704.8
Zone1,0,1,20302962,all,2760.0
Zone1,0,1,20302963,all,2732.4
Zone1,0,1,20302964,all,2677.2
Zone1,0,1,20302965,all,2622.0
Zone1,0,1,20302966,all,2566.8
Zone1,0,1,20302967,all,2539.2
Zone1,0,1,20302968,all,2566.8
Zone1,0,1,20302969,all,2622.0
Zone1,0,1,20302970,all,2760.0
Zone1,0,1,20302971,all,2815.2
Zone1,0,1,20302972,all,2842.8
Zone1,0,1,20302973,all,2787.6
Zone1,0,1,20302974,all,2649.6
Zone1,0,1,20302975,all,2428.8
Zone1,0,1,20302976,all,2208.0
Zone1,0,1,20302977,all,2070.0
Zone1,0,1,20302978,all,1987.2
Zone1,0,1,20302979,all,1932.0
Zone1,0,1,20302980,all,1876.8
Zone1,0,1,20302981,all,1904.4
Zone1,0,1,20302982,all,1987.2
Zone1,0,1,20302983,all,2208.0
Zone1,0,1,20302984,all,2484.0
Zone1,0,1,20302985,all,2704.8
Zone1,0,1,20302986,all,2760.0
Zone1,0,1,20302987,all,2732.4
Zone1,0,1,20302988,all,2677.2
Zone1,0,1,20302989,all,2622.0
Zone1,0,1,20302990,all,2566.8
Zone1,0,1,20302991,all,2539.2
Zone1,0,1,20302992,all,2566.8
Zone1,0,1,20302993,all,2622.0
Zone1,0,1,20302994,all,2760.0
Zone1,0,1,20302995,all,2815.2
Zone1,0,1,20302996,all,2842.8
Zone1,0,1,20302997,all,2787.6
Zone1,0,1,20302998,all,2649.6
Zone1,0,1,20302999,all,2428.8
Zone1,0,1,20303000,all,2208.0
Zone1,0,1,20303001,all,2070.0
Zone1,0,1,20303002,all,1987.2
Zone1,0,1,20303003,all,1932.0
Zone1,0,1,20303004,all,1876.8
Zone1,0,1,20303005,all,1904.4
Zone1,0,1,20303006,all,1987.2
Zone1,0,1,20303007,all,2208.0
Zone1,0,1,20303008,all,2484.0
Zone1,0,1,20303009,all,2704.8
Zone1,0,1,20303010,all,2760.0
Zone1,0,1,20303011,all,2732.4
Zone1,0,1,20303012,all,2677.2
Zone1,0,1,20303013,all,2622.0
Zone1,0,1,20303014,all,2566.8
Zone1,0,1,20303015,all,2539.2
Zone1,0,1,20303016,all,2566.8
Zone1,0,1,20303017,all,2622.0
Zone1,0,1,20303018,all,2760.0
Zone1,0,1,20303019,all,2815.2
Zone1,0,1,20303020,all,2842.8
Zone1,0,1,20303021,all,2787.6
Zone1,0,1,20303022,all,2649.6
Zone1,0,1,20303023,all,2428.8
Zone1,0,1,20303024,all,2208.0
Zone1,0,1,20303025,all,2070.0
Zone1,0,1,20303026,all,1987.2
Zone1,0,1,20303027,all,1932.0
Zone1,0,1,20303028,all,1876.8
Zone1,0,1,20303029,all,1904.4
Zone1,0,1,20303030,all,1987.2
Zone1,0,1,20303031,all,2208.0
Zone1,0,1,20303032,all,2484.0
Zone1,0,1,20303033,all,2704.8
Zone1,0,1,20303034,all,2760.0
Zone1,0,1,20303035,all,2732.4
Zone1,0,1,20303036,all,2677.2
Zone1,0,1,20303037,all,2622.0
Zone1,0,1,20303038,all,2566.8
Zone1,0,1,20303039,all,2539.2
Zone1,0,1,20303040,all,2566.8
Zone1,0,1,20303041,all,2622.0
Zone1,0,1,20303042,all,2760.0
Zone1,0,1,20303043,all,2815.2
Zone1,0,1,20303044,all,2842.8
Zone1,0,1,20303045,all,2787.6
Zone1,0,1,20303046,all,2649.6
Zone1,0,1,20303047,all,2428.8
Zone1,0,1,20303048,all,2208.0
Zone1,0,1,20303049,all,2070.0
Zone1,0,1,20303050,all,1987.2
Zone1,0,1,20303051,all,1932.0
Zone1,0,1,20303052,all,1876.8
Zone1,0,1,20303053,all,1904.4
Zone1,0,1,20303054,all,1987.2
Zone1,0,1,20303055,all,2208.0
Zone1,0,1,20303056,all,2484.0
Zone1,0,1,20303057,all,2704.8
Zone1,0,1,20303058,all,2760.0
Zone1,0,1,20303059,all,2732.4
Zone1,0,1,20303060,all,2677.2
Zone1,0,1,20303061,all,2622.0
Zone1,0,1,20303062,all,2566.8
Zone1,0,1,20303063,all,2539.2
Zone1,0,1,20303064,all,2566.8
Zone1,0,1,20303065,all,2622.0
Zone1,0,1,20303066,all,2760.0
Zone1,0,1,20303067,all,2815.2
Zone1,0,1,20303068,all,2842.8
Zone1,0,1,20303069,all,2787.6
Zone1,0,1,20303070,all,2649.6
Zone1,0,1,20303071,all,2428.8
Zone1,0,1,20303072,all,2208.0
Zone1,0,1,20303073,all,2070.0
Zone1,0,1,20303074,all,1987.2
Zone1,0,1,20303075,all,1932.0
Zone1,0,1,20303076,all,1876.8
Zone1,0,1,20303077,all,1904.4
Zone1,0,1,20303078,all,1987.2
Zone1,0,1,20303079,all,2208.0
Zone1,0,1,20303080,all,2484.0
Zone1,0,1,20303081,all,2704.8
Zone1,0,1,20303082,all,2760.0
Zone1,0,1,20303083,all,2732.4
Zone1,0,1,20303084,all,2677.2
Zone1,0,1,20303085,all,2622.0
Zone1,0,1,20303086,all,2566.8
Zone1,0,1,20303087,all,2539.2
Zone1,0,1,20303088,all,2566.8
Zone1,0,1,20303089,all,2622.0
Zone1,0,1,20303090,all,2760.0
Zone1,0,1,20303091,all,2815.2
Zone1,0,1,20303092,all,2842.8
Zone1,0,1,20303093,all,2787.6
Zone1,0,1,20303094,all,2649.6
Zone1,0,1,20303095,all,2428.8
Zone1,0,1,20303096,all,2208.0
Zone1,0,1,20303097,all,2070.0
Zone1,0,1,20303098,all,1987.2
Zone1,0,1,20303099,all,1932.0
Zone1,0,1,20303100,all,1876.8
Zone1,0,1,20303101,all,1904.4
Zone1,0,1,20303102,all,1987.2
Zone1,0,1,20303103,all,2208.0
Zone1,0,1,20303104,all,2484.0
Zone1,0,1,20303105,all,2704.8
Zone1,0,1,20303106,all,2760.0
Zone1,0,1,20303107,all,2732.4
Zone1,0,1,20303108,all,2677.2
Zone1,0,1,20303109,all,2622.0
Zone1,0,1,20303110,all,2566.8
Zone1,0,1,20303111,all,2539.2
Zone1,0,1,20303112,all,2566.8
Zone1,0,1,20303113,all,2622.0
Zone1,0,1,20303114,all,2760.0
Zone1,0,1,20303115,all,2815.2
Zone1,0,1,20303116,all,2842.8
Zone1,0,1,20303117,all,2787.6
Zone1,0,1,20303118,all,2649.6
Zone1,0,1,20303119,all,2428.8
Zone1,0,1,20303120,all,2208.0
Zone1,0,1,20303121,all,2070.0
Zone1,0,1,20303122,all,1987.2
Zone1,0,1,20303123,all,1932.0
Zone1,0,1,20303124,all,1876.8
Zone1,0,1,20303125,all,1904.4
Zone1,0,1,20303126,all,1987.2
Zone1,0,1,20303127,all,2208.0
Zone1,0,1,20303128,all,2484.0
Zone1,0,1,20303129,all,2704.8
Zone1,0,1,20303130,all,2760.0
Zone1,0,1,20303131,all,2732.4
Zone1,0,1,20303132,all,2677.2
Zone1,0,1,20303133,all,2622.0
Zone1,0,1,20303134,all,2566.8
Zone1,0,1,20303135,all,2539.2
Zone1,0,1,20303136,all,2566.8
Zone1,0,1,20303137,all,2622.0
Zone1,0,1,20303138,all,2760.0
Zone1,0,1,20303139,all,2815.2
Zone1,0,1,20303140,all,2842.8
Zone1,0,1,20303141,all,2787.6
Zone1,0,1,20303142,all,2649.6
Zone1,0,1,20303143,all,2428.8
Zone1,0,1,20303144,all,2208.0
Zone1,0,1,20303145,all,2070.0
Zone1,0,1,20303146,all,1987.2
Zone1,0,1,20303147,all,1932.0
Zone1,0,1,20303148,all,1876.8
Zone1,0,1,20303149,all,1904.4
Zone1,0,1,20303150,all,1987.2
Zone1,0,1,20303151,all,2208.0
Zone1,0,1,20303152,all,2484.0
Zone1,0,1,20303153,all,2704.8
Zone1,0,1,20303154,all,2760.0
Zone1,0,1,20303155,all,2732.4
Zone1,0,1,20303156,all,2677.2
Zone1,0,1,20303157,all,2622.0
Zone1,0,1,20303158,all,2566.8
Zone1,0,1,20303159,all,2539.2
Zone1,0,1,20303160,all,2566.8
Zone1,0,1,20303161,all,2622.0
Zone1,0,1,20303162,all,2760.0
Zone1,0,1,20303163,all,2815.2
Zone1,0,1,20303164,all,2842.8
Zone1,0,1,20303165,all,2787.6
Zone1,0,1,20303166,all,2649.6
Zone1,0,1,20303167,all,2428.8
Zone1,0,1,20303168,all,2208.0
Zone1,0,1,20303169,all,2070.0
Zone1,0,1,20303170,all,1987.2
Zone1,0,1,20303171,all,1932.0
Zone1,0,1,20303172,all,1876.8
Zone1,0,1,20303173,all,1904.4
Zone1,0,1,20303174,all,1987.2
Zone1,0,1,20303175,all,2208.0
Zone1,0,1,20303176,all,2484.0
Zone1,0,1,20303177,all,2704.8
Zone1,0,1,20303178,all,2760.0
Zone1,0,1,20303179,all,2732.4
Zone1,0,1,20303180,all,2677.2
Zone1,0,1,20303181,all,2622.0
Zone1,0,1,20303182,all,2566.8
Zone1,0,1,20303183,all,2539.2
Zone1,0,1,20303184,all,2566.8
Zone1,0,1,20303185,all,2622.0
Zone1,0,1,20303186,all,2760.0
Zone1,0,1,20303187,all,2815.2
Zone1,0,1,20303188,all,2842.8
Zone1,0,1,20303189,all,2787.6
Zone1,0,1,20303190,all,2649.6
Zone1,0,1,20303191,all,2428.8
Zone1,0,1,20303192,all,2208.0
Zone1,0,1,20303193,all,2070.0
Zone1,0,1,20303194,all,1987.2
Zone1,0,1,20303195,all,1932.0
Zone1,0,1,20303196,all,1876.8
Zone1,0,1,20303197,all,1904.4
Zone1,0,1,20303198,all,1987.2
Zone1,0,1,20303199,all,2208.0
Zone1,0,1,20303200,all,2484.0
Zone1,0,1,20303201,all,2704.8
Zone1,0,1,20303202,all,2760.0
Zone1,0,1,20303203,all,2732.4
Zone1,0,1,20303204,all,2677.2
Zone1,0,1,20303205,all,2622.0
Zone1,0,1,20303206,all,2566.8
Zone1,0,1,20303207,all,2539.2
Zone1,0,1,20303208,all,2566.8
Zone1,0,1,20303209,all,2622.0
Zone1,0,1,20303210,all,2760.0
Zone1,0,1,20303211,all,2815.2
Zone1,0,1,20303212,all,2842.8
Zone1,0,1,20303213,all,2787.6
Zone1,0,1,20303214,all,2649.6
Zone1,0,1,20303215,all,2428.8
Zone1,0,1,20303216,all,2208.0
Zone1,0,1,20303217,all,2070.0
Zone1,0,1,20303218,all,1987.2
Zone1,0,1,20303219,all,1932.0
Zone1,0,1,20303220,all,1876.8
Zone1,0,1,20303221,all,1904.4
Zone1,0,1,20303222,all,1987.2
Zone1,0,1,20303223,all,2208.0
Zone1,0,1,20303224,all,2484.0
Zone1,0,1,20303225,all,2704.8
Zone1,0,1,20303226,all,2760.0
Zone1,0,1,20303227,all,2732.4
Zone1,0,1,20303228,all,2677.2
Zone1,0,1,20303229,all,2622.0
Zone1,0,1,20303230,all,2566.8
Zone1,0,1,20303231,all,2539.2
Zone1,0,1,20303232,all,2566.8
Zone1,0,1,20303233,all,2622.0
Zone1,0,1,20303234,all,2760.0
Zone1,0,1,20303235,all,2815.2
Zone1,0,1,20303236,all,2842.8
Zone1,0,1,20303237,all,2787.6
Zone1,0,1,20303238,all,2649.6
Zone1,0,1,20303239,all,2428.8
Zone1,0,1,20303240,all,2208.0
Zone1,0,1,20303241,all,2070.0
Zone1,0,1,20303242,all,1987.2
Zone1,0,1,20303243,all,1932.0
Zone1,0,1,20303244,all,1876.8
Zone1,0,1,20303245,all,1904.4
Zone1,0,1,20303246,all,1987.2
Zone1,0,1,20303247,all,2208.0
Zone1,0,1,20303248,all,2484.0
Zone1,0,1,20303249,all,2704.8
Zone1,0,1,20303250,all,2760.0
Zone1,0,1,20303251,all,2732.4
Zone1,0,1,20303252,all,2677.2
Zone1,0,1,20303253,all,2622.0
Zone1,0,1,20303254,all,2566.8
Zone1,0,1,20303255,all,2539.2
Zone1,0,1,20303256,all,2566.8
Zone1,0,1,20303257,all,2622.0
Zone1,0,1,20303258,all,2760.0
Zone1,0,1,20303259,all,2815.2
Zone1,0,1,20303260,all,2842.8
Zone1,0,1,20303261,all,2787.6
Zone1,0,1,20303262,all,2649.6
Zone1,0,1,20303263,all,2428.8
Zone1,0,1,20303264,all,2208.0
Zone1,0,1,20303265,all,2070.0
Zone1,0,1,20303266,all,1987.2
Zone1,0,1,20303267,all,1932.0
Zone1,0,1,20303268,all,1876.8
Zone1,0,1,20303269,all,1904.4
Zone1,0,1,20303270,all,1987.2
Zone1,0,1,20303271,all,2208.0
Zone1,0,1,20303272,all,2484.0
Zone1,0,1,20303273,all,2704.8
Zone1,0,1,20303274,all,2760.0
Zone1,0,1,20303275,all,2732.4
Zone1,0,1,20303276,all,2677.2
Zone1,0,1,20303277,all,2622.0
Zone1,0,1,20303278,all,2566.8
Zone1,0,1,20303279,all,2539.2
Zone1,0,1,20303280,all,2566.8
Zone1,0,1,20303281,all,2622.0
Zone1,0,1,20303282,all,2760.0
Zone1,0,1,20303283,all,2815.2
Zone1,0,1,20303284,all,2842.8
Zone1,0,1,20303285,all,2787.6
Zone1,0,1,20303286,all,2649.6
Zone1,0,1,20303287,all,2428.8
Zone1,0,1,20303288,all,2208.0
Zone1,0,1,20303289,all,2070.0
Zone1,0,1,20303290,all,1987.2
Zone1,0,1,20303291,all,1932.0
Zone1,0,1,20303292,all,1876.8
Zone1,0,1,20303293,all,1904.4
Zone1,0,1,20303294,all,1987.2
Zone1,0,1,20303295,all,2208.0
Zone1,0,1,20303296,all,2484.0
Zone1,0,1,20303297,all,2704.8
Zone1,0,1,20303298,all,2760.0
Zone1,0,1,20303299,all,2732.4
Zone1,0,1,20303300,all,2677.2
Zone1,0,1,20303301,all,2622.0
Zone1,0,1,20303302,all,2566.8
Zone1,0,1,20303303,all,2539.2
Zone1,0,1,20303304,all,2566.8
Zone1,0,1,20303305,all,2622.0
Zone1,0,1,20303306,all,2760.0
Zone1,0,1,20303307,all,2815.2
Zone1,0,1,20303308,all,2842.8
Zone1,0,1,20303309,all,2787.6
Zone1,0,1,20303310,all,2649.6
Zone1,0,1,20303311,all,2428.8
Zone1,0,1,20303312,all,2208.0
Zone1,0,1,20303313,all,2070.0
Zone1,0,1,20303314,all,1987.2
Zone1,0,1,20303315,all,1932.0
Zone1,0,1,20303316,all,1876.8
Zone1,0,1,20303317,all,1904.4
Zone1,0,1,20303318,all,1987.2
Zone1,0,1,20303319,all,2208.0
Zone1,0,1,20303320,all,2484.0
Zone1,0,1,20303321,all,2704.8
Zone1,0,1,20303322,all,2760.0
Zone1,0,1,20303323,all,2732.4
Zone1,0,1,20303324,all,2677.2
Zone1,0,1,20303325,all,2622.0
Zone1,0,1,20303326,all,2566.8
Zone1,0,1,20303327,all,2539.2
Zone1,0,1,20303328,all,2566.8
Zone1,0,1,20303329,all,2622.0
Zone1,0,1,20303330,all,2760.0
Zone1,0,1,20303331,all,2815.2
Zone1,0,1,20303332,all,2842.8
Zone1,0,1,20303333,all,2787.6
Zone1,0,1,20303334,all,2649.6
Zone1,0,1,20303335,all,2428.8
Zone1,0,1,20303336,all,2208.0
Zone1,0,1,20303337,all,2070.0
Zone1,0,1,20303338,all,1987.2
Zone1,0,1,20303339,all,1932.0
Zone1,0,1,20303340,all,1876.8
Zone1,0,1,20303341,all,1904.4
Zone1,0,1,20303342,all,1987.2
Zone1,0,1,20303343,all,2208.0
Zone1,0,1,20303344,all,2484.0
Zone1,0,1,20303345,all,2704.8
Zone1,0,1,20303346,all,2760.0
Zone1,0,1,20303347,all,2732.4
Zone1,0,1,20303348,all,2677.2
Zone1,0,1,20303349,all,2622.0
Zone1,0,1,20303350,all,2566.8
Zone1,0,1,20303351,all,2539.2
Zone1,0,1,20303352,all,2566.8
Zone1,0,1,20303353,all,2622.0
Zone1,0,1,20303354,all,2760.0
Zone1,0,1,20303355,all,2815.2
Zone1,0,1,20303356,all,2842.8
Zone1,0,1,20303357,all,2787.6
Zone1,0,1,20303358,all,2649.6
Zone1,0,1,20303359,all,2428.8
Zone1,0,1,20303360,all,2208.0
Zone1,0,1,20303361,all,2070.0
Zone1,0,1,20303362,all,1987.2
Zone1,0,1,20303363,all,1932.0
Zone1,0,1,20303364,all,1876.8
Zone1,0,1,20303365,all,1904.4
Zone1,0,1,20303366,all,1987.2
Zone1,0,1,20303367,all,2208.0
Zone1,0,1,20303368,all,2484.0
Zone1,0,1,20303369,all,2704.8
Zone1,0,1,20303370,all,2760.0
Zone1,0,1,20303371,all,2732.4
Zone1,0,1,20303372,all,2677.2
Zone1,0,1,20303373,all,2622.0
Zone1,0,1,20303374,all,2566.8
Zone1,0,1,20303375,all,2539.2
Zone1,0,1,20303376,all,2566.8
Zone1,0,1,20303377,all,2622.0
Zone1,0,1,20303378,all,2760.0
Zone1,0,1,20303379,all,2815.2
Zone1,0,1,20303380,all,2842.8
Zone1,0,1,20303381,all,2787.6
Zone1,0,1,20303382,all,2649.6
Zone1,0,1,20303383,all,2428.8
Zone1,0,1,20303384,all,2208.0
Zone1,0,1,20303385,all,2070.0
Zone1,0,1,20303386,all,1987.2
Zone1,0,1,20303387,all,1932.0
Zone1,0,1,20303388,all,1876.8
Zone1,0,1,20303389,all,1904.4
Zone1,0,1,20303390,all,1987.2
Zone1,0,1,20303391,all,2208.0
Zone1,0,1,20303392,all,2484.0
Zone1,0,1,20303393,all,2704.8
Zone1,0,1,20303394,all,2760.0
Zone1,0,1,20303395,all,2732.4
Zone1,0,1,20303396,all,2677.2
Zone1,0,1,20303397,all,2622.0
Zone1,0,1,20303398,all,2566.8
Zone1,0,1,20303399,all,2539.2
Zone1,0,1,20303400,all,2566.8
Zone1,0,1,20303401,all,2622.0
Zone1,0,1,20303402,all,2760.0
Zone1,0,1,20303403,all,2815.2
Zone1,0,1,20303404,all,2842.8
Zone1,0,1,20303405,all,2787.6
Zone1,0,1,20303406,all,2649.6
Zone1,0,1,20303407,all,2428.8
Zone1,0,1,20303408,all,2208.0
Zone1,0,1,20303409,all,2070.0
Zone1,0,1,20303410,all,1987.2
Zone1,0,1,20303411,all,1932.0
Zone1,0,1,20303412,all,1876.8
Zone1,0,1,20303413,all,1904.4
Zone1,0,1,20303414,all,1987.2
Zone1,0,1,20303415,all,2208.0
Zone1,0,1,20303416,all,2484.0
Zone1,0,1,20303417,all,2704.8
Zone1,0,1,20303418,all,2760.0
Zone1,0,1,20303419,all,2732.4
Zone1,0,1,20303420,all,2677.2
Zone1,0,1,20303421,all,2622.0
Zone1,0,1,20303422,all,2566.8
Zone1,0,1,20303423,all,2539.2
Zone1,0,1,20303424,all,2566.8
Zone1,0,1,20303425,all,2622.0
Zone1,0,1,20303426,all,2760.0
Zone1,0,1,20303427,all,2815.2
Zone1,0,1,20303428,all,2842.8
Zone1,0,1,20303429,all,2787.6
Zone1,0,1,20303430,all,2649.6
Zone1,0,1,20303431,all,2428.8
Zone1,0,1,20303432,all,2208.0
Zone1,0,1,20303433,all,2070.0
Zone1,0,1,20303434,all,1987.2
Zone1,0,1,20303435,all,1932.0
Zone1,0,1,20303436,all,1876.8
Zone1,0,1,20303437,all,1904.4
Zone1,0,1,20303438,all,1987.2
Zone1,0,1,20303439,all,2208.0
Zone1,0,1,20303440,all,2484.0
Zone1,0,1,20303441,all,2704.8
Zone1,0,1,20303442,all,2760.0
Zone1,0,1,20303443,all,2732.4
Zone1,0,1,20303444,all,2677.2
Zone1,0,1,20303445,all,2622.0
Zone1,0,1,20303446,all,2566.8
Zone1,0,1,20303447,all,2539.2
Zone1,0,1,20303448,all,2566.8
Zone1,0,1,20303449,all,2622.0
Zone1,0,1,20303450,all,2760.0
Zone1,0,1,20303451,all,2815.2
Zone1,0,1,20303452,all,2842.8
Zone1,0,1,20303453,all,2787.6
Zone1,0,1,20303454,all,2649.6
Zone1,0,1,20303455,all,2428.8
Zone1,0,1,20303456,all,2208.0
Zone1,0,1,20303457,all,2070.0
Zone1,0,1,20303458,all,1987.2
Zone1,0,1,20303459,all,1932.0
Zone1,0,1,20303460,all,1876.8
Zone1,0,1,20303461,all,1904.4
Zone1,0,1,20303462,all,1987.2
Zone1,0,1,20303463,all,2208.0
Zone1,0,1,20303464,all,2484.0
Zone1,0,1,20303465,all,2704.8
Zone1,0,1,20303466,all,2760.0
Zone1,0,1,20303467,all,2732.4
Zone1,0,1,20303468,all,2677.2
Zone1,0,1,20303469,all,2622.0
Zone1,0,1,20303470,all,2566.8
Zone1,0,1,20303471,all,2539.2
Zone1,0,1,20303472,all,2566.8
Zone1,0,1,20303473,all,2622.0
Zone1,0,1,20303474,all,2760.0
Zone1,0,1,20303475,all,2815.2
Zone1,0,1,20303476,all,2842.8
Zone1,0,1,20303477,all,2787.6
Zone1,0,1,20303478,all,2649.6
Zone1,0,1,20303479,all,2428.8
Zone1,0,1,20303480,all,2208.0
Zone1,0,1,20303481,all,2070.0
Zone1,0,1,20303482,all,1987.2
Zone1,0,1,20303483,all,1932.0
Zone1,0,1,20303484,all,1876.8
Zone1,0,1,20303485,all,1904.4
Zone1,0,1,20303486,all,1987.2
Zone1,0,1,20303487,all,2208.0
Zone1,0,1,20303488,all,2484.0
Zone1,0,1,20303489,all,2704.8
Zone1,0,1,20303490,all,2760.0
Zone1,0,1,20303491,all,2732.4
Zone1,0,1,20303492,all,2677.2
Zone1,0,1,20303493,all,2622.0
Zone1,0,1,20303494,all,2566.8
Zone1,0,1,20303495,all,2539.2
Zone1,0,1,20303496,all,2566.8
Zone1,0,1,20303497,all,2622.0
Zone1,0,1,20303498,all,2760.0
Zone1,0,1,20303499,all,2815.2
Zone1,0,1,20303500,all,2842.8
Zone1,0,1,20303501,all,2787.6
Zone1,0,1,20303502,all,2649.6
Zone1,0,1,20303503,all,2428.8
Zone1,0,1,20303504,all,2208.0
Zone1,0,1,20303505,all,2070.0
Zone1,0,1,20303506,all,1987.2
Zone1,0,1,20303507,all,1932.0
Zone1,0,1,20303508,all,1876.8
Zone1,0,1,20303509,all,1904.4
Zone1,0,1,20303510,all,1987.2
Zone1,0,1,20303511,all,2208.0
Zone1,0,1,20303512,all,2484.0
Zone1,0,1,20303513,all,2704.8
Zone1,0,1,20303514,all,2760.0
Zone1,0,1,20303515,all,2732.4
Zone1,0,1,20303516,all,2677.2
Zone1,0,1,20303517,all,2622.0
Zone1,0,1,20303518,all,2566.8
Zone1,0,1,20303519,all,2539.2
Zone1,0,1,20303520,all,2566.8
Zone1,0,1,20303521,all,2622.0
Zone1,0,1,20303522,all,2760.0
Zone1,0,1,20303523,all,2815.2
Zone1,0,1,20303524,all,2842.8
Zone1,0,1,20303525,all,2787.6
Zone1,0,1,20303526,all,2649.6
Zone1,0,1,20303527,all,2428.8
Zone1,0,1,20303528,all,2208.0
Zone1,0,1,20303529,all,2070.0
Zone1,0,1,20303530,all,1987.2
Zone1,0,1,20303531,all,1932.0
Zone1,0,1,20303532,all,1876.8
Zone1,0,1,20303533,all,1904.4
Zone1,0,1,20303534,all,1987.2
Zone1,0,1,20303535,all,2208.0
Zone1,0,1,20303536,all,2484.0
Zone1,0,1,20303537,all,2704.8
Zone1,0,1,20303538,all,2760.0
Zone1,0,1,20303539,all,2732.4
Zone1,0,1,20303540,all,2677.2
Zone1,0,1,20303541,all,2622.0
Zone1,0,1,20303542,all,2566.8
Zone1,0,1,20303543,all,2539.2
Zone1,0,1,20303544,all,2566.8
Zone1,0,1,20303545,all,2622.0
Zone1,0,1,20303546,all,2760.0
Zone1,0,1,20303547,all,2815.2
Zone1,0,1,20303548,all,2842.8
Zone1,0,1,20303549,all,2787.6
Zone1,0,1,20303550,all,2649.6
Zone1,0,1,20303551,all,2428.8
Zone1,0,1,20303552,all,2208.0
Zone1,0,1,20303553,all,2070.0
Zone1,0,1,20303554,all,1987.2
Zone1,0,1,20303555,all,1932.0
Zone1,0,1,20303556,all,1876.8
Zone1,0,1,20303557,all,1904.4
Zone1,0,1,20303558,all,1987.2
Zone1,0,1,20303559,all,2208.0
Zone1,0,1,20303560,all,2484.0
Zone1,0,1,20303561,all,2704.8
Zone1,0,1,20303562,all,2760.0
Zone1,0,1,20303563,all,2732.4
Zone1,0,1,20303564,all,2677.2
Zone1,0,1,20303565,all,2622.0
Zone1,0,1,20303566,all,2566.8
Zone1,0,1,20303567,all,2539.2
Zone1,0,1,20303568,all,2566.8
Zone1,0,1,20303569,all,2622.0
Zone1,0,1,20303570,all,2760.0
Zone1,0,1,20303571,all,2815.2
Zone1,0,1,20303572,all,2842.8
Zone1,0,1,20303573,all,2787.6
Zone1,0,1,20303574,all,2649.6
Zone1,0,1,20303575,all,2428.8
Zone1,0,1,20303576,all,2208.0
Zone1,0,1,20303577,all,2070.0
Zone1,0,1,20303578,all,1987.2
Zone1,0,1,20303579,all,1932.0
Zone1,0,1,20303580,all,1876.8
Zone1,0,1,20303581,all,1904.4
Zone1,0,1,20303582,all,1987.2
Zone1,0,1,20303583,all,2208.0
Zone1,0,1,20303584,all,2484.0
Zone1,0,1,20303585,all,2704.8
Zone1,0,1,20303586,all,2760.0
Zone1,0,1,20303587,all,2732.4
Zone1,0,1,20303588,all,2677.2
Zone1,0,1,20303589,all,2622.0
Zone1,0,1,20303590,all,2566.8
Zone1,0,1,20303591,all,2539.2
Zone1,0,1,20303592,all,2566.8
Zone1,0,1,20303593,all,2622.0
Zone1,0,1,20303594,all,2760.0
Zone1,0,1,20303595,all,2815.2
Zone1,0,1,20303596,all,2842.8
Zone1,0,1,20303597,all,2787.6
Zone1,0,1,20303598,all,2649.6
Zone1,0,1,20303599,all,2428.8
Zone1,0,1,20303600,all,2208.0
Zone1,0,1,20303601,all,2070.0
Zone1,0,1,20303602,all,1987.2
Zone1,0,1,20303603,all,1932.0
Zone1,0,1,20303604,all,1876.8
Zone1,0,1,20303605,all,1904.4
Zone1,0,1,20303606,all,1987.2
Zone1,0,1,20303607,all,2208.0
Zone1,0,1,20303608,all,2484.0
Zone1,0,1,20303609,all,2704.8
Zone1,0,1,20303610,all,2760.0
Zone1,0,1,20303611,all,2732.4
Zone1,0,1,20303612,all,2677.2
Zone1,0,1,20303613,all,2622.0
Zone1,0,1,20303614,all,2566.8
Zone1,0,1,20303615,all,2539.2
Zone1,0,1,20303616,all,2566.8
Zone1,0,1,20303617,all,2622.0
Zone1,0,1,20303618,all,2760.0
Zone1,0,1,20303619,all,2815.2
Zone1,0,1,20303620,all,2842.8
Zone1,0,1,20303621,all,2787.6
Zone1,0,1,20303622,all,2649.6
Zone1,0,1,20303623,all,2428.8
Zone1,0,1,20303624,all,2208.0
Zone1,0,1,20303625,all,2430.0
Zone1,0,1,20303626,all,2332.8
Zone1,0,1,20303627,all,2268.0
Zone1,0,1,20303628,all,2203.2
Zone1,0,1,20303629,all,2235.6
Zone1,0,1,20303630,all,2332.8
Zone1,0,1,20303631,all,2592.0
Zone1,0,1,20303632,all,2916.0
Zone1,0,1,20303633,all,3175.2
Zone1,0,1,20303634,all,3240.0
Zone1,0,1,20303635,all,3207.6
Zone1,0,1,20303636,all,3142.8
Zone1,0,1,20303637,all,3078.0
Zone1,0,1,20303638,all,3013.2
Zone1,0,1,20303639,all,2980.8
Zone1,0,1,20303640,all,3013.2
Zone1,0,1,20303641,all,3078.0
Zone1,0,1,20303642,all,3240.0
Zone1,0,1,20303643,all,3304.8
Zone1,0,1,20303644,all,3337.2
Zone1,0,1,20303645,all,3272.4
Zone1,0,1,20303646,all,3110.4
Zone1,0,1,20303647,all,2851.2
Zone1,0,1,20303648,all,2592.0
Zone1,0,1,20303649,all,2430.0
Zone1,0,1,20303650,all,2332.8
Zone1,0,1,20303651,all,2268.0
Zone1,0,1,20303652,all,2203.2
Zone1,0,1,20303653,all,2235.6
Zone1,0,1,20303654,all,2332.8
Zone1,0,1,20303655,all,2592.0
Zone1,0,1,20303656,all,2916.0
Zone1,0,1,20303657,all,3175.2
Zone1,0,1,20303658,all,3240.0
Zone1,0,1,20303659,all,3207.6
Zone1,0,1,20303660,all,3142.8
Zone1,0,1,20303661,all,3078.0
Zone1,0,1,20303662,all,3013.2
Zone1,0,1,20303663,all,2980.8
Zone1,0,1,20303664,all,3013.2
Zone1,0,1,20303665,all,3078.0
Zone1,0,1,20303666,all,3240.0
Zone1,0,1,20303667,all,3304.8
Zone1,0,1,20303668,all,3337.2
Zone1,0,1,20303669,all,3272.4
Zone1,0,1,20303670,all,3110.4
Zone1,0,1,20303671,all,2851.2
Zone1,0,1,20303672,all,2592.0
Zone1,0,1,20303673,all,2430.0
Zone1,0,1,20303674,all,2332.8
Zone1,0,1,20303675,all,2268.0
Zone1,0,1,20303676,all,2203.2
Zone1,0,1,20303677,all,2235.6
Zone1,0,1,20303678,all,2332.8
Zone1,0,1,20303679,all,2592.0
Zone1,0,1,20303680,all,2916.0
Zone1,0,1,20303681,all,3175.2
Zone1,0,1,20303682,all,3240.0
Zone1,0,1,20303683,all,3207.6
Zone1,0,1,20303684,all,3142.8
Zone1,0,1,20303685,all,3078.0
Zone1,0,1,20303686,all,3013.2
Zone1,0,1,20303687,all,2980.8
Zone1,0,1,20303688,all,3013.2
Zone1,0,1,20303689,all,3078.0
Zone1,0,1,20303690,all,3240.0
Zone1,0,1,20303691,all,3304.8
Zone1,0,1,20303692,all,3337.2
Zone1,0,1,20303693,all,3272.4
Zone1,0,1,20303694,all,3110.4
Zone1,0,1,20303695,all,2851.2
Zone1,0,1,20303696,all,2592.0
Zone1,0,1,20303697,all,2430.0
Zone1,0,1,20303698,all,2332.8
Zone1,0,1,20303699,all,2268.0
Zone1,0,1,20303700,all,2203.2
Zone1,0,1,20303701,all,2235.6
Zone1,0,1,20303702,all,2332.8
Zone1,0,1,20303703,all,2592.0
Zone1,0,1,20303704,all,2916.0
Zone1,0,1,20303705,all,3175.2
Zone1,0,1,20303706,all,3240.0
Zone1,0,1,20303707,all,3207.6
Zone1,0,1,20303708,all,3142.8
Zone1,0,1,20303709,all,3078.0
Zone1,0,1,20303710,all,3013.2
Zone1,0,1,20303711,all,2980.8
Zone1,0,1,20303712,all,3013.2
Zone1,0,1,20303713,all,3078.0
Zone1,0,1,20303714,all,3240.0
Zone1,0,1,20303715,all,3304.8
Zone1,0,1,20303716,all,3337.2
Zone1,0,1,20303717,all,3272.4
Zone1,0,1,20303718,all,3110.4
Zone1,0,1,20303719,all,2851.2
Zone1,0,1,20303720,all,2592.0
Zone1,0,1,20303721,all,2430.0
Zone1,0,1,20303722,all,2332.8
Zone1,0,1,20303723,all,2268.0
Zone1,0,1,20303724,all,2203.2
Zone1,0,1,20303725,all,2235.6
Zone1,0,1,20303726,all,2332.8
Zone1,0,1,20303727,all,2592.0
Zone1,0,1,20303728,all,2916.0
Zone1,0,1,20303729,all,3175.2
Zone1,0,1,20303730,all,3240.0
Zone1,0,1,20303731,all,3207.6
Zone1,0,1,20303732,all,3142.8
Zone1,0,1,20303733,all,3078.0
Zone1,0,1,20303734,all,3013.2
Zone1,0,1,20303735,all,2980.8
Zone1,0,1,20303736,all,3013.2
Zone1,0,1,20303737,all,3078.0
Zone1,0,1,20303738,all,3240.0
Zone1,0,1,20303739,all,3304.8
Zone1,0,1,20303740,all,3337.2
Zone1,0,1,20303741,all,3272.4
Zone1,0,1,20303742,all,3110.4
Zone1,0,1,20303743,all,2851.2
Zone1,0,1,20303744,all,2592.0
Zone1,0,1,20303745,all,2430.0
Zone1,0,1,20303746,all,2332.8
Zone1,0,1,20303747,all,2268.0
Zone1,0,1,20303748,all,2203.2
Zone1,0,1,20303749,all,2235.6
Zone1,0,1,20303750,all,2332.8
Zone1,0,1,20303751,all,2592.0
Zone1,0,1,20303752,all,2916.0
Zone1,0,1,20303753,all,3175.2
Zone1,0,1,20303754,all,3240.0
Zone1,0,1,20303755,all,3207.6
Zone1,0,1,20303756,all,3142.8
Zone1,0,1,20303757,all,3078.0
Zone1,0,1,20303758,all,3013.2
Zone1,0,1,20303759,all,2980.8
Zone1,0,1,20303760,all,3013.2
Zone1,0,1,20303761,all,3078.0
Zone1,0,1,20303762,all,3240.0
Zone1,0,1,20303763,all,3304.8
Zone1,0,1,20303764,all,3337.2
Zone1,0,1,20303765,all,3272.4
Zone1,0,1,20303766,all,3110.4
Zone1,0,1,20303767,all,2851.2
Zone1,0,1,20303768,all,2592.0
Zone1,0,1,20303769,all,2430.0
Zone1,0,1,20303770,all,2332.8
Zone1,0,1,20303771,all,2268.0
Zone1,0,1,20303772,all,2203.2
Zone1,0,1,20303773,all,2235.6
Zone1,0,1,20303774,all,2332.8
Zone1,0,1,20303775,all,2592.0
Zone1,0,1,20303776,all,2916.0
Zone1,0,1,20303777,all,3175.2
Zone1,0,1,20303778,all,3240.0
Zone1,0,1,20303779,all,3207.6
Zone1,0,1,20303780,all,3142.8
Zone1,0,1,20303781,all,3078.0
Zone1,0,1,20303782,all,3013.2
Zone1,0,1,20303783,all,2980.8
Zone1,0,1,20303784,all,3013.2
Zone1,0,1,20303785,all,3078.0
Zone1,0,1,20303786,all,3240.0
Zone1,0,1,20303787,all,3304.8
Zone1,0,1,20303788,all,3337.2
Zone1,0,1,20303789,all,3272.4
Zone1,0,1,20303790,all,3110.4
Zone1,0,1,20303791,all,2851.2
Zone1,0,1,20303792,all,2592.0
Zone1,0,1,20303793,all,2430.0
Zone1,0,1,20303794,all,2332.8
Zone1,0,1,20303795,all,2268.0
Zone1,0,1,20303796,all,2203.2
Zone1,0,1,20303797,all,2235.6
Zone1,0,1,20303798,all,2332.8
Zone1,0,1,20303799,all,2592.0
Zone1,0,1,20303800,all,2916.0
Zone1,0,1,20303801,all,3175.2
Zone1,0,1,20303802,all,3240.0
Zone1,0,1,20303803,all,3207.6
Zone1,0,1,20303804,all,3142.8
Zone1,0,1,20303805,all,3078.0
Zone1,0,1,20303806,all,3013.2
Zone1,0,1,20303807,all,2980.8
Zone1,0,1,20303808,all,3013.2
Zone1,0,1,20303809,all,3078.0
Zone1,0,1,20303810,all,3240.0
Zone1,0,1,20303811,all,3304.8
Zone1,0,1,20303812,all,3337.2
Zone1,0,1,20303813,all,3272.4
Zone1,0,1,20303814,all,3110.4
Zone1,0,1,20303815,all,2851.2
Zone1,0,1,20303816,all,2592.0
Zone1,0,1,20303817,all,2430.0
Zone1,0,1,20303818,all,2332.8
Zone1,0,1,20303819,all,2268.0
Zone1,0,1,20303820,all,2203.2
Zone1,0,1,20303821,all,2235.6
Zone1,0,1,20303822,all,2332.8
Zone1,0,1,20303823,all,2592.0
Zone1,0,1,20303824,all,2916.0
Zone1,0,1,20303825,all,3175.2
Zone1,0,1,20303826,all,3240.0
Zone1,0,1,20303827,all,3207.6
Zone1,0,1,20303828,all,3142.8
Zone1,0,1,20303829,all,3078.0
Zone1,0,1,20303830,all,3013.2
Zone1,0,1,20303831,all,2980.8
Zone1,0,1,20303832,all,3013.2
Zone1,0,1,20303833,all,3078.0
Zone1,0,1,20303834,all,3240.0
Zone1,0,1,20303835,all,3304.8
Zone1,0,1,20303836,all,3337.2
Zone1,0,1,20303837,all,3272.4
Zone1,0,1,20303838,all,3110.4
Zone1,0,1,20303839,all,2851.2
Zone1,0,1,20303840,all,2592.0
Zone1,0,1,20303841,all,2430.0
Zone1,0,1,20303842,all,2332.8
Zone1,0,1,20303843,all,2268.0
Zone1,0,1,20303844,all,2203.2
Zone1,0,1,20303845,all,2235.6
Zone1,0,1,20303846,all,2332.8
Zone1,0,1,20303847,all,2592.0
Zone1,0,1,20303848,all,2916.0
Zone1,0,1,20303849,all,3175.2
Zone1,0,1,20303850,all,3240.0
Zone1,0,1,20303851,all,3207.6
Zone1,0,1,20303852,all,3142.8
Zone1,0,1,20303853,all,3078.0
Zone1,0,1,20303854,all,3013.2
Zone1,0,1,20303855,all,2980.8
Zone1,0,1,20303856,all,3013.2
Zone1,0,1,20303857,all,3078.0
Zone1,0,1,20303858,all,3240.0
Zone1,0,1,20303859,all,3304.8
Zone1,0,1,20303860,all,3337.2
Zone1,0,1,20303861,all,3272.4
Zone1,0,1,20303862,all,3110.4
Zone1,0,1,20303863,all,2851.2
Zone1,0,1,20303864,all,2592.0
Zone1,0,1,20303865,all,2430.0
Zone1,0,1,20303866,all,2332.8
Zone1,0,1,20303867,all,2268.0
Zone1,0,1,20303868,all,2203.2
Zone1,0,1,20303869,all,2235.6
Zone1,0,1,20303870,all,2332.8
Zone1,0,1,20303871,all,2592.0
Zone1,0,1,20303872,all,2916.0
Zone1,0,1,20303873,all,3175.2
Zone1,0,1,20303874,all,3240.0
Zone1,0,1,20303875,all,3207.6
Zone1,0,1,20303876,all,3142.8
Zone1,0,1,20303877,all,3078.0
Zone1,0,1,20303878,all,3013.2
Zone1,0,1,20303879,all,2980.8
Zone1,0,1,20303880,all,3013.2
Zone1,0,1,20303881,all,3078.0
Zone1,0,1,20303882,all,3240.0
Zone1,0,1,20303883,all,3304.8
Zone1,0,1,20303884,all,3337.2
Zone1,0,1,20303885,all,3272.4
Zone1,0,1,20303886,all,3110.4
Zone1,0,1,20303887,all,2851.2
Zone1,0,1,20303888,all,2592.0
Zone1,0,1,20303889,all,2430.0
Zone1,0,1,20303890,all,2332.8
Zone1,0,1,20303891,all,2268.0
Zone1,0,1,20303892,all,2203.2
Zone1,0,1,20303893,all,2235.6
Zone1,0,1,20303894,all,2332.8
Zone1,0,1,20303895,all,2592.0
Zone1,0,1,20303896,all,2916.0
Zone1,0,1,20303897,all,3175.2
Zone1,0,1,20303898,all,3240.0
Zone1,0,1,20303899,all,3207.6
Zone1,0,1,20303900,all,3142.8
Zone1,0,1,20303901,all,3078.0
Zone1,0,1,20303902,all,3013.2
Zone1,0,1,20303903,all,2980.8
Zone1,0,1,20303904,all,3013.2
Zone1,0,1,20303905,all,3078.0
Zone1,0,1,20303906,all,3240.0
Zone1,0,1,20303907,all,3304.8
Zone1,0,1,20303908,all,3337.2
Zone1,0,1,20303909,all,3272.4
Zone1,0,1,20303910,all,3110.4
Zone1,0,1,20303911,all,2851.2
Zone1,0,1,20303912,all,2592.0
Zone1,0,1,20303913,all,2430.0
Zone1,0,1,20303914,all,2332.8
Zone1,0,1,20303915,all,2268.0
Zone1,0,1,20303916,all,2203.2
Zone1,0,1,20303917,all,2235.6
Zone1,0,1,20303918,all,2332.8
Zone1,0,1,20303919,all,2592.0
Zone1,0,1,20303920,all,2916.0
Zone1,0,1,20303921,all,3175.2
Zone1,0,1,20303922,all,3240.0
Zone1,0,1,20303923,all,3207.6
Zone1,0,1,20303924,all,3142.8
Zone1,0,1,20303925,all,3078.0
Zone1,0,1,20303926,all,3013.2
Zone1,0,1,20303927,all,2980.8
Zone1,0,1,20303928,all,3013.2
Zone1,0,1,20303929,all,3078.0
Zone1,0,1,20303930,all,3240.0
Zone1,0,1,20303931,all,3304.8
Zone1,0,1,20303932,all,3337.2
Zone1,0,1,20303933,all,3272.4
Zone1,0,1,20303934,all,3110.4
Zone1,0,1,20303935,all,2851.2
Zone1,0,1,20303936,all,2592.0
Zone1,0,1,20303937,all,2430.0
Zone1,0,1,20303938,all,2332.8
Zone1,0,1,20303939,all,2268.0
Zone1,0,1,20303940,all,2203.2
Zone1,0,1,20303941,all,2235.6
Zone1,0,1,20303942,all,2332.8
Zone1,0,1,20303943,all,2592.0
Zone1,0,1,20303944,all,2916.0
Zone1,0,1,20303945,all,3175.2
Zone1,0,1,20303946,all,3240.0
Zone1,0,1,20303947,all,3207.6
Zone1,0,1,20303948,all,3142.8
Zone1,0,1,20303949,all,3078.0
Zone1,0,1,20303950,all,3013.2
Zone1,0,1,20303951,all,2980.8
Zone1,0,1,20303952,all,3013.2
Zone1,0,1,20303953,all,3078.0
Zone1,0,1,20303954,all,3240.0
Zone1,0,1,20303955,all,3304.8
Zone1,0,1,20303956,all,3337.2
Zone1,0,1,20303957,all,3272.4
Zone1,0,1,20303958,all,3110.4
Zone1,0,1,20303959,all,2851.2
Zone1,0,1,20303960,all,2592.0
Zone1,0,1,20303961,all,2430.0
Zone1,0,1,20303962,all,2332.8
Zone1,0,1,20303963,all,2268.0
Zone1,0,1,20303964,all,2203.2
Zone1,0,1,20303965,all,2235.6
Zone1,0,1,20303966,all,2332.8
Zone1,0,1,20303967,all,2592.0
Zone1,0,1,20303968,all,2916.0
Zone1,0,1,20303969,all,3175.2
Zone1,0,1,20303970,all,3240.0
Zone1,0,1,20303971,all,3207.6
Zone1,0,1,20303972,all,3142.8
Zone1,0,1,20303973,all,3078.0
Zone1,0,1,20303974,all,3013.2
Zone1,0,1,20303975,all,2980.8
Zone1,0,1,20303976,all,3013.2
Zone1,0,1,20303977,all,3078.0
Zone1,0,1,20303978,all,3240.0
Zone1,0,1,20303979,all,3304.8
Zone1,0,1,20303980,all,3337.2
Zone1,0,1,20303981,all,3272.4
Zone1,0,1,20303982,all,3110.4
Zone1,0,1,20303983,all,2851.2
Zone1,0,1,20303984,all,2592.0
Zone1,0,1,20303985,all,2430.0
Zone1,0,1,20303986,all,2332.8
Zone1,0,1,20303987,all,2268.0
Zone1,0,1,20303988,all,2203.2
Zone1,0,1,20303989,all,2235.6
Zone1,0,1,20303990,all,2332.8
Zone1,0,1,20303991,all,2592.0
Zone1,0,1,20303992,all,2916.0
Zone1,0,1,20303993,all,3175.2
Zone1,0,1,20303994,all,3240.0
Zone1,0,1,20303995,all,3207.6
Zone1,0,1,20303996,all,3142.8
Zone1,0,1,20303997,all,3078.0
Zone1,0,1,20303998,all,3013.2
Zone1,0,1,20303999,all,2980.8
Zone1,0,1,20304000,all,3013.2
Zone1,0,1,20304001,all,3078.0
Zone1,0,1,20304002,all,3240.0
Zone1,0,1,20304003,all,3304.8
Zone1,0,1,20304004,all,3337.2
Zone1,0,1,20304005,all,3272.4
Zone1,0,1,20304006,all,3110.4
Zone1,0,1,20304007,all,2851.2
Zone1,0,1,20304008,all,2592.0
Zone1,0,1,20304009,all,2430.0
Zone1,0,1,20304010,all,2332.8
Zone1,0,1,20304011,all,2268.0
Zone1,0,1,20304012,all,2203.2
Zone1,0,1,20304013,all,2235.6
Zone1,0,1,20304014,all,2332.8
Zone1,0,1,20304015,all,2592.0
Zone1,0,1,20304016,all,2916.0
Zone1,0,1,20304017,all,3175.2
Zone1,0,1,20304018,all,3240.0
Zone1,0,1,20304019,all,3207.6
Zone1,0,1,20304020,all,3142.8
Zone1,0,1,20304021,all,3078.0
Zone1,0,1,20304022,all,3013.2
Zone1,0,1,20304023,all,2980.8
Zone1,0,1,20304024,all,3013.2
Zone1,0,1,20304025,all,3078.0
Zone1,0,1,20304026,all,3240.0
Zone1,0,1,20304027,all,3304.8
Zone1,0,1,20304028,all,3337.2
Zone1,0,1,20304029,all,3272.4
Zone1,0,1,20304030,all,3110.4
Zone1,0,1,20304031,all,2851.2
Zone1,0,1,20304032,all,2592.0
Zone1,0,1,20304033,all,2430.0
Zone1,0,1,20304034,all,2332.8
Zone1,0,1,20304035,all,2268.0
Zone1,0,1,20304036,all,2203.2
Zone1,0,1,20304037,all,2235.6
Zone1,0,1,20304038,all,2332.8
Zone1,0,1,20304039,all,2592.0
Zone1,0,1,20304040,all,2916.0
Zone1,0,1,20304041,all,3175.2
Zone1,0,1,20304042,all,3240.0
Zone1,0,1,20304043,all,3207.6
Zone1,0,1,20304044,all,3142.8
Zone1,0,1,20304045,all,3078.0
Zone1,0,1,20304046,all,3013.2
Zone1,0,1,20304047,all,2980.8
Zone1,0,1,20304048,all,3013.2
Zone1,0,1,20304049,all,3078.0
Zone1,0,1,20304050,all,3240.0
Zone1,0,1,20304051,all,3304.8
Zone1,0,1,20304052,all,3337.2
Zone1,0,1,20304053,all,3272.4
Zone1,0,1,20304054,all,3110.4
Zone1,0,1,20304055,all,2851.2
Zone1,0,1,20304056,all,2592.0
Zone1,0,1,20304057,all,2430.0
Zone1,0,1,20304058,all,2332.8
Zone1,0,1,20304059,all,2268.0
Zone1,0,1,20304060,all,2203.2
Zone1,0,1,20304061,all,2235.6
Zone1,0,1,20304062,all,2332.8
Zone1,0,1,20304063,all,2592.0
Zone1,0,1,20304064,all,2916.0
Zone1,0,1,20304065,all,3175.2
Zone1,0,1,20304066,all,3240.0
Zone1,0,1,20304067,all,3207.6
Zone1,0,1,20304068,all,3142.8
Zone1,0,1,20304069,all,3078.0
Zone1,0,1,20304070,all,3013.2
Zone1,0,1,20304071,all,2980.8
Zone1,0,1,20304072,all,3013.2
Zone1,0,1,20304073,all,3078.0
Zone1,0,1,20304074,all,3240.0
Zone1,0,1,20304075,all,3304.8
Zone1,0,1,20304076,all,3337.2
Zone1,0,1,20304077,all,3272.4
Zone1,0,1,20304078,all,3110.4
Zone1,0,1,20304079,all,2851.2
Zone1,0,1,20304080,all,2592.0
Zone1,0,1,20304081,all,2430.0
Zone1,0,1,20304082,all,2332.8
Zone1,0,1,20304083,all,2268.0
Zone1,0,1,20304084,all,2203.2
Zone1,0,1,20304085,all,2235.6
Zone1,0,1,20304086,all,2332.8
Zone1,0,1,20304087,all,2592.0
Zone1,0,1,20304088,all,2916.0
Zone1,0,1,20304089,all,3175.2
Zone1,0,1,20304090,all,3240.0
Zone1,0,1,20304091,all,3207.6
Zone1,0,1,20304092,all,3142.8
Zone1,0,1,20304093,all,3078.0
Zone1,0,1,20304094,all,3013.2
Zone1,0,1,20304095,all,2980.8
Zone1,0,1,20304096,all,3013.2
Zone1,0,1,20304097,all,3078.0
Zone1,0,1,20304098,all,3240.0
Zone1,0,1,20304099,all,3304.8
Zone1,0,1,20304100,all,3337.2
Zone1,0,1,20304101,all,3272.4
Zone1,0,1,20304102,all,3110.4
Zone1,0,1,20304103,all,2851.2
Zone1,0,1,20304104,all,2592.0
Zone1,0,1,20304105,all,2430.0
Zone1,0,1,20304106,all,2332.8
Zone1,0,1,20304107,all,2268.0
Zone1,0,1,20304108,all,2203.2
Zone1,0,1,20304109,all,2235.6
Zone1,0,1,20304110,all,2332.8
Zone1,0,1,20304111,all,2592.0
Zone1,0,1,20304112,all,2916.0
Zone1,0,1,20304113,all,3175.2
Zone1,0,1,20304114,all,3240.0
Zone1,0,1,20304115,all,3207.6
Zone1,0,1,20304116,all,3142.8
Zone1,0,1,20304117,all,3078.0
Zone1,0,1,20304118,all,3013.2
Zone1,0,1,20304119,all,2980.8
Zone1,0,1,20304120,all,3013.2
Zone1,0,1,20304121,all,3078.0
Zone1,0,1,20304122,all,3240.0
Zone1,0,1,20304123,all,3304.8
Zone1,0,1,20304124,all,3337.2
Zone1,0,1,20304125,all,3272.4
Zone1,0,1,20304126,all,3110.4
Zone1,0,1,20304127,all,2851.2
Zone1,0,1,20304128,all,2592.0
Zone1,0,1,20304129,all,2430.0
Zone1,0,1,20304130,all,2332.8
Zone1,0,1,20304131,all,2268.0
Zone1,0,1,20304132,all,2203.2
Zone1,0,1,20304133,all,2235.6
Zone1,0,1,20304134,all,2332.8
Zone1,0,1,20304135,all,2592.0
Zone1,0,1,20304136,all,2916.0
Zone1,0,1,20304137,all,3175.2
Zone1,0,1,20304138,all,3240.0
Zone1,0,1,20304139,all,3207.6
Zone1,0,1,20304140,all,3142.8
Zone1,0,1,20304141,all,3078.0
Zone1,0,1,20304142,all,3013.2
Zone1,0,1,20304143,all,2980.8
Zone1,0,1,20304144,all,3013.2
Zone1,0,1,20304145,all,3078.0
Zone1,0,1,20304146,all,3240.0
Zone1,0,1,20304147,all,3304.8
Zone1,0,1,20304148,all,3337.2
Zone1,0,1,20304149,all,3272.4
Zone1,0,1,20304150,all,3110.4
Zone1,0,1,20304151,all,2851.2
Zone1,0,1,20304152,all,2592.0
Zone1,0,1,20304153,all,2430.0
Zone1,0,1,20304154,all,2332.8
Zone1,0,1,20304155,all,2268.0
Zone1,0,1,20304156,all,2203.2
Zone1,0,1,20304157,all,2235.6
Zone1,0,1,20304158,all,2332.8
Zone1,0,1,20304159,all,2592.0
Zone1,0,1,20304160,all,2916.0
Zone1,0,1,20304161,all,3175.2
Zone1,0,1,20304162,all,3240.0
Zone1,0,1,20304163,all,3207.6
Zone1,0,1,20304164,all,3142.8
Zone1,0,1,20304165,all,3078.0
Zone1,0,1,20304166,all,3013.2
Zone1,0,1,20304167,all,2980.8
Zone1,0,1,20304168,all,3013.2
Zone1,0,1,20304169,all,3078.0
Zone1,0,1,20304170,all,3240.0
Zone1,0,1,20304171,all,3304.8
Zone1,0,1,20304172,all,3337.2
Zone1,0,1,20304173,all,3272.4
Zone1,0,1,20304174,all,3110.4
Zone1,0,1,20304175,all,2851.2
Zone1,0,1,20304176,all,2592.0
Zone1,0,1,20304177,all,2430.0
Zone1,0,1,20304178,all,2332.8
Zone1,0,1,20304179,all,2268.0
Zone1,0,1,20304180,all,2203.2
Zone1,0,1,20304181,all,2235.6
Zone1,0,1,20304182,all,2332.8
Zone1,0,1,20304183,all,2592.0
Zone1,0,1,20304184,all,2916.0
Zone1,0,1,20304185,all,3175.2
Zone1,0,1,20304186,all,3240.0
Zone1,0,1,20304187,all,3207.6
Zone1,0,1,20304188,all,3142.8
Zone1,0,1,20304189,all,3078.0
Zone1,0,1,20304190,all,3013.2
Zone1,0,1,20304191,all,2980.8
Zone1,0,1,20304192,all,3013.2
Zone1,0,1,20304193,all,3078.0
Zone1,0,1,20304194,all,3240.0
Zone1,0,1,20304195,all,3304.8
Zone1,0,1,20304196,all,3337.2
Zone1,0,1,20304197,all,3272.4
Zone1,0,1,20304198,all,3110.4
Zone1,0,1,20304199,all,2851.2
Zone1,0,1,20304200,all,2592.0
Zone1,0,1,20304201,all,2430.0
Zone1,0,1,20304202,all,2332.8
Zone1,0,1,20304203,all,2268.0
Zone1,0,1,20304204,all,2203.2
Zone1,0,1,20304205,all,2235.6
Zone1,0,1,20304206,all,2332.8
Zone1,0,1,20304207,all,2592.0
Zone1,0,1,20304208,all,2916.0
Zone1,0,1,20304209,all,3175.2
Zone1,0,1,20304210,all,3240.0
Zone1,0,1,20304211,all,3207.6
Zone1,0,1,20304212,all,3142.8
Zone1,0,1,20304213,all,3078.0
Zone1,0,1,20304214,all,3013.2
Zone1,0,1,20304215,all,2980.8
Zone1,0,1,20304216,all,3013.2
Zone1,0,1,20304217,all,3078.0
Zone1,0,1,20304218,all,3240.0
Zone1,0,1,20304219,all,3304.8
Zone1,0,1,20304220,all,3337.2
Zone1,0,1,20304221,all,3272.4
Zone1,0,1,20304222,all,3110.4
Zone1,0,1,20304223,all,2851.2
Zone1,0,1,20304224,all,2592.0
Zone1,0,1,20304225,all,2430.0
Zone1,0,1,20304226,all,2332.8
Zone1,0,1,20304227,all,2268.0
Zone1,0,1,20304228,all,2203.2
Zone1,0,1,20304229,all,2235.6
Zone1,0,1,20304230,all,2332.8
Zone1,0,1,20304231,all,2592.0
Zone1,0,1,20304232,all,2916.0
Zone1,0,1,20304233,all,3175.2
Zone1,0,1,20304234,all,3240.0
Zone1,0,1,20304235,all,3207.6
Zone1,0,1,20304236,all,3142.8
Zone1,0,1,20304237,all,3078.0
Zone1,0,1,20304238,all,3013.2
Zone1,0,1,20304239,all,2980.8
Zone1,0,1,20304240,all,3013.2
Zone1,0,1,20304241,all,3078.0
Zone1,0,1,20304242,all,3240.0
Zone1,0,1,20304243,all,3304.8
Zone1,0,1,20304244,all,3337.2
Zone1,0,1,20304245,all,3272.4
Zone1,0,1,20304246,all,3110.4
Zone1,0,1,20304247,all,2851.2
Zone1,0,1,20304248,all,2592.0
Zone1,0,1,20304249,all,2430.0
Zone1,0,1,20304250,all,2332.8
Zone1,0,1,20304251,all,2268.0
Zone1,0,1,20304252,all,2203.2
Zone1,0,1,20304253,all,2235.6
Zone1,0,1,20304254,all,2332.8
Zone1,0,1,20304255,all,2592.0
Zone1,0,1,20304256,all,2916.0
Zone1,0,1,20304257,all,3175.2
Zone1,0,1,20304258,all,3240.0
Zone1,0,1,20304259,all,3207.6
Zone1,0,1,20304260,all,3142.8
Zone1,0,1,20304261,all,3078.0
Zone1,0,1,20304262,all,3013.2
Zone1,0,1,20304263,all,2980.8
Zone1,0,1,20304264,all,3013.2
Zone1,0,1,20304265,all,3078.0
Zone1,0,1,20304266,all,3240.0
Zone1,0,1,20304267,all,3304.8
Zone1,0,1,20304268,all,3337.2
Zone1,0,1,20304269,all,3272.4
Zone1,0,1,20304270,all,3110.4
Zone1,0,1,20304271,all,2851.2
Zone1,0,1,20304272,all,2592.0
Zone1,0,1,20304273,all,2430.0
Zone1,0,1,20304274,all,2332.8
Zone1,0,1,20304275,all,2268.0
Zone1,0,1,20304276,all,2203.2
Zone1,0,1,20304277,all,2235.6
Zone1,0,1,20304278,all,2332.8
Zone1,0,1,20304279,all,2592.0
Zone1,0,1,20304280,all,2916.0
Zone1,0,1,20304281,all,3175.2
Zone1,0,1,20304282,all,3240.0
Zone1,0,1,20304283,all,3207.6
Zone1,0,1,20304284,all,3142.8
Zone1,0,1,20304285,all,3078.0
Zone1,0,1,20304286,all,3013.2
Zone1,0,1,20304287,all,2980.8
Zone1,0,1,20304288,all,3013.2
Zone1,0,1,20304289,all,3078.0
Zone1,0,1,20304290,all,3240.0
Zone1,0,1,20304291,all,3304.8
Zone1,0,1,20304292,all,3337.2
Zone1,0,1,20304293,all,3272.4
Zone1,0,1,20304294,all,3110.4
Zone1,0,1,20304295,all,2851.2
Zone1,0,1,20304296,all,2592.0
Zone1,0,1,20304297,all,2430.0
Zone1,0,1,20304298,all,2332.8
Zone1,0,1,20304299,all,2268.0
Zone1,0,1,20304300,all,2203.2
Zone1,0,1,20304301,all,2235.6
Zone1,0,1,20304302,all,2332.8
Zone1,0,1,20304303,all,2592.0
Zone1,0,1,20304304,all,2916.0
Zone1,0,1,20304305,all,3175.2
Zone1,0,1,20304306,all,3240.0
Zone1,0,1,20304307,all,3207.6
Zone1,0,1,20304308,all,3142.8
Zone1,0,1,20304309,all,3078.0
Zone1,0,1,20304310,all,3013.2
Zone1,0,1,20304311,all,2980.8
Zone1,0,1,20304312,all,3013.2
Zone1,0,1,20304313,all,3078.0
Zone1,0,1,20304314,all,3240.0
Zone1,0,1,20304315,all,3304.8
Zone1,0,1,20304316,all,3337.2
Zone1,0,1,20304317,all,3272.4
Zone1,0,1,20304318,all,3110.4
Zone1,0,1,20304319,all,2851.2
Zone1,0,1,20304320,all,2592.0
Zone1,0,1,20304321,all,2430.0
Zone1,0,1,20304322,all,2332.8
Zone1,0,1,20304323,all,2268.0
Zone1,0,1,20304324,all,2203.2
Zone1,0,1,20304325,all,2235.6
Zone1,0,1,20304326,all,2332.8
Zone1,0,1,20304327,all,2592.0
Zone1,0,1,20304328,all,2916.0
Zone1,0,1,20304329,all,3175.2
Zone1,0,1,20304330,all,3240.0
Zone1,0,1,20304331,all,3207.6
Zone1,0,1,20304332,all,3142.8
Zone1,0,1,20304333,all,3078.0
Zone1,0,1,20304334,all,3013.2
Zone1,0,1,20304335,all,2980.8
Zone1,0,1,20304336,all,3013.2
Zone1,0,1,20304337,all,3078.0
Zone1,0,1,20304338,all,3240.0
Zone1,0,1,20304339,all,3304.8
Zone1,0,1,20304340,all,3337.2
Zone1,0,1,20304341,all,3272.4
Zone1,0,1,20304342,all,3110.4
Zone1,0,1,20304343,all,2851.2
Zone1,0,1,20304344,all,2592.0
Zone1,0,1,20304345,all,2700.0
Zone1,0,1,20304346,all,2592.0
Zone1,0,1,20304347,all,2520.0
Zone1,0,1,20304348,all,2448.0
Zone1,0,1,20304349,all,2484.0
Zone1,0,1,20304350,all,2592.0
Zone1,0,1,20304351,all,2880.0
Zone1,0,1,20304352,all,3240.0
Zone1,0,1,20304353,all,3528.0
Zone1,0,1,20304354,all,3600.0
Zone1,0,1,20304355,all,3564.0
Zone1,0,1,20304356,all,3492.0
Zone1,0,1,20304357,all,3420.0
Zone1,0,1,20304358,all,3348.0
Zone1,0,1,20304359,all,3312.0
Zone1,0,1,20304360,all,3348.0
Zone1,0,1,20304361,all,3420.0
Zone1,0,1,20304362,all,3600.0
Zone1,0,1,20304363,all,3672.0
Zone1,0,1,20304364,all,3708.0
Zone1,0,1,20304365,all,3636.0
Zone1,0,1,20304366,all,3456.0
Zone1,0,1,20304367,all,3168.0
Zone1,0,1,20304368,all,2880.0
Zone1,0,1,20304369,all,2700.0
Zone1,0,1,20304370,all,2592.0
Zone1,0,1,20304371,all,2520.0
Zone1,0,1,20304372,all,2448.0
Zone1,0,1,20304373,all,2484.0
Zone1,0,1,20304374,all,2592.0
Zone1,0,1,20304375,all,2880.0
Zone1,0,1,20304376,all,3240.0
Zone1,0,1,20304377,all,3528.0
Zone1,0,1,20304378,all,3600.0
Zone1,0,1,20304379,all,3564.0
Zone1,0,1,20304380,all,3492.0
Zone1,0,1,20304381,all,3420.0
Zone1,0,1,20304382,all,3348.0
Zone1,0,1,20304383,all,3312.0
Zone1,0,1,20304384,all,3348.0
Zone1,0,1,20304385,all,3420.0
Zone1,0,1,20304386,all,3600.0
Zone1,0,1,20304387,all,3672.0
Zone1,0,1,20304388,all,3708.0
Zone1,0,1,20304389,all,3636.0
Zone1,0,1,20304390,all,3456.0
Zone1,0,1,20304391,all,3168.0
Zone1,0,1,20304392,all,2880.0
Zone1,0,1,20304393,all,2700.0
Zone1,0,1,20304394,all,2592.0
Zone1,0,1,20304395,all,2520.0
Zone1,0,1,20304396,all,2448.0
Zone1,0,1,20304397,all,2484.0
Zone1,0,1,20304398,all,2592.0
Zone1,0,1,20304399,all,2880.0
Zone1,0,1,20304400,all,3240.0
Zone1,0,1,20304401,all,3528.0
Zone1,0,1,20304402,all,3600.0
Zone1,0,1,20304403,all,3564.0
Zone1,0,1,20304404,all,3492.0
Zone1,0,1,20304405,all,3420.0
Zone1,0,1,20304406,all,3348.0
Zone1,0,1,20304407,all,3312.0
Zone1,0,1,20304408,all,3348.0
Zone1,0,1,20304409,all,3420.0
Zone1,0,1,20304410,all,3600.0
Zone1,0,1,20304411,all,3672.0
Zone1,0,1,20304412,all,3708.0
Zone1,0,1,20304413,all,3636.0
Zone1,0,1,20304414,all,3456.0
Zone1,0,1,20304415,all,3168.0
Zone1,0,1,20304416,all,2880.0
Zone1,0,1,20304417,all,2700.0
Zone1,0,1,20304418,all,2592.0
Zone1,0,1,20304419,all,2520.0
Zone1,0,1,20304420,all,2448.0
Zone1,0,1,20304421,all,2484.0
Zone1,0,1,20304422,all,2592.0
Zone1,0,1,20304423,all,2880.0
Zone1,0,1,20304424,all,3240.0
Zone1,0,1,20304425,all,3528.0
Zone1,0,1,20304426,all,3600.0
Zone1,0,1,20304427,all,3564.0
Zone1,0,1,20304428,all,3492.0
Zone1,0,1,20304429,all,3420.0
Zone1,0,1,20304430,all,3348.0
Zone1,0,1,20304431,all,3312.0
Zone1,0,1,20304432,all,3348.0
Zone1,0,1,20304433,all,3420.0
Zone1,0,1,20304434,all,3600.0
Zone1,0,1,20304435,all,3672.0
Zone1,0,1,20304436,all,3708.0
Zone1,0,1,20304437,all,3636.0
Zone1,0,1,20304438,all,3456.0
Zone1,0,1,20304439,all,3168.0
Zone1,0,1,20304440,all,2880.0
Zone1,0,1,20304441,all,2700.0
Zone1,0,1,20304442,all,2592.0
Zone1,0,1,20304443,all,2520.0
Zone1,0,1,20304444,all,2448.0
Zone1,0,1,20304445,all,2484.0
Zone1,0,1,20304446,all,2592.0
Zone1,0,1,20304447,all,2880.0
Zone1,0,1,20304448,all,3240.0
Zone1,0,1,20304449,all,3528.0
Zone1,0,1,20304450,all,3600.0
Zone1,0,1,20304451,all,3564.0
Zone1,0,1,20304452,all,3492.0
Zone1,0,1,20304453,all,3420.0
Zone1,0,1,20304454,all,3348.0
Zone1,0,1,20304455,all,3312.0
Zone1,0,1,20304456,all,3348.0
Zone1,0,1,20304457,all,3420.0
Zone1,0,1,20304458,all,3600.0
Zone1,0,1,20304459,all,3672.0
Zone1,0,1,20304460,all,3708.0
Zone1,0,1,20304461,all,3636.0
Zone1,0,1,20304462,all,3456.0
Zone1,0,1,20304463,all,3168.0
Zone1,0,1,20304464,all,2880.0
Zone1,0,1,20304465,all,2700.0
Zone1,0,1,20304466,all,2592.0
Zone1,0,1,20304467,all,2520.0
Zone1,0,1,20304468,all,2448.0
Zone1,0,1,20304469,all,2484.0
Zone1,0,1,20304470,all,2592.0
Zone1,0,1,20304471,all,2880.0
Zone1,0,1,20304472,all,3240.0
Zone1,0,1,20304473,all,3528.0
Zone1,0,1,20304474,all,3600.0
Zone1,0,1,20304475,all,3564.0
Zone1,0,1,20304476,all,3492.0
Zone1,0,1,20304477,all,3420.0
Zone1,0,1,20304478,all,3348.0
Zone1,0,1,20304479,all,3312.0
Zone1,0,1,20304480,all,3348.0
Zone1,0,1,20304481,all,3420.0
Zone1,0,1,20304482,all,3600.0
Zone1,0,1,20304483,all,3672.0
Zone1,0,1,20304484,all,3708.0
Zone1,0,1,20304485,all,3636.0
Zone1,0,1,20304486,all,3456.0
Zone1,0,1,20304487,all,3168.0
Zone1,0,1,20304488,all,2880.0
Zone1,0,1,20304489,all,2700.0
Zone1,0,1,20304490,all,2592.0
Zone1,0,1,20304491,all,2520.0
Zone1,0,1,20304492,all,2448.0
Zone1,0,1,20304493,all,2484.0
Zone1,0,1,20304494,all,2592.0
Zone1,0,1,20304495,all,2880.0
Zone1,0,1,20304496,all,3240.0
Zone1,0,1,20304497,all,3528.0
Zone1,0,1,20304498,all,3600.0
Zone1,0,1,20304499,all,3564.0
Zone1,0,1,20304500,all,3492.0
Zone1,0,1,20304501,all,3420.0
Zone1,0,1,20304502,all,3348.0
Zone1,0,1,20304503,all,3312.0
Zone1,0,1,20304504,all,3348.0
Zone1,0,1,20304505,all,3420.0
Zone1,0,1,20304506,all,3600.0
Zone1,0,1,20304507,all,3672.0
Zone1,0,1,20304508,all,3708.0
Zone1,0,1,20304509,all,3636.0
Zone1,0,1,20304510,all,3456.0
Zone1,0,1,20304511,all,3168.0
Zone1,0,1,20304512,all,2880.0
Zone1,0,1,20304513,all,2700.0
Zone1,0,1,20304514,all,2592.0
Zone1,0,1,20304515,all,2520.0
Zone1,0,1,20304516,all,2448.0
Zone1,0,1,20304517,all,2484.0
Zone1,0,1,20304518,all,2592.0
Zone1,0,1,20304519,all,2880.0
Zone1,0,1,20304520,all,3240.0
Zone1,0,1,20304521,all,3528.0
Zone1,0,1,20304522,all,3600.0
Zone1,0,1,20304523,all,3564.0
Zone1,0,1,20304524,all,3492.0
Zone1,0,1,20304525,all,3420.0
Zone1,0,1,20304526,all,3348.0
Zone1,0,1,20304527,all,3312.0
Zone1,0,1,20304528,all,3348.0
Zone1,0,1,20304529,all,3420.0
Zone1,0,1,20304530,all,3600.0
Zone1,0,1,20304531,all,3672.0
Zone1,0,1,20304532,all,3708.0
Zone1,0,1,20304533,all,3636.0
Zone1,0,1,20304534,all,3456.0
Zone1,0,1,20304535,all,3168.0
Zone1,0,1,20304536,all,2880.0
Zone1,0,1,20304537,all,2700.0
Zone1,0,1,20304538,all,2592.0
Zone1,0,1,20304539,all,2520.0
Zone1,0,1,20304540,all,2448.0
Zone1,0,1,20304541,all,2484.0
Zone1,0,1,20304542,all,2592.0
Zone1,0,1,20304543,all,2880.0
Zone1,0,1,20304544,all,3240.0
Zone1,0,1,20304545,all,3528.0
Zone1,0,1,20304546,all,3600.0
Zone1,0,1,20304547,all,3564.0
Zone1,0,1,20304548,all,3492.0
Zone1,0,1,20304549,all,3420.0
Zone1,0,1,20304550,all,3348.0
Zone1,0,1,20304551,all,3312.0
Zone1,0,1,20304552,all,3348.0
Zone1,0,1,20304553,all,3420.0
Zone1,0,1,20304554,all,3600.0
Zone1,0,1,20304555,all,3672.0
Zone1,0,1,20304556,all,3708.0
Zone1,0,1,20304557,all,3636.0
Zone1,0,1,20304558,all,3456.0
Zone1,0,1,20304559,all,3168.0
Zone1,0,1,20304560,all,2880.0
Zone1,0,1,20304561,all,2700.0
Zone1,0,1,20304562,all,2592.0
Zone1,0,1,20304563,all,2520.0
Zone1,0,1,20304564,all,2448.0
Zone1,0,1,20304565,all,2484.0
Zone1,0,1,20304566,all,2592.0
Zone1,0,1,20304567,all,2880.0
Zone1,0,1,20304568,all,3240.0
Zone1,0,1,20304569,all,3528.0
Zone1,0,1,20304570,all,3600.0
Zone1,0,1,20304571,all,3564.0
Zone1,0,1,20304572,all,3492.0
Zone1,0,1,20304573,all,3420.0
Zone1,0,1,20304574,all,3348.0
Zone1,0,1,20304575,all,3312.0
Zone1,0,1,20304576,all,3348.0
Zone1,0,1,20304577,all,3420.0
Zone1,0,1,20304578,all,3600.0
Zone1,0,1,20304579,all,3672.0
Zone1,0,1,20304580,all,3708.0
Zone1,0,1,20304581,all,3636.0
Zone1,0,1,20304582,all,3456.0
Zone1,0,1,20304583,all,3168.0
Zone1,0,1,20304584,all,2880.0
Zone1,0,1,20304585,all,2700.0
Zone1,0,1,20304586,all,2592.0
Zone1,0,1,20304587,all,2520.0
Zone1,0,1,20304588,all,2448.0
Zone1,0,1,20304589,all,2484.0
Zone1,0,1,20304590,all,2592.0
Zone1,0,1,20304591,all,2880.0
Zone1,0,1,20304592,all,3240.0
Zone1,0,1,20304593,all,3528.0
Zone1,0,1,20304594,all,3600.0
Zone1,0,1,20304595,all,3564.0
Zone1,0,1,20304596,all,3492.0
Zone1,0,1,20304597,all,3420.0
Zone1,0,1,20304598,all,3348.0
Zone1,0,1,20304599,all,3312.0
Zone1,0,1,20304600,all,3348.0
Zone1,0,1,20304601,all,3420.0
Zone1,0,1,20304602,all,3600.0
Zone1,0,1,20304603,all,3672.0
Zone1,0,1,20304604,all,3708.0
Zone1,0,1,20304605,all,3636.0
Zone1,0,1,20304606,all,3456.0
Zone1,0,1,20304607,all,3168.0
Zone1,0,1,20304608,all,2880.0
Zone1,0,1,20304609,all,2700.0
Zone1,0,1,20304610,all,2592.0
Zone1,0,1,20304611,all,2520.0
Zone1,0,1,20304612,all,2448.0
Zone1,0,1,20304613,all,2484.0
Zone1,0,1,20304614,all,2592.0
Zone1,0,1,20304615,all,2880.0
Zone1,0,1,20304616,all,3240.0
Zone1,0,1,20304617,all,3528.0
Zone1,0,1,20304618,all,3600.0
Zone1,0,1,20304619,all,3564.0
Zone1,0,1,20304620,all,3492.0
Zone1,0,1,20304621,all,3420.0
Zone1,0,1,20304622,all,3348.0
Zone1,0,1,20304623,all,3312.0
Zone1,0,1,20304624,all,3348.0
Zone1,0,1,20304625,all,3420.0
Zone1,0,1,20304626,all,3600.0
Zone1,0,1,20304627,all,3672.0
Zone1,0,1,20304628,all,3708.0
Zone1,0,1,20304629,all,3636.0
Zone1,0,1,20304630,all,3456.0
Zone1,0,1,20304631,all,3168.0
Zone1,0,1,20304632,all,2880.0
Zone1,0,1,20304633,all,2700.0
Zone1,0,1,20304634,all,2592.0
Zone1,0,1,20304635,all,2520.0
Zone1,0,1,20304636,all,2448.0
Zone1,0,1,20304637,all,2484.0
Zone1,0,1,20304638,all,2592.0
Zone1,0,1,20304639,all,2880.0
Zone1,0,1,20304640,all,3240.0
Zone1,0,1,20304641,all,3528.0
Zone1,0,1,20304642,all,3600.0
Zone1,0,1,20304643,all,3564.0
Zone1,0,1,20304644,all,3492.0
Zone1,0,1,20304645,all,3420.0
Zone1,0,1,20304646,all,3348.0
Zone1,0,1,20304647,all,3312.0
Zone1,0,1,20304648,all,3348.0
Zone1,0,1,20304649,all,3420.0
Zone1,0,1,20304650,all,3600.0
Zone1,0,1,20304651,all,3672.0
Zone1,0,1,20304652,all,3708.0
Zone1,0,1,20304653,all,3636.0
Zone1,0,1,20304654,all,3456.0
Zone1,0,1,20304655,all,3168.0
Zone1,0,1,20304656,all,2880.0
Zone1,0,1,20304657,all,2700.0
Zone1,0,1,20304658,all,2592.0
Zone1,0,1,20304659,all,2520.0
Zone1,0,1,20304660,all,2448.0
Zone1,0,1,20304661,all,2484.0
Zone1,0,1,20304662,all,2592.0
Zone1,0,1,20304663,all,2880.0
Zone1,0,1,20304664,all,3240.0
Zone1,0,1,20304665,all,3528.0
Zone1,0,1,20304666,all,3600.0
Zone1,0,1,20304667,all,3564.0
Zone1,0,1,20304668,all,3492.0
Zone1,0,1,20304669,all,3420.0
Zone1,0,1,20304670,all,3348.0
Zone1,0,1,20304671,all,3312.0
Zone1,0,1,20304672,all,3348.0
Zone1,0,1,20304673,all,3420.0
Zone1,0,1,20304674,all,3600.0
Zone1,0,1,20304675,all,3672.0
Zone1,0,1,20304676,all,3708.0
Zone1,0,1,20304677,all,3636.0
Zone1,0,1,20304678,all,3456.0
Zone1,0,1,20304679,all,3168.0
Zone1,0,1,20304680,all,2880.0
Zone1,0,1,20304681,all,2700.0
Zone1,0,1,20304682,all,2592.0
Zone1,0,1,20304683,all,2520.0
Zone1,0,1,20304684,all,2448.0
Zone1,0,1,20304685,all,2484.0
Zone1,0,1,20304686,all,2592.0
Zone1,0,1,20304687,all,2880.0
Zone1,0,1,20304688,all,3240.0
Zone1,0,1,20304689,all,3528.0
Zone1,0,1,20304690,all,3600.0
Zone1,0,1,20304691,all,3564.0
Zone1,0,1,20304692,all,3492.0
Zone1,0,1,20304693,all,3420.0
Zone1,0,1,20304694,all,3348.0
Zone1,0,1,20304695,all,3312.0
Zone1,0,1,20304696,all,3348.0
Zone1,0,1,20304697,all,3420.0
Zone1,0,1,20304698,all,3600.0
Zone1,0,1,20304699,all,3672.0
Zone1,0,1,20304700,all,3708.0
Zone1,0,1,20304701,all,3636.0
Zone1,0,1,20304702,all,3456.0
Zone1,0,1,20304703,all,3168.0
Zone1,0,1,20304704,all,2880.0
Zone1,0,1,20304705,all,2700.0
Zone1,0,1,20304706,all,2592.0
Zone1,0,1,20304707,all,2520.0
Zone1,0,1,20304708,all,2448.0
Zone1,0,1,20304709,all,2484.0
Zone1,0,1,20304710,all,2592.0
Zone1,0,1,20304711,all,2880.0
Zone1,0,1,20304712,all,3240.0
Zone1,0,1,20304713,all,3528.0
Zone1,0,1,20304714,all,3600.0
Zone1,0,1,20304715,all,3564.0
Zone1,0,1,20304716,all,3492.0
Zone1,0,1,20304717,all,3420.0
Zone1,0,1,20304718,all,3348.0
Zone1,0,1,20304719,all,3312.0
Zone1,0,1,20304720,all,3348.0
Zone1,0,1,20304721,all,3420.0
Zone1,0,1,20304722,all,3600.0
Zone1,0,1,20304723,all,3672.0
Zone1,0,1,20304724,all,3708.0
Zone1,0,1,20304725,all,3636.0
Zone1,0,1,20304726,all,3456.0
Zone1,0,1,20304727,all,3168.0
Zone1,0,1,20304728,all,2880.0
Zone1,0,1,20304729,all,2700.0
Zone1,0,1,20304730,all,2592.0
Zone1,0,1,20304731,all,2520.0
Zone1,0,1,20304732,all,2448.0
Zone1,0,1,20304733,all,2484.0
Zone1,0,1,20304734,all,2592.0
Zone1,0,1,20304735,all,2880.0
Zone1,0,1,20304736,all,3240.0
Zone1,0,1,20304737,all,3528.0
Zone1,0,1,20304738,all,3600.0
Zone1,0,1,20304739,all,3564.0
Zone1,0,1,20304740,all,3492.0
Zone1,0,1,20304741,all,3420.0
Zone1,0,1,20304742,all,3348.0
Zone1,0,1,20304743,all,3312.0
Zone1,0,1,20304744,all,3348.0
Zone1,0,1,20304745,all,3420.0
Zone1,0,1,20304746,all,3600.0
Zone1,0,1,20304747,all,3672.0
Zone1,0,1,20304748,all,3708.0
Zone1,0,1,20304749,all,3636.0
Zone1,0,1,20304750,all,3456.0
Zone1,0,1,20304751,all,3168.0
Zone1,0,1,20304752,all,2880.0
Zone1,0,1,20304753,all,2700.0
Zone1,0,1,20304754,all,2592.0
Zone1,0,1,20304755,all,2520.0
Zone1,0,1,20304756,all,2448.0
Zone1,0,1,20304757,all,2484.0
Zone1,0,1,20304758,all,2592.0
Zone1,0,1,20304759,all,2880.0
Zone1,0,1,20304760,all,3240.0
Zone1,0,1,20304761,all,3528.0
Zone1,0,1,20304762,all,3600.0
Zone1,0,1,20304763,all,3564.0
Zone1,0,1,20304764,all,3492.0
Zone1,0,1,20304765,all,3420.0
Zone1,0,1,20304766,all,3348.0
Zone1,0,1,20304767,all,3312.0
Zone1,0,1,20304768,all,3348.0
Zone1,0,1,20304769,all,3420.0
Zone1,0,1,20304770,all,3600.0
Zone1,0,1,20304771,all,3672.0
Zone1,0,1,20304772,all,3708.0
Zone1,0,1,20304773,all,3636.0
Zone1,0,1,20304774,all,3456.0
Zone1,0,1,20304775,all,3168.0
Zone1,0,1,20304776,all,2880.0
Zone1,0,1,20304777,all,2700.0
Zone1,0,1,20304778,all,2592.0
Zone1,0,1,20304779,all,2520.0
Zone1,0,1,20304780,all,2448.0
Zone1,0,1,20304781,all,2484.0
Zone1,0,1,20304782,all,2592.0
Zone1,0,1,20304783,all,2880.0
Zone1,0,1,20304784,all,3240.0
Zone1,0,1,20304785,all,3528.0
Zone1,0,1,20304786,all,3600.0
Zone1,0,1,20304787,all,3564.0
Zone1,0,1,20304788,all,3492.0
Zone1,0,1,20304789,all,3420.0
Zone1,0,1,20304790,all,3348.0
Zone1,0,1,20304791,all,3312.0
Zone1,0,1,20304792,all,3348.0
Zone1,0,1,20304793,all,3420.0
Zone1,0,1,20304794,all,3600.0
Zone1,0,1,20304795,all,3672.0
Zone1,0,1,20304796,all,3708.0
Zone1,0,1,20304797,all,3636.0
Zone1,0,1,20304798,all,3456.0
Zone1,0,1,20304799,all,3168.0
Zone1,0,1,20304800,all,2880.0
Zone1,0,1,20304801,all,2700.0
Zone1,0,1,20304802,all,2592.0
Zone1,0,1,20304803,all,2520.0
Zone1,0,1,20304804,all,2448.0
Zone1,0,1,20304805,all,2484.0
Zone1,0,1,20304806,all,2592.0
Zone1,0,1,20304807,all,2880.0
Zone1,0,1,20304808,all,3240.0
Zone1,0,1,20304809,all,3528.0
Zone1,0,1,20304810,all,3600.0
Zone1,0,1,20304811,all,3564.0
Zone1,0,1,20304812,all,3492.0
Zone1,0,1,20304813,all,3420.0
Zone1,0,1,20304814,all,3348.0
Zone1,0,1,20304815,all,3312.0
Zone1,0,1,20304816,all,3348.0
Zone1,0,1,20304817,all,3420.0
Zone1,0,1,20304818,all,3600.0
Zone1,0,1,20304819,all,3672.0
Zone1,0,1,20304820,all,3708.0
Zone1,0,1,20304821,all,3636.0
Zone1,0,1,20304822,all,3456.0
Zone1,0,1,20304823,all,3168.0
Zone1,0,1,20304824,all,2880.0
Zone1,0,1,20304825,all,2700.0
Zone1,0,1,20304826,all,2592.0
Zone1,0,1,20304827,all,2520.0
Zone1,0,1,20304828,all,2448.0
Zone1,0,1,20304829,all,2484.0
Zone1,0,1,20304830,all,2592.0
Zone1,0,1,20304831,all,2880.0
Zone1,0,1,20304832,all,3240.0
Zone1,0,1,20304833,all,3528.0
Zone1,0,1,20304834,all,3600.0
Zone1,0,1,20304835,all,3564.0
Zone1,0,1,20304836,all,3492.0
Zone1,0,1,20304837,all,3420.0
Zone1,0,1,20304838,all,3348.0
Zone1,0,1,20304839,all,3312.0
Zone1,0,1,20304840,all,3348.0
Zone1,0,1,20304841,all,3420.0
Zone1,0,1,20304842,all,3600.0
Zone1,0,1,20304843,all,3672.0
Zone1,0,1,20304844,all,3708.0
Zone1,0,1,20304845,all,3636.0
Zone1,0,1,20304846,all,3456.0
Zone1,0,1,20304847,all,3168.0
Zone1,0,1,20304848,all,2880.0
Zone1,0,1,20304849,all,2700.0
Zone1,0,1,20304850,all,2592.0
Zone1,0,1,20304851,all,2520.0
Zone1,0,1,20304852,all,2448.0
Zone1,0,1,20304853,all,2484.0
Zone1,0,1,20304854,all,2592.0
Zone1,0,1,20304855,all,2880.0
Zone1,0,1,20304856,all,3240.0
Zone1,0,1,20304857,all,3528.0
Zone1,0,1,20304858,all,3600.0
Zone1,0,1,20304859,all,3564.0
Zone1,0,1,20304860,all,3492.0
Zone1,0,1,20304861,all,3420.0
Zone1,0,1,20304862,all,3348.0
Zone1,0,1,20304863,all,3312.0
Zone1,0,1,20304864,all,3348.0
Zone1,0,1,20304865,all,3420.0
Zone1,0,1,20304866,all,3600.0
Zone1,0,1,20304867,all,3672.0
Zone1,0,1,20304868,all,3708.0
Zone1,0,1,20304869,all,3636.0
Zone1,0,1,20304870,all,3456.0
Zone1,0,1,20304871,all,3168.0
Zone1,0,1,20304872,all,2880.0
Zone1,0,1,20304873,all,2700.0
Zone1,0,1,20304874,all,2592.0
Zone1,0,1,20304875,all,2520.0
Zone1,0,1,20304876,all,2448.0
Zone1,0,1,20304877,all,2484.0
Zone1,0,1,20304878,all,2592.0
Zone1,0,1,20304879,all,2880.0
Zone1,0,1,20304880,all,3240.0
Zone1,0,1,20304881,all,3528.0
Zone1,0,1,20304882,all,3600.0
Zone1,0,1,20304883,all,3564.0
Zone1,0,1,20304884,all,3492.0
Zone1,0,1,20304885,all,3420.0
Zone1,0,1,20304886,all,3348.0
Zone1,0,1,20304887,all,3312.0
Zone1,0,1,20304888,all,3348.0
Zone1,0,1,20304889,all,3420.0
Zone1,0,1,20304890,all,3600.0
Zone1,0,1,20304891,all,3672.0
Zone1,0,1,20304892,all,3708.0
Zone1,0,1,20304893,all,3636.0
Zone1,0,1,20304894,all,3456.0
Zone1,0,1,20304895,all,3168.0
Zone1,0,1,20304896,all,2880.0
Zone1,0,1,20304897,all,2700.0
Zone1,0,1,20304898,all,2592.0
Zone1,0,1,20304899,all,2520.0
Zone1,0,1,20304900,all,2448.0
Zone1,0,1,20304901,all,2484.0
Zone1,0,1,20304902,all,2592.0
Zone1,0,1,20304903,all,2880.0
Zone1,0,1,20304904,all,3240.0
Zone1,0,1,20304905,all,3528.0
Zone1,0,1,20304906,all,3600.0
Zone1,0,1,20304907,all,3564.0
Zone1,0,1,20304908,all,3492.0
Zone1,0,1,20304909,all,3420.0
Zone1,0,1,20304910,all,3348.0
Zone1,0,1,20304911,all,3312.0
Zone1,0,1,20304912,all,3348.0
Zone1,0,1,20304913,all,3420.0
Zone1,0,1,20304914,all,3600.0
Zone1,0,1,20304915,all,3672.0
Zone1,0,1,20304916,all,3708.0
Zone1,0,1,20304917,all,3636.0
Zone1,0,1,20304918,all,3456.0
Zone1,0,1,20304919,all,3168.0
Zone1,0,1,20304920,all,2880.0
Zone1,0,1,20304921,all,2700.0
Zone1,0,1,20304922,all,2592.0
Zone1,0,1,20304923,all,2520.0
Zone1,0,1,20304924,all,2448.0
Zone1,0,1,20304925,all,2484.0
Zone1,0,1,20304926,all,2592.0
Zone1,0,1,20304927,all,2880.0
Zone1,0,1,20304928,all,3240.0
Zone1,0,1,20304929,all,3528.0
Zone1,0,1,20304930,all,3600.0
Zone1,0,1,20304931,all,3564.0
Zone1,0,1,20304932,all,3492.0
Zone1,0,1,20304933,all,3420.0
Zone1,0,1,20304934,all,3348.0
Zone1,0,1,20304935,all,3312.0
Zone1,0,1,20304936,all,3348.0
Zone1,0,1,20304937,all,3420.0
Zone1,0,1,20304938,all,3600.0
Zone1,0,1,20304939,all,3672.0
Zone1,0,1,20304940,all,3708.0
Zone1,0,1,20304941,all,3636.0
Zone1,0,1,20304942,all,3456.0
Zone1,0,1,20304943,all,3168.0
Zone1,0,1,20304944,all,2880.0
Zone1,0,1,20304945,all,2700.0
Zone1,0,1,20304946,all,2592.0
Zone1,0,1,20304947,all,2520.0
Zone1,0,1,20304948,all,2448.0
Zone1,0,1,20304949,all,2484.0
Zone1,0,1,20304950,all,2592.0
Zone1,0,1,20304951,all,2880.0
Zone1,0,1,20304952,all,3240.0
Zone1,0,1,20304953,all,3528.0
Zone1,0,1,20304954,all,3600.0
Zone1,0,1,20304955,all,3564.0
Zone1,0,1,20304956,all,3492.0
Zone1,0,1,20304957,all,3420.0
Zone1,0,1,20304958,all,3348.0
Zone1,0,1,20304959,all,3312.0
Zone1,0,1,20304960,all,3348.0
Zone1,0,1,20304961,all,3420.0
Zone1,0,1,20304962,all,3600.0
Zone1,0,1,20304963,all,3672.0
Zone1,0,1,20304964,all,3708.0
Zone1,0,1,20304965,all,3636.0
Zone1,0,1,20304966,all,3456.0
Zone1,0,1,20304967,all,3168.0
Zone1,0,1,20304968,all,2880.0
Zone1,0,1,20304969,all,2700.0
Zone1,0,1,20304970,all,2592.0
Zone1,0,1,20304971,all,2520.0
Zone1,0,1,20304972,all,2448.0
Zone1,0,1,20304973,all,2484.0
Zone1,0,1,20304974,all,2592.0
Zone1,0,1,20304975,all,2880.0
Zone1,0,1,20304976,all,3240.0
Zone1,0,1,20304977,all,3528.0
Zone1,0,1,20304978,all,3600.0
Zone1,0,1,20304979,all,3564.0
Zone1,0,1,20304980,all,3492.0
Zone1,0,1,20304981,all,3420.0
Zone1,0,1,20304982,all,3348.0
Zone1,0,1,20304983,all,3312.0
Zone1,0,1,20304984,all,3348.0
Zone1,0,1,20304985,all,3420.0
Zone1,0,1,20304986,all,3600.0
Zone1,0,1,20304987,all,3672.0
Zone1,0,1,20304988,all,3708.0
Zone1,0,1,20304989,all,3636.0
Zone1,0,1,20304990,all,3456.0
Zone1,0,1,20304991,all,3168.0
Zone1,0,1,20304992,all,2880.0
Zone1,0,1,20304993,all,2700.0
Zone1,0,1,20304994,all,2592.0
Zone1,0,1,20304995,all,2520.0
Zone1,0,1,20304996,all,2448.0
Zone1,0,1,20304997,all,2484.0
Zone1,0,1,20304998,all,2592.0
Zone1,0,1,20304999,all,2880.0
Zone1,0,1,20305000,all,3240.0
Zone1,0,1,20305001,all,3528.0
Zone1,0,1,20305002,all,3600.0
Zone1,0,1,20305003,all,3564.0
Zone1,0,1,20305004,all,3492.0
Zone1,0,1,20305005,all,3420.0
Zone1,0,1,20305006,all,3348.0
Zone1,0,1,20305007,all,3312.0
Zone1,0,1,20305008,all,3348.0
Zone1,0,1,20305009,all,3420.0
Zone1,0,1,20305010,all,3600.0
Zone1,0,1,20305011,all,3672.0
Zone1,0,1,20305012,all,3708.0
Zone1,0,1,20305013,all,3636.0
Zone1,0,1,20305014,all,3456.0
Zone1,0,1,20305015,all,3168.0
Zone1,0,1,20305016,all,2880.0
Zone1,0,1,20305017,all,2700.0
Zone1,0,1,20305018,all,2592.0
Zone1,0,1,20305019,all,2520.0
Zone1,0,1,20305020,all,2448.0
Zone1,0,1,20305021,all,2484.0
Zone1,0,1,20305022,all,2592.0
Zone1,0,1,20305023,all,2880.0
Zone1,0,1,20305024,all,3240.0
Zone1,0,1,20305025,all,3528.0
Zone1,0,1,20305026,all,3600.0
Zone1,0,1,20305027,all,3564.0
Zone1,0,1,20305028,all,3492.0
Zone1,0,1,20305029,all,3420.0
Zone1,0,1,20305030,all,3348.0
Zone1,0,1,20305031,all,3312.0
Zone1,0,1,20305032,all,3348.0
Zone1,0,1,20305033,all,3420.0
Zone1,0,1,20305034,all,3600.0
Zone1,0,1,20305035,all,3672.0
Zone1,0,1,20305036,all,3708.0
Zone1,0,1,20305037,all,3636.0
Zone1,0,1,20305038,all,3456.0
Zone1,0,1,20305039,all,3168.0
Zone1,0,1,20305040,all,2880.0
Zone1,0,1,20305041,all,2700.0
Zone1,0,1,20305042,all,2592.0
Zone1,0,1,20305043,all,2520.0
Zone1,0,1,20305044,all,2448.0
Zone1,0,1,20305045,all,2484.0
Zone1,0,1,20305046,all,2592.0
Zone1,0,1,20305047,all,2880.0
Zone1,0,1,20305048,all,3240.0
Zone1,0,1,20305049,all,3528.0
Zone1,0,1,20305050,all,3600.0
Zone1,0,1,20305051,all,3564.0
Zone1,0,1,20305052,all,3492.0
Zone1,0,1,20305053,all,3420.0
Zone1,0,1,20305054,all,3348.0
Zone1,0,1,20305055,all,3312.0
Zone1,0,1,20305056,all,3348.0
Zone1,0,1,20305057,all,3420.0
Zone1,0,1,20305058,all,3600.0
Zone1,0,1,20305059,all,3672.0
Zone1,0,1,20305060,all,3708.0
Zone1,0,1,20305061,all,3636.0
Zone1,0,1,20305062,all,3456.0
Zone1,0,1,20305063,all,3168.0
Zone1,0,1,20305064,all,2880.0
Zone1,0,1,20305065,all,2700.0
Zone1,0,1,20305066,all,2592.0
Zone1,0,1,20305067,all,2520.0
Zone1,0,1,20305068,all,2448.0
Zone1,0,1,20305069,all,2484.0
Zone1,0,1,20305070,all,2592.0
Zone1,0,1,20305071,all,2880.0
Zone1,0,1,20305072,all,3240.0
Zone1,0,1,20305073,all,3528.0
Zone1,0,1,20305074,all,3600.0
Zone1,0,1,20305075,all,3564.0
Zone1,0,1,20305076,all,3492.0
Zone1,0,1,20305077,all,3420.0
Zone1,0,1,20305078,all,3348.0
Zone1,0,1,20305079,all,3312.0
Zone1,0,1,20305080,all,3348.0
Zone1,0,1,20305081,all,3420.0
Zone1,0,1,20305082,all,3600.0
Zone1,0,1,20305083,all,3672.0
Zone1,0,1,20305084,all,3708.0
Zone1,0,1,20305085,all,3636.0
Zone1,0,1,20305086,all,3456.0
Zone1,0,1,20305087,all,3168.0
Zone1,0,1,20305088,all,2880.0
Zone1,0,1,20305089,all,2655.0
Zone1,0,1,20305090,all,2548.8
Zone1,0,1,20305091,all,2478.0
Zone1,0,1,20305092,all,2407.2
Zone1,0,1,20305093,all,2442.6
Zone1,0,1,20305094,all,2548.8
Zone1,0,1,20305095,all,2832.0
Zone1,0,1,20305096,all,3186.0
Zone1,0,1,20305097,all,3469.2
Zone1,0,1,20305098,all,3540.0
Zone1,0,1,20305099,all,3504.6
Zone1,0,1,20305100,all,3433.8
Zone1,0,1,20305101,all,3363.0
Zone1,0,1,20305102,all,3292.2
Zone1,0,1,20305103,all,3256.8
Zone1,0,1,20305104,all,3292.2
Zone1,0,1,20305105,all,3363.0
Zone1,0,1,20305106,all,3540.0
Zone1,0,1,20305107,all,3610.8
Zone1,0,1,20305108,all,3646.2
Zone1,0,1,20305109,all,3575.4
Zone1,0,1,20305110,all,3398.4
Zone1,0,1,20305111,all,3115.2
Zone1,0,1,20305112,all,2832.0
Zone1,0,1,20305113,all,2655.0
Zone1,0,1,20305114,all,2548.8
Zone1,0,1,20305115,all,2478.0
Zone1,0,1,20305116,all,2407.2
Zone1,0,1,20305117,all,2442.6
Zone1,0,1,20305118,all,2548.8
Zone1,0,1,20305119,all,2832.0
Zone1,0,1,20305120,all,3186.0
Zone1,0,1,20305121,all,3469.2
Zone1,0,1,20305122,all,3540.0
Zone1,0,1,20305123,all,3504.6
Zone1,0,1,20305124,all,3433.8
Zone1,0,1,20305125,all,3363.0
Zone1,0,1,20305126,all,3292.2
Zone1,0,1,20305127,all,3256.8
Zone1,0,1,20305128,all,3292.2
Zone1,0,1,20305129,all,3363.0
Zone1,0,1,20305130,all,3540.0
Zone1,0,1,20305131,all,3610.8
Zone1,0,1,20305132,all,3646.2
Zone1,0,1,20305133,all,3575.4
Zone1,0,1,20305134,all,3398.4
Zone1,0,1,20305135,all,3115.2
Zone1,0,1,20305136,all,2832.0
Zone1,0,1,20305137,all,2655.0
Zone1,0,1,20305138,all,2548.8
Zone1,0,1,20305139,all,2478.0
Zone1,0,1,20305140,all,2407.2
Zone1,0,1,20305141,all,2442.6
Zone1,0,1,20305142,all,2548.8
Zone1,0,1,20305143,all,2832.0
Zone1,0,1,20305144,all,3186.0
Zone1,0,1,20305145,all,3469.2
Zone1,0,1,20305146,all,3540.0
Zone1,0,1,20305147,all,3504.6
Zone1,0,1,20305148,all,3433.8
Zone1,0,1,20305149,all,3363.0
Zone1,0,1,20305150,all,3292.2
Zone1,0,1,20305151,all,3256.8
Zone1,0,1,20305152,all,3292.2
Zone1,0,1,20305153,all,3363.0
Zone1,0,1,20305154,all,3540.0
Zone1,0,1,20305155,all,3610.8
Zone1,0,1,20305156,all,3646.2
Zone1,0,1,20305157,all,3575.4
Zone1,0,1,20305158,all,3398.4
Zone1,0,1,20305159,all,3115.2
Zone1,0,1,20305160,all,2832.0
Zone1,0,1,20305161,all,2655.0
Zone1,0,1,20305162,all,2548.8
Zone1,0,1,20305163,all,2478.0
Zone1,0,1,20305164,all,2407.2
Zone1,0,1,20305165,all,2442.6
Zone1,0,1,20305166,all,2548.8
Zone1,0,1,20305167,all,2832.0
Zone1,0,1,20305168,all,3186.0
Zone1,0,1,20305169,all,3469.2
Zone1,0,1,20305170,all,3540.0
Zone1,0,1,20305171,all,3504.6
Zone1,0,1,20305172,all,3433.8
Zone1,0,1,20305173,all,3363.0
Zone1,0,1,20305174,all,3292.2
Zone1,0,1,20305175,all,3256.8
Zone1,0,1,20305176,all,3292.2
Zone1,0,1,20305177,all,3363.0
Zone1,0,1,20305178,all,3540.0
Zone1,0,1,20305179,all,3610.8
Zone1,0,1,20305180,all,3646.2
Zone1,0,1,20305181,all,3575.4
Zone1,0,1,20305182,all,3398.4
Zone1,0,1,20305183,all,3115.2
Zone1,0,1,20305184,all,2832.0
Zone1,0,1,20305185,all,2655.0
Zone1,0,1,20305186,all,2548.8
Zone1,0,1,20305187,all,2478.0
Zone1,0,1,20305188,all,2407.2
Zone1,0,1,20305189,all,2442.6
Zone1,0,1,20305190,all,2548.8
Zone1,0,1,20305191,all,2832.0
Zone1,0,1,20305192,all,3186.0
Zone1,0,1,20305193,all,3469.2
Zone1,0,1,20305194,all,3540.0
Zone1,0,1,20305195,all,3504.6
Zone1,0,1,20305196,all,3433.8
Zone1,0,1,20305197,all,3363.0
Zone1,0,1,20305198,all,3292.2
Zone1,0,1,20305199,all,3256.8
Zone1,0,1,20305200,all,3292.2
Zone1,0,1,20305201,all,3363.0
Zone1,0,1,20305202,all,3540.0
Zone1,0,1,20305203,all,3610.8
Zone1,0,1,20305204,all,3646.2
Zone1,0,1,20305205,all,3575.4
Zone1,0,1,20305206,all,3398.4
Zone1,0,1,20305207,all,3115.2
Zone1,0,1,20305208,all,2832.0
Zone1,0,1,20305209,all,2655.0
Zone1,0,1,20305210,all,2548.8
Zone1,0,1,20305211,all,2478.0
Zone1,0,1,20305212,all,2407.2
Zone1,0,1,20305213,all,2442.6
Zone1,0,1,20305214,all,2548.8
Zone1,0,1,20305215,all,2832.0
Zone1,0,1,20305216,all,3186.0
Zone1,0,1,20305217,all,3469.2
Zone1,0,1,20305218,all,3540.0
Zone1,0,1,20305219,all,3504.6
Zone1,0,1,20305220,all,3433.8
Zone1,0,1,20305221,all,3363.0
Zone1,0,1,20305222,all,3292.2
Zone1,0,1,20305223,all,3256.8
Zone1,0,1,20305224,all,3292.2
Zone1,0,1,20305225,all,3363.0
Zone1,0,1,20305226,all,3540.0
Zone1,0,1,20305227,all,3610.8
Zone1,0,1,20305228,all,3646.2
Zone1,0,1,20305229,all,3575.4
Zone1,0,1,20305230,all,3398.4
Zone1,0,1,20305231,all,3115.2
Zone1,0,1,20305232,all,2832.0
Zone1,0,1,20305233,all,2655.0
Zone1,0,1,20305234,all,2548.8
Zone1,0,1,20305235,all,2478.0
Zone1,0,1,20305236,all,2407.2
Zone1,0,1,20305237,all,2442.6
Zone1,0,1,20305238,all,2548.8
Zone1,0,1,20305239,all,2832.0
Zone1,0,1,20305240,all,3186.0
Zone1,0,1,20305241,all,3469.2
Zone1,0,1,20305242,all,3540.0
Zone1,0,1,20305243,all,3504.6
Zone1,0,1,20305244,all,3433.8
Zone1,0,1,20305245,all,3363.0
Zone1,0,1,20305246,all,3292.2
Zone1,0,1,20305247,all,3256.8
Zone1,0,1,20305248,all,3292.2
Zone1,0,1,20305249,all,3363.0
Zone1,0,1,20305250,all,3540.0
Zone1,0,1,20305251,all,3610.8
Zone1,0,1,20305252,all,3646.2
Zone1,0,1,20305253,all,3575.4
Zone1,0,1,20305254,all,3398.4
Zone1,0,1,20305255,all,3115.2
Zone1,0,1,20305256,all,2832.0
Zone1,0,1,20305257,all,2655.0
Zone1,0,1,20305258,all,2548.8
Zone1,0,1,20305259,all,2478.0
Zone1,0,1,20305260,all,2407.2
Zone1,0,1,20305261,all,2442.6
Zone1,0,1,20305262,all,2548.8
Zone1,0,1,20305263,all,2832.0
Zone1,0,1,20305264,all,3186.0
Zone1,0,1,20305265,all,3469.2
Zone1,0,1,20305266,all,3540.0
Zone1,0,1,20305267,all,3504.6
Zone1,0,1,20305268,all,3433.8
Zone1,0,1,20305269,all,3363.0
Zone1,0,1,20305270,all,3292.2
Zone1,0,1,20305271,all,3256.8
Zone1,0,1,20305272,all,3292.2
Zone1,0,1,20305273,all,3363.0
Zone1,0,1,20305274,all,3540.0
Zone1,0,1,20305275,all,3610.8
Zone1,0,1,20305276,all,3646.2
Zone1,0,1,20305277,all,3575.4
Zone1,0,1,20305278,all,3398.4
Zone1,0,1,20305279,all,3115.2
Zone1,0,1,20305280,all,2832.0
Zone1,0,1,20305281,all,2655.0
Zone1,0,1,20305282,all,2548.8
Zone1,0,1,20305283,all,2478.0
Zone1,0,1,20305284,all,2407.2
Zone1,0,1,20305285,all,2442.6
Zone1,0,1,20305286,all,2548.8
Zone1,0,1,20305287,all,2832.0
Zone1,0,1,20305288,all,3186.0
Zone1,0,1,20305289,all,3469.2
Zone1,0,1,20305290,all,3540.0
Zone1,0,1,20305291,all,3504.6
Zone1,0,1,20305292,all,3433.8
Zone1,0,1,20305293,all,3363.0
Zone1,0,1,20305294,all,3292.2
Zone1,0,1,20305295,all,3256.8
Zone1,0,1,20305296,all,3292.2
Zone1,0,1,20305297,all,3363.0
Zone1,0,1,20305298,all,3540.0
Zone1,0,1,20305299,all,3610.8
Zone1,0,1,20305300,all,3646.2
Zone1,0,1,20305301,all,3575.4
Zone1,0,1,20305302,all,3398.4
Zone1,0,1,20305303,all,3115.2
Zone1,0,1,20305304,all,2832.0
Zone1,0,1,20305305,all,2655.0
Zone1,0,1,20305306,all,2548.8
Zone1,0,1,20305307,all,2478.0
Zone1,0,1,20305308,all,2407.2
Zone1,0,1,20305309,all,2442.6
Zone1,0,1,20305310,all,2548.8
Zone1,0,1,20305311,all,2832.0
Zone1,0,1,20305312,all,3186.0
Zone1,0,1,20305313,all,3469.2
Zone1,0,1,20305314,all,3540.0
Zone1,0,1,20305315,all,3504.6
Zone1,0,1,20305316,all,3433.8
Zone1,0,1,20305317,all,3363.0
Zone1,0,1,20305318,all,3292.2
Zone1,0,1,20305319,all,3256.8
Zone1,0,1,20305320,all,3292.2
Zone1,0,1,20305321,all,3363.0
Zone1,0,1,20305322,all,3540.0
Zone1,0,1,20305323,all,3610.8
Zone1,0,1,20305324,all,3646.2
Zone1,0,1,20305325,all,3575.4
Zone1,0,1,20305326,all,3398.4
Zone1,0,1,20305327,all,3115.2
Zone1,0,1,20305328,all,2832.0
Zone1,0,1,20305329,all,2655.0
Zone1,0,1,20305330,all,2548.8
Zone1,0,1,20305331,all,2478.0
Zone1,0,1,20305332,all,2407.2
Zone1,0,1,20305333,all,2442.6
Zone1,0,1,20305334,all,2548.8
Zone1,0,1,20305335,all,2832.0
Zone1,0,1,20305336,all,3186.0
Zone1,0,1,20305337,all,3469.2
Zone1,0,1,20305338,all,3540.0
Zone1,0,1,20305339,all,3504.6
Zone1,0,1,20305340,all,3433.8
Zone1,0,1,20305341,all,3363.0
Zone1,0,1,20305342,all,3292.2
Zone1,0,1,20305343,all,3256.8
Zone1,0,1,20305344,all,3292.2
Zone1,0,1,20305345,all,3363.0
Zone1,0,1,20305346,all,3540.0
Zone1,0,1,20305347,all,3610.8
Zone1,0,1,20305348,all,3646.2
Zone1,0,1,20305349,all,3575.4
Zone1,0,1,20305350,all,3398.4
Zone1,0,1,20305351,all,3115.2
Zone1,0,1,20305352,all,2832.0
Zone1,0,1,20305353,all,2655.0
Zone1,0,1,20305354,all,2548.8
Zone1,0,1,20305355,all,2478.0
Zone1,0,1,20305356,all,2407.2
Zone1,0,1,20305357,all,2442.6
Zone1,0,1,20305358,all,2548.8
Zone1,0,1,20305359,all,2832.0
Zone1,0,1,20305360,all,3186.0
Zone1,0,1,20305361,all,3469.2
Zone1,0,1,20305362,all,3540.0
Zone1,0,1,20305363,all,3504.6
Zone1,0,1,20305364,all,3433.8
Zone1,0,1,20305365,all,3363.0
Zone1,0,1,20305366,all,3292.2
Zone1,0,1,20305367,all,3256.8
Zone1,0,1,20305368,all,3292.2
Zone1,0,1,20305369,all,3363.0
Zone1,0,1,20305370,all,3540.0
Zone1,0,1,20305371,all,3610.8
Zone1,0,1,20305372,all,3646.2
Zone1,0,1,20305373,all,3575.4
Zone1,0,1,20305374,all,3398.4
Zone1,0,1,20305375,all,3115.2
Zone1,0,1,20305376,all,2832.0
Zone1,0,1,20305377,all,2655.0
Zone1,0,1,20305378,all,2548.8
Zone1,0,1,20305379,all,2478.0
Zone1,0,1,20305380,all,2407.2
Zone1,0,1,20305381,all,2442.6
Zone1,0,1,20305382,all,2548.8
Zone1,0,1,20305383,all,2832.0
Zone1,0,1,20305384,all,3186.0
Zone1,0,1,20305385,all,3469.2
Zone1,0,1,20305386,all,3540.0
Zone1,0,1,20305387,all,3504.6
Zone1,0,1,20305388,all,3433.8
Zone1,0,1,20305389,all,3363.0
Zone1,0,1,20305390,all,3292.2
Zone1,0,1,20305391,all,3256.8
Zone1,0,1,20305392,all,3292.2
Zone1,0,1,20305393,all,3363.0
Zone1,0,1,20305394,all,3540.0
Zone1,0,1,20305395,all,3610.8
Zone1,0,1,20305396,all,3646.2
Zone1,0,1,20305397,all,3575.4
Zone1,0,1,20305398,all,3398.4
Zone1,0,1,20305399,all,3115.2
Zone1,0,1,20305400,all,2832.0
Zone1,0,1,20305401,all,2655.0
Zone1,0,1,20305402,all,2548.8
Zone1,0,1,20305403,all,2478.0
Zone1,0,1,20305404,all,2407.2
Zone1,0,1,20305405,all,2442.6
Zone1,0,1,20305406,all,2548.8
Zone1,0,1,20305407,all,2832.0
Zone1,0,1,20305408,all,3186.0
Zone1,0,1,20305409,all,3469.2
Zone1,0,1,20305410,all,3540.0
Zone1,0,1,20305411,all,3504.6
Zone1,0,1,20305412,all,3433.8
Zone1,0,1,20305413,all,3363.0
Zone1,0,1,20305414,all,3292.2
Zone1,0,1,20305415,all,3256.8
Zone1,0,1,20305416,all,3292.2
Zone1,0,1,20305417,all,3363.0
Zone1,0,1,20305418,all,3540.0
Zone1,0,1,20305419,all,3610.8
Zone1,0,1,20305420,all,3646.2
Zone1,0,1,20305421,all,3575.4
Zone1,0,1,20305422,all,3398.4
Zone1,0,1,20305423,all,3115.2
Zone1,0,1,20305424,all,2832.0
Zone1,0,1,20305425,all,2655.0
Zone1,0,1,20305426,all,2548.8
Zone1,0,1,20305427,all,2478.0
Zone1,0,1,20305428,all,2407.2
Zone1,0,1,20305429,all,2442.6
Zone1,0,1,20305430,all,2548.8
Zone1,0,1,20305431,all,2832.0
Zone1,0,1,20305432,all,3186.0
Zone1,0,1,20305433,all,3469.2
Zone1,0,1,20305434,all,3540.0
Zone1,0,1,20305435,all,3504.6
Zone1,0,1,20305436,all,3433.8
Zone1,0,1,20305437,all,3363.0
Zone1,0,1,20305438,all,3292.2
Zone1,0,1,20305439,all,3256.8
Zone1,0,1,20305440,all,3292.2
Zone1,0,1,20305441,all,3363.0
Zone1,0,1,20305442,all,3540.0
Zone1,0,1,20305443,all,3610.8
Zone1,0,1,20305444,all,3646.2
Zone1,0,1,20305445,all,3575.4
Zone1,0,1,20305446,all,3398.4
Zone1,0,1,20305447,all,3115.2
Zone1,0,1,20305448,all,2832.0
Zone1,0,1,20305449,all,2655.0
Zone1,0,1,20305450,all,2548.8
Zone1,0,1,20305451,all,2478.0
Zone1,0,1,20305452,all,2407.2
Zone1,0,1,20305453,all,2442.6
Zone1,0,1,20305454,all,2548.8
Zone1,0,1,20305455,all,2832.0
Zone1,0,1,20305456,all,3186.0
Zone1,0,1,20305457,all,3469.2
Zone1,0,1,20305458,all,3540.0
Zone1,0,1,20305459,all,3504.6
Zone1,0,1,20305460,all,3433.8
Zone1,0,1,20305461,all,3363.0
Zone1,0,1,20305462,all,3292.2
Zone1,0,1,20305463,all,3256.8
Zone1,0,1,20305464,all,3292.2
Zone1,0,1,20305465,all,3363.0
Zone1,0,1,20305466,all,3540.0
Zone1,0,1,20305467,all,3610.8
Zone1,0,1,20305468,all,3646.2
Zone1,0,1,20305469,all,3575.4
Zone1,0,1,20305470,all,3398.4
Zone1,0,1,20305471,all,3115.2
Zone1,0,1,20305472,all,2832.0
Zone1,0,1,20305473,all,2655.0
Zone1,0,1,20305474,all,2548.8
Zone1,0,1,20305475,all,2478.0
Zone1,0,1,20305476,all,2407.2
Zone1,0,1,20305477,all,2442.6
Zone1,0,1,20305478,all,2548.8
Zone1,0,1,20305479,all,2832.0
Zone1,0,1,20305480,all,3186.0
Zone1,0,1,20305481,all,3469.2
Zone1,0,1,20305482,all,3540.0
Zone1,0,1,20305483,all,3504.6
Zone1,0,1,20305484,all,3433.8
Zone1,0,1,20305485,all,3363.0
Zone1,0,1,20305486,all,3292.2
Zone1,0,1,20305487,all,3256.8
Zone1,0,1,20305488,all,3292.2
Zone1,0,1,20305489,all,3363.0
Zone1,0,1,20305490,all,3540.0
Zone1,0,1,20305491,all,3610.8
Zone1,0,1,20305492,all,3646.2
Zone1,0,1,20305493,all,3575.4
Zone1,0,1,20305494,all,3398.4
Zone1,0,1,20305495,all,3115.2
Zone1,0,1,20305496,all,2832.0
Zone1,0,1,20305497,all,2655.0
Zone1,0,1,20305498,all,2548.8
Zone1,0,1,20305499,all,2478.0
Zone1,0,1,20305500,all,2407.2
Zone1,0,1,20305501,all,2442.6
Zone1,0,1,20305502,all,2548.8
Zone1,0,1,20305503,all,2832.0
Zone1,0,1,20305504,all,3186.0
Zone1,0,1,20305505,all,3469.2
Zone1,0,1,20305506,all,3540.0
Zone1,0,1,20305507,all,3504.6
Zone1,0,1,20305508,all,3433.8
Zone1,0,1,20305509,all,3363.0
Zone1,0,1,20305510,all,3292.2
Zone1,0,1,20305511,all,3256.8
Zone1,0,1,20305512,all,3292.2
Zone1,0,1,20305513,all,3363.0
Zone1,0,1,20305514,all,3540.0
Zone1,0,1,20305515,all,3610.8
Zone1,0,1,20305516,all,3646.2
Zone1,0,1,20305517,all,3575.4
Zone1,0,1,20305518,all,3398.4
Zone1,0,1,20305519,all,3115.2
Zone1,0,1,20305520,all,2832.0
Zone1,0,1,20305521,all,2655.0
Zone1,0,1,20305522,all,2548.8
Zone1,0,1,20305523,all,2478.0
Zone1,0,1,20305524,all,2407.2
Zone1,0,1,20305525,all,2442.6
Zone1,0,1,20305526,all,2548.8
Zone1,0,1,20305527,all,2832.0
Zone1,0,1,20305528,all,3186.0
Zone1,0,1,20305529,all,3469.2
Zone1,0,1,20305530,all,3540.0
Zone1,0,1,20305531,all,3504.6
Zone1,0,1,20305532,all,3433.8
Zone1,0,1,20305533,all,3363.0
Zone1,0,1,20305534,all,3292.2
Zone1,0,1,20305535,all,3256.8
Zone1,0,1,20305536,all,3292.2
Zone1,0,1,20305537,all,3363.0
Zone1,0,1,20305538,all,3540.0
Zone1,0,1,20305539,all,3610.8
Zone1,0,1,20305540,all,3646.2
Zone1,0,1,20305541,all,3575.4
Zone1,0,1,20305542,all,3398.4
Zone1,0,1,20305543,all,3115.2
Zone1,0,1,20305544,all,2832.0
Zone1,0,1,20305545,all,2655.0
Zone1,0,1,20305546,all,2548.8
Zone1,0,1,20305547,all,2478.0
Zone1,0,1,20305548,all,2407.2
Zone1,0,1,20305549,all,2442.6
Zone1,0,1,20305550,all,2548.8
Zone1,0,1,20305551,all,2832.0
Zone1,0,1,20305552,all,3186.0
Zone1,0,1,20305553,all,3469.2
Zone1,0,1,20305554,all,3540.0
Zone1,0,1,20305555,all,3504.6
Zone1,0,1,20305556,all,3433.8
Zone1,0,1,20305557,all,3363.0
Zone1,0,1,20305558,all,3292.2
Zone1,0,1,20305559,all,3256.8
Zone1,0,1,20305560,all,3292.2
Zone1,0,1,20305561,all,3363.0
Zone1,0,1,20305562,all,3540.0
Zone1,0,1,20305563,all,3610.8
Zone1,0,1,20305564,all,3646.2
Zone1,0,1,20305565,all,3575.4
Zone1,0,1,20305566,all,3398.4
Zone1,0,1,20305567,all,3115.2
Zone1,0,1,20305568,all,2832.0
Zone1,0,1,20305569,all,2655.0
Zone1,0,1,20305570,all,2548.8
Zone1,0,1,20305571,all,2478.0
Zone1,0,1,20305572,all,2407.2
Zone1,0,1,20305573,all,2442.6
Zone1,0,1,20305574,all,2548.8
Zone1,0,1,20305575,all,2832.0
Zone1,0,1,20305576,all,3186.0
Zone1,0,1,20305577,all,3469.2
Zone1,0,1,20305578,all,3540.0
Zone1,0,1,20305579,all,3504.6
Zone1,0,1,20305580,all,3433.8
Zone1,0,1,20305581,all,3363.0
Zone1,0,1,20305582,all,3292.2
Zone1,0,1,20305583,all,3256.8
Zone1,0,1,20305584,all,3292.2
Zone1,0,1,20305585,all,3363.0
Zone1,0,1,20305586,all,3540.0
Zone1,0,1,20305587,all,3610.8
Zone1,0,1,20305588,all,3646.2
Zone1,0,1,20305589,all,3575.4
Zone1,0,1,20305590,all,3398.4
Zone1,0,1,20305591,all,3115.2
Zone1,0,1,20305592,all,2832.0
Zone1,0,1,20305593,all,2655.0
Zone1,0,1,20305594,all,2548.8
Zone1,0,1,20305595,all,2478.0
Zone1,0,1,20305596,all,2407.2
Zone1,0,1,20305597,all,2442.6
Zone1,0,1,20305598,all,2548.8
Zone1,0,1,20305599,all,2832.0
Zone1,0,1,20305600,all,3186.0
Zone1,0,1,20305601,all,3469.2
Zone1,0,1,20305602,all,3540.0
Zone1,0,1,20305603,all,3504.6
Zone1,0,1,20305604,all,3433.8
Zone1,0,1,20305605,all,3363.0
Zone1,0,1,20305606,all,3292.2
Zone1,0,1,20305607,all,3256.8
Zone1,0,1,20305608,all,3292.2
Zone1,0,1,20305609,all,3363.0
Zone1,0,1,20305610,all,3540.0
Zone1,0,1,20305611,all,3610.8
Zone1,0,1,20305612,all,3646.2
Zone1,0,1,20305613,all,3575.4
Zone1,0,1,20305614,all,3398.4
Zone1,0,1,20305615,all,3115.2
Zone1,0,1,20305616,all,2832.0
Zone1,0,1,20305617,all,2655.0
Zone1,0,1,20305618,all,2548.8
Zone1,0,1,20305619,all,2478.0
Zone1,0,1,20305620,all,2407.2
Zone1,0,1,20305621,all,2442.6
Zone1,0,1,20305622,all,2548.8
Zone1,0,1,20305623,all,2832.0
Zone1,0,1,20305624,all,3186.0
Zone1,0,1,20305625,all,3469.2
Zone1,0,1,20305626,all,3540.0
Zone1,0,1,20305627,all,3504.6
Zone1,0,1,20305628,all,3433.8
Zone1,0,1,20305629,all,3363.0
Zone1,0,1,20305630,all,3292.2
Zone1,0,1,20305631,all,3256.8
Zone1,0,1,20305632,all,3292.2
Zone1,0,1,20305633,all,3363.0
Zone1,0,1,20305634,all,3540.0
Zone1,0,1,20305635,all,3610.8
Zone1,0,1,20305636,all,3646.2
Zone1,0,1,20305637,all,3575.4
Zone1,0,1,20305638,all,3398.4
Zone1,0,1,20305639,all,3115.2
Zone1,0,1,20305640,all,2832.0
Zone1,0,1,20305641,all,2655.0
Zone1,0,1,20305642,all,2548.8
Zone1,0,1,20305643,all,2478.0
Zone1,0,1,20305644,all,2407.2
Zone1,0,1,20305645,all,2442.6
Zone1,0,1,20305646,all,2548.8
Zone1,0,1,20305647,all,2832.0
Zone1,0,1,20305648,all,3186.0
Zone1,0,1,20305649,all,3469.2
Zone1,0,1,20305650,all,3540.0
Zone1,0,1,20305651,all,3504.6
Zone1,0,1,20305652,all,3433.8
Zone1,0,1,20305653,all,3363.0
Zone1,0,1,20305654,all,3292.2
Zone1,0,1,20305655,all,3256.8
Zone1,0,1,20305656,all,3292.2
Zone1,0,1,20305657,all,3363.0
Zone1,0,1,20305658,all,3540.0
Zone1,0,1,20305659,all,3610.8
Zone1,0,1,20305660,all,3646.2
Zone1,0,1,20305661,all,3575.4
Zone1,0,1,20305662,all,3398.4
Zone1,0,1,20305663,all,3115.2
Zone1,0,1,20305664,all,2832.0
Zone1,0,1,20305665,all,2655.0
Zone1,0,1,20305666,all,2548.8
Zone1,0,1,20305667,all,2478.0
Zone1,0,1,20305668,all,2407.2
Zone1,0,1,20305669,all,2442.6
Zone1,0,1,20305670,all,2548.8
Zone1,0,1,20305671,all,2832.0
Zone1,0,1,20305672,all,3186.0
Zone1,0,1,20305673,all,3469.2
Zone1,0,1,20305674,all,3540.0
Zone1,0,1,20305675,all,3504.6
Zone1,0,1,20305676,all,3433.8
Zone1,0,1,20305677,all,3363.0
Zone1,0,1,20305678,all,3292.2
Zone1,0,1,20305679,all,3256.8
Zone1,0,1,20305680,all,3292.2
Zone1,0,1,20305681,all,3363.0
Zone1,0,1,20305682,all,3540.0
Zone1,0,1,20305683,all,3610.8
Zone1,0,1,20305684,all,3646.2
Zone1,0,1,20305685,all,3575.4
Zone1,0,1,20305686,all,3398.4
Zone1,0,1,20305687,all,3115.2
Zone1,0,1,20305688,all,2832.0
Zone1,0,1,20305689,all,2655.0
Zone1,0,1,20305690,all,2548.8
Zone1,0,1,20305691,all,2478.0
Zone1,0,1,20305692,all,2407.2
Zone1,0,1,20305693,all,2442.6
Zone1,0,1,20305694,all,2548.8
Zone1,0,1,20305695,all,2832.0
Zone1,0,1,20305696,all,3186.0
Zone1,0,1,20305697,all,3469.2
Zone1,0,1,20305698,all,3540.0
Zone1,0,1,20305699,all,3504.6
Zone1,0,1,20305700,all,3433.8
Zone1,0,1,20305701,all,3363.0
Zone1,0,1,20305702,all,3292.2
Zone1,0,1,20305703,all,3256.8
Zone1,0,1,20305704,all,3292.2
Zone1,0,1,20305705,all,3363.0
Zone1,0,1,20305706,all,3540.0
Zone1,0,1,20305707,all,3610.8
Zone1,0,1,20305708,all,3646.2
Zone1,0,1,20305709,all,3575.4
Zone1,0,1,20305710,all,3398.4
Zone1,0,1,20305711,all,3115.2
Zone1,0,1,20305712,all,2832.0
Zone1,0,1,20305713,all,2655.0
Zone1,0,1,20305714,all,2548.8
Zone1,0,1,20305715,all,2478.0
Zone1,0,1,20305716,all,2407.2
Zone1,0,1,20305717,all,2442.6
Zone1,0,1,20305718,all,2548.8
Zone1,0,1,20305719,all,2832.0
Zone1,0,1,20305720,all,3186.0
Zone1,0,1,20305721,all,3469.2
Zone1,0,1,20305722,all,3540.0
Zone1,0,1,20305723,all,3504.6
Zone1,0,1,20305724,all,3433.8
Zone1,0,1,20305725,all,3363.0
Zone1,0,1,20305726,all,3292.2
Zone1,0,1,20305727,all,3256.8
Zone1,0,1,20305728,all,3292.2
Zone1,0,1,20305729,all,3363.0
Zone1,0,1,20305730,all,3540.0
Zone1,0,1,20305731,all,3610.8
Zone1,0,1,20305732,all,3646.2
Zone1,0,1,20305733,all,3575.4
Zone1,0,1,20305734,all,3398.4
Zone1,0,1,20305735,all,3115.2
Zone1,0,1,20305736,all,2832.0
Zone1,0,1,20305737,all,2655.0
Zone1,0,1,20305738,all,2548.8
Zone1,0,1,20305739,all,2478.0
Zone1,0,1,20305740,all,2407.2
Zone1,0,1,20305741,all,2442.6
Zone1,0,1,20305742,all,2548.8
Zone1,0,1,20305743,all,2832.0
Zone1,0,1,20305744,all,3186.0
Zone1,0,1,20305745,all,3469.2
Zone1,0,1,20305746,all,3540.0
Zone1,0,1,20305747,all,3504.6
Zone1,0,1,20305748,all,3433.8
Zone1,0,1,20305749,all,3363.0
Zone1,0,1,20305750,all,3292.2
Zone1,0,1,20305751,all,3256.8
Zone1,0,1,20305752,all,3292.2
Zone1,0,1,20305753,all,3363.0
Zone1,0,1,20305754,all,3540.0
Zone1,0,1,20305755,all,3610.8
Zone1,0,1,20305756,all,3646.2
Zone1,0,1,20305757,all,3575.4
Zone1,0,1,20305758,all,3398.4
Zone1,0,1,20305759,all,3115.2
Zone1,0,1,20305760,all,2832.0
Zone1,0,1,20305761,all,2655.0
Zone1,0,1,20305762,all,2548.8
Zone1,0,1,20305763,all,2478.0
Zone1,0,1,20305764,all,2407.2
Zone1,0,1,20305765,all,2442.6
Zone1,0,1,20305766,all,2548.8
Zone1,0,1,20305767,all,2832.0
Zone1,0,1,20305768,all,3186.0
Zone1,0,1,20305769,all,3469.2
Zone1,0,1,20305770,all,3540.0
Zone1,0,1,20305771,all,3504.6
Zone1,0,1,20305772,all,3433.8
Zone1,0,1,20305773,all,3363.0
Zone1,0,1,20305774,all,3292.2
Zone1,0,1,20305775,all,3256.8
Zone1,0,1,20305776,all,3292.2
Zone1,0,1,20305777,all,3363.0
Zone1,0,1,20305778,all,3540.0
Zone1,0,1,20305779,all,3610.8
Zone1,0,1,20305780,all,3646.2
Zone1,0,1,20305781,all,3575.4
Zone1,0,1,20305782,all,3398.4
Zone1,0,1,20305783,all,3115.2
Zone1,0,1,20305784,all,2832.0
Zone1,0,1,20305785,all,2655.0
Zone1,0,1,20305786,all,2548.8
Zone1,0,1,20305787,all,2478.0
Zone1,0,1,20305788,all,2407.2
Zone1,0,1,20305789,all,2442.6
Zone1,0,1,20305790,all,2548.8
Zone1,0,1,20305791,all,2832.0
Zone1,0,1,20305792,all,3186.0
Zone1,0,1,20305793,all,3469.2
Zone1,0,1,20305794,all,3540.0
Zone1,0,1,20305795,all,3504.6
Zone1,0,1,20305796,all,3433.8
Zone1,0,1,20305797,all,3363.0
Zone1,0,1,20305798,all,3292.2
Zone1,0,1,20305799,all,3256.8
Zone1,0,1,20305800,all,3292.2
Zone1,0,1,20305801,all,3363.0
Zone1,0,1,20305802,all,3540.0
Zone1,0,1,20305803,all,3610.8
Zone1,0,1,20305804,all,3646.2
Zone1,0,1,20305805,all,3575.4
Zone1,0,1,20305806,all,3398.4
Zone1,0,1,20305807,all,3115.2
Zone1,0,1,20305808,all,2832.0
Zone1,0,1,20305809,all,2655.0
Zone1,0,1,20305810,all,2548.8
Zone1,0,1,20305811,all,2478.0
Zone1,0,1,20305812,all,2407.2
Zone1,0,1,20305813,all,2442.6
Zone1,0,1,20305814,all,2548.8
Zone1,0,1,20305815,all,2832.0
Zone1,0,1,20305816,all,3186.0
Zone1,0,1,20305817,all,3469.2
Zone1,0,1,20305818,all,3540.0
Zone1,0,1,20305819,all,3504.6
Zone1,0,1,20305820,all,3433.8
Zone1,0,1,20305821,all,3363.0
Zone1,0,1,20305822,all,3292.2
Zone1,0,1,20305823,all,3256.8
Zone1,0,1,20305824,all,3292.2
Zone1,0,1,20305825,all,3363.0
Zone1,0,1,20305826,all,3540.0
Zone1,0,1,20305827,all,3610.8
Zone1,0,1,20305828,all,3646.2
Zone1,0,1,20305829,all,3575.4
Zone1,0,1,20305830,all,3398.4
Zone1,0,1,20305831,all,3115.2
Zone1,0,1,20305832,all,2832.0
Zone1,0,1,20305833,all,2137.5
Zone1,0,1,20305834,all,2052.0
Zone1,0,1,20305835,all,1995.0
Zone1,0,1,20305836,all,1938.0
Zone1,0,1,20305837,all,1966.5
Zone1,0,1,20305838,all,2052.0
Zone1,0,1,20305839,all,2280.0
Zone1,0,1,20305840,all,2565.0
Zone1,0,1,20305841,all,2793.0
Zone1,0,1,20305842,all,2850.0
Zone1,0,1,20305843,all,2821.5
Zone1,0,1,20305844,all,2764.5
Zone1,0,1,20305845,all,2707.5
Zone1,0,1,20305846,all,2650.5
Zone1,0,1,20305847,all,2622.0
Zone1,0,1,20305848,all,2650.5
Zone1,0,1,20305849,all,2707.5
Zone1,0,1,20305850,all,2850.0
Zone1,0,1,20305851,all,2907.0
Zone1,0,1,20305852,all,2935.5
Zone1,0,1,20305853,all,2878.5
Zone1,0,1,20305854,all,2736.0
Zone1,0,1,20305855,all,2508.0
Zone1,0,1,20305856,all,2280.0
Zone1,0,1,20305857,all,2137.5
Zone1,0,1,20305858,all,2052.0
Zone1,0,1,20305859,all,1995.0
Zone1,0,1,20305860,all,1938.0
Zone1,0,1,20305861,all,1966.5
Zone1,0,1,20305862,all,2052.0
Zone1,0,1,20305863,all,2280.0
Zone1,0,1,20305864,all,2565.0
Zone1,0,1,20305865,all,2793.0
Zone1,0,1,20305866,all,2850.0
Zone1,0,1,20305867,all,2821.5
Zone1,0,1,20305868,all,2764.5
Zone1,0,1,20305869,all,2707.5
Zone1,0,1,20305870,all,2650.5
Zone1,0,1,20305871,all,2622.0
Zone1,0,1,20305872,all,2650.5
Zone1,0,1,20305873,all,2707.5
Zone1,0,1,20305874,all,2850.0
Zone1,0,1,20305875,all,2907.0
Zone1,0,1,20305876,all,2935.5
Zone1,0,1,20305877,all,2878.5
Zone1,0,1,20305878,all,2736.0
Zone1,0,1,20305879,all,2508.0
Zone1,0,1,20305880,all,2280.0
Zone1,0,1,20305881,all,2137.5
Zone1,0,1,20305882,all,2052.0
Zone1,0,1,20305883,all,1995.0
Zone1,0,1,20305884,all,1938.0
Zone1,0,1,20305885,all,1966.5
Zone1,0,1,20305886,all,2052.0
Zone1,0,1,20305887,all,2280.0
Zone1,0,1,20305888,all,2565.0
Zone1,0,1,20305889,all,2793.0
Zone1,0,1,20305890,all,2850.0
Zone1,0,1,20305891,all,2821.5
Zone1,0,1,20305892,all,2764.5
Zone1,0,1,20305893,all,2707.5
Zone1,0,1,20305894,all,2650.5
Zone1,0,1,20305895,all,2622.0
Zone1,0,1,20305896,all,2650.5
Zone1,0,1,20305897,all,2707.5
Zone1,0,1,20305898,all,2850.0
Zone1,0,1,20305899,all,2907.0
Zone1,0,1,20305900,all,2935.5
Zone1,0,1,20305901,all,2878.5
Zone1,0,1,20305902,all,2736.0
Zone1,0,1,20305903,all,2508.0
Zone1,0,1,20305904,all,2280.0
Zone1,0,1,20305905,all,2137.5
Zone1,0,1,20305906,all,2052.0
Zone1,0,1,20305907,all,1995.0
Zone1,0,1,20305908,all,1938.0
Zone1,0,1,20305909,all,1966.5
Zone1,0,1,20305910,all,2052.0
Zone1,0,1,20305911,all,2280.0
Zone1,0,1,20305912,all,2565.0
Zone1,0,1,20305913,all,2793.0
Zone1,0,1,20305914,all,2850.0
Zone1,0,1,20305915,all,2821.5
Zone1,0,1,20305916,all,2764.5
Zone1,0,1,20305917,all,2707.5
Zone1,0,1,20305918,all,2650.5
Zone1,0,1,20305919,all,2622.0
Zone1,0,1,20305920,all,2650.5
Zone1,0,1,20305921,all,2707.5
Zone1,0,1,20305922,all,2850.0
Zone1,0,1,20305923,all,2907.0
Zone1,0,1,20305924,all,2935.5
Zone1,0,1,20305925,all,2878.5
Zone1,0,1,20305926,all,2736.0
Zone1,0,1,20305927,all,2508.0
Zone1,0,1,20305928,all,2280.0
Zone1,0,1,20305929,all,2137.5
Zone1,0,1,20305930,all,2052.0
Zone1,0,1,20305931,all,1995.0
Zone1,0,1,20305932,all,1938.0
Zone1,0,1,20305933,all,1966.5
Zone1,0,1,20305934,all,2052.0
Zone1,0,1,20305935,all,2280.0
Zone1,0,1,20305936,all,2565.0
Zone1,0,1,20305937,all,2793.0
Zone1,0,1,20305938,all,2850.0
Zone1,0,1,20305939,all,2821.5
Zone1,0,1,20305940,all,2764.5
Zone1,0,1,20305941,all,2707.5
Zone1,0,1,20305942,all,2650.5
Zone1,0,1,20305943,all,2622.0
Zone1,0,1,20305944,all,2650.5
Zone1,0,1,20305945,all,2707.5
Zone1,0,1,20305946,all,2850.0
Zone1,0,1,20305947,all,2907.0
Zone1,0,1,20305948,all,2935.5
Zone1,0,1,20305949,all,2878.5
Zone1,0,1,20305950,all,2736.0
Zone1,0,1,20305951,all,2508.0
Zone1,0,1,20305952,all,2280.0
Zone1,0,1,20305953,all,2137.5
Zone1,0,1,20305954,all,2052.0
Zone1,0,1,20305955,all,1995.0
Zone1,0,1,20305956,all,1938.0
Zone1,0,1,20305957,all,1966.5
Zone1,0,1,20305958,all,2052.0
Zone1,0,1,20305959,all,2280.0
Zone1,0,1,20305960,all,2565.0
Zone1,0,1,20305961,all,2793.0
Zone1,0,1,20305962,all,2850.0
Zone1,0,1,20305963,all,2821.5
Zone1,0,1,20305964,all,2764.5
Zone1,0,1,20305965,all,2707.5
Zone1,0,1,20305966,all,2650.5
Zone1,0,1,20305967,all,2622.0
Zone1,0,1,20305968,all,2650.5
Zone1,0,1,20305969,all,2707.5
Zone1,0,1,20305970,all,2850.0
Zone1,0,1,20305971,all,2907.0
Zone1,0,1,20305972,all,2935.5
Zone1,0,1,20305973,all,2878.5
Zone1,0,1,20305974,all,2736.0
Zone1,0,1,20305975,all,2508.0
Zone1,0,1,20305976,all,2280.0
Zone1,0,1,20305977,all,2137.5
Zone1,0,1,20305978,all,2052.0
Zone1,0,1,20305979,all,1995.0
Zone1,0,1,20305980,all,1938.0
Zone1,0,1,20305981,all,1966.5
Zone1,0,1,20305982,all,2052.0
Zone1,0,1,20305983,all,2280.0
Zone1,0,1,20305984,all,2565.0
Zone1,0,1,20305985,all,2793.0
Zone1,0,1,20305986,all,2850.0
Zone1,0,1,20305987,all,2821.5
Zone1,0,1,20305988,all,2764.5
Zone1,0,1,20305989,all,2707.5
Zone1,0,1,20305990,all,2650.5
Zone1,0,1,20305991,all,2622.0
Zone1,0,1,20305992,all,2650.5
Zone1,0,1,20305993,all,2707.5
Zone1,0,1,20305994,all,2850.0
Zone1,0,1,20305995,all,2907.0
Zone1,0,1,20305996,all,2935.5
Zone1,0,1,20305997,all,2878.5
Zone1,0,1,20305998,all,2736.0
Zone1,0,1,20305999,all,2508.0
Zone1,0,1,20306000,all,2280.0
Zone1,0,1,20306001,all,2137.5
Zone1,0,1,20306002,all,2052.0
Zone1,0,1,20306003,all,1995.0
Zone1,0,1,20306004,all,1938.0
Zone1,0,1,20306005,all,1966.5
Zone1,0,1,20306006,all,2052.0
Zone1,0,1,20306007,all,2280.0
Zone1,0,1,20306008,all,2565.0
Zone1,0,1,20306009,all,2793.0
Zone1,0,1,20306010,all,2850.0
Zone1,0,1,20306011,all,2821.5
Zone1,0,1,20306012,all,2764.5
Zone1,0,1,20306013,all,2707.5
Zone1,0,1,20306014,all,2650.5
Zone1,0,1,20306015,all,2622.0
Zone1,0,1,20306016,all,2650.5
Zone1,0,1,20306017,all,2707.5
Zone1,0,1,20306018,all,2850.0
Zone1,0,1,20306019,all,2907.0
Zone1,0,1,20306020,all,2935.5
Zone1,0,1,20306021,all,2878.5
Zone1,0,1,20306022,all,2736.0
Zone1,0,1,20306023,all,2508.0
Zone1,0,1,20306024,all,2280.0
Zone1,0,1,20306025,all,2137.5
Zone1,0,1,20306026,all,2052.0
Zone1,0,1,20306027,all,1995.0
Zone1,0,1,20306028,all,1938.0
Zone1,0,1,20306029,all,1966.5
Zone1,0,1,20306030,all,2052.0
Zone1,0,1,20306031,all,2280.0
Zone1,0,1,20306032,all,2565.0
Zone1,0,1,20306033,all,2793.0
Zone1,0,1,20306034,all,2850.0
Zone1,0,1,20306035,all,2821.5
Zone1,0,1,20306036,all,2764.5
Zone1,0,1,20306037,all,2707.5
Zone1,0,1,20306038,all,2650.5
Zone1,0,1,20306039,all,2622.0
Zone1,0,1,20306040,all,2650.5
Zone1,0,1,20306041,all,2707.5
Zone1,0,1,20306042,all,2850.0
Zone1,0,1,20306043,all,2907.0
Zone1,0,1,20306044,all,2935.5
Zone1,0,1,20306045,all,2878.5
Zone1,0,1,20306046,all,2736.0
Zone1,0,1,20306047,all,2508.0
Zone1,0,1,20306048,all,2280.0
Zone1,0,1,20306049,all,2137.5
Zone1,0,1,20306050,all,2052.0
Zone1,0,1,20306051,all,1995.0
Zone1,0,1,20306052,all,1938.0
Zone1,0,1,20306053,all,1966.5
Zone1,0,1,20306054,all,2052.0
Zone1,0,1,20306055,all,2280.0
Zone1,0,1,20306056,all,2565.0
Zone1,0,1,20306057,all,2793.0
Zone1,0,1,20306058,all,2850.0
Zone1,0,1,20306059,all,2821.5
Zone1,0,1,20306060,all,2764.5
Zone1,0,1,20306061,all,2707.5
Zone1,0,1,20306062,all,2650.5
Zone1,0,1,20306063,all,2622.0
Zone1,0,1,20306064,all,2650.5
Zone1,0,1,20306065,all,2707.5
Zone1,0,1,20306066,all,2850.0
Zone1,0,1,20306067,all,2907.0
Zone1,0,1,20306068,all,2935.5
Zone1,0,1,20306069,all,2878.5
Zone1,0,1,20306070,all,2736.0
Zone1,0,1,20306071,all,2508.0
Zone1,0,1,20306072,all,2280.0
Zone1,0,1,20306073,all,2137.5
Zone1,0,1,20306074,all,2052.0
Zone1,0,1,20306075,all,1995.0
Zone1,0,1,20306076,all,1938.0
Zone1,0,1,20306077,all,1966.5
Zone1,0,1,20306078,all,2052.0
Zone1,0,1,20306079,all,2280.0
Zone1,0,1,20306080,all,2565.0
Zone1,0,1,20306081,all,2793.0
Zone1,0,1,20306082,all,2850.0
Zone1,0,1,20306083,all,2821.5
Zone1,0,1,20306084,all,2764.5
Zone1,0,1,20306085,all,2707.5
Zone1,0,1,20306086,all,2650.5
Zone1,0,1,20306087,all,2622.0
Zone1,0,1,20306088,all,2650.5
Zone1,0,1,20306089,all,2707.5
Zone1,0,1,20306090,all,2850.0
Zone1,0,1,20306091,all,2907.0
Zone1,0,1,20306092,all,2935.5
Zone1,0,1,20306093,all,2878.5
Zone1,0,1,20306094,all,2736.0
Zone1,0,1,20306095,all,2508.0
Zone1,0,1,20306096,all,2280.0
Zone1,0,1,20306097,all,2137.5
Zone1,0,1,20306098,all,2052.0
Zone1,0,1,20306099,all,1995.0
Zone1,0,1,20306100,all,1938.0
Zone1,0,1,20306101,all,1966.5
Zone1,0,1,20306102,all,2052.0
Zone1,0,1,20306103,all,2280.0
Zone1,0,1,20306104,all,2565.0
Zone1,0,1,20306105,all,2793.0
Zone1,0,1,20306106,all,2850.0
Zone1,0,1,20306107,all,2821.5
Zone1,0,1,20306108,all,2764.5
Zone1,0,1,20306109,all,2707.5
Zone1,0,1,20306110,all,2650.5
Zone1,0,1,20306111,all,2622.0
Zone1,0,1,20306112,all,2650.5
Zone1,0,1,20306113,all,2707.5
Zone1,0,1,20306114,all,2850.0
Zone1,0,1,20306115,all,2907.0
Zone1,0,1,20306116,all,2935.5
Zone1,0,1,20306117,all,2878.5
Zone1,0,1,20306118,all,2736.0
Zone1,0,1,20306119,all,2508.0
Zone1,0,1,20306120,all,2280.0
Zone1,0,1,20306121,all,2137.5
Zone1,0,1,20306122,all,2052.0
Zone1,0,1,20306123,all,1995.0
Zone1,0,1,20306124,all,1938.0
Zone1,0,1,20306125,all,1966.5
Zone1,0,1,20306126,all,2052.0
Zone1,0,1,20306127,all,2280.0
Zone1,0,1,20306128,all,2565.0
Zone1,0,1,20306129,all,2793.0
Zone1,0,1,20306130,all,2850.0
Zone1,0,1,20306131,all,2821.5
Zone1,0,1,20306132,all,2764.5
Zone1,0,1,20306133,all,2707.5
Zone1,0,1,20306134,all,2650.5
Zone1,0,1,20306135,all,2622.0
Zone1,0,1,20306136,all,2650.5
Zone1,0,1,20306137,all,2707.5
Zone1,0,1,20306138,all,2850.0
Zone1,0,1,20306139,all,2907.0
Zone1,0,1,20306140,all,2935.5
Zone1,0,1,20306141,all,2878.5
Zone1,0,1,20306142,all,2736.0
Zone1,0,1,20306143,all,2508.0
Zone1,0,1,20306144,all,2280.0
Zone1,0,1,20306145,all,2137.5
Zone1,0,1,20306146,all,2052.0
Zone1,0,1,20306147,all,1995.0
Zone1,0,1,20306148,all,1938.0
Zone1,0,1,20306149,all,1966.5
Zone1,0,1,20306150,all,2052.0
Zone1,0,1,20306151,all,2280.0
Zone1,0,1,20306152,all,2565.0
Zone1,0,1,20306153,all,2793.0
Zone1,0,1,20306154,all,2850.0
Zone1,0,1,20306155,all,2821.5
Zone1,0,1,20306156,all,2764.5
Zone1,0,1,20306157,all,2707.5
Zone1,0,1,20306158,all,2650.5
Zone1,0,1,20306159,all,2622.0
Zone1,0,1,20306160,all,2650.5
Zone1,0,1,20306161,all,2707.5
Zone1,0,1,20306162,all,2850.0
Zone1,0,1,20306163,all,2907.0
Zone1,0,1,20306164,all,2935.5
Zone1,0,1,20306165,all,2878.5
Zone1,0,1,20306166,all,2736.0
Zone1,0,1,20306167,all,2508.0
Zone1,0,1,20306168,all,2280.0
Zone1,0,1,20306169,all,2137.5
Zone1,0,1,20306170,all,2052.0
Zone1,0,1,20306171,all,1995.0
Zone1,0,1,20306172,all,1938.0
Zone1,0,1,20306173,all,1966.5
Zone1,0,1,20306174,all,2052.0
Zone1,0,1,20306175,all,2280.0
Zone1,0,1,20306176,all,2565.0
Zone1,0,1,20306177,all,2793.0
Zone1,0,1,20306178,all,2850.0
Zone1,0,1,20306179,all,2821.5
Zone1,0,1,20306180,all,2764.5
Zone1,0,1,20306181,all,2707.5
Zone1,0,1,20306182,all,2650.5
Zone1,0,1,20306183,all,2622.0
Zone1,0,1,20306184,all,2650.5
Zone1,0,1,20306185,all,2707.5
Zone1,0,1,20306186,all,2850.0
Zone1,0,1,20306187,all,2907.0
Zone1,0,1,20306188,all,2935.5
Zone1,0,1,20306189,all,2878.5
Zone1,0,1,20306190,all,2736.0
Zone1,0,1,20306191,all,2508.0
Zone1,0,1,20306192,all,2280.0
Zone1,0,1,20306193,all,2137.5
Zone1,0,1,20306194,all,2052.0
Zone1,0,1,20306195,all,1995.0
Zone1,0,1,20306196,all,1938.0
Zone1,0,1,20306197,all,1966.5
Zone1,0,1,20306198,all,2052.0
Zone1,0,1,20306199,all,2280.0
Zone1,0,1,20306200,all,2565.0
Zone1,0,1,20306201,all,2793.0
Zone1,0,1,20306202,all,2850.0
Zone1,0,1,20306203,all,2821.5
Zone1,0,1,20306204,all,2764.5
Zone1,0,1,20306205,all,2707.5
Zone1,0,1,20306206,all,2650.5
Zone1,0,1,20306207,all,2622.0
Zone1,0,1,20306208,all,2650.5
Zone1,0,1,20306209,all,2707.5
Zone1,0,1,20306210,all,2850.0
Zone1,0,1,20306211,all,2907.0
Zone1,0,1,20306212,all,2935.5
Zone1,0,1,20306213,all,2878.5
Zone1,0,1,20306214,all,2736.0
Zone1,0,1,20306215,all,2508.0
Zone1,0,1,20306216,all,2280.0
Zone1,0,1,20306217,all,2137.5
Zone1,0,1,20306218,all,2052.0
Zone1,0,1,20306219,all,1995.0
Zone1,0,1,20306220,all,1938.0
Zone1,0,1,20306221,all,1966.5
Zone1,0,1,20306222,all,2052.0
Zone1,0,1,20306223,all,2280.0
Zone1,0,1,20306224,all,2565.0
Zone1,0,1,20306225,all,2793.0
Zone1,0,1,20306226,all,2850.0
Zone1,0,1,20306227,all,2821.5
Zone1,0,1,20306228,all,2764.5
Zone1,0,1,20306229,all,2707.5
Zone1,0,1,20306230,all,2650.5
Zone1,0,1,20306231,all,2622.0
Zone1,0,1,20306232,all,2650.5
Zone1,0,1,20306233,all,2707.5
Zone1,0,1,20306234,all,2850.0
Zone1,0,1,20306235,all,2907.0
Zone1,0,1,20306236,all,2935.5
Zone1,0,1,20306237,all,2878.5
Zone1,0,1,20306238,all,2736.0
Zone1,0,1,20306239,all,2508.0
Zone1,0,1,20306240,all,2280.0
Zone1,0,1,20306241,all,2137.5
Zone1,0,1,20306242,all,2052.0
Zone1,0,1,20306243,all,1995.0
Zone1,0,1,20306244,all,1938.0
Zone1,0,1,20306245,all,1966.5
Zone1,0,1,20306246,all,2052.0
Zone1,0,1,20306247,all,2280.0
Zone1,0,1,20306248,all,2565.0
Zone1,0,1,20306249,all,2793.0
Zone1,0,1,20306250,all,2850.0
Zone1,0,1,20306251,all,2821.5
Zone1,0,1,20306252,all,2764.5
Zone1,0,1,20306253,all,2707.5
Zone1,0,1,20306254,all,2650.5
Zone1,0,1,20306255,all,2622.0
Zone1,0,1,20306256,all,2650.5
Zone1,0,1,20306257,all,2707.5
Zone1,0,1,20306258,all,2850.0
Zone1,0,1,20306259,all,2907.0
Zone1,0,1,20306260,all,2935.5
Zone1,0,1,20306261,all,2878.5
Zone1,0,1,20306262,all,2736.0
Zone1,0,1,20306263,all,2508.0
Zone1,0,1,20306264,all,2280.0
Zone1,0,1,20306265,all,2137.5
Zone1,0,1,20306266,all,2052.0
Zone1,0,1,20306267,all,1995.0
Zone1,0,1,20306268,all,1938.0
Zone1,0,1,20306269,all,1966.5
Zone1,0,1,20306270,all,2052.0
Zone1,0,1,20306271,all,2280.0
Zone1,0,1,20306272,all,2565.0
Zone1,0,1,20306273,all,2793.0
Zone1,0,1,20306274,all,2850.0
Zone1,0,1,20306275,all,2821.5
Zone1,0,1,20306276,all,2764.5
Zone1,0,1,20306277,all,2707.5
Zone1,0,1,20306278,all,2650.5
Zone1,0,1,20306279,all,2622.0
Zone1,0,1,20306280,all,2650.5
Zone1,0,1,20306281,all,2707.5
Zone1,0,1,20306282,all,2850.0
Zone1,0,1,20306283,all,2907.0
Zone1,0,1,20306284,all,2935.5
Zone1,0,1,20306285,all,2878.5
Zone1,0,1,20306286,all,2736.0
Zone1,0,1,20306287,all,2508.0
Zone1,0,1,20306288,all,2280.0
Zone1,0,1,20306289,all,2137.5
Zone1,0,1,20306290,all,2052.0
Zone1,0,1,20306291,all,1995.0
Zone1,0,1,20306292,all,1938.0
Zone1,0,1,20306293,all,1966.5
Zone1,0,1,20306294,all,2052.0
Zone1,0,1,20306295,all,2280.0
Zone1,0,1,20306296,all,2565.0
Zone1,0,1,20306297,all,2793.0
Zone1,0,1,20306298,all,2850.0
Zone1,0,1,20306299,all,2821.5
Zone1,0,1,20306300,all,2764.5
Zone1,0,1,20306301,all,2707.5
Zone1,0,1,20306302,all,2650.5
Zone1,0,1,20306303,all,2622.0
Zone1,0,1,20306304,all,2650.5
Zone1,0,1,20306305,all,2707.5
Zone1,0,1,20306306,all,2850.0
Zone1,0,1,20306307,all,2907.0
Zone1,0,1,20306308,all,2935.5
Zone1,0,1,20306309,all,2878.5
Zone1,0,1,20306310,all,2736.0
Zone1,0,1,20306311,all,2508.0
Zone1,0,1,20306312,all,2280.0
Zone1,0,1,20306313,all,2137.5
Zone1,0,1,20306314,all,2052.0
Zone1,0,1,20306315,all,1995.0
Zone1,0,1,20306316,all,1938.0
Zone1,0,1,20306317,all,1966.5
Zone1,0,1,20306318,all,2052.0
Zone1,0,1,20306319,all,2280.0
Zone1,0,1,20306320,all,2565.0
Zone1,0,1,20306321,all,2793.0
Zone1,0,1,20306322,all,2850.0
Zone1,0,1,20306323,all,2821.5
Zone1,0,1,20306324,all,2764.5
Zone1,0,1,20306325,all,2707.5
Zone1,0,1,20306326,all,2650.5
Zone1,0,1,20306327,all,2622.0
Zone1,0,1,20306328,all,2650.5
Zone1,0,1,20306329,all,2707.5
Zone1,0,1,20306330,all,2850.0
Zone1,0,1,20306331,all,2907.0
Zone1,0,1,20306332,all,2935.5
Zone1,0,1,20306333,all,2878.5
Zone1,0,1,20306334,all,2736.0
Zone1,0,1,20306335,all,2508.0
Zone1,0,1,20306336,all,2280.0
Zone1,0,1,20306337,all,2137.5
Zone1,0,1,20306338,all,2052.0
Zone1,0,1,20306339,all,1995.0
Zone1,0,1,20306340,all,1938.0
Zone1,0,1,20306341,all,1966.5
Zone1,0,1,20306342,all,2052.0
Zone1,0,1,20306343,all,2280.0
Zone1,0,1,20306344,all,2565.0
Zone1,0,1,20306345,all,2793.0
Zone1,0,1,20306346,all,2850.0
Zone1,0,1,20306347,all,2821.5
Zone1,0,1,20306348,all,2764.5
Zone1,0,1,20306349,all,2707.5
Zone1,0,1,20306350,all,2650.5
Zone1,0,1,20306351,all,2622.0
Zone1,0,1,20306352,all,2650.5
Zone1,0,1,20306353,all,2707.5
Zone1,0,1,20306354,all,2850.0
Zone1,0,1,20306355,all,2907.0
Zone1,0,1,20306356,all,2935.5
Zone1,0,1,20306357,all,2878.5
Zone1,0,1,20306358,all,2736.0
Zone1,0,1,20306359,all,2508.0
Zone1,0,1,20306360,all,2280.0
Zone1,0,1,20306361,all,2137.5
Zone1,0,1,20306362,all,2052.0
Zone1,0,1,20306363,all,1995.0
Zone1,0,1,20306364,all,1938.0
Zone1,0,1,20306365,all,1966.5
Zone1,0,1,20306366,all,2052.0
Zone1,0,1,20306367,all,2280.0
Zone1,0,1,20306368,all,2565.0
Zone1,0,1,20306369,all,2793.0
Zone1,0,1,20306370,all,2850.0
Zone1,0,1,20306371,all,2821.5
Zone1,0,1,20306372,all,2764.5
Zone1,0,1,20306373,all,2707.5
Zone1,0,1,20306374,all,2650.5
Zone1,0,1,20306375,all,2622.0
Zone1,0,1,20306376,all,2650.5
Zone1,0,1,20306377,all,2707.5
Zone1,0,1,20306378,all,2850.0
Zone1,0,1,20306379,all,2907.0
Zone1,0,1,20306380,all,2935.5
Zone1,0,1,20306381,all,2878.5
Zone1,0,1,20306382,all,2736.0
Zone1,0,1,20306383,all,2508.0
Zone1,0,1,20306384,all,2280.0
Zone1,0,1,20306385,all,2137.5
Zone1,0,1,20306386,all,2052.0
Zone1,0,1,20306387,all,1995.0
Zone1,0,1,20306388,all,1938.0
Zone1,0,1,20306389,all,1966.5
Zone1,0,1,20306390,all,2052.0
Zone1,0,1,20306391,all,2280.0
Zone1,0,1,20306392,all,2565.0
Zone1,0,1,20306393,all,2793.0
Zone1,0,1,20306394,all,2850.0
Zone1,0,1,20306395,all,2821.5
Zone1,0,1,20306396,all,2764.5
Zone1,0,1,20306397,all,2707.5
Zone1,0,1,20306398,all,2650.5
Zone1,0,1,20306399,all,2622.0
Zone1,0,1,20306400,all,2650.5
Zone1,0,1,20306401,all,2707.5
Zone1,0,1,20306402,all,2850.0
Zone1,0,1,20306403,all,2907.0
Zone1,0,1,20306404,all,2935.5
Zone1,0,1,20306405,all,2878.5
Zone1,0,1,20306406,all,2736.0
Zone1,0,1,20306407,all,2508.0
Zone1,0,1,20306408,all,2280.0
Zone1,0,1,20306409,all,2137.5
Zone1,0,1,20306410,all,2052.0
Zone1,0,1,20306411,all,1995.0
Zone1,0,1,20306412,all,1938.0
Zone1,0,1,20306413,all,1966.5
Zone1,0,1,20306414,all,2052.0
Zone1,0,1,20306415,all,2280.0
Zone1,0,1,20306416,all,2565.0
Zone1,0,1,20306417,all,2793.0
Zone1,0,1,20306418,all,2850.0
Zone1,0,1,20306419,all,2821.5
Zone1,0,1,20306420,all,2764.5
Zone1,0,1,20306421,all,2707.5
Zone1,0,1,20306422,all,2650.5
Zone1,0,1,20306423,all,2622.0
Zone1,0,1,20306424,all,2650.5
Zone1,0,1,20306425,all,2707.5
Zone1,0,1,20306426,all,2850.0
Zone1,0,1,20306427,all,2907.0
Zone1,0,1,20306428,all,2935.5
Zone1,0,1,20306429,all,2878.5
Zone1,0,1,20306430,all,2736.0
Zone1,0,1,20306431,all,2508.0
Zone1,0,1,20306432,all,2280.0
Zone1,0,1,20306433,all,2137.5
Zone1,0,1,20306434,all,2052.0
Zone1,0,1,20306435,all,1995.0
Zone1,0,1,20306436,all,1938.0
Zone1,0,1,20306437,all,1966.5
Zone1,0,1,20306438,all,2052.0
Zone1,0,1,20306439,all,2280.0
Zone1,0,1,20306440,all,2565.0
Zone1,0,1,20306441,all,2793.0
Zone1,0,1,20306442,all,2850.0
Zone1,0,1,20306443,all,2821.5
Zone1,0,1,20306444,all,2764.5
Zone1,0,1,20306445,all,2707.5
Zone1,0,1,20306446,all,2650.5
Zone1,0,1,20306447,all,2622.0
Zone1,0,1,20306448,all,2650.5
Zone1,0,1,20306449,all,2707.5
Zone1,0,1,20306450,all,2850.0
Zone1,0,1,20306451,all,2907.0
Zone1,0,1,20306452,all,2935.5
Zone1,0,1,20306453,all,2878.5
Zone1,0,1,20306454,all,2736.0
Zone1,0,1,20306455,all,2508.0
Zone1,0,1,20306456,all,2280.0
Zone1,0,1,20306457,all,2137.5
Zone1,0,1,20306458,all,2052.0
Zone1,0,1,20306459,all,1995.0
Zone1,0,1,20306460,all,1938.0
Zone1,0,1,20306461,all,1966.5
Zone1,0,1,20306462,all,2052.0
Zone1,0,1,20306463,all,2280.0
Zone1,0,1,20306464,all,2565.0
Zone1,0,1,20306465,all,2793.0
Zone1,0,1,20306466,all,2850.0
Zone1,0,1,20306467,all,2821.5
Zone1,0,1,20306468,all,2764.5
Zone1,0,1,20306469,all,2707.5
Zone1,0,1,20306470,all,2650.5
Zone1,0,1,20306471,all,2622.0
Zone1,0,1,20306472,all,2650.5
Zone1,0,1,20306473,all,2707.5
Zone1,0,1,20306474,all,2850.0
Zone1,0,1,20306475,all,2907.0
Zone1,0,1,20306476,all,2935.5
Zone1,0,1,20306477,all,2878.5
Zone1,0,1,20306478,all,2736.0
Zone1,0,1,20306479,all,2508.0
Zone1,0,1,20306480,all,2280.0
Zone1,0,1,20306481,all,2137.5
Zone1,0,1,20306482,all,2052.0
Zone1,0,1,20306483,all,1995.0
Zone1,0,1,20306484,all,1938.0
Zone1,0,1,20306485,all,1966.5
Zone1,0,1,20306486,all,2052.0
Zone1,0,1,20306487,all,2280.0
Zone1,0,1,20306488,all,2565.0
Zone1,0,1,20306489,all,2793.0
Zone1,0,1,20306490,all,2850.0
Zone1,0,1,20306491,all,2821.5
Zone1,0,1,20306492,all,2764.5
Zone1,0,1,20306493,all,2707.5
Zone1,0,1,20306494,all,2650.5
Zone1,0,1,20306495,all,2622.0
Zone1,0,1,20306496,all,2650.5
Zone1,0,1,20306497,all,2707.5
Zone1,0,1,20306498,all,2850.0
Zone1,0,1,20306499,all,2907.0
Zone1,0,1,20306500,all,2935.5
Zone1,0,1,20306501,all,2878.5
Zone1,0,1,20306502,all,2736.0
Zone1,0,1,20306503,all,2508.0
Zone1,0,1,20306504,all,2280.0
Zone1,0,1,20306505,all,2137.5
Zone1,0,1,20306506,all,2052.0
Zone1,0,1,20306507,all,1995.0
Zone1,0,1,20306508,all,1938.0
Zone1,0,1,20306509,all,1966.5
Zone1,0,1,20306510,all,2052.0
Zone1,0,1,20306511,all,2280.0
Zone1,0,1,20306512,all,2565.0
Zone1,0,1,20306513,all,2793.0
Zone1,0,1,20306514,all,2850.0
Zone1,0,1,20306515,all,2821.5
Zone1,0,1,20306516,all,2764.5
Zone1,0,1,20306517,all,2707.5
Zone1,0,1,20306518,all,2650.5
Zone1,0,1,20306519,all,2622.0
Zone1,0,1,20306520,all,2650.5
Zone1,0,1,20306521,all,2707.5
Zone1,0,1,20306522,all,2850.0
Zone1,0,1,20306523,all,2907.0
Zone1,0,1,20306524,all,2935.5
Zone1,0,1,20306525,all,2878.5
Zone1,0,1,20306526,all,2736.0
Zone1,0,1,20306527,all,2508.0
Zone1,0,1,20306528,all,2280.0
Zone1,0,1,20306529,all,2137.5
Zone1,0,1,20306530,all,2052.0
Zone1,0,1,20306531,all,1995.0
Zone1,0,1,20306532,all,1938.0
Zone1,0,1,20306533,all,1966.5
Zone1,0,1,20306534,all,2052.0
Zone1,0,1,20306535,all,2280.0
Zone1,0,1,20306536,all,2565.0
Zone1,0,1,20306537,all,2793.0
Zone1,0,1,20306538,all,2850.0
Zone1,0,1,20306539,all,2821.5
Zone1,0,1,20306540,all,2764.5
Zone1,0,1,20306541,all,2707.5
Zone1,0,1,20306542,all,2650.5
Zone1,0,1,20306543,all,2622.0
Zone1,0,1,20306544,all,2650.5
Zone1,0,1,20306545,all,2707.5
Zone1,0,1,20306546,all,2850.0
Zone1,0,1,20306547,all,2907.0
Zone1,0,1,20306548,all,2935.5
Zone1,0,1,20306549,all,2878.5
Zone1,0,1,20306550,all,2736.0
Zone1,0,1,20306551,all,2508.0
Zone1,0,1,20306552,all,2280.0
Zone1,0,1,20306553,all,2025.0
Zone1,0,1,20306554,all,1944.0
Zone1,0,1,20306555,all,1890.0
Zone1,0,1,20306556,all,1836.0
Zone1,0,1,20306557,all,1863.0
Zone1,0,1,20306558,all,1944.0
Zone1,0,1,20306559,all,2160.0
Zone1,0,1,20306560,all,2430.0
Zone1,0,1,20306561,all,2646.0
Zone1,0,1,20306562,all,2700.0
Zone1,0,1,20306563,all,2673.0
Zone1,0,1,20306564,all,2619.0
Zone1,0,1,20306565,all,2565.0
Zone1,0,1,20306566,all,2511.0
Zone1,0,1,20306567,all,2484.0
Zone1,0,1,20306568,all,2511.0
Zone1,0,1,20306569,all,2565.0
Zone1,0,1,20306570,all,2700.0
Zone1,0,1,20306571,all,2754.0
Zone1,0,1,20306572,all,2781.0
Zone1,0,1,20306573,all,2727.0
Zone1,0,1,20306574,all,2592.0
Zone1,0,1,20306575,all,2376.0
Zone1,0,1,20306576,all,2160.0
Zone1,0,1,20306577,all,2025.0
Zone1,0,1,20306578,all,1944.0
Zone1,0,1,20306579,all,1890.0
Zone1,0,1,20306580,all,1836.0
Zone1,0,1,20306581,all,1863.0
Zone1,0,1,20306582,all,1944.0
Zone1,0,1,20306583,all,2160.0
Zone1,0,1,20306584,all,2430.0
Zone1,0,1,20306585,all,2646.0
Zone1,0,1,20306586,all,2700.0
Zone1,0,1,20306587,all,2673.0
Zone1,0,1,20306588,all,2619.0
Zone1,0,1,20306589,all,2565.0
Zone1,0,1,20306590,all,2511.0
Zone1,0,1,20306591,all,2484.0
Zone1,0,1,20306592,all,2511.0
Zone1,0,1,20306593,all,2565.0
Zone1,0,1,20306594,all,2700.0
Zone1,0,1,20306595,all,2754.0
Zone1,0,1,20306596,all,2781.0
Zone1,0,1,20306597,all,2727.0
Zone1,0,1,20306598,all,2592.0
Zone1,0,1,20306599,all,2376.0
Zone1,0,1,20306600,all,2160.0
Zone1,0,1,20306601,all,2025.0
Zone1,0,1,20306602,all,1944.0
Zone1,0,1,20306603,all,1890.0
Zone1,0,1,20306604,all,1836.0
Zone1,0,1,20306605,all,1863.0
Zone1,0,1,20306606,all,1944.0
Zone1,0,1,20306607,all,2160.0
Zone1,0,1,20306608,all,2430.0
Zone1,0,1,20306609,all,2646.0
Zone1,0,1,20306610,all,2700.0
Zone1,0,1,20306611,all,2673.0
Zone1,0,1,20306612,all,2619.0
Zone1,0,1,20306613,all,2565.0
Zone1,0,1,20306614,all,2511.0
Zone1,0,1,20306615,all,2484.0
Zone1,0,1,20306616,all,2511.0
Zone1,0,1,20306617,all,2565.0
Zone1,0,1,20306618,all,2700.0
Zone1,0,1,20306619,all,2754.0
Zone1,0,1,20306620,all,2781.0
Zone1,0,1,20306621,all,2727.0
Zone1,0,1,20306622,all,2592.0
Zone1,0,1,20306623,all,2376.0
Zone1,0,1,20306624,all,2160.0
Zone1,0,1,20306625,all,2025.0
Zone1,0,1,20306626,all,1944.0
Zone1,0,1,20306627,all,1890.0
Zone1,0,1,20306628,all,1836.0
Zone1,0,1,20306629,all,1863.0
Zone1,0,1,20306630,all,1944.0
Zone1,0,1,20306631,all,2160.0
Zone1,0,1,20306632,all,2430.0
Zone1,0,1,20306633,all,2646.0
Zone1,0,1,20306634,all,2700.0
Zone1,0,1,20306635,all,2673.0
Zone1,0,1,20306636,all,2619.0
Zone1,0,1,20306637,all,2565.0
Zone1,0,1,20306638,all,2511.0
Zone1,0,1,20306639,all,2484.0
Zone1,0,1,20306640,all,2511.0
Zone1,0,1,20306641,all,2565.0
Zone1,0,1,20306642,all,2700.0
Zone1,0,1,20306643,all,2754.0
Zone1,0,1,20306644,all,2781.0
Zone1,0,1,20306645,all,2727.0
Zone1,0,1,20306646,all,2592.0
Zone1,0,1,20306647,all,2376.0
Zone1,0,1,20306648,all,2160.0
Zone1,0,1,20306649,all,2025.0
Zone1,0,1,20306650,all,1944.0
Zone1,0,1,20306651,all,1890.0
Zone1,0,1,20306652,all,1836.0
Zone1,0,1,20306653,all,1863.0
Zone1,0,1,20306654,all,1944.0
Zone1,0,1,20306655,all,2160.0
Zone1,0,1,20306656,all,2430.0
Zone1,0,1,20306657,all,2646.0
Zone1,0,1,20306658,all,2700.0
Zone1,0,1,20306659,all,2673.0
Zone1,0,1,20306660,all,2619.0
Zone1,0,1,20306661,all,2565.0
Zone1,0,1,20306662,all,2511.0
Zone1,0,1,20306663,all,2484.0
Zone1,0,1,20306664,all,2511.0
Zone1,0,1,20306665,all,2565.0
Zone1,0,1,20306666,all,2700.0
Zone1,0,1,20306667,all,2754.0
Zone1,0,1,20306668,all,2781.0
Zone1,0,1,20306669,all,2727.0
Zone1,0,1,20306670,all,2592.0
Zone1,0,1,20306671,all,2376.0
Zone1,0,1,20306672,all,2160.0
Zone1,0,1,20306673,all,2025.0
Zone1,0,1,20306674,all,1944.0
Zone1,0,1,20306675,all,1890.0
Zone1,0,1,20306676,all,1836.0
Zone1,0,1,20306677,all,1863.0
Zone1,0,1,20306678,all,1944.0
Zone1,0,1,20306679,all,2160.0
Zone1,0,1,20306680,all,2430.0
Zone1,0,1,20306681,all,2646.0
Zone1,0,1,20306682,all,2700.0
Zone1,0,1,20306683,all,2673.0
Zone1,0,1,20306684,all,2619.0
Zone1,0,1,20306685,all,2565.0
Zone1,0,1,20306686,all,2511.0
Zone1,0,1,20306687,all,2484.0
Zone1,0,1,20306688,all,2511.0
Zone1,0,1,20306689,all,2565.0
Zone1,0,1,20306690,all,2700.0
Zone1,0,1,20306691,all,2754.0
Zone1,0,1,20306692,all,2781.0
Zone1,0,1,20306693,all,2727.0
Zone1,0,1,20306694,all,2592.0
Zone1,0,1,20306695,all,2376.0
Zone1,0,1,20306696,all,2160.0
Zone1,0,1,20306697,all,2025.0
Zone1,0,1,20306698,all,1944.0
Zone1,0,1,20306699,all,1890.0
Zone1,0,1,20306700,all,1836.0
Zone1,0,1,20306701,all,1863.0
Zone1,0,1,20306702,all,1944.0
Zone1,0,1,20306703,all,2160.0
Zone1,0,1,20306704,all,2430.0
Zone1,0,1,20306705,all,2646.0
Zone1,0,1,20306706,all,2700.0
Zone1,0,1,20306707,all,2673.0
Zone1,0,1,20306708,all,2619.0
Zone1,0,1,20306709,all,2565.0
Zone1,0,1,20306710,all,2511.0
Zone1,0,1,20306711,all,2484.0
Zone1,0,1,20306712,all,2511.0
Zone1,0,1,20306713,all,2565.0
Zone1,0,1,20306714,all,2700.0
Zone1,0,1,20306715,all,2754.0
Zone1,0,1,20306716,all,2781.0
Zone1,0,1,20306717,all,2727.0
Zone1,0,1,20306718,all,2592.0
Zone1,0,1,20306719,all,2376.0
Zone1,0,1,20306720,all,2160.0
Zone1,0,1,20306721,all,2025.0
Zone1,0,1,20306722,all,1944.0
Zone1,0,1,20306723,all,1890.0
Zone1,0,1,20306724,all,1836.0
Zone1,0,1,20306725,all,1863.0
Zone1,0,1,20306726,all,1944.0
Zone1,0,1,20306727,all,2160.0
Zone1,0,1,20306728,all,2430.0
Zone1,0,1,20306729,all,2646.0
Zone1,0,1,20306730,all,2700.0
Zone1,0,1,20306731,all,2673.0
Zone1,0,1,20306732,all,2619.0
Zone1,0,1,20306733,all,2565.0
Zone1,0,1,20306734,all,2511.0
Zone1,0,1,20306735,all,2484.0
Zone1,0,1,20306736,all,2511.0
Zone1,0,1,20306737,all,2565.0
Zone1,0,1,20306738,all,2700.0
Zone1,0,1,20306739,all,2754.0
Zone1,0,1,20306740,all,2781.0
Zone1,0,1,20306741,all,2727.0
Zone1,0,1,20306742,all,2592.0
Zone1,0,1,20306743,all,2376.0
Zone1,0,1,20306744,all,2160.0
Zone1,0,1,20306745,all,2025.0
Zone1,0,1,20306746,all,1944.0
Zone1,0,1,20306747,all,1890.0
Zone1,0,1,20306748,all,1836.0
Zone1,0,1,20306749,all,1863.0
Zone1,0,1,20306750,all,1944.0
Zone1,0,1,20306751,all,2160.0
Zone1,0,1,20306752,all,2430.0
Zone1,0,1,20306753,all,2646.0
Zone1,0,1,20306754,all,2700.0
Zone1,0,1,20306755,all,2673.0
Zone1,0,1,20306756,all,2619.0
Zone1,0,1,20306757,all,2565.0
Zone1,0,1,20306758,all,2511.0
Zone1,0,1,20306759,all,2484.0
Zone1,0,1,20306760,all,2511.0
Zone1,0,1,20306761,all,2565.0
Zone1,0,1,20306762,all,2700.0
Zone1,0,1,20306763,all,2754.0
Zone1,0,1,20306764,all,2781.0
Zone1,0,1,20306765,all,2727.0
Zone1,0,1,20306766,all,2592.0
Zone1,0,1,20306767,all,2376.0
Zone1,0,1,20306768,all,2160.0
Zone1,0,1,20306769,all,2025.0
Zone1,0,1,20306770,all,1944.0
Zone1,0,1,20306771,all,1890.0
Zone1,0,1,20306772,all,1836.0
Zone1,0,1,20306773,all,1863.0
Zone1,0,1,20306774,all,1944.0
Zone1,0,1,20306775,all,2160.0
Zone1,0,1,20306776,all,2430.0
Zone1,0,1,20306777,all,2646.0
Zone1,0,1,20306778,all,2700.0
Zone1,0,1,20306779,all,2673.0
Zone1,0,1,20306780,all,2619.0
Zone1,0,1,20306781,all,2565.0
Zone1,0,1,20306782,all,2511.0
Zone1,0,1,20306783,all,2484.0
Zone1,0,1,20306784,all,2511.0
Zone1,0,1,20306785,all,2565.0
Zone1,0,1,20306786,all,2700.0
Zone1,0,1,20306787,all,2754.0
Zone1,0,1,20306788,all,2781.0
Zone1,0,1,20306789,all,2727.0
Zone1,0,1,20306790,all,2592.0
Zone1,0,1,20306791,all,2376.0
Zone1,0,1,20306792,all,2160.0
Zone1,0,1,20306793,all,2025.0
Zone1,0,1,20306794,all,1944.0
Zone1,0,1,20306795,all,1890.0
Zone1,0,1,20306796,all,1836.0
Zone1,0,1,20306797,all,1863.0
Zone1,0,1,20306798,all,1944.0
Zone1,0,1,20306799,all,2160.0
Zone1,0,1,20306800,all,2430.0
Zone1,0,1,20306801,all,2646.0
Zone1,0,1,20306802,all,2700.0
Zone1,0,1,20306803,all,2673.0
Zone1,0,1,20306804,all,2619.0
Zone1,0,1,20306805,all,2565.0
Zone1,0,1,20306806,all,2511.0
Zone1,0,1,20306807,all,2484.0
Zone1,0,1,20306808,all,2511.0
Zone1,0,1,20306809,all,2565.0
Zone1,0,1,20306810,all,2700.0
Zone1,0,1,20306811,all,2754.0
Zone1,0,1,20306812,all,2781.0
Zone1,0,1,20306813,all,2727.0
Zone1,0,1,20306814,all,2592.0
Zone1,0,1,20306815,all,2376.0
Zone1,0,1,20306816,all,2160.0
Zone1,0,1,20306817,all,2025.0
Zone1,0,1,20306818,all,1944.0
Zone1,0,1,20306819,all,1890.0
Zone1,0,1,20306820,all,1836.0
Zone1,0,1,20306821,all,1863.0
Zone1,0,1,20306822,all,1944.0
Zone1,0,1,20306823,all,2160.0
Zone1,0,1,20306824,all,2430.0
Zone1,0,1,20306825,all,2646.0
Zone1,0,1,20306826,all,2700.0
Zone1,0,1,20306827,all,2673.0
Zone1,0,1,20306828,all,2619.0
Zone1,0,1,20306829,all,2565.0
Zone1,0,1,20306830,all,2511.0
Zone1,0,1,20306831,all,2484.0
Zone1,0,1,20306832,all,2511.0
Zone1,0,1,20306833,all,2565.0
Zone1,0,1,20306834,all,2700.0
Zone1,0,1,20306835,all,2754.0
Zone1,0,1,20306836,all,2781.0
Zone1,0,1,20306837,all,2727.0
Zone1,0,1,20306838,all,2592.0
Zone1,0,1,20306839,all,2376.0
Zone1,0,1,20306840,all,2160.0
Zone1,0,1,20306841,all,2025.0
Zone1,0,1,20306842,all,1944.0
Zone1,0,1,20306843,all,1890.0
Zone1,0,1,20306844,all,1836.0
Zone1,0,1,20306845,all,1863.0
Zone1,0,1,20306846,all,1944.0
Zone1,0,1,20306847,all,2160.0
Zone1,0,1,20306848,all,2430.0
Zone1,0,1,20306849,all,2646.0
Zone1,0,1,20306850,all,2700.0
Zone1,0,1,20306851,all,2673.0
Zone1,0,1,20306852,all,2619.0
Zone1,0,1,20306853,all,2565.0
Zone1,0,1,20306854,all,2511.0
Zone1,0,1,20306855,all,2484.0
Zone1,0,1,20306856,all,2511.0
Zone1,0,1,20306857,all,2565.0
Zone1,0,1,20306858,all,2700.0
Zone1,0,1,20306859,all,2754.0
Zone1,0,1,20306860,all,2781.0
Zone1,0,1,20306861,all,2727.0
Zone1,0,1,20306862,all,2592.0
Zone1,0,1,20306863,all,2376.0
Zone1,0,1,20306864,all,2160.0
Zone1,0,1,20306865,all,2025.0
Zone1,0,1,20306866,all,1944.0
Zone1,0,1,20306867,all,1890.0
Zone1,0,1,20306868,all,1836.0
Zone1,0,1,20306869,all,1863.0
Zone1,0,1,20306870,all,1944.0
Zone1,0,1,20306871,all,2160.0
Zone1,0,1,20306872,all,2430.0
Zone1,0,1,20306873,all,2646.0
Zone1,0,1,20306874,all,2700.0
Zone1,0,1,20306875,all,2673.0
Zone1,0,1,20306876,all,2619.0
Zone1,0,1,20306877,all,2565.0
Zone1,0,1,20306878,all,2511.0
Zone1,0,1,20306879,all,2484.0
Zone1,0,1,20306880,all,2511.0
Zone1,0,1,20306881,all,2565.0
Zone1,0,1,20306882,all,2700.0
Zone1,0,1,20306883,all,2754.0
Zone1,0,1,20306884,all,2781.0
Zone1,0,1,20306885,all,2727.0
Zone1,0,1,20306886,all,2592.0
Zone1,0,1,20306887,all,2376.0
Zone1,0,1,20306888,all,2160.0
Zone1,0,1,20306889,all,2025.0
Zone1,0,1,20306890,all,1944.0
Zone1,0,1,20306891,all,1890.0
Zone1,0,1,20306892,all,1836.0
Zone1,0,1,20306893,all,1863.0
Zone1,0,1,20306894,all,1944.0
Zone1,0,1,20306895,all,2160.0
Zone1,0,1,20306896,all,2430.0
Zone1,0,1,20306897,all,2646.0
Zone1,0,1,20306898,all,2700.0
Zone1,0,1,20306899,all,2673.0
Zone1,0,1,20306900,all,2619.0
Zone1,0,1,20306901,all,2565.0
Zone1,0,1,20306902,all,2511.0
Zone1,0,1,20306903,all,2484.0
Zone1,0,1,20306904,all,2511.0
Zone1,0,1,20306905,all,2565.0
Zone1,0,1,20306906,all,2700.0
Zone1,0,1,20306907,all,2754.0
Zone1,0,1,20306908,all,2781.0
Zone1,0,1,20306909,all,2727.0
Zone1,0,1,20306910,all,2592.0
Zone1,0,1,20306911,all,2376.0
Zone1,0,1,20306912,all,2160.0
Zone1,0,1,20306913,all,2025.0
Zone1,0,1,20306914,all,1944.0
Zone1,0,1,20306915,all,1890.0
Zone1,0,1,20306916,all,1836.0
Zone1,0,1,20306917,all,1863.0
Zone1,0,1,20306918,all,1944.0
Zone1,0,1,20306919,all,2160.0
Zone1,0,1,20306920,all,2430.0
Zone1,0,1,20306921,all,2646.0
Zone1,0,1,20306922,all,2700.0
Zone1,0,1,20306923,all,2673.0
Zone1,0,1,20306924,all,2619.0
Zone1,0,1,20306925,all,2565.0
Zone1,0,1,20306926,all,2511.0
Zone1,0,1,20306927,all,2484.0
Zone1,0,1,20306928,all,2511.0
Zone1,0,1,20306929,all,2565.0
Zone1,0,1,20306930,all,2700.0
Zone1,0,1,20306931,all,2754.0
Zone1,0,1,20306932,all,2781.0
Zone1,0,1,20306933,all,2727.0
Zone1,0,1,20306934,all,2592.0
Zone1,0,1,20306935,all,2376.0
Zone1,0,1,20306936,all,2160.0
Zone1,0,1,20306937,all,2025.0
Zone1,0,1,20306938,all,1944.0
Zone1,0,1,20306939,all,1890.0
Zone1,0,1,20306940,all,1836.0
Zone1,0,1,20306941,all,1863.0
Zone1,0,1,20306942,all,1944.0
Zone1,0,1,20306943,all,2160.0
Zone1,0,1,20306944,all,2430.0
Zone1,0,1,20306945,all,2646.0
Zone1,0,1,20306946,all,2700.0
Zone1,0,1,20306947,all,2673.0
Zone1,0,1,20306948,all,2619.0
Zone1,0,1,20306949,all,2565.0
Zone1,0,1,20306950,all,2511.0
Zone1,0,1,20306951,all,2484.0
Zone1,0,1,20306952,all,2511.0
Zone1,0,1,20306953,all,2565.0
Zone1,0,1,20306954,all,2700.0
Zone1,0,1,20306955,all,2754.0
Zone1,0,1,20306956,all,2781.0
Zone1,0,1,20306957,all,2727.0
Zone1,0,1,20306958,all,2592.0
Zone1,0,1,20306959,all,2376.0
Zone1,0,1,20306960,all,2160.0
Zone1,0,1,20306961,all,2025.0
Zone1,0,1,20306962,all,1944.0
Zone1,0,1,20306963,all,1890.0
Zone1,0,1,20306964,all,1836.0
Zone1,0,1,20306965,all,1863.0
Zone1,0,1,20306966,all,1944.0
Zone1,0,1,20306967,all,2160.0
Zone1,0,1,20306968,all,2430.0
Zone1,0,1,20306969,all,2646.0
Zone1,0,1,20306970,all,2700.0
Zone1,0,1,20306971,all,2673.0
Zone1,0,1,20306972,all,2619.0
Zone1,0,1,20306973,all,2565.0
Zone1,0,1,20306974,all,2511.0
Zone1,0,1,20306975,all,2484.0
Zone1,0,1,20306976,all,2511.0
Zone1,0,1,20306977,all,2565.0
Zone1,0,1,20306978,all,2700.0
Zone1,0,1,20306979,all,2754.0
Zone1,0,1,20306980,all,2781.0
Zone1,0,1,20306981,all,2727.0
Zone1,0,1,20306982,all,2592.0
Zone1,0,1,20306983,all,2376.0
Zone1,0,1,20306984,all,2160.0
Zone1,0,1,20306985,all,2025.0
Zone1,0,1,20306986,all,1944.0
Zone1,0,1,20306987,all,1890.0
Zone1,0,1,20306988,all,1836.0
Zone1,0,1,20306989,all,1863.0
Zone1,0,1,20306990,all,1944.0
Zone1,0,1,20306991,all,2160.0
Zone1,0,1,20306992,all,2430.0
Zone1,0,1,20306993,all,2646.0
Zone1,0,1,20306994,all,2700.0
Zone1,0,1,20306995,all,2673.0
Zone1,0,1,20306996,all,2619.0
Zone1,0,1,20306997,all,2565.0
Zone1,0,1,20306998,all,2511.0
Zone1,0,1,20306999,all,2484.0
Zone1,0,1,20307000,all,2511.0
Zone1,0,1,20307001,all,2565.0
Zone1,0,1,20307002,all,2700.0
Zone1,0,1,20307003,all,2754.0
Zone1,0,1,20307004,all,2781.0
Zone1,0,1,20307005,all,2727.0
Zone1,0,1,20307006,all,2592.0
Zone1,0,1,20307007,all,2376.0
Zone1,0,1,20307008,all,2160.0
Zone1,0,1,20307009,all,2025.0
Zone1,0,1,20307010,all,1944.0
Zone1,0,1,20307011,all,1890.0
Zone1,0,1,20307012,all,1836.0
Zone1,0,1,20307013,all,1863.0
Zone1,0,1,20307014,all,1944.0
Zone1,0,1,20307015,all,2160.0
Zone1,0,1,20307016,all,2430.0
Zone1,0,1,20307017,all,2646.0
Zone1,0,1,20307018,all,2700.0
Zone1,0,1,20307019,all,2673.0
Zone1,0,1,20307020,all,2619.0
Zone1,0,1,20307021,all,2565.0
Zone1,0,1,20307022,all,2511.0
Zone1,0,1,20307023,all,2484.0
Zone1,0,1,20307024,all,2511.0
Zone1,0,1,20307025,all,2565.0
Zone1,0,1,20307026,all,2700.0
Zone1,0,1,20307027,all,2754.0
Zone1,0,1,20307028,all,2781.0
Zone1,0,1,20307029,all,2727.0
Zone1,0,1,20307030,all,2592.0
Zone1,0,1,20307031,all,2376.0
Zone1,0,1,20307032,all,2160.0
Zone1,0,1,20307033,all,2025.0
Zone1,0,1,20307034,all,1944.0
Zone1,0,1,20307035,all,1890.0
Zone1,0,1,20307036,all,1836.0
Zone1,0,1,20307037,all,1863.0
Zone1,0,1,20307038,all,1944.0
Zone1,0,1,20307039,all,2160.0
Zone1,0,1,20307040,all,2430.0
Zone1,0,1,20307041,all,2646.0
Zone1,0,1,20307042,all,2700.0
Zone1,0,1,20307043,all,2673.0
Zone1,0,1,20307044,all,2619.0
Zone1,0,1,20307045,all,2565.0
Zone1,0,1,20307046,all,2511.0
Zone1,0,1,20307047,all,2484.0
Zone1,0,1,20307048,all,2511.0
Zone1,0,1,20307049,all,2565.0
Zone1,0,1,20307050,all,2700.0
Zone1,0,1,20307051,all,2754.0
Zone1,0,1,20307052,all,2781.0
Zone1,0,1,20307053,all,2727.0
Zone1,0,1,20307054,all,2592.0
Zone1,0,1,20307055,all,2376.0
Zone1,0,1,20307056,all,2160.0
Zone1,0,1,20307057,all,2025.0
Zone1,0,1,20307058,all,1944.0
Zone1,0,1,20307059,all,1890.0
Zone1,0,1,20307060,all,1836.0
Zone1,0,1,20307061,all,1863.0
Zone1,0,1,20307062,all,1944.0
Zone1,0,1,20307063,all,2160.0
Zone1,0,1,20307064,all,2430.0
Zone1,0,1,20307065,all,2646.0
Zone1,0,1,20307066,all,2700.0
Zone1,0,1,20307067,all,2673.0
Zone1,0,1,20307068,all,2619.0
Zone1,0,1,20307069,all,2565.0
Zone1,0,1,20307070,all,2511.0
Zone1,0,1,20307071,all,2484.0
Zone1,0,1,20307072,all,2511.0
Zone1,0,1,20307073,all,2565.0
Zone1,0,1,20307074,all,2700.0
Zone1,0,1,20307075,all,2754.0
Zone1,0,1,20307076,all,2781.0
Zone1,0,1,20307077,all,2727.0
Zone1,0,1,20307078,all,2592.0
Zone1,0,1,20307079,all,2376.0
Zone1,0,1,20307080,all,2160.0
Zone1,0,1,20307081,all,2025.0
Zone1,0,1,20307082,all,1944.0
Zone1,0,1,20307083,all,1890.0
Zone1,0,1,20307084,all,1836.0
Zone1,0,1,20307085,all,1863.0
Zone1,0,1,20307086,all,1944.0
Zone1,0,1,20307087,all,2160.0
Zone1,0,1,20307088,all,2430.0
Zone1,0,1,20307089,all,2646.0
Zone1,0,1,20307090,all,2700.0
Zone1,0,1,20307091,all,2673.0
Zone1,0,1,20307092,all,2619.0
Zone1,0,1,20307093,all,2565.0
Zone1,0,1,20307094,all,2511.0
Zone1,0,1,20307095,all,2484.0
Zone1,0,1,20307096,all,2511.0
Zone1,0,1,20307097,all,2565.0
Zone1,0,1,20307098,all,2700.0
Zone1,0,1,20307099,all,2754.0
Zone1,0,1,20307100,all,2781.0
Zone1,0,1,20307101,all,2727.0
Zone1,0,1,20307102,all,2592.0
Zone1,0,1,20307103,all,2376.0
Zone1,0,1,20307104,all,2160.0
Zone1,0,1,20307105,all,2025.0
Zone1,0,1,20307106,all,1944.0
Zone1,0,1,20307107,all,1890.0
Zone1,0,1,20307108,all,1836.0
Zone1,0,1,20307109,all,1863.0
Zone1,0,1,20307110,all,1944.0
Zone1,0,1,20307111,all,2160.0
Zone1,0,1,20307112,all,2430.0
Zone1,0,1,20307113,all,2646.0
Zone1,0,1,20307114,all,2700.0
Zone1,0,1,20307115,all,2673.0
Zone1,0,1,20307116,all,2619.0
Zone1,0,1,20307117,all,2565.0
Zone1,0,1,20307118,all,2511.0
Zone1,0,1,20307119,all,2484.0
Zone1,0,1,20307120,all,2511.0
Zone1,0,1,20307121,all,2565.0
Zone1,0,1,20307122,all,2700.0
Zone1,0,1,20307123,all,2754.0
Zone1,0,1,20307124,all,2781.0
Zone1,0,1,20307125,all,2727.0
Zone1,0,1,20307126,all,2592.0
Zone1,0,1,20307127,all,2376.0
Zone1,0,1,20307128,all,2160.0
Zone1,0,1,20307129,all,2025.0
Zone1,0,1,20307130,all,1944.0
Zone1,0,1,20307131,all,1890.0
Zone1,0,1,20307132,all,1836.0
Zone1,0,1,20307133,all,1863.0
Zone1,0,1,20307134,all,1944.0
Zone1,0,1,20307135,all,2160.0
Zone1,0,1,20307136,all,2430.0
Zone1,0,1,20307137,all,2646.0
Zone1,0,1,20307138,all,2700.0
Zone1,0,1,20307139,all,2673.0
Zone1,0,1,20307140,all,2619.0
Zone1,0,1,20307141,all,2565.0
Zone1,0,1,20307142,all,2511.0
Zone1,0,1,20307143,all,2484.0
Zone1,0,1,20307144,all,2511.0
Zone1,0,1,20307145,all,2565.0
Zone1,0,1,20307146,all,2700.0
Zone1,0,1,20307147,all,2754.0
Zone1,0,1,20307148,all,2781.0
Zone1,0,1,20307149,all,2727.0
Zone1,0,1,20307150,all,2592.0
Zone1,0,1,20307151,all,2376.0
Zone1,0,1,20307152,all,2160.0
Zone1,0,1,20307153,all,2025.0
Zone1,0,1,20307154,all,1944.0
Zone1,0,1,20307155,all,1890.0
Zone1,0,1,20307156,all,1836.0
Zone1,0,1,20307157,all,1863.0
Zone1,0,1,20307158,all,1944.0
Zone1,0,1,20307159,all,2160.0
Zone1,0,1,20307160,all,2430.0
Zone1,0,1,20307161,all,2646.0
Zone1,0,1,20307162,all,2700.0
Zone1,0,1,20307163,all,2673.0
Zone1,0,1,20307164,all,2619.0
Zone1,0,1,20307165,all,2565.0
Zone1,0,1,20307166,all,2511.0
Zone1,0,1,20307167,all,2484.0
Zone1,0,1,20307168,all,2511.0
Zone1,0,1,20307169,all,2565.0
Zone1,0,1,20307170,all,2700.0
Zone1,0,1,20307171,all,2754.0
Zone1,0,1,20307172,all,2781.0
Zone1,0,1,20307173,all,2727.0
Zone1,0,1,20307174,all,2592.0
Zone1,0,1,20307175,all,2376.0
Zone1,0,1,20307176,all,2160.0
Zone1,0,1,20307177,all,2025.0
Zone1,0,1,20307178,all,1944.0
Zone1,0,1,20307179,all,1890.0
Zone1,0,1,20307180,all,1836.0
Zone1,0,1,20307181,all,1863.0
Zone1,0,1,20307182,all,1944.0
Zone1,0,1,20307183,all,2160.0
Zone1,0,1,20307184,all,2430.0
Zone1,0,1,20307185,all,2646.0
Zone1,0,1,20307186,all,2700.0
Zone1,0,1,20307187,all,2673.0
Zone1,0,1,20307188,all,2619.0
Zone1,0,1,20307189,all,2565.0
Zone1,0,1,20307190,all,2511.0
Zone1,0,1,20307191,all,2484.0
Zone1,0,1,20307192,all,2511.0
Zone1,0,1,20307193,all,2565.0
Zone1,0,1,20307194,all,2700.0
Zone1,0,1,20307195,all,2754.0
Zone1,0,1,20307196,all,2781.0
Zone1,0,1,20307197,all,2727.0
Zone1,0,1,20307198,all,2592.0
Zone1,0,1,20307199,all,2376.0
Zone1,0,1,20307200,all,2160.0
Zone1,0,1,20307201,all,2025.0
Zone1,0,1,20307202,all,1944.0
Zone1,0,1,20307203,all,1890.0
Zone1,0,1,20307204,all,1836.0
Zone1,0,1,20307205,all,1863.0
Zone1,0,1,20307206,all,1944.0
Zone1,0,1,20307207,all,2160.0
Zone1,0,1,20307208,all,2430.0
Zone1,0,1,20307209,all,2646.0
Zone1,0,1,20307210,all,2700.0
Zone1,0,1,20307211,all,2673.0
Zone1,0,1,20307212,all,2619.0
Zone1,0,1,20307213,all,2565.0
Zone1,0,1,20307214,all,2511.0
Zone1,0,1,20307215,all,2484.0
Zone1,0,1,20307216,all,2511.0
Zone1,0,1,20307217,all,2565.0
Zone1,0,1,20307218,all,2700.0
Zone1,0,1,20307219,all,2754.0
Zone1,0,1,20307220,all,2781.0
Zone1,0,1,20307221,all,2727.0
Zone1,0,1,20307222,all,2592.0
Zone1,0,1,20307223,all,2376.0
Zone1,0,1,20307224,all,2160.0
Zone1,0,1,20307225,all,2025.0
Zone1,0,1,20307226,all,1944.0
Zone1,0,1,20307227,all,1890.0
Zone1,0,1,20307228,all,1836.0
Zone1,0,1,20307229,all,1863.0
Zone1,0,1,20307230,all,1944.0
Zone1,0,1,20307231,all,2160.0
Zone1,0,1,20307232,all,2430.0
Zone1,0,1,20307233,all,2646.0
Zone1,0,1,20307234,all,2700.0
Zone1,0,1,20307235,all,2673.0
Zone1,0,1,20307236,all,2619.0
Zone1,0,1,20307237,all,2565.0
Zone1,0,1,20307238,all,2511.0
Zone1,0,1,20307239,all,2484.0
Zone1,0,1,20307240,all,2511.0
Zone1,0,1,20307241,all,2565.0
Zone1,0,1,20307242,all,2700.0
Zone1,0,1,20307243,all,2754.0
Zone1,0,1,20307244,all,2781.0
Zone1,0,1,20307245,all,2727.0
Zone1,0,1,20307246,all,2592.0
Zone1,0,1,20307247,all,2376.0
Zone1,0,1,20307248,all,2160.0
Zone1,0,1,20307249,all,2025.0
Zone1,0,1,20307250,all,1944.0
Zone1,0,1,20307251,all,1890.0
Zone1,0,1,20307252,all,1836.0
Zone1,0,1,20307253,all,1863.0
Zone1,0,1,20307254,all,1944.0
Zone1,0,1,20307255,all,2160.0
Zone1,0,1,20307256,all,2430.0
Zone1,0,1,20307257,all,2646.0
Zone1,0,1,20307258,all,2700.0
Zone1,0,1,20307259,all,2673.0
Zone1,0,1,20307260,all,2619.0
Zone1,0,1,20307261,all,2565.0
Zone1,0,1,20307262,all,2511.0
Zone1,0,1,20307263,all,2484.0
Zone1,0,1,20307264,all,2511.0
Zone1,0,1,20307265,all,2565.0
Zone1,0,1,20307266,all,2700.0
Zone1,0,1,20307267,all,2754.0
Zone1,0,1,20307268,all,2781.0
Zone1,0,1,20307269,all,2727.0
Zone1,0,1,20307270,all,2592.0
Zone1,0,1,20307271,all,2376.0
Zone1,0,1,20307272,all,2160.0
Zone1,0,1,20307273,all,2025.0
Zone1,0,1,20307274,all,1944.0
Zone1,0,1,20307275,all,1890.0
Zone1,0,1,20307276,all,1836.0
Zone1,0,1,20307277,all,1863.0
Zone1,0,1,20307278,all,1944.0
Zone1,0,1,20307279,all,2160.0
Zone1,0,1,20307280,all,2430.0
Zone1,0,1,20307281,all,2646.0
Zone1,0,1,20307282,all,2700.0
Zone1,0,1,20307283,all,2673.0
Zone1,0,1,20307284,all,2619.0
Zone1,0,1,20307285,all,2565.0
Zone1,0,1,20307286,all,2511.0
Zone1,0,1,20307287,all,2484.0
Zone1,0,1,20307288,all,2511.0
Zone1,0,1,20307289,all,2565.0
Zone1,0,1,20307290,all,2700.0
Zone1,0,1,20307291,all,2754.0
Zone1,0,1,20307292,all,2781.0
Zone1,0,1,20307293,all,2727.0
Zone1,0,1,20307294,all,2592.0
Zone1,0,1,20307295,all,2376.0
Zone1,0,1,20307296,all,2160.0
Zone1,0,1,20307297,all,2250.0
Zone1,0,1,20307298,all,2160.0
Zone1,0,1,20307299,all,2100.0
Zone1,0,1,20307300,all,2040.0
Zone1,0,1,20307301,all,2070.0
Zone1,0,1,20307302,all,2160.0
Zone1,0,1,20307303,all,2400.0
Zone1,0,1,20307304,all,2700.0
Zone1,0,1,20307305,all,2940.0
Zone1,0,1,20307306,all,3000.0
Zone1,0,1,20307307,all,2970.0
Zone1,0,1,20307308,all,2910.0
Zone1,0,1,20307309,all,2850.0
Zone1,0,1,20307310,all,2790.0
Zone1,0,1,20307311,all,2760.0
Zone1,0,1,20307312,all,2790.0
Zone1,0,1,20307313,all,2850.0
Zone1,0,1,20307314,all,3000.0
Zone1,0,1,20307315,all,3060.0
Zone1,0,1,20307316,all,3090.0
Zone1,0,1,20307317,all,3030.0
Zone1,0,1,20307318,all,2880.0
Zone1,0,1,20307319,all,2640.0
Zone1,0,1,20307320,all,2400.0
Zone1,0,1,20307321,all,2250.0
Zone1,0,1,20307322,all,2160.0
Zone1,0,1,20307323,all,2100.0
Zone1,0,1,20307324,all,2040.0
Zone1,0,1,20307325,all,2070.0
Zone1,0,1,20307326,all,2160.0
Zone1,0,1,20307327,all,2400.0
Zone1,0,1,20307328,all,2700.0
Zone1,0,1,20307329,all,2940.0
Zone1,0,1,20307330,all,3000.0
Zone1,0,1,20307331,all,2970.0
Zone1,0,1,20307332,all,2910.0
Zone1,0,1,20307333,all,2850.0
Zone1,0,1,20307334,all,2790.0
Zone1,0,1,20307335,all,2760.0
Zone1,0,1,20307336,all,2790.0
Zone1,0,1,20307337,all,2850.0
Zone1,0,1,20307338,all,3000.0
Zone1,0,1,20307339,all,3060.0
Zone1,0,1,20307340,all,3090.0
Zone1,0,1,20307341,all,3030.0
Zone1,0,1,20307342,all,2880.0
Zone1,0,1,20307343,all,2640.0
Zone1,0,1,20307344,all,2400.0
Zone1,0,1,20307345,all,2250.0
Zone1,0,1,20307346,all,2160.0
Zone1,0,1,20307347,all,2100.0
Zone1,0,1,20307348,all,2040.0
Zone1,0,1,20307349,all,2070.0
Zone1,0,1,20307350,all,2160.0
Zone1,0,1,20307351,all,2400.0
Zone1,0,1,20307352,all,2700.0
Zone1,0,1,20307353,all,2940.0
Zone1,0,1,20307354,all,3000.0
Zone1,0,1,20307355,all,2970.0
Zone1,0,1,20307356,all,2910.0
Zone1,0,1,20307357,all,2850.0
Zone1,0,1,20307358,all,2790.0
Zone1,0,1,20307359,all,2760.0
Zone1,0,1,20307360,all,2790.0
Zone1,0,1,20307361,all,2850.0
Zone1,0,1,20307362,all,3000.0
Zone1,0,1,20307363,all,3060.0
Zone1,0,1,20307364,all,3090.0
Zone1,0,1,20307365,all,3030.0
Zone1,0,1,20307366,all,2880.0
Zone1,0,1,20307367,all,2640.0
Zone1,0,1,20307368,all,2400.0
Zone1,0,1,20307369,all,2250.0
Zone1,0,1,20307370,all,2160.0
Zone1,0,1,20307371,all,2100.0
Zone1,0,1,20307372,all,2040.0
Zone1,0,1,20307373,all,2070.0
Zone1,0,1,20307374,all,2160.0
Zone1,0,1,20307375,all,2400.0
Zone1,0,1,20307376,all,2700.0
Zone1,0,1,20307377,all,2940.0
Zone1,0,1,20307378,all,3000.0
Zone1,0,1,20307379,all,2970.0
Zone1,0,1,20307380,all,2910.0
Zone1,0,1,20307381,all,2850.0
Zone1,0,1,20307382,all,2790.0
Zone1,0,1,20307383,all,2760.0
Zone1,0,1,20307384,all,2790.0
Zone1,0,1,20307385,all,2850.0
Zone1,0,1,20307386,all,3000.0
Zone1,0,1,20307387,all,3060.0
Zone1,0,1,20307388,all,3090.0
Zone1,0,1,20307389,all,3030.0
Zone1,0,1,20307390,all,2880.0
Zone1,0,1,20307391,all,2640.0
Zone1,0,1,20307392,all,2400.0
Zone1,0,1,20307393,all,2250.0
Zone1,0,1,20307394,all,2160.0
Zone1,0,1,20307395,all,2100.0
Zone1,0,1,20307396,all,2040.0
Zone1,0,1,20307397,all,2070.0
Zone1,0,1,20307398,all,2160.0
Zone1,0,1,20307399,all,2400.0
Zone1,0,1,20307400,all,2700.0
Zone1,0,1,20307401,all,2940.0
Zone1,0,1,20307402,all,3000.0
Zone1,0,1,20307403,all,2970.0
Zone1,0,1,20307404,all,2910.0
Zone1,0,1,20307405,all,2850.0
Zone1,0,1,20307406,all,2790.0
Zone1,0,1,20307407,all,2760.0
Zone1,0,1,20307408,all,2790.0
Zone1,0,1,20307409,all,2850.0
Zone1,0,1,20307410,all,3000.0
Zone1,0,1,20307411,all,3060.0
Zone1,0,1,20307412,all,3090.0
Zone1,0,1,20307413,all,3030.0
Zone1,0,1,20307414,all,2880.0
Zone1,0,1,20307415,all,2640.0
Zone1,0,1,20307416,all,2400.0
Zone1,0,1,20307417,all,2250.0
Zone1,0,1,20307418,all,2160.0
Zone1,0,1,20307419,all,2100.0
Zone1,0,1,20307420,all,2040.0
Zone1,0,1,20307421,all,2070.0
Zone1,0,1,20307422,all,2160.0
Zone1,0,1,20307423,all,2400.0
Zone1,0,1,20307424,all,2700.0
Zone1,0,1,20307425,all,2940.0
Zone1,0,1,20307426,all,3000.0
Zone1,0,1,20307427,all,2970.0
Zone1,0,1,20307428,all,2910.0
Zone1,0,1,20307429,all,2850.0
Zone1,0,1,20307430,all,2790.0
Zone1,0,1,20307431,all,2760.0
Zone1,0,1,20307432,all,2790.0
Zone1,0,1,20307433,all,2850.0
Zone1,0,1,20307434,all,3000.0
Zone1,0,1,20307435,all,3060.0
Zone1,0,1,20307436,all,3090.0
Zone1,0,1,20307437,all,3030.0
Zone1,0,1,20307438,all,2880.0
Zone1,0,1,20307439,all,2640.0
Zone1,0,1,20307440,all,2400.0
Zone1,0,1,20307441,all,2250.0
Zone1,0,1,20307442,all,2160.0
Zone1,0,1,20307443,all,2100.0
Zone1,0,1,20307444,all,2040.0
Zone1,0,1,20307445,all,2070.0
Zone1,0,1,20307446,all,2160.0
Zone1,0,1,20307447,all,2400.0
Zone1,0,1,20307448,all,2700.0
Zone1,0,1,20307449,all,2940.0
Zone1,0,1,20307450,all,3000.0
Zone1,0,1,20307451,all,2970.0
Zone1,0,1,20307452,all,2910.0
Zone1,0,1,20307453,all,2850.0
Zone1,0,1,20307454,all,2790.0
Zone1,0,1,20307455,all,2760.0
Zone1,0,1,20307456,all,2790.0
Zone1,0,1,20307457,all,2850.0
Zone1,0,1,20307458,all,3000.0
Zone1,0,1,20307459,all,3060.0
Zone1,0,1,20307460,all,3090.0
Zone1,0,1,20307461,all,3030.0
Zone1,0,1,20307462,all,2880.0
Zone1,0,1,20307463,all,2640.0
Zone1,0,1,20307464,all,2400.0
Zone1,0,1,20307465,all,2250.0
Zone1,0,1,20307466,all,2160.0
Zone1,0,1,20307467,all,2100.0
Zone1,0,1,20307468,all,2040.0
Zone1,0,1,20307469,all,2070.0
Zone1,0,1,20307470,all,2160.0
Zone1,0,1,20307471,all,2400.0
Zone1,0,1,20307472,all,2700.0
Zone1,0,1,20307473,all,2940.0
Zone1,0,1,20307474,all,3000.0
Zone1,0,1,20307475,all,2970.0
Zone1,0,1,20307476,all,2910.0
Zone1,0,1,20307477,all,2850.0
Zone1,0,1,20307478,all,2790.0
Zone1,0,1,20307479,all,2760.0
Zone1,0,1,20307480,all,2790.0
Zone1,0,1,20307481,all,2850.0
Zone1,0,1,20307482,all,3000.0
Zone1,0,1,20307483,all,3060.0
Zone1,0,1,20307484,all,3090.0
Zone1,0,1,20307485,all,3030.0
Zone1,0,1,20307486,all,2880.0
Zone1,0,1,20307487,all,2640.0
Zone1,0,1,20307488,all,2400.0
Zone1,0,1,20307489,all,2250.0
Zone1,0,1,20307490,all,2160.0
Zone1,0,1,20307491,all,2100.0
Zone1,0,1,20307492,all,2040.0
Zone1,0,1,20307493,all,2070.0
Zone1,0,1,20307494,all,2160.0
Zone1,0,1,20307495,all,2400.0
Zone1,0,1,20307496,all,2700.0
Zone1,0,1,20307497,all,2940.0
Zone1,0,1,20307498,all,3000.0
Zone1,0,1,20307499,all,2970.0
Zone1,0,1,20307500,all,2910.0
Zone1,0,1,20307501,all,2850.0
Zone1,0,1,20307502,all,2790.0
Zone1,0,1,20307503,all,2760.0
Zone1,0,1,20307504,all,2790.0
Zone1,0,1,20307505,all,2850.0
Zone1,0,1,20307506,all,3000.0
Zone1,0,1,20307507,all,3060.0
Zone1,0,1,20307508,all,3090.0
Zone1,0,1,20307509,all,3030.0
Zone1,0,1,20307510,all,2880.0
Zone1,0,1,20307511,all,2640.0
Zone1,0,1,20307512,all,2400.0
Zone1,0,1,20307513,all,2250.0
Zone1,0,1,20307514,all,2160.0
Zone1,0,1,20307515,all,2100.0
Zone1,0,1,20307516,all,2040.0
Zone1,0,1,20307517,all,2070.0
Zone1,0,1,20307518,all,2160.0
Zone1,0,1,20307519,all,2400.0
Zone1,0,1,20307520,all,2700.0
Zone1,0,1,20307521,all,2940.0
Zone1,0,1,20307522,all,3000.0
Zone1,0,1,20307523,all,2970.0
Zone1,0,1,20307524,all,2910.0
Zone1,0,1,20307525,all,2850.0
Zone1,0,1,20307526,all,2790.0
Zone1,0,1,20307527,all,2760.0
Zone1,0,1,20307528,all,2790.0
Zone1,0,1,20307529,all,2850.0
Zone1,0,1,20307530,all,3000.0
Zone1,0,1,20307531,all,3060.0
Zone1,0,1,20307532,all,3090.0
Zone1,0,1,20307533,all,3030.0
Zone1,0,1,20307534,all,2880.0
Zone1,0,1,20307535,all,2640.0
Zone1,0,1,20307536,all,2400.0
Zone1,0,1,20307537,all,2250.0
Zone1,0,1,20307538,all,2160.0
Zone1,0,1,20307539,all,2100.0
Zone1,0,1,20307540,all,2040.0
Zone1,0,1,20307541,all,2070.0
Zone1,0,1,20307542,all,2160.0
Zone1,0,1,20307543,all,2400.0
Zone1,0,1,20307544,all,2700.0
Zone1,0,1,20307545,all,2940.0
Zone1,0,1,20307546,all,3000.0
Zone1,0,1,20307547,all,2970.0
Zone1,0,1,20307548,all,2910.0
Zone1,0,1,20307549,all,2850.0
Zone1,0,1,20307550,all,2790.0
Zone1,0,1,20307551,all,2760.0
Zone1,0,1,20307552,all,2790.0
Zone1,0,1,20307553,all,2850.0
Zone1,0,1,20307554,all,3000.0
Zone1,0,1,20307555,all,3060.0
Zone1,0,1,20307556,all,3090.0
Zone1,0,1,20307557,all,3030.0
Zone1,0,1,20307558,all,2880.0
Zone1,0,1,20307559,all,2640.0
Zone1,0,1,20307560,all,2400.0
Zone1,0,1,20307561,all,2250.0
Zone1,0,1,20307562,all,2160.0
Zone1,0,1,20307563,all,2100.0
Zone1,0,1,20307564,all,2040.0
Zone1,0,1,20307565,all,2070.0
Zone1,0,1,20307566,all,2160.0
Zone1,0,1,20307567,all,2400.0
Zone1,0,1,20307568,all,2700.0
Zone1,0,1,20307569,all,2940.0
Zone1,0,1,20307570,all,3000.0
Zone1,0,1,20307571,all,2970.0
Zone1,0,1,20307572,all,2910.0
Zone1,0,1,20307573,all,2850.0
Zone1,0,1,20307574,all,2790.0
Zone1,0,1,20307575,all,2760.0
Zone1,0,1,20307576,all,2790.0
Zone1,0,1,20307577,all,2850.0
Zone1,0,1,20307578,all,3000.0
Zone1,0,1,20307579,all,3060.0
Zone1,0,1,20307580,all,3090.0
Zone1,0,1,20307581,all,3030.0
Zone1,0,1,20307582,all,2880.0
Zone1,0,1,20307583,all,2640.0
Zone1,0,1,20307584,all,2400.0
Zone1,0,1,20307585,all,2250.0
Zone1,0,1,20307586,all,2160.0
Zone1,0,1,20307587,all,2100.0
Zone1,0,1,20307588,all,2040.0
Zone1,0,1,20307589,all,2070.0
Zone1,0,1,20307590,all,2160.0
Zone1,0,1,20307591,all,2400.0
Zone1,0,1,20307592,all,2700.0
Zone1,0,1,20307593,all,2940.0
Zone1,0,1,20307594,all,3000.0
Zone1,0,1,20307595,all,2970.0
Zone1,0,1,20307596,all,2910.0
Zone1,0,1,20307597,all,2850.0
Zone1,0,1,20307598,all,2790.0
Zone1,0,1,20307599,all,2760.0
Zone1,0,1,20307600,all,2790.0
Zone1,0,1,20307601,all,2850.0
Zone1,0,1,20307602,all,3000.0
Zone1,0,1,20307603,all,3060.0
Zone1,0,1,20307604,all,3090.0
Zone1,0,1,20307605,all,3030.0
Zone1,0,1,20307606,all,2880.0
Zone1,0,1,20307607,all,2640.0
Zone1,0,1,20307608,all,2400.0
Zone1,0,1,20307609,all,2250.0
Zone1,0,1,20307610,all,2160.0
Zone1,0,1,20307611,all,2100.0
Zone1,0,1,20307612,all,2040.0
Zone1,0,1,20307613,all,2070.0
Zone1,0,1,20307614,all,2160.0
Zone1,0,1,20307615,all,2400.0
Zone1,0,1,20307616,all,2700.0
Zone1,0,1,20307617,all,2940.0
Zone1,0,1,20307618,all,3000.0
Zone1,0,1,20307619,all,2970.0
Zone1,0,1,20307620,all,2910.0
Zone1,0,1,20307621,all,2850.0
Zone1,0,1,20307622,all,2790.0
Zone1,0,1,20307623,all,2760.0
Zone1,0,1,20307624,all,2790.0
Zone1,0,1,20307625,all,2850.0
Zone1,0,1,20307626,all,3000.0
Zone1,0,1,20307627,all,3060.0
Zone1,0,1,20307628,all,3090.0
Zone1,0,1,20307629,all,3030.0
Zone1,0,1,20307630,all,2880.0
Zone1,0,1,20307631,all,2640.0
Zone1,0,1,20307632,all,2400.0
Zone1,0,1,20307633,all,2250.0
Zone1,0,1,20307634,all,2160.0
Zone1,0,1,20307635,all,2100.0
Zone1,0,1,20307636,all,2040.0
Zone1,0,1,20307637,all,2070.0
Zone1,0,1,20307638,all,2160.0
Zone1,0,1,20307639,all,2400.0
Zone1,0,1,20307640,all,2700.0
Zone1,0,1,20307641,all,2940.0
Zone1,0,1,20307642,all,3000.0
Zone1,0,1,20307643,all,2970.0
Zone1,0,1,20307644,all,2910.0
Zone1,0,1,20307645,all,2850.0
Zone1,0,1,20307646,all,2790.0
Zone1,0,1,20307647,all,2760.0
Zone1,0,1,20307648,all,2790.0
Zone1,0,1,20307649,all,2850.0
Zone1,0,1,20307650,all,3000.0
Zone1,0,1,20307651,all,3060.0
Zone1,0,1,20307652,all,3090.0
Zone1,0,1,20307653,all,3030.0
Zone1,0,1,20307654,all,2880.0
Zone1,0,1,20307655,all,2640.0
Zone1,0,1,20307656,all,2400.0
Zone1,0,1,20307657,all,2250.0
Zone1,0,1,20307658,all,2160.0
Zone1,0,1,20307659,all,2100.0
Zone1,0,1,20307660,all,2040.0
Zone1,0,1,20307661,all,2070.0
Zone1,0,1,20307662,all,2160.0
Zone1,0,1,20307663,all,2400.0
Zone1,0,1,20307664,all,2700.0
Zone1,0,1,20307665,all,2940.0
Zone1,0,1,20307666,all,3000.0
Zone1,0,1,20307667,all,2970.0
Zone1,0,1,20307668,all,2910.0
Zone1,0,1,20307669,all,2850.0
Zone1,0,1,20307670,all,2790.0
Zone1,0,1,20307671,all,2760.0
Zone1,0,1,20307672,all,2790.0
Zone1,0,1,20307673,all,2850.0
Zone1,0,1,20307674,all,3000.0
Zone1,0,1,20307675,all,3060.0
Zone1,0,1,20307676,all,3090.0
Zone1,0,1,20307677,all,3030.0
Zone1,0,1,20307678,all,2880.0
Zone1,0,1,20307679,all,2640.0
Zone1,0,1,20307680,all,2400.0
Zone1,0,1,20307681,all,2250.0
Zone1,0,1,20307682,all,2160.0
Zone1,0,1,20307683,all,2100.0
Zone1,0,1,20307684,all,2040.0
Zone1,0,1,20307685,all,2070.0
Zone1,0,1,20307686,all,2160.0
Zone1,0,1,20307687,all,2400.0
Zone1,0,1,20307688,all,2700.0
Zone1,0,1,20307689,all,2940.0
Zone1,0,1,20307690,all,3000.0
Zone1,0,1,20307691,all,2970.0
Zone1,0,1,20307692,all,2910.0
Zone1,0,1,20307693,all,2850.0
Zone1,0,1,20307694,all,2790.0
Zone1,0,1,20307695,all,2760.0
Zone1,0,1,20307696,all,2790.0
Zone1,0,1,20307697,all,2850.0
Zone1,0,1,20307698,all,3000.0
Zone1,0,1,20307699,all,3060.0
Zone1,0,1,20307700,all,3090.0
Zone1,0,1,20307701,all,3030.0
Zone1,0,1,20307702,all,2880.0
Zone1,0,1,20307703,all,2640.0
Zone1,0,1,20307704,all,2400.0
Zone1,0,1,20307705,all,2250.0
Zone1,0,1,20307706,all,2160.0
Zone1,0,1,20307707,all,2100.0
Zone1,0,1,20307708,all,2040.0
Zone1,0,1,20307709,all,2070.0
Zone1,0,1,20307710,all,2160.0
Zone1,0,1,20307711,all,2400.0
Zone1,0,1,20307712,all,2700.0
Zone1,0,1,20307713,all,2940.0
Zone1,0,1,20307714,all,3000.0
Zone1,0,1,20307715,all,2970.0
Zone1,0,1,20307716,all,2910.0
Zone1,0,1,20307717,all,2850.0
Zone1,0,1,20307718,all,2790.0
Zone1,0,1,20307719,all,2760.0
Zone1,0,1,20307720,all,2790.0
Zone1,0,1,20307721,all,2850.0
Zone1,0,1,20307722,all,3000.0
Zone1,0,1,20307723,all,3060.0
Zone1,0,1,20307724,all,3090.0
Zone1,0,1,20307725,all,3030.0
Zone1,0,1,20307726,all,2880.0
Zone1,0,1,20307727,all,2640.0
Zone1,0,1,20307728,all,2400.0
Zone1,0,1,20307729,all,2250.0
Zone1,0,1,20307730,all,2160.0
Zone1,0,1,20307731,all,2100.0
Zone1,0,1,20307732,all,2040.0
Zone1,0,1,20307733,all,2070.0
Zone1,0,1,20307734,all,2160.0
Zone1,0,1,20307735,all,2400.0
Zone1,0,1,20307736,all,2700.0
Zone1,0,1,20307737,all,2940.0
Zone1,0,1,20307738,all,3000.0
Zone1,0,1,20307739,all,2970.0
Zone1,0,1,20307740,all,2910.0
Zone1,0,1,20307741,all,2850.0
Zone1,0,1,20307742,all,2790.0
Zone1,0,1,20307743,all,2760.0
Zone1,0,1,20307744,all,2790.0
Zone1,0,1,20307745,all,2850.0
Zone1,0,1,20307746,all,3000.0
Zone1,0,1,20307747,all,3060.0
Zone1,0,1,20307748,all,3090.0
Zone1,0,1,20307749,all,3030.0
Zone1,0,1,20307750,all,2880.0
Zone1,0,1,20307751,all,2640.0
Zone1,0,1,20307752,all,2400.0
Zone1,0,1,20307753,all,2250.0
Zone1,0,1,20307754,all,2160.0
Zone1,0,1,20307755,all,2100.0
Zone1,0,1,20307756,all,2040.0
Zone1,0,1,20307757,all,2070.0
Zone1,0,1,20307758,all,2160.0
Zone1,0,1,20307759,all,2400.0
Zone1,0,1,20307760,all,2700.0
Zone1,0,1,20307761,all,2940.0
Zone1,0,1,20307762,all,3000.0
Zone1,0,1,20307763,all,2970.0
Zone1,0,1,20307764,all,2910.0
Zone1,0,1,20307765,all,2850.0
Zone1,0,1,20307766,all,2790.0
Zone1,0,1,20307767,all,2760.0
Zone1,0,1,20307768,all,2790.0
Zone1,0,1,20307769,all,2850.0
Zone1,0,1,20307770,all,3000.0
Zone1,0,1,20307771,all,3060.0
Zone1,0,1,20307772,all,3090.0
Zone1,0,1,20307773,all,3030.0
Zone1,0,1,20307774,all,2880.0
Zone1,0,1,20307775,all,2640.0
Zone1,0,1,20307776,all,2400.0
Zone1,0,1,20307777,all,2250.0
Zone1,0,1,20307778,all,2160.0
Zone1,0,1,20307779,all,2100.0
Zone1,0,1,20307780,all,2040.0
Zone1,0,1,20307781,all,2070.0
Zone1,0,1,20307782,all,2160.0
Zone1,0,1,20307783,all,2400.0
Zone1,0,1,20307784,all,2700.0
Zone1,0,1,20307785,all,2940.0
Zone1,0,1,20307786,all,3000.0
Zone1,0,1,20307787,all,2970.0
Zone1,0,1,20307788,all,2910.0
Zone1,0,1,20307789,all,2850.0
Zone1,0,1,20307790,all,2790.0
Zone1,0,1,20307791,all,2760.0
Zone1,0,1,20307792,all,2790.0
Zone1,0,1,20307793,all,2850.0
Zone1,0,1,20307794,all,3000.0
Zone1,0,1,20307795,all,3060.0
Zone1,0,1,20307796,all,3090.0
Zone1,0,1,20307797,all,3030.0
Zone1,0,1,20307798,all,2880.0
Zone1,0,1,20307799,all,2640.0
Zone1,0,1,20307800,all,2400.0
Zone1,0,1,20307801,all,2250.0
Zone1,0,1,20307802,all,2160.0
Zone1,0,1,20307803,all,2100.0
Zone1,0,1,20307804,all,2040.0
Zone1,0,1,20307805,all,2070.0
Zone1,0,1,20307806,all,2160.0
Zone1,0,1,20307807,all,2400.0
Zone1,0,1,20307808,all,2700.0
Zone1,0,1,20307809,all,2940.0
Zone1,0,1,20307810,all,3000.0
Zone1,0,1,20307811,all,2970.0
Zone1,0,1,20307812,all,2910.0
Zone1,0,1,20307813,all,2850.0
Zone1,0,1,20307814,all,2790.0
Zone1,0,1,20307815,all,2760.0
Zone1,0,1,20307816,all,2790.0
Zone1,0,1,20307817,all,2850.0
Zone1,0,1,20307818,all,3000.0
Zone1,0,1,20307819,all,3060.0
Zone1,0,1,20307820,all,3090.0
Zone1,0,1,20307821,all,3030.0
Zone1,0,1,20307822,all,2880.0
Zone1,0,1,20307823,all,2640.0
Zone1,0,1,20307824,all,2400.0
Zone1,0,1,20307825,all,2250.0
Zone1,0,1,20307826,all,2160.0
Zone1,0,1,20307827,all,2100.0
Zone1,0,1,20307828,all,2040.0
Zone1,0,1,20307829,all,2070.0
Zone1,0,1,20307830,all,2160.0
Zone1,0,1,20307831,all,2400.0
Zone1,0,1,20307832,all,2700.0
Zone1,0,1,20307833,all,2940.0
Zone1,0,1,20307834,all,3000.0
Zone1,0,1,20307835,all,2970.0
Zone1,0,1,20307836,all,2910.0
Zone1,0,1,20307837,all,2850.0
Zone1,0,1,20307838,all,2790.0
Zone1,0,1,20307839,all,2760.0
Zone1,0,1,20307840,all,2790.0
Zone1,0,1,20307841,all,2850.0
Zone1,0,1,20307842,all,3000.0
Zone1,0,1,20307843,all,3060.0
Zone1,0,1,20307844,all,3090.0
Zone1,0,1,20307845,all,3030.0
Zone1,0,1,20307846,all,2880.0
Zone1,0,1,20307847,all,2640.0
Zone1,0,1,20307848,all,2400.0
Zone1,0,1,20307849,all,2250.0
Zone1,0,1,20307850,all,2160.0
Zone1,0,1,20307851,all,2100.0
Zone1,0,1,20307852,all,2040.0
Zone1,0,1,20307853,all,2070.0
Zone1,0,1,20307854,all,2160.0
Zone1,0,1,20307855,all,2400.0
Zone1,0,1,20307856,all,2700.0
Zone1,0,1,20307857,all,2940.0
Zone1,0,1,20307858,all,3000.0
Zone1,0,1,20307859,all,2970.0
Zone1,0,1,20307860,all,2910.0
Zone1,0,1,20307861,all,2850.0
Zone1,0,1,20307862,all,2790.0
Zone1,0,1,20307863,all,2760.0
Zone1,0,1,20307864,all,2790.0
Zone1,0,1,20307865,all,2850.0
Zone1,0,1,20307866,all,3000.0
Zone1,0,1,20307867,all,3060.0
Zone1,0,1,20307868,all,3090.0
Zone1,0,1,20307869,all,3030.0
Zone1,0,1,20307870,all,2880.0
Zone1,0,1,20307871,all,2640.0
Zone1,0,1,20307872,all,2400.0
Zone1,0,1,20307873,all,2250.0
Zone1,0,1,20307874,all,2160.0
Zone1,0,1,20307875,all,2100.0
Zone1,0,1,20307876,all,2040.0
Zone1,0,1,20307877,all,2070.0
Zone1,0,1,20307878,all,2160.0
Zone1,0,1,20307879,all,2400.0
Zone1,0,1,20307880,all,2700.0
Zone1,0,1,20307881,all,2940.0
Zone1,0,1,20307882,all,3000.0
Zone1,0,1,20307883,all,2970.0
Zone1,0,1,20307884,all,2910.0
Zone1,0,1,20307885,all,2850.0
Zone1,0,1,20307886,all,2790.0
Zone1,0,1,20307887,all,2760.0
Zone1,0,1,20307888,all,2790.0
Zone1,0,1,20307889,all,2850.0
Zone1,0,1,20307890,all,3000.0
Zone1,0,1,20307891,all,3060.0
Zone1,0,1,20307892,all,3090.0
Zone1,0,1,20307893,all,3030.0
Zone1,0,1,20307894,all,2880.0
Zone1,0,1,20307895,all,2640.0
Zone1,0,1,20307896,all,2400.0
Zone1,0,1,20307897,all,2250.0
Zone1,0,1,20307898,all,2160.0
Zone1,0,1,20307899,all,2100.0
Zone1,0,1,20307900,all,2040.0
Zone1,0,1,20307901,all,2070.0
Zone1,0,1,20307902,all,2160.0
Zone1,0,1,20307903,all,2400.0
Zone1,0,1,20307904,all,2700.0
Zone1,0,1,20307905,all,2940.0
Zone1,0,1,20307906,all,3000.0
Zone1,0,1,20307907,all,2970.0
Zone1,0,1,20307908,all,2910.0
Zone1,0,1,20307909,all,2850.0
Zone1,0,1,20307910,all,2790.0
Zone1,0,1,20307911,all,2760.0
Zone1,0,1,20307912,all,2790.0
Zone1,0,1,20307913,all,2850.0
Zone1,0,1,20307914,all,3000.0
Zone1,0,1,20307915,all,3060.0
Zone1,0,1,20307916,all,3090.0
Zone1,0,1,20307917,all,3030.0
Zone1,0,1,20307918,all,2880.0
Zone1,0,1,20307919,all,2640.0
Zone1,0,1,20307920,all,2400.0
Zone1,0,1,20307921,all,2250.0
Zone1,0,1,20307922,all,2160.0
Zone1,0,1,20307923,all,2100.0
Zone1,0,1,20307924,all,2040.0
Zone1,0,1,20307925,all,2070.0
Zone1,0,1,20307926,all,2160.0
Zone1,0,1,20307927,all,2400.0
Zone1,0,1,20307928,all,2700.0
Zone1,0,1,20307929,all,2940.0
Zone1,0,1,20307930,all,3000.0
Zone1,0,1,20307931,all,2970.0
Zone1,0,1,20307932,all,2910.0
Zone1,0,1,20307933,all,2850.0
Zone1,0,1,20307934,all,2790.0
Zone1,0,1,20307935,all,2760.0
Zone1,0,1,20307936,all,2790.0
Zone1,0,1,20307937,all,2850.0
Zone1,0,1,20307938,all,3000.0
Zone1,0,1,20307939,all,3060.0
Zone1,0,1,20307940,all,3090.0
Zone1,0,1,20307941,all,3030.0
Zone1,0,1,20307942,all,2880.0
Zone1,0,1,20307943,all,2640.0
Zone1,0,1,20307944,all,2400.0
Zone1,0,1,20307945,all,2250.0
Zone1,0,1,20307946,all,2160.0
Zone1,0,1,20307947,all,2100.0
Zone1,0,1,20307948,all,2040.0
Zone1,0,1,20307949,all,2070.0
Zone1,0,1,20307950,all,2160.0
Zone1,0,1,20307951,all,2400.0
Zone1,0,1,20307952,all,2700.0
Zone1,0,1,20307953,all,2940.0
Zone1,0,1,20307954,all,3000.0
Zone1,0,1,20307955,all,2970.0
Zone1,0,1,20307956,all,2910.0
Zone1,0,1,20307957,all,2850.0
Zone1,0,1,20307958,all,2790.0
Zone1,0,1,20307959,all,2760.0
Zone1,0,1,20307960,all,2790.0
Zone1,0,1,20307961,all,2850.0
Zone1,0,1,20307962,all,3000.0
Zone1,0,1,20307963,all,3060.0
Zone1,0,1,20307964,all,3090.0
Zone1,0,1,20307965,all,3030.0
Zone1,0,1,20307966,all,2880.0
Zone1,0,1,20307967,all,2640.0
Zone1,0,1,20307968,all,2400.0
Zone1,0,1,20307969,all,2250.0
Zone1,0,1,20307970,all,2160.0
Zone1,0,1,20307971,all,2100.0
Zone1,0,1,20307972,all,2040.0
Zone1,0,1,20307973,all,2070.0
Zone1,0,1,20307974,all,2160.0
Zone1,0,1,20307975,all,2400.0
Zone1,0,1,20307976,all,2700.0
Zone1,0,1,20307977,all,2940.0
Zone1,0,1,20307978,all,3000.0
Zone1,0,1,20307979,all,2970.0
Zone1,0,1,20307980,all,2910.0
Zone1,0,1,20307981,all,2850.0
Zone1,0,1,20307982,all,2790.0
Zone1,0,1,20307983,all,2760.0
Zone1,0,1,20307984,all,2790.0
Zone1,0,1,20307985,all,2850.0
Zone1,0,1,20307986,all,3000.0
Zone1,0,1,20307987,all,3060.0
Zone1,0,1,20307988,all,3090.0
Zone1,0,1,20307989,all,3030.0
Zone1,0,1,20307990,all,2880.0
Zone1,0,1,20307991,all,2640.0
Zone1,0,1,20307992,all,2400.0
Zone1,0,1,20307993,all,2250.0
Zone1,0,1,20307994,all,2160.0
Zone1,0,1,20307995,all,2100.0
Zone1,0,1,20307996,all,2040.0
Zone1,0,1,20307997,all,2070.0
Zone1,0,1,20307998,all,2160.0
Zone1,0,1,20307999,all,2400.0
Zone1,0,1,20308000,all,2700.0
Zone1,0,1,20308001,all,2940.0
Zone1,0,1,20308002,all,3000.0
Zone1,0,1,20308003,all,2970.0
Zone1,0,1,20308004,all,2910.0
Zone1,0,1,20308005,all,2850.0
Zone1,0,1,20308006,all,2790.0
Zone1,0,1,20308007,all,2760.0
Zone1,0,1,20308008,all,2790.0
Zone1,0,1,20308009,all,2850.0
Zone1,0,1,20308010,all,3000.0
Zone1,0,1,20308011,all,3060.0
Zone1,0,1,20308012,all,3090.0
Zone1,0,1,20308013,all,3030.0
Zone1,0,1,20308014,all,2880.0
Zone1,0,1,20308015,all,2640.0
Zone1,0,1,20308016,all,2400.0
Zone1,0,1,20308017,all,2520.0
Zone1,0,1,20308018,all,2419.2
Zone1,0,1,20308019,all,2352.0
Zone1,0,1,20308020,all,2284.8
Zone1,0,1,20308021,all,2318.4
Zone1,0,1,20308022,all,2419.2
Zone1,0,1,20308023,all,2688.0
Zone1,0,1,20308024,all,3024.0
Zone1,0,1,20308025,all,3292.8
Zone1,0,1,20308026,all,3360.0
Zone1,0,1,20308027,all,3326.4
Zone1,0,1,20308028,all,3259.2
Zone1,0,1,20308029,all,3192.0
Zone1,0,1,20308030,all,3124.8
Zone1,0,1,20308031,all,3091.2
Zone1,0,1,20308032,all,3124.8
Zone1,0,1,20308033,all,3192.0
Zone1,0,1,20308034,all,3360.0
Zone1,0,1,20308035,all,3427.2
Zone1,0,1,20308036,all,3460.8
Zone1,0,1,20308037,all,3393.6
Zone1,0,1,20308038,all,3225.6
Zone1,0,1,20308039,all,2956.8
Zone1,0,1,20308040,all,2688.0
Zone1,0,1,20308041,all,2520.0
Zone1,0,1,20308042,all,2419.2
Zone1,0,1,20308043,all,2352.0
Zone1,0,1,20308044,all,2284.8
Zone1,0,1,20308045,all,2318.4
Zone1,0,1,20308046,all,2419.2
Zone1,0,1,20308047,all,2688.0
Zone1,0,1,20308048,all,3024.0
Zone1,0,1,20308049,all,3292.8
Zone1,0,1,20308050,all,3360.0
Zone1,0,1,20308051,all,3326.4
Zone1,0,1,20308052,all,3259.2
Zone1,0,1,20308053,all,3192.0
Zone1,0,1,20308054,all,3124.8
Zone1,0,1,20308055,all,3091.2
Zone1,0,1,20308056,all,3124.8
Zone1,0,1,20308057,all,3192.0
Zone1,0,1,20308058,all,3360.0
Zone1,0,1,20308059,all,3427.2
Zone1,0,1,20308060,all,3460.8
Zone1,0,1,20308061,all,3393.6
Zone1,0,1,20308062,all,3225.6
Zone1,0,1,20308063,all,2956.8
Zone1,0,1,20308064,all,2688.0
Zone1,0,1,20308065,all,2520.0
Zone1,0,1,20308066,all,2419.2
Zone1,0,1,20308067,all,2352.0
Zone1,0,1,20308068,all,2284.8
Zone1,0,1,20308069,all,2318.4
Zone1,0,1,20308070,all,2419.2
Zone1,0,1,20308071,all,2688.0
Zone1,0,1,20308072,all,3024.0
Zone1,0,1,20308073,all,3292.8
Zone1,0,1,20308074,all,3360.0
Zone1,0,1,20308075,all,3326.4
Zone1,0,1,20308076,all,3259.2
Zone1,0,1,20308077,all,3192.0
Zone1,0,1,20308078,all,3124.8
Zone1,0,1,20308079,all,3091.2
Zone1,0,1,20308080,all,3124.8
Zone1,0,1,20308081,all,3192.0
Zone1,0,1,20308082,all,3360.0
Zone1,0,1,20308083,all,3427.2
Zone1,0,1,20308084,all,3460.8
Zone1,0,1,20308085,all,3393.6
Zone1,0,1,20308086,all,3225.6
Zone1,0,1,20308087,all,2956.8
Zone1,0,1,20308088,all,2688.0
Zone1,0,1,20308089,all,2520.0
Zone1,0,1,20308090,all,2419.2
Zone1,0,1,20308091,all,2352.0
Zone1,0,1,20308092,all,2284.8
Zone1,0,1,20308093,all,2318.4
Zone1,0,1,20308094,all,2419.2
Zone1,0,1,20308095,all,2688.0
Zone1,0,1,20308096,all,3024.0
Zone1,0,1,20308097,all,3292.8
Zone1,0,1,20308098,all,3360.0
Zone1,0,1,20308099,all,3326.4
Zone1,0,1,20308100,all,3259.2
Zone1,0,1,20308101,all,3192.0
Zone1,0,1,20308102,all,3124.8
Zone1,0,1,20308103,all,3091.2
Zone1,0,1,20308104,all,3124.8
Zone1,0,1,20308105,all,3192.0
Zone1,0,1,20308106,all,3360.0
Zone1,0,1,20308107,all,3427.2
Zone1,0,1,20308108,all,3460.8
Zone1,0,1,20308109,all,3393.6
Zone1,0,1,20308110,all,3225.6
Zone1,0,1,20308111,all,2956.8
Zone1,0,1,20308112,all,2688.0
Zone1,0,1,20308113,all,2520.0
Zone1,0,1,20308114,all,2419.2
Zone1,0,1,20308115,all,2352.0
Zone1,0,1,20308116,all,2284.8
Zone1,0,1,20308117,all,2318.4
Zone1,0,1,20308118,all,2419.2
Zone1,0,1,20308119,all,2688.0
Zone1,0,1,20308120,all,3024.0
Zone1,0,1,20308121,all,3292.8
Zone1,0,1,20308122,all,3360.0
Zone1,0,1,20308123,all,3326.4
Zone1,0,1,20308124,all,3259.2
Zone1,0,1,20308125,all,3192.0
Zone1,0,1,20308126,all,3124.8
Zone1,0,1,20308127,all,3091.2
Zone1,0,1,20308128,all,3124.8
Zone1,0,1,20308129,all,3192.0
Zone1,0,1,20308130,all,3360.0
Zone1,0,1,20308131,all,3427.2
Zone1,0,1,20308132,all,3460.8
Zone1,0,1,20308133,all,3393.6
Zone1,0,1,20308134,all,3225.6
Zone1,0,1,20308135,all,2956.8
Zone1,0,1,20308136,all,2688.0
Zone1,0,1,20308137,all,2520.0
Zone1,0,1,20308138,all,2419.2
Zone1,0,1,20308139,all,2352.0
Zone1,0,1,20308140,all,2284.8
Zone1,0,1,20308141,all,2318.4
Zone1,0,1,20308142,all,2419.2
Zone1,0,1,20308143,all,2688.0
Zone1,0,1,20308144,all,3024.0
Zone1,0,1,20308145,all,3292.8
Zone1,0,1,20308146,all,3360.0
Zone1,0,1,20308147,all,3326.4
Zone1,0,1,20308148,all,3259.2
Zone1,0,1,20308149,all,3192.0
Zone1,0,1,20308150,all,3124.8
Zone1,0,1,20308151,all,3091.2
Zone1,0,1,20308152,all,3124.8
Zone1,0,1,20308153,all,3192.0
Zone1,0,1,20308154,all,3360.0
Zone1,0,1,20308155,all,3427.2
Zone1,0,1,20308156,all,3460.8
Zone1,0,1,20308157,all,3393.6
Zone1,0,1,20308158,all,3225.6
Zone1,0,1,20308159,all,2956.8
Zone1,0,1,20308160,all,2688.0
Zone1,0,1,20308161,all,2520.0
Zone1,0,1,20308162,all,2419.2
Zone1,0,1,20308163,all,2352.0
Zone1,0,1,20308164,all,2284.8
Zone1,0,1,20308165,all,2318.4
Zone1,0,1,20308166,all,2419.2
Zone1,0,1,20308167,all,2688.0
Zone1,0,1,20308168,all,3024.0
Zone1,0,1,20308169,all,3292.8
Zone1,0,1,20308170,all,3360.0
Zone1,0,1,20308171,all,3326.4
Zone1,0,1,20308172,all,3259.2
Zone1,0,1,20308173,all,3192.0
Zone1,0,1,20308174,all,3124.8
Zone1,0,1,20308175,all,3091.2
Zone1,0,1,20308176,all,3124.8
Zone1,0,1,20308177,all,3192.0
Zone1,0,1,20308178,all,3360.0
Zone1,0,1,20308179,all,3427.2
Zone1,0,1,20308180,all,3460.8
Zone1,0,1,20308181,all,3393.6
Zone1,0,1,20308182,all,3225.6
Zone1,0,1,20308183,all,2956.8
Zone1,0,1,20308184,all,2688.0
Zone1,0,1,20308185,all,2520.0
Zone1,0,1,20308186,all,2419.2
Zone1,0,1,20308187,all,2352.0
Zone1,0,1,20308188,all,2284.8
Zone1,0,1,20308189,all,2318.4
Zone1,0,1,20308190,all,2419.2
Zone1,0,1,20308191,all,2688.0
Zone1,0,1,20308192,all,3024.0
Zone1,0,1,20308193,all,3292.8
Zone1,0,1,20308194,all,3360.0
Zone1,0,1,20308195,all,3326.4
Zone1,0,1,20308196,all,3259.2
Zone1,0,1,20308197,all,3192.0
Zone1,0,1,20308198,all,3124.8
Zone1,0,1,20308199,all,3091.2
Zone1,0,1,20308200,all,3124.8
Zone1,0,1,20308201,all,3192.0
Zone1,0,1,20308202,all,3360.0
Zone1,0,1,20308203,all,3427.2
Zone1,0,1,20308204,all,3460.8
Zone1,0,1,20308205,all,3393.6
Zone1,0,1,20308206,all,3225.6
Zone1,0,1,20308207,all,2956.8
Zone1,0,1,20308208,all,2688.0
Zone1,0,1,20308209,all,2520.0
Zone1,0,1,20308210,all,2419.2
Zone1,0,1,20308211,all,2352.0
Zone1,0,1,20308212,all,2284.8
Zone1,0,1,20308213,all,2318.4
Zone1,0,1,20308214,all,2419.2
Zone1,0,1,20308215,all,2688.0
Zone1,0,1,20308216,all,3024.0
Zone1,0,1,20308217,all,3292.8
Zone1,0,1,20308218,all,3360.0
Zone1,0,1,20308219,all,3326.4
Zone1,0,1,20308220,all,3259.2
Zone1,0,1,20308221,all,3192.0
Zone1,0,1,20308222,all,3124.8
Zone1,0,1,20308223,all,3091.2
Zone1,0,1,20308224,all,3124.8
Zone1,0,1,20308225,all,3192.0
Zone1,0,1,20308226,all,3360.0
Zone1,0,1,20308227,all,3427.2
Zone1,0,1,20308228,all,3460.8
Zone1,0,1,20308229,all,3393.6
Zone1,0,1,20308230,all,3225.6
Zone1,0,1,20308231,all,2956.8
Zone1,0,1,20308232,all,2688.0
Zone1,0,1,20308233,all,2520.0
Zone1,0,1,20308234,all,2419.2
Zone1,0,1,20308235,all,2352.0
Zone1,0,1,20308236,all,2284.8
Zone1,0,1,20308237,all,2318.4
Zone1,0,1,20308238,all,2419.2
Zone1,0,1,20308239,all,2688.0
Zone1,0,1,20308240,all,3024.0
Zone1,0,1,20308241,all,3292.8
Zone1,0,1,20308242,all,3360.0
Zone1,0,1,20308243,all,3326.4
Zone1,0,1,20308244,all,3259.2
Zone1,0,1,20308245,all,3192.0
Zone1,0,1,20308246,all,3124.8
Zone1,0,1,20308247,all,3091.2
Zone1,0,1,20308248,all,3124.8
Zone1,0,1,20308249,all,3192.0
Zone1,0,1,20308250,all,3360.0
Zone1,0,1,20308251,all,3427.2
Zone1,0,1,20308252,all,3460.8
Zone1,0,1,20308253,all,3393.6
Zone1,0,1,20308254,all,3225.6
Zone1,0,1,20308255,all,2956.8
Zone1,0,1,20308256,all,2688.0
Zone1,0,1,20308257,all,2520.0
Zone1,0,1,20308258,all,2419.2
Zone1,0,1,20308259,all,2352.0
Zone1,0,1,20308260,all,2284.8
Zone1,0,1,20308261,all,2318.4
Zone1,0,1,20308262,all,2419.2
Zone1,0,1,20308263,all,2688.0
Zone1,0,1,20308264,all,3024.0
Zone1,0,1,20308265,all,3292.8
Zone1,0,1,20308266,all,3360.0
Zone1,0,1,20308267,all,3326.4
Zone1,0,1,20308268,all,3259.2
Zone1,0,1,20308269,all,3192.0
Zone1,0,1,20308270,all,3124.8
Zone1,0,1,20308271,all,3091.2
Zone1,0,1,20308272,all,3124.8
Zone1,0,1,20308273,all,3192.0
Zone1,0,1,20308274,all,3360.0
Zone1,0,1,20308275,all,3427.2
Zone1,0,1,20308276,all,3460.8
Zone1,0,1,20308277,all,3393.6
Zone1,0,1,20308278,all,3225.6
Zone1,0,1,20308279,all,2956.8
Zone1,0,1,20308280,all,2688.0
Zone1,0,1,20308281,all,2520.0
Zone1,0,1,20308282,all,2419.2
Zone1,0,1,20308283,all,2352.0
Zone1,0,1,20308284,all,2284.8
Zone1,0,1,20308285,all,2318.4
Zone1,0,1,20308286,all,2419.2
Zone1,0,1,20308287,all,2688.0
Zone1,0,1,20308288,all,3024.0
Zone1,0,1,20308289,all,3292.8
Zone1,0,1,20308290,all,3360.0
Zone1,0,1,20308291,all,3326.4
Zone1,0,1,20308292,all,3259.2
Zone1,0,1,20308293,all,3192.0
Zone1,0,1,20308294,all,3124.8
Zone1,0,1,20308295,all,3091.2
Zone1,0,1,20308296,all,3124.8
Zone1,0,1,20308297,all,3192.0
Zone1,0,1,20308298,all,3360.0
Zone1,0,1,20308299,all,3427.2
Zone1,0,1,20308300,all,3460.8
Zone1,0,1,20308301,all,3393.6
Zone1,0,1,20308302,all,3225.6
Zone1,0,1,20308303,all,2956.8
Zone1,0,1,20308304,all,2688.0
Zone1,0,1,20308305,all,2520.0
Zone1,0,1,20308306,all,2419.2
Zone1,0,1,20308307,all,2352.0
Zone1,0,1,20308308,all,2284.8
Zone1,0,1,20308309,all,2318.4
Zone1,0,1,20308310,all,2419.2
Zone1,0,1,20308311,all,2688.0
Zone1,0,1,20308312,all,3024.0
Zone1,0,1,20308313,all,3292.8
Zone1,0,1,20308314,all,3360.0
Zone1,0,1,20308315,all,3326.4
Zone1,0,1,20308316,all,3259.2
Zone1,0,1,20308317,all,3192.0
Zone1,0,1,20308318,all,3124.8
Zone1,0,1,20308319,all,3091.2
Zone1,0,1,20308320,all,3124.8
Zone1,0,1,20308321,all,3192.0
Zone1,0,1,20308322,all,3360.0
Zone1,0,1,20308323,all,3427.2
Zone1,0,1,20308324,all,3460.8
Zone1,0,1,20308325,all,3393.6
Zone1,0,1,20308326,all,3225.6
Zone1,0,1,20308327,all,2956.8
Zone1,0,1,20308328,all,2688.0
Zone1,0,1,20308329,all,2520.0
Zone1,0,1,20308330,all,2419.2
Zone1,0,1,20308331,all,2352.0
Zone1,0,1,20308332,all,2284.8
Zone1,0,1,20308333,all,2318.4
Zone1,0,1,20308334,all,2419.2
Zone1,0,1,20308335,all,2688.0
Zone1,0,1,20308336,all,3024.0
Zone1,0,1,20308337,all,3292.8
Zone1,0,1,20308338,all,3360.0
Zone1,0,1,20308339,all,3326.4
Zone1,0,1,20308340,all,3259.2
Zone1,0,1,20308341,all,3192.0
Zone1,0,1,20308342,all,3124.8
Zone1,0,1,20308343,all,3091.2
Zone1,0,1,20308344,all,3124.8
Zone1,0,1,20308345,all,3192.0
Zone1,0,1,20308346,all,3360.0
Zone1,0,1,20308347,all,3427.2
Zone1,0,1,20308348,all,3460.8
Zone1,0,1,20308349,all,3393.6
Zone1,0,1,20308350,all,3225.6
Zone1,0,1,20308351,all,2956.8
Zone1,0,1,20308352,all,2688.0
Zone1,0,1,20308353,all,2520.0
Zone1,0,1,20308354,all,2419.2
Zone1,0,1,20308355,all,2352.0
Zone1,0,1,20308356,all,2284.8
Zone1,0,1,20308357,all,2318.4
Zone1,0,1,20308358,all,2419.2
Zone1,0,1,20308359,all,2688.0
Zone1,0,1,20308360,all,3024.0
Zone1,0,1,20308361,all,3292.8
Zone1,0,1,20308362,all,3360.0
Zone1,0,1,20308363,all,3326.4
Zone1,0,1,20308364,all,3259.2
Zone1,0,1,20308365,all,3192.0
Zone1,0,1,20308366,all,3124.8
Zone1,0,1,20308367,all,3091.2
Zone1,0,1,20308368,all,3124.8
Zone1,0,1,20308369,all,3192.0
Zone1,0,1,20308370,all,3360.0
Zone1,0,1,20308371,all,3427.2
Zone1,0,1,20308372,all,3460.8
Zone1,0,1,20308373,all,3393.6
Zone1,0,1,20308374,all,3225.6
Zone1,0,1,20308375,all,2956.8
Zone1,0,1,20308376,all,2688.0
Zone1,0,1,20308377,all,2520.0
Zone1,0,1,20308378,all,2419.2
Zone1,0,1,20308379,all,2352.0
Zone1,0,1,20308380,all,2284.8
Zone1,0,1,20308381,all,2318.4
Zone1,0,1,20308382,all,2419.2
Zone1,0,1,20308383,all,2688.0
Zone1,0,1,20308384,all,3024.0
Zone1,0,1,20308385,all,3292.8
Zone1,0,1,20308386,all,3360.0
Zone1,0,1,20308387,all,3326.4
Zone1,0,1,20308388,all,3259.2
Zone1,0,1,20308389,all,3192.0
Zone1,0,1,20308390,all,3124.8
Zone1,0,1,20308391,all,3091.2
Zone1,0,1,20308392,all,3124.8
Zone1,0,1,20308393,all,3192.0
Zone1,0,1,20308394,all,3360.0
Zone1,0,1,20308395,all,3427.2
Zone1,0,1,20308396,all,3460.8
Zone1,0,1,20308397,all,3393.6
Zone1,0,1,20308398,all,3225.6
Zone1,0,1,20308399,all,2956.8
Zone1,0,1,20308400,all,2688.0
Zone1,0,1,20308401,all,2520.0
Zone1,0,1,20308402,all,2419.2
Zone1,0,1,20308403,all,2352.0
Zone1,0,1,20308404,all,2284.8
Zone1,0,1,20308405,all,2318.4
Zone1,0,1,20308406,all,2419.2
Zone1,0,1,20308407,all,2688.0
Zone1,0,1,20308408,all,3024.0
Zone1,0,1,20308409,all,3292.8
Zone1,0,1,20308410,all,3360.0
Zone1,0,1,20308411,all,3326.4
Zone1,0,1,20308412,all,3259.2
Zone1,0,1,20308413,all,3192.0
Zone1,0,1,20308414,all,3124.8
Zone1,0,1,20308415,all,3091.2
Zone1,0,1,20308416,all,3124.8
Zone1,0,1,20308417,all,3192.0
Zone1,0,1,20308418,all,3360.0
Zone1,0,1,20308419,all,3427.2
Zone1,0,1,20308420,all,3460.8
Zone1,0,1,20308421,all,3393.6
Zone1,0,1,20308422,all,3225.6
Zone1,0,1,20308423,all,2956.8
Zone1,0,1,20308424,all,2688.0
Zone1,0,1,20308425,all,2520.0
Zone1,0,1,20308426,all,2419.2
Zone1,0,1,20308427,all,2352.0
Zone1,0,1,20308428,all,2284.8
Zone1,0,1,20308429,all,2318.4
Zone1,0,1,20308430,all,2419.2
Zone1,0,1,20308431,all,2688.0
Zone1,0,1,20308432,all,3024.0
Zone1,0,1,20308433,all,3292.8
Zone1,0,1,20308434,all,3360.0
Zone1,0,1,20308435,all,3326.4
Zone1,0,1,20308436,all,3259.2
Zone1,0,1,20308437,all,3192.0
Zone1,0,1,20308438,all,3124.8
Zone1,0,1,20308439,all,3091.2
Zone1,0,1,20308440,all,3124.8
Zone1,0,1,20308441,all,3192.0
Zone1,0,1,20308442,all,3360.0
Zone1,0,1,20308443,all,3427.2
Zone1,0,1,20308444,all,3460.8
Zone1,0,1,20308445,all,3393.6
Zone1,0,1,20308446,all,3225.6
Zone1,0,1,20308447,all,2956.8
Zone1,0,1,20308448,all,2688.0
Zone1,0,1,20308449,all,2520.0
Zone1,0,1,20308450,all,2419.2
Zone1,0,1,20308451,all,2352.0
Zone1,0,1,20308452,all,2284.8
Zone1,0,1,20308453,all,2318.4
Zone1,0,1,20308454,all,2419.2
Zone1,0,1,20308455,all,2688.0
Zone1,0,1,20308456,all,3024.0
Zone1,0,1,20308457,all,3292.8
Zone1,0,1,20308458,all,3360.0
Zone1,0,1,20308459,all,3326.4
Zone1,0,1,20308460,all,3259.2
Zone1,0,1,20308461,all,3192.0
Zone1,0,1,20308462,all,3124.8
Zone1,0,1,20308463,all,3091.2
Zone1,0,1,20308464,all,3124.8
Zone1,0,1,20308465,all,3192.0
Zone1,0,1,20308466,all,3360.0
Zone1,0,1,20308467,all,3427.2
Zone1,0,1,20308468,all,3460.8
Zone1,0,1,20308469,all,3393.6
Zone1,0,1,20308470,all,3225.6
Zone1,0,1,20308471,all,2956.8
Zone1,0,1,20308472,all,2688.0
Zone1,0,1,20308473,all,2520.0
Zone1,0,1,20308474,all,2419.2
Zone1,0,1,20308475,all,2352.0
Zone1,0,1,20308476,all,2284.8
Zone1,0,1,20308477,all,2318.4
Zone1,0,1,20308478,all,2419.2
Zone1,0,1,20308479,all,2688.0
Zone1,0,1,20308480,all,3024.0
Zone1,0,1,20308481,all,3292.8
Zone1,0,1,20308482,all,3360.0
Zone1,0,1,20308483,all,3326.4
Zone1,0,1,20308484,all,3259.2
Zone1,0,1,20308485,all,3192.0
Zone1,0,1,20308486,all,3124.8
Zone1,0,1,20308487,all,3091.2
Zone1,0,1,20308488,all,3124.8
Zone1,0,1,20308489,all,3192.0
Zone1,0,1,20308490,all,3360.0
Zone1,0,1,20308491,all,3427.2
Zone1,0,1,20308492,all,3460.8
Zone1,0,1,20308493,all,3393.6
Zone1,0,1,20308494,all,3225.6
Zone1,0,1,20308495,all,2956.8
Zone1,0,1,20308496,all,2688.0
Zone1,0,1,20308497,all,2520.0
Zone1,0,1,20308498,all,2419.2
Zone1,0,1,20308499,all,2352.0
Zone1,0,1,20308500,all,2284.8
Zone1,0,1,20308501,all,2318.4
Zone1,0,1,20308502,all,2419.2
Zone1,0,1,20308503,all,2688.0
Zone1,0,1,20308504,all,3024.0
Zone1,0,1,20308505,all,3292.8
Zone1,0,1,20308506,all,3360.0
Zone1,0,1,20308507,all,3326.4
Zone1,0,1,20308508,all,3259.2
Zone1,0,1,20308509,all,3192.0
Zone1,0,1,20308510,all,3124.8
Zone1,0,1,20308511,all,3091.2
Zone1,0,1,20308512,all,3124.8
Zone1,0,1,20308513,all,3192.0
Zone1,0,1,20308514,all,3360.0
Zone1,0,1,20308515,all,3427.2
Zone1,0,1,20308516,all,3460.8
Zone1,0,1,20308517,all,3393.6
Zone1,0,1,20308518,all,3225.6
Zone1,0,1,20308519,all,2956.8
Zone1,0,1,20308520,all,2688.0
Zone1,0,1,20308521,all,2520.0
Zone1,0,1,20308522,all,2419.2
Zone1,0,1,20308523,all,2352.0
Zone1,0,1,20308524,all,2284.8
Zone1,0,1,20308525,all,2318.4
Zone1,0,1,20308526,all,2419.2
Zone1,0,1,20308527,all,2688.0
Zone1,0,1,20308528,all,3024.0
Zone1,0,1,20308529,all,3292.8
Zone1,0,1,20308530,all,3360.0
Zone1,0,1,20308531,all,3326.4
Zone1,0,1,20308532,all,3259.2
Zone1,0,1,20308533,all,3192.0
Zone1,0,1,20308534,all,3124.8
Zone1,0,1,20308535,all,3091.2
Zone1,0,1,20308536,all,3124.8
Zone1,0,1,20308537,all,3192.0
Zone1,0,1,20308538,all,3360.0
Zone1,0,1,20308539,all,3427.2
Zone1,0,1,20308540,all,3460.8
Zone1,0,1,20308541,all,3393.6
Zone1,0,1,20308542,all,3225.6
Zone1,0,1,20308543,all,2956.8
Zone1,0,1,20308544,all,2688.0
Zone1,0,1,20308545,all,2520.0
Zone1,0,1,20308546,all,2419.2
Zone1,0,1,20308547,all,2352.0
Zone1,0,1,20308548,all,2284.8
Zone1,0,1,20308549,all,2318.4
Zone1,0,1,20308550,all,2419.2
Zone1,0,1,20308551,all,2688.0
Zone1,0,1,20308552,all,3024.0
Zone1,0,1,20308553,all,3292.8
Zone1,0,1,20308554,all,3360.0
Zone1,0,1,20308555,all,3326.4
Zone1,0,1,20308556,all,3259.2
Zone1,0,1,20308557,all,3192.0
Zone1,0,1,20308558,all,3124.8
Zone1,0,1,20308559,all,3091.2
Zone1,0,1,20308560,all,3124.8
Zone1,0,1,20308561,all,3192.0
Zone1,0,1,20308562,all,3360.0
Zone1,0,1,20308563,all,3427.2
Zone1,0,1,20308564,all,3460.8
Zone1,0,1,20308565,all,3393.6
Zone1,0,1,20308566,all,3225.6
Zone1,0,1,20308567,all,2956.8
Zone1,0,1,20308568,all,2688.0
Zone1,0,1,20308569,all,2520.0
Zone1,0,1,20308570,all,2419.2
Zone1,0,1,20308571,all,2352.0
Zone1,0,1,20308572,all,2284.8
Zone1,0,1,20308573,all,2318.4
Zone1,0,1,20308574,all,2419.2
Zone1,0,1,20308575,all,2688.0
Zone1,0,1,20308576,all,3024.0
Zone1,0,1,20308577,all,3292.8
Zone1,0,1,20308578,all,3360.0
Zone1,0,1,20308579,all,3326.4
Zone1,0,1,20308580,all,3259.2
Zone1,0,1,20308581,all,3192.0
Zone1,0,1,20308582,all,3124.8
Zone1,0,1,20308583,all,3091.2
Zone1,0,1,20308584,all,3124.8
Zone1,0,1,20308585,all,3192.0
Zone1,0,1,20308586,all,3360.0
Zone1,0,1,20308587,all,3427.2
Zone1,0,1,20308588,all,3460.8
Zone1,0,1,20308589,all,3393.6
Zone1,0,1,20308590,all,3225.6
Zone1,0,1,20308591,all,2956.8
Zone1,0,1,20308592,all,2688.0
Zone1,0,1,20308593,all,2520.0
Zone1,0,1,20308594,all,2419.2
Zone1,0,1,20308595,all,2352.0
Zone1,0,1,20308596,all,2284.8
Zone1,0,1,20308597,all,2318.4
Zone1,0,1,20308598,all,2419.2
Zone1,0,1,20308599,all,2688.0
Zone1,0,1,20308600,all,3024.0
Zone1,0,1,20308601,all,3292.8
Zone1,0,1,20308602,all,3360.0
Zone1,0,1,20308603,all,3326.4
Zone1,0,1,20308604,all,3259.2
Zone1,0,1,20308605,all,3192.0
Zone1,0,1,20308606,all,3124.8
Zone1,0,1,20308607,all,3091.2
Zone1,0,1,20308608,all,3124.8
Zone1,0,1,20308609,all,3192.0
Zone1,0,1,20308610,all,3360.0
Zone1,0,1,20308611,all,3427.2
Zone1,0,1,20308612,all,3460.8
Zone1,0,1,20308613,all,3393.6
Zone1,0,1,20308614,all,3225.6
Zone1,0,1,20308615,all,2956.8
Zone1,0,1,20308616,all,2688.0
Zone1,0,1,20308617,all,2520.0
Zone1,0,1,20308618,all,2419.2
Zone1,0,1,20308619,all,2352.0
Zone1,0,1,20308620,all,2284.8
Zone1,0,1,20308621,all,2318.4
Zone1,0,1,20308622,all,2419.2
Zone1,0,1,20308623,all,2688.0
Zone1,0,1,20308624,all,3024.0
Zone1,0,1,20308625,all,3292.8
Zone1,0,1,20308626,all,3360.0
Zone1,0,1,20308627,all,3326.4
Zone1,0,1,20308628,all,3259.2
Zone1,0,1,20308629,all,3192.0
Zone1,0,1,20308630,all,3124.8
Zone1,0,1,20308631,all,3091.2
Zone1,0,1,20308632,all,3124.8
Zone1,0,1,20308633,all,3192.0
Zone1,0,1,20308634,all,3360.0
Zone1,0,1,20308635,all,3427.2
Zone1,0,1,20308636,all,3460.8
Zone1,0,1,20308637,all,3393.6
Zone1,0,1,20308638,all,3225.6
Zone1,0,1,20308639,all,2956.8
Zone1,0,1,20308640,all,2688.0
Zone1,0,1,20308641,all,2520.0
Zone1,0,1,20308642,all,2419.2
Zone1,0,1,20308643,all,2352.0
Zone1,0,1,20308644,all,2284.8
Zone1,0,1,20308645,all,2318.4
Zone1,0,1,20308646,all,2419.2
Zone1,0,1,20308647,all,2688.0
Zone1,0,1,20308648,all,3024.0
Zone1,0,1,20308649,all,3292.8
Zone1,0,1,20308650,all,3360.0
Zone1,0,1,20308651,all,3326.4
Zone1,0,1,20308652,all,3259.2
Zone1,0,1,20308653,all,3192.0
Zone1,0,1,20308654,all,3124.8
Zone1,0,1,20308655,all,3091.2
Zone1,0,1,20308656,all,3124.8
Zone1,0,1,20308657,all,3192.0
Zone1,0,1,20308658,all,3360.0
Zone1,0,1,20308659,all,3427.2
Zone1,0,1,20308660,all,3460.8
Zone1,0,1,20308661,all,3393.6
Zone1,0,1,20308662,all,3225.6
Zone1,0,1,20308663,all,2956.8
Zone1,0,1,20308664,all,2688.0
Zone1,0,1,20308665,all,2520.0
Zone1,0,1,20308666,all,2419.2
Zone1,0,1,20308667,all,2352.0
Zone1,0,1,20308668,all,2284.8
Zone1,0,1,20308669,all,2318.4
Zone1,0,1,20308670,all,2419.2
Zone1,0,1,20308671,all,2688.0
Zone1,0,1,20308672,all,3024.0
Zone1,0,1,20308673,all,3292.8
Zone1,0,1,20308674,all,3360.0
Zone1,0,1,20308675,all,3326.4
Zone1,0,1,20308676,all,3259.2
Zone1,0,1,20308677,all,3192.0
Zone1,0,1,20308678,all,3124.8
Zone1,0,1,20308679,all,3091.2
Zone1,0,1,20308680,all,3124.8
Zone1,0,1,20308681,all,3192.0
Zone1,0,1,20308682,all,3360.0
Zone1,0,1,20308683,all,3427.2
Zone1,0,1,20308684,all,3460.8
Zone1,0,1,20308685,all,3393.6
Zone1,0,1,20308686,all,3225.6
Zone1,0,1,20308687,all,2956.8
Zone1,0,1,20308688,all,2688.0
Zone1,0,1,20308689,all,2520.0
Zone1,0,1,20308690,all,2419.2
Zone1,0,1,20308691,all,2352.0
Zone1,0,1,20308692,all,2284.8
Zone1,0,1,20308693,all,2318.4
Zone1,0,1,20308694,all,2419.2
Zone1,0,1,20308695,all,2688.0
Zone1,0,1,20308696,all,3024.0
Zone1,0,1,20308697,all,3292.8
Zone1,0,1,20308698,all,3360.0
Zone1,0,1,20308699,all,3326.4
Zone1,0,1,20308700,all,3259.2
Zone1,0,1,20308701,all,3192.0
Zone1,0,1,20308702,all,3124.8
Zone1,0,1,20308703,all,3091.2
Zone1,0,1,20308704,all,3124.8
Zone1,0,1,20308705,all,3192.0
Zone1,0,1,20308706,all,3360.0
Zone1,0,1,20308707,all,3427.2
Zone1,0,1,20308708,all,3460.8
Zone1,0,1,20308709,all,3393.6
Zone1,0,1,20308710,all,3225.6
Zone1,0,1,20308711,all,2956.8
Zone1,0,1,20308712,all,2688.0
Zone1,0,1,20308713,all,2520.0
Zone1,0,1,20308714,all,2419.2
Zone1,0,1,20308715,all,2352.0
Zone1,0,1,20308716,all,2284.8
Zone1,0,1,20308717,all,2318.4
Zone1,0,1,20308718,all,2419.2
Zone1,0,1,20308719,all,2688.0
Zone1,0,1,20308720,all,3024.0
Zone1,0,1,20308721,all,3292.8
Zone1,0,1,20308722,all,3360.0
Zone1,0,1,20308723,all,3326.4
Zone1,0,1,20308724,all,3259.2
Zone1,0,1,20308725,all,3192.0
Zone1,0,1,20308726,all,3124.8
Zone1,0,1,20308727,all,3091.2
Zone1,0,1,20308728,all,3124.8
Zone1,0,1,20308729,all,3192.0
Zone1,0,1,20308730,all,3360.0
Zone1,0,1,20308731,all,3427.2
Zone1,0,1,20308732,all,3460.8
Zone1,0,1,20308733,all,3393.6
Zone1,0,1,20308734,all,3225.6
Zone1,0,1,20308735,all,2956.8
Zone1,0,1,20308736,all,2688.0
Zone1,0,1,20308737,all,2520.0
Zone1,0,1,20308738,all,2419.2
Zone1,0,1,20308739,all,2352.0
Zone1,0,1,20308740,all,2284.8
Zone1,0,1,20308741,all,2318.4
Zone1,0,1,20308742,all,2419.2
Zone1,0,1,20308743,all,2688.0
Zone1,0,1,20308744,all,3024.0
Zone1,0,1,20308745,all,3292.8
Zone1,0,1,20308746,all,3360.0
Zone1,0,1,20308747,all,3326.4
Zone1,0,1,20308748,all,3259.2
Zone1,0,1,20308749,all,3192.0
Zone1,0,1,20308750,all,3124.8
Zone1,0,1,20308751,all,3091.2
Zone1,0,1,20308752,all,3124.8
Zone1,0,1,20308753,all,3192.0
Zone1,0,1,20308754,all,3360.0
Zone1,0,1,20308755,all,3427.2
Zone1,0,1,20308756,all,3460.8
Zone1,0,1,20308757,all,3393.6
Zone1,0,1,20308758,all,3225.6
Zone1,0,1,20308759,all,2956.8
Zone1,0,1,20308760,all,2688.0
Zone1,0,1,20350001,all,2475.0
Zone1,0,1,20350002,all,2376.0
Zone1,0,1,20350003,all,2310.0
Zone1,0,1,20350004,all,2244.0
Zone1,0,1,20350005,all,2277.0
Zone1,0,1,20350006,all,2376.0
Zone1,0,1,20350007,all,2640.0
Zone1,0,1,20350008,all,2970.0
Zone1,0,1,20350009,all,3234.0
Zone1,0,1,20350010,all,3300.0
Zone1,0,1,20350011,all,3267.0
Zone1,0,1,20350012,all,3201.0
Zone1,0,1,20350013,all,3135.0
Zone1,0,1,20350014,all,3069.0
Zone1,0,1,20350015,all,3036.0
Zone1,0,1,20350016,all,3069.0
Zone1,0,1,20350017,all,3135.0
Zone1,0,1,20350018,all,3300.0
Zone1,0,1,20350019,all,3366.0
Zone1,0,1,20350020,all,3399.0
Zone1,0,1,20350021,all,3333.0
Zone1,0,1,20350022,all,3168.0
Zone1,0,1,20350023,all,2904.0
Zone1,0,1,20350024,all,2640.0
Zone1,0,1,20350025,all,2475.0
Zone1,0,1,20350026,all,2376.0
Zone1,0,1,20350027,all,2310.0
Zone1,0,1,20350028,all,2244.0
Zone1,0,1,20350029,all,2277.0
Zone1,0,1,20350030,all,2376.0
Zone1,0,1,20350031,all,2640.0
Zone1,0,1,20350032,all,2970.0
Zone1,0,1,20350033,all,3234.0
Zone1,0,1,20350034,all,3300.0
Zone1,0,1,20350035,all,3267.0
Zone1,0,1,20350036,all,3201.0
Zone1,0,1,20350037,all,3135.0
Zone1,0,1,20350038,all,3069.0
Zone1,0,1,20350039,all,3036.0
Zone1,0,1,20350040,all,3069.0
Zone1,0,1,20350041,all,3135.0
Zone1,0,1,20350042,all,3300.0
Zone1,0,1,20350043,all,3366.0
Zone1,0,1,20350044,all,3399.0
Zone1,0,1,20350045,all,3333.0
Zone1,0,1,20350046,all,3168.0
Zone1,0,1,20350047,all,2904.0
Zone1,0,1,20350048,all,2640.0
Zone1,0,1,20350049,all,2475.0
Zone1,0,1,20350050,all,2376.0
Zone1,0,1,20350051,all,2310.0
Zone1,0,1,20350052,all,2244.0
Zone1,0,1,20350053,all,2277.0
Zone1,0,1,20350054,all,2376.0
Zone1,0,1,20350055,all,2640.0
Zone1,0,1,20350056,all,2970.0
Zone1,0,1,20350057,all,3234.0
Zone1,0,1,20350058,all,3300.0
Zone1,0,1,20350059,all,3267.0
Zone1,0,1,20350060,all,3201.0
Zone1,0,1,20350061,all,3135.0
Zone1,0,1,20350062,all,3069.0
Zone1,0,1,20350063,all,3036.0
Zone1,0,1,20350064,all,3069.0
Zone1,0,1,20350065,all,3135.0
Zone1,0,1,20350066,all,3300.0
Zone1,0,1,20350067,all,3366.0
Zone1,0,1,20350068,all,3399.0
Zone1,0,1,20350069,all,3333.0
Zone1,0,1,20350070,all,3168.0
Zone1,0,1,20350071,all,2904.0
Zone1,0,1,20350072,all,2640.0
Zone1,0,1,20350073,all,2475.0
Zone1,0,1,20350074,all,2376.0
Zone1,0,1,20350075,all,2310.0
Zone1,0,1,20350076,all,2244.0
Zone1,0,1,20350077,all,2277.0
Zone1,0,1,20350078,all,2376.0
Zone1,0,1,20350079,all,2640.0
Zone1,0,1,20350080,all,2970.0
Zone1,0,1,20350081,all,3234.0
Zone1,0,1,20350082,all,3300.0
Zone1,0,1,20350083,all,3267.0
Zone1,0,1,20350084,all,3201.0
Zone1,0,1,20350085,all,3135.0
Zone1,0,1,20350086,all,3069.0
Zone1,0,1,20350087,all,3036.0
Zone1,0,1,20350088,all,3069.0
Zone1,0,1,20350089,all,3135.0
Zone1,0,1,20350090,all,3300.0
Zone1,0,1,20350091,all,3366.0
Zone1,0,1,20350092,all,3399.0
Zone1,0,1,20350093,all,3333.0
Zone1,0,1,20350094,all,3168.0
Zone1,0,1,20350095,all,2904.0
Zone1,0,1,20350096,all,2640.0
Zone1,0,1,20350097,all,2475.0
Zone1,0,1,20350098,all,2376.0
Zone1,0,1,20350099,all,2310.0
Zone1,0,1,20350100,all,2244.0
Zone1,0,1,20350101,all,2277.0
Zone1,0,1,20350102,all,2376.0
Zone1,0,1,20350103,all,2640.0
Zone1,0,1,20350104,all,2970.0
Zone1,0,1,20350105,all,3234.0
Zone1,0,1,20350106,all,3300.0
Zone1,0,1,20350107,all,3267.0
Zone1,0,1,20350108,all,3201.0
Zone1,0,1,20350109,all,3135.0
Zone1,0,1,20350110,all,3069.0
Zone1,0,1,20350111,all,3036.0
Zone1,0,1,20350112,all,3069.0
Zone1,0,1,20350113,all,3135.0
Zone1,0,1,20350114,all,3300.0
Zone1,0,1,20350115,all,3366.0
Zone1,0,1,20350116,all,3399.0
Zone1,0,1,20350117,all,3333.0
Zone1,0,1,20350118,all,3168.0
Zone1,0,1,20350119,all,2904.0
Zone1,0,1,20350120,all,2640.0
Zone1,0,1,20350121,all,2475.0
Zone1,0,1,20350122,all,2376.0
Zone1,0,1,20350123,all,2310.0
Zone1,0,1,20350124,all,2244.0
Zone1,0,1,20350125,all,2277.0
Zone1,0,1,20350126,all,2376.0
Zone1,0,1,20350127,all,2640.0
Zone1,0,1,20350128,all,2970.0
Zone1,0,1,20350129,all,3234.0
Zone1,0,1,20350130,all,3300.0
Zone1,0,1,20350131,all,3267.0
Zone1,0,1,20350132,all,3201.0
Zone1,0,1,20350133,all,3135.0
Zone1,0,1,20350134,all,3069.0
Zone1,0,1,20350135,all,3036.0
Zone1,0,1,20350136,all,3069.0
Zone1,0,1,20350137,all,3135.0
Zone1,0,1,20350138,all,3300.0
Zone1,0,1,20350139,all,3366.0
Zone1,0,1,20350140,all,3399.0
Zone1,0,1,20350141,all,3333.0
Zone1,0,1,20350142,all,3168.0
Zone1,0,1,20350143,all,2904.0
Zone1,0,1,20350144,all,2640.0
Zone1,0,1,20350145,all,2475.0
Zone1,0,1,20350146,all,2376.0
Zone1,0,1,20350147,all,2310.0
Zone1,0,1,20350148,all,2244.0
Zone1,0,1,20350149,all,2277.0
Zone1,0,1,20350150,all,2376.0
Zone1,0,1,20350151,all,2640.0
Zone1,0,1,20350152,all,2970.0
Zone1,0,1,20350153,all,3234.0
Zone1,0,1,20350154,all,3300.0
Zone1,0,1,20350155,all,3267.0
Zone1,0,1,20350156,all,3201.0
Zone1,0,1,20350157,all,3135.0
Zone1,0,1,20350158,all,3069.0
Zone1,0,1,20350159,all,3036.0
Zone1,0,1,20350160,all,3069.0
Zone1,0,1,20350161,all,3135.0
Zone1,0,1,20350162,all,3300.0
Zone1,0,1,20350163,all,3366.0
Zone1,0,1,20350164,all,3399.0
Zone1,0,1,20350165,all,3333.0
Zone1,0,1,20350166,all,3168.0
Zone1,0,1,20350167,all,2904.0
Zone1,0,1,20350168,all,2640.0
Zone1,0,1,20350169,all,2475.0
Zone1,0,1,20350170,all,2376.0
Zone1,0,1,20350171,all,2310.0
Zone1,0,1,20350172,all,2244.0
Zone1,0,1,20350173,all,2277.0
Zone1,0,1,20350174,all,2376.0
Zone1,0,1,20350175,all,2640.0
Zone1,0,1,20350176,all,2970.0
Zone1,0,1,20350177,all,3234.0
Zone1,0,1,20350178,all,3300.0
Zone1,0,1,20350179,all,3267.0
Zone1,0,1,20350180,all,3201.0
Zone1,0,1,20350181,all,3135.0
Zone1,0,1,20350182,all,3069.0
Zone1,0,1,20350183,all,3036.0
Zone1,0,1,20350184,all,3069.0
Zone1,0,1,20350185,all,3135.0
Zone1,0,1,20350186,all,3300.0
Zone1,0,1,20350187,all,3366.0
Zone1,0,1,20350188,all,3399.0
Zone1,0,1,20350189,all,3333.0
Zone1,0,1,20350190,all,3168.0
Zone1,0,1,20350191,all,2904.0
Zone1,0,1,20350192,all,2640.0
Zone1,0,1,20350193,all,2475.0
Zone1,0,1,20350194,all,2376.0
Zone1,0,1,20350195,all,2310.0
Zone1,0,1,20350196,all,2244.0
Zone1,0,1,20350197,all,2277.0
Zone1,0,1,20350198,all,2376.0
Zone1,0,1,20350199,all,2640.0
Zone1,0,1,20350200,all,2970.0
Zone1,0,1,20350201,all,3234.0
Zone1,0,1,20350202,all,3300.0
Zone1,0,1,20350203,all,3267.0
Zone1,0,1,20350204,all,3201.0
Zone1,0,1,20350205,all,3135.0
Zone1,0,1,20350206,all,3069.0
Zone1,0,1,20350207,all,3036.0
Zone1,0,1,20350208,all,3069.0
Zone1,0,1,20350209,all,3135.0
Zone1,0,1,20350210,all,3300.0
Zone1,0,1,20350211,all,3366.0
Zone1,0,1,20350212,all,3399.0
Zone1,0,1,20350213,all,3333.0
Zone1,0,1,20350214,all,3168.0
Zone1,0,1,20350215,all,2904.0
Zone1,0,1,20350216,all,2640.0
Zone1,0,1,20350217,all,2475.0
Zone1,0,1,20350218,all,2376.0
Zone1,0,1,20350219,all,2310.0
Zone1,0,1,20350220,all,2244.0
Zone1,0,1,20350221,all,2277.0
Zone1,0,1,20350222,all,2376.0
Zone1,0,1,20350223,all,2640.0
Zone1,0,1,20350224,all,2970.0
Zone1,0,1,20350225,all,3234.0
Zone1,0,1,20350226,all,3300.0
Zone1,0,1,20350227,all,3267.0
Zone1,0,1,20350228,all,3201.0
Zone1,0,1,20350229,all,3135.0
Zone1,0,1,20350230,all,3069.0
Zone1,0,1,20350231,all,3036.0
Zone1,0,1,20350232,all,3069.0
Zone1,0,1,20350233,all,3135.0
Zone1,0,1,20350234,all,3300.0
Zone1,0,1,20350235,all,3366.0
Zone1,0,1,20350236,all,3399.0
Zone1,0,1,20350237,all,3333.0
Zone1,0,1,20350238,all,3168.0
Zone1,0,1,20350239,all,2904.0
Zone1,0,1,20350240,all,2640.0
Zone1,0,1,20350241,all,2475.0
Zone1,0,1,20350242,all,2376.0
Zone1,0,1,20350243,all,2310.0
Zone1,0,1,20350244,all,2244.0
Zone1,0,1,20350245,all,2277.0
Zone1,0,1,20350246,all,2376.0
Zone1,0,1,20350247,all,2640.0
Zone1,0,1,20350248,all,2970.0
Zone1,0,1,20350249,all,3234.0
Zone1,0,1,20350250,all,3300.0
Zone1,0,1,20350251,all,3267.0
Zone1,0,1,20350252,all,3201.0
Zone1,0,1,20350253,all,3135.0
Zone1,0,1,20350254,all,3069.0
Zone1,0,1,20350255,all,3036.0
Zone1,0,1,20350256,all,3069.0
Zone1,0,1,20350257,all,3135.0
Zone1,0,1,20350258,all,3300.0
Zone1,0,1,20350259,all,3366.0
Zone1,0,1,20350260,all,3399.0
Zone1,0,1,20350261,all,3333.0
Zone1,0,1,20350262,all,3168.0
Zone1,0,1,20350263,all,2904.0
Zone1,0,1,20350264,all,2640.0
Zone1,0,1,20350265,all,2475.0
Zone1,0,1,20350266,all,2376.0
Zone1,0,1,20350267,all,2310.0
Zone1,0,1,20350268,all,2244.0
Zone1,0,1,20350269,all,2277.0
Zone1,0,1,20350270,all,2376.0
Zone1,0,1,20350271,all,2640.0
Zone1,0,1,20350272,all,2970.0
Zone1,0,1,20350273,all,3234.0
Zone1,0,1,20350274,all,3300.0
Zone1,0,1,20350275,all,3267.0
Zone1,0,1,20350276,all,3201.0
Zone1,0,1,20350277,all,3135.0
Zone1,0,1,20350278,all,3069.0
Zone1,0,1,20350279,all,3036.0
Zone1,0,1,20350280,all,3069.0
Zone1,0,1,20350281,all,3135.0
Zone1,0,1,20350282,all,3300.0
Zone1,0,1,20350283,all,3366.0
Zone1,0,1,20350284,all,3399.0
Zone1,0,1,20350285,all,3333.0
Zone1,0,1,20350286,all,3168.0
Zone1,0,1,20350287,all,2904.0
Zone1,0,1,20350288,all,2640.0
Zone1,0,1,20350289,all,2475.0
Zone1,0,1,20350290,all,2376.0
Zone1,0,1,20350291,all,2310.0
Zone1,0,1,20350292,all,2244.0
Zone1,0,1,20350293,all,2277.0
Zone1,0,1,20350294,all,2376.0
Zone1,0,1,20350295,all,2640.0
Zone1,0,1,20350296,all,2970.0
Zone1,0,1,20350297,all,3234.0
Zone1,0,1,20350298,all,3300.0
Zone1,0,1,20350299,all,3267.0
Zone1,0,1,20350300,all,3201.0
Zone1,0,1,20350301,all,3135.0
Zone1,0,1,20350302,all,3069.0
Zone1,0,1,20350303,all,3036.0
Zone1,0,1,20350304,all,3069.0
Zone1,0,1,20350305,all,3135.0
Zone1,0,1,20350306,all,3300.0
Zone1,0,1,20350307,all,3366.0
Zone1,0,1,20350308,all,3399.0
Zone1,0,1,20350309,all,3333.0
Zone1,0,1,20350310,all,3168.0
Zone1,0,1,20350311,all,2904.0
Zone1,0,1,20350312,all,2640.0
Zone1,0,1,20350313,all,2475.0
Zone1,0,1,20350314,all,2376.0
Zone1,0,1,20350315,all,2310.0
Zone1,0,1,20350316,all,2244.0
Zone1,0,1,20350317,all,2277.0
Zone1,0,1,20350318,all,2376.0
Zone1,0,1,20350319,all,2640.0
Zone1,0,1,20350320,all,2970.0
Zone1,0,1,20350321,all,3234.0
Zone1,0,1,20350322,all,3300.0
Zone1,0,1,20350323,all,3267.0
Zone1,0,1,20350324,all,3201.0
Zone1,0,1,20350325,all,3135.0
Zone1,0,1,20350326,all,3069.0
Zone1,0,1,20350327,all,3036.0
Zone1,0,1,20350328,all,3069.0
Zone1,0,1,20350329,all,3135.0
Zone1,0,1,20350330,all,3300.0
Zone1,0,1,20350331,all,3366.0
Zone1,0,1,20350332,all,3399.0
Zone1,0,1,20350333,all,3333.0
Zone1,0,1,20350334,all,3168.0
Zone1,0,1,20350335,all,2904.0
Zone1,0,1,20350336,all,2640.0
Zone1,0,1,20350337,all,2475.0
Zone1,0,1,20350338,all,2376.0
Zone1,0,1,20350339,all,2310.0
Zone1,0,1,20350340,all,2244.0
Zone1,0,1,20350341,all,2277.0
Zone1,0,1,20350342,all,2376.0
Zone1,0,1,20350343,all,2640.0
Zone1,0,1,20350344,all,2970.0
Zone1,0,1,20350345,all,3234.0
Zone1,0,1,20350346,all,3300.0
Zone1,0,1,20350347,all,3267.0
Zone1,0,1,20350348,all,3201.0
Zone1,0,1,20350349,all,3135.0
Zone1,0,1,20350350,all,3069.0
Zone1,0,1,20350351,all,3036.0
Zone1,0,1,20350352,all,3069.0
Zone1,0,1,20350353,all,3135.0
Zone1,0,1,20350354,all,3300.0
Zone1,0,1,20350355,all,3366.0
Zone1,0,1,20350356,all,3399.0
Zone1,0,1,20350357,all,3333.0
Zone1,0,1,20350358,all,3168.0
Zone1,0,1,20350359,all,2904.0
Zone1,0,1,20350360,all,2640.0
Zone1,0,1,20350361,all,2475.0
Zone1,0,1,20350362,all,2376.0
Zone1,0,1,20350363,all,2310.0
Zone1,0,1,20350364,all,2244.0
Zone1,0,1,20350365,all,2277.0
Zone1,0,1,20350366,all,2376.0
Zone1,0,1,20350367,all,2640.0
Zone1,0,1,20350368,all,2970.0
Zone1,0,1,20350369,all,3234.0
Zone1,0,1,20350370,all,3300.0
Zone1,0,1,20350371,all,3267.0
Zone1,0,1,20350372,all,3201.0
Zone1,0,1,20350373,all,3135.0
Zone1,0,1,20350374,all,3069.0
Zone1,0,1,20350375,all,3036.0
Zone1,0,1,20350376,all,3069.0
Zone1,0,1,20350377,all,3135.0
Zone1,0,1,20350378,all,3300.0
Zone1,0,1,20350379,all,3366.0
Zone1,0,1,20350380,all,3399.0
Zone1,0,1,20350381,all,3333.0
Zone1,0,1,20350382,all,3168.0
Zone1,0,1,20350383,all,2904.0
Zone1,0,1,20350384,all,2640.0
Zone1,0,1,20350385,all,2475.0
Zone1,0,1,20350386,all,2376.0
Zone1,0,1,20350387,all,2310.0
Zone1,0,1,20350388,all,2244.0
Zone1,0,1,20350389,all,2277.0
Zone1,0,1,20350390,all,2376.0
Zone1,0,1,20350391,all,2640.0
Zone1,0,1,20350392,all,2970.0
Zone1,0,1,20350393,all,3234.0
Zone1,0,1,20350394,all,3300.0
Zone1,0,1,20350395,all,3267.0
Zone1,0,1,20350396,all,3201.0
Zone1,0,1,20350397,all,3135.0
Zone1,0,1,20350398,all,3069.0
Zone1,0,1,20350399,all,3036.0
Zone1,0,1,20350400,all,3069.0
Zone1,0,1,20350401,all,3135.0
Zone1,0,1,20350402,all,3300.0
Zone1,0,1,20350403,all,3366.0
Zone1,0,1,20350404,all,3399.0
Zone1,0,1,20350405,all,3333.0
Zone1,0,1,20350406,all,3168.0
Zone1,0,1,20350407,all,2904.0
Zone1,0,1,20350408,all,2640.0
Zone1,0,1,20350409,all,2475.0
Zone1,0,1,20350410,all,2376.0
Zone1,0,1,20350411,all,2310.0
Zone1,0,1,20350412,all,2244.0
Zone1,0,1,20350413,all,2277.0
Zone1,0,1,20350414,all,2376.0
Zone1,0,1,20350415,all,2640.0
Zone1,0,1,20350416,all,2970.0
Zone1,0,1,20350417,all,3234.0
Zone1,0,1,20350418,all,3300.0
Zone1,0,1,20350419,all,3267.0
Zone1,0,1,20350420,all,3201.0
Zone1,0,1,20350421,all,3135.0
Zone1,0,1,20350422,all,3069.0
Zone1,0,1,20350423,all,3036.0
Zone1,0,1,20350424,all,3069.0
Zone1,0,1,20350425,all,3135.0
Zone1,0,1,20350426,all,3300.0
Zone1,0,1,20350427,all,3366.0
Zone1,0,1,20350428,all,3399.0
Zone1,0,1,20350429,all,3333.0
Zone1,0,1,20350430,all,3168.0
Zone1,0,1,20350431,all,2904.0
Zone1,0,1,20350432,all,2640.0
Zone1,0,1,20350433,all,2475.0
Zone1,0,1,20350434,all,2376.0
Zone1,0,1,20350435,all,2310.0
Zone1,0,1,20350436,all,2244.0
Zone1,0,1,20350437,all,2277.0
Zone1,0,1,20350438,all,2376.0
Zone1,0,1,20350439,all,2640.0
Zone1,0,1,20350440,all,2970.0
Zone1,0,1,20350441,all,3234.0
Zone1,0,1,20350442,all,3300.0
Zone1,0,1,20350443,all,3267.0
Zone1,0,1,20350444,all,3201.0
Zone1,0,1,20350445,all,3135.0
Zone1,0,1,20350446,all,3069.0
Zone1,0,1,20350447,all,3036.0
Zone1,0,1,20350448,all,3069.0
Zone1,0,1,20350449,all,3135.0
Zone1,0,1,20350450,all,3300.0
Zone1,0,1,20350451,all,3366.0
Zone1,0,1,20350452,all,3399.0
Zone1,0,1,20350453,all,3333.0
Zone1,0,1,20350454,all,3168.0
Zone1,0,1,20350455,all,2904.0
Zone1,0,1,20350456,all,2640.0
Zone1,0,1,20350457,all,2475.0
Zone1,0,1,20350458,all,2376.0
Zone1,0,1,20350459,all,2310.0
Zone1,0,1,20350460,all,2244.0
Zone1,0,1,20350461,all,2277.0
Zone1,0,1,20350462,all,2376.0
Zone1,0,1,20350463,all,2640.0
Zone1,0,1,20350464,all,2970.0
Zone1,0,1,20350465,all,3234.0
Zone1,0,1,20350466,all,3300.0
Zone1,0,1,20350467,all,3267.0
Zone1,0,1,20350468,all,3201.0
Zone1,0,1,20350469,all,3135.0
Zone1,0,1,20350470,all,3069.0
Zone1,0,1,20350471,all,3036.0
Zone1,0,1,20350472,all,3069.0
Zone1,0,1,20350473,all,3135.0
Zone1,0,1,20350474,all,3300.0
Zone1,0,1,20350475,all,3366.0
Zone1,0,1,20350476,all,3399.0
Zone1,0,1,20350477,all,3333.0
Zone1,0,1,20350478,all,3168.0
Zone1,0,1,20350479,all,2904.0
Zone1,0,1,20350480,all,2640.0
Zone1,0,1,20350481,all,2475.0
Zone1,0,1,20350482,all,2376.0
Zone1,0,1,20350483,all,2310.0
Zone1,0,1,20350484,all,2244.0
Zone1,0,1,20350485,all,2277.0
Zone1,0,1,20350486,all,2376.0
Zone1,0,1,20350487,all,2640.0
Zone1,0,1,20350488,all,2970.0
Zone1,0,1,20350489,all,3234.0
Zone1,0,1,20350490,all,3300.0
Zone1,0,1,20350491,all,3267.0
Zone1,0,1,20350492,all,3201.0
Zone1,0,1,20350493,all,3135.0
Zone1,0,1,20350494,all,3069.0
Zone1,0,1,20350495,all,3036.0
Zone1,0,1,20350496,all,3069.0
Zone1,0,1,20350497,all,3135.0
Zone1,0,1,20350498,all,3300.0
Zone1,0,1,20350499,all,3366.0
Zone1,0,1,20350500,all,3399.0
Zone1,0,1,20350501,all,3333.0
Zone1,0,1,20350502,all,3168.0
Zone1,0,1,20350503,all,2904.0
Zone1,0,1,20350504,all,2640.0
Zone1,0,1,20350505,all,2475.0
Zone1,0,1,20350506,all,2376.0
Zone1,0,1,20350507,all,2310.0
Zone1,0,1,20350508,all,2244.0
Zone1,0,1,20350509,all,2277.0
Zone1,0,1,20350510,all,2376.0
Zone1,0,1,20350511,all,2640.0
Zone1,0,1,20350512,all,2970.0
Zone1,0,1,20350513,all,3234.0
Zone1,0,1,20350514,all,3300.0
Zone1,0,1,20350515,all,3267.0
Zone1,0,1,20350516,all,3201.0
Zone1,0,1,20350517,all,3135.0
Zone1,0,1,20350518,all,3069.0
Zone1,0,1,20350519,all,3036.0
Zone1,0,1,20350520,all,3069.0
Zone1,0,1,20350521,all,3135.0
Zone1,0,1,20350522,all,3300.0
Zone1,0,1,20350523,all,3366.0
Zone1,0,1,20350524,all,3399.0
Zone1,0,1,20350525,all,3333.0
Zone1,0,1,20350526,all,3168.0
Zone1,0,1,20350527,all,2904.0
Zone1,0,1,20350528,all,2640.0
Zone1,0,1,20350529,all,2475.0
Zone1,0,1,20350530,all,2376.0
Zone1,0,1,20350531,all,2310.0
Zone1,0,1,20350532,all,2244.0
Zone1,0,1,20350533,all,2277.0
Zone1,0,1,20350534,all,2376.0
Zone1,0,1,20350535,all,2640.0
Zone1,0,1,20350536,all,2970.0
Zone1,0,1,20350537,all,3234.0
Zone1,0,1,20350538,all,3300.0
Zone1,0,1,20350539,all,3267.0
Zone1,0,1,20350540,all,3201.0
Zone1,0,1,20350541,all,3135.0
Zone1,0,1,20350542,all,3069.0
Zone1,0,1,20350543,all,3036.0
Zone1,0,1,20350544,all,3069.0
Zone1,0,1,20350545,all,3135.0
Zone1,0,1,20350546,all,3300.0
Zone1,0,1,20350547,all,3366.0
Zone1,0,1,20350548,all,3399.0
Zone1,0,1,20350549,all,3333.0
Zone1,0,1,20350550,all,3168.0
Zone1,0,1,20350551,all,2904.0
Zone1,0,1,20350552,all,2640.0
Zone1,0,1,20350553,all,2475.0
Zone1,0,1,20350554,all,2376.0
Zone1,0,1,20350555,all,2310.0
Zone1,0,1,20350556,all,2244.0
Zone1,0,1,20350557,all,2277.0
Zone1,0,1,20350558,all,2376.0
Zone1,0,1,20350559,all,2640.0
Zone1,0,1,20350560,all,2970.0
Zone1,0,1,20350561,all,3234.0
Zone1,0,1,20350562,all,3300.0
Zone1,0,1,20350563,all,3267.0
Zone1,0,1,20350564,all,3201.0
Zone1,0,1,20350565,all,3135.0
Zone1,0,1,20350566,all,3069.0
Zone1,0,1,20350567,all,3036.0
Zone1,0,1,20350568,all,3069.0
Zone1,0,1,20350569,all,3135.0
Zone1,0,1,20350570,all,3300.0
Zone1,0,1,20350571,all,3366.0
Zone1,0,1,20350572,all,3399.0
Zone1,0,1,20350573,all,3333.0
Zone1,0,1,20350574,all,3168.0
Zone1,0,1,20350575,all,2904.0
Zone1,0,1,20350576,all,2640.0
Zone1,0,1,20350577,all,2475.0
Zone1,0,1,20350578,all,2376.0
Zone1,0,1,20350579,all,2310.0
Zone1,0,1,20350580,all,2244.0
Zone1,0,1,20350581,all,2277.0
Zone1,0,1,20350582,all,2376.0
Zone1,0,1,20350583,all,2640.0
Zone1,0,1,20350584,all,2970.0
Zone1,0,1,20350585,all,3234.0
Zone1,0,1,20350586,all,3300.0
Zone1,0,1,20350587,all,3267.0
Zone1,0,1,20350588,all,3201.0
Zone1,0,1,20350589,all,3135.0
Zone1,0,1,20350590,all,3069.0
Zone1,0,1,20350591,all,3036.0
Zone1,0,1,20350592,all,3069.0
Zone1,0,1,20350593,all,3135.0
Zone1,0,1,20350594,all,3300.0
Zone1,0,1,20350595,all,3366.0
Zone1,0,1,20350596,all,3399.0
Zone1,0,1,20350597,all,3333.0
Zone1,0,1,20350598,all,3168.0
Zone1,0,1,20350599,all,2904.0
Zone1,0,1,20350600,all,2640.0
Zone1,0,1,20350601,all,2475.0
Zone1,0,1,20350602,all,2376.0
Zone1,0,1,20350603,all,2310.0
Zone1,0,1,20350604,all,2244.0
Zone1,0,1,20350605,all,2277.0
Zone1,0,1,20350606,all,2376.0
Zone1,0,1,20350607,all,2640.0
Zone1,0,1,20350608,all,2970.0
Zone1,0,1,20350609,all,3234.0
Zone1,0,1,20350610,all,3300.0
Zone1,0,1,20350611,all,3267.0
Zone1,0,1,20350612,all,3201.0
Zone1,0,1,20350613,all,3135.0
Zone1,0,1,20350614,all,3069.0
Zone1,0,1,20350615,all,3036.0
Zone1,0,1,20350616,all,3069.0
Zone1,0,1,20350617,all,3135.0
Zone1,0,1,20350618,all,3300.0
Zone1,0,1,20350619,all,3366.0
Zone1,0,1,20350620,all,3399.0
Zone1,0,1,20350621,all,3333.0
Zone1,0,1,20350622,all,3168.0
Zone1,0,1,20350623,all,2904.0
Zone1,0,1,20350624,all,2640.0
Zone1,0,1,20350625,all,2475.0
Zone1,0,1,20350626,all,2376.0
Zone1,0,1,20350627,all,2310.0
Zone1,0,1,20350628,all,2244.0
Zone1,0,1,20350629,all,2277.0
Zone1,0,1,20350630,all,2376.0
Zone1,0,1,20350631,all,2640.0
Zone1,0,1,20350632,all,2970.0
Zone1,0,1,20350633,all,3234.0
Zone1,0,1,20350634,all,3300.0
Zone1,0,1,20350635,all,3267.0
Zone1,0,1,20350636,all,3201.0
Zone1,0,1,20350637,all,3135.0
Zone1,0,1,20350638,all,3069.0
Zone1,0,1,20350639,all,3036.0
Zone1,0,1,20350640,all,3069.0
Zone1,0,1,20350641,all,3135.0
Zone1,0,1,20350642,all,3300.0
Zone1,0,1,20350643,all,3366.0
Zone1,0,1,20350644,all,3399.0
Zone1,0,1,20350645,all,3333.0
Zone1,0,1,20350646,all,3168.0
Zone1,0,1,20350647,all,2904.0
Zone1,0,1,20350648,all,2640.0
Zone1,0,1,20350649,all,2475.0
Zone1,0,1,20350650,all,2376.0
Zone1,0,1,20350651,all,2310.0
Zone1,0,1,20350652,all,2244.0
Zone1,0,1,20350653,all,2277.0
Zone1,0,1,20350654,all,2376.0
Zone1,0,1,20350655,all,2640.0
Zone1,0,1,20350656,all,2970.0
Zone1,0,1,20350657,all,3234.0
Zone1,0,1,20350658,all,3300.0
Zone1,0,1,20350659,all,3267.0
Zone1,0,1,20350660,all,3201.0
Zone1,0,1,20350661,all,3135.0
Zone1,0,1,20350662,all,3069.0
Zone1,0,1,20350663,all,3036.0
Zone1,0,1,20350664,all,3069.0
Zone1,0,1,20350665,all,3135.0
Zone1,0,1,20350666,all,3300.0
Zone1,0,1,20350667,all,3366.0
Zone1,0,1,20350668,all,3399.0
Zone1,0,1,20350669,all,3333.0
Zone1,0,1,20350670,all,3168.0
Zone1,0,1,20350671,all,2904.0
Zone1,0,1,20350672,all,2640.0
Zone1,0,1,20350673,all,2475.0
Zone1,0,1,20350674,all,2376.0
Zone1,0,1,20350675,all,2310.0
Zone1,0,1,20350676,all,2244.0
Zone1,0,1,20350677,all,2277.0
Zone1,0,1,20350678,all,2376.0
Zone1,0,1,20350679,all,2640.0
Zone1,0,1,20350680,all,2970.0
Zone1,0,1,20350681,all,3234.0
Zone1,0,1,20350682,all,3300.0
Zone1,0,1,20350683,all,3267.0
Zone1,0,1,20350684,all,3201.0
Zone1,0,1,20350685,all,3135.0
Zone1,0,1,20350686,all,3069.0
Zone1,0,1,20350687,all,3036.0
Zone1,0,1,20350688,all,3069.0
Zone1,0,1,20350689,all,3135.0
Zone1,0,1,20350690,all,3300.0
Zone1,0,1,20350691,all,3366.0
Zone1,0,1,20350692,all,3399.0
Zone1,0,1,20350693,all,3333.0
Zone1,0,1,20350694,all,3168.0
Zone1,0,1,20350695,all,2904.0
Zone1,0,1,20350696,all,2640.0
Zone1,0,1,20350697,all,2475.0
Zone1,0,1,20350698,all,2376.0
Zone1,0,1,20350699,all,2310.0
Zone1,0,1,20350700,all,2244.0
Zone1,0,1,20350701,all,2277.0
Zone1,0,1,20350702,all,2376.0
Zone1,0,1,20350703,all,2640.0
Zone1,0,1,20350704,all,2970.0
Zone1,0,1,20350705,all,3234.0
Zone1,0,1,20350706,all,3300.0
Zone1,0,1,20350707,all,3267.0
Zone1,0,1,20350708,all,3201.0
Zone1,0,1,20350709,all,3135.0
Zone1,0,1,20350710,all,3069.0
Zone1,0,1,20350711,all,3036.0
Zone1,0,1,20350712,all,3069.0
Zone1,0,1,20350713,all,3135.0
Zone1,0,1,20350714,all,3300.0
Zone1,0,1,20350715,all,3366.0
Zone1,0,1,20350716,all,3399.0
Zone1,0,1,20350717,all,3333.0
Zone1,0,1,20350718,all,3168.0
Zone1,0,1,20350719,all,2904.0
Zone1,0,1,20350720,all,2640.0
Zone1,0,1,20350721,all,2475.0
Zone1,0,1,20350722,all,2376.0
Zone1,0,1,20350723,all,2310.0
Zone1,0,1,20350724,all,2244.0
Zone1,0,1,20350725,all,2277.0
Zone1,0,1,20350726,all,2376.0
Zone1,0,1,20350727,all,2640.0
Zone1,0,1,20350728,all,2970.0
Zone1,0,1,20350729,all,3234.0
Zone1,0,1,20350730,all,3300.0
Zone1,0,1,20350731,all,3267.0
Zone1,0,1,20350732,all,3201.0
Zone1,0,1,20350733,all,3135.0
Zone1,0,1,20350734,all,3069.0
Zone1,0,1,20350735,all,3036.0
Zone1,0,1,20350736,all,3069.0
Zone1,0,1,20350737,all,3135.0
Zone1,0,1,20350738,all,3300.0
Zone1,0,1,20350739,all,3366.0
Zone1,0,1,20350740,all,3399.0
Zone1,0,1,20350741,all,3333.0
Zone1,0,1,20350742,all,3168.0
Zone1,0,1,20350743,all,2904.0
Zone1,0,1,20350744,all,2640.0
Zone1,0,1,20350745,all,2362.5
Zone1,0,1,20350746,all,2268.0
Zone1,0,1,20350747,all,2205.0
Zone1,0,1,20350748,all,2142.0
Zone1,0,1,20350749,all,2173.5
Zone1,0,1,20350750,all,2268.0
Zone1,0,1,20350751,all,2520.0
Zone1,0,1,20350752,all,2835.0
Zone1,0,1,20350753,all,3087.0
Zone1,0,1,20350754,all,3150.0
Zone1,0,1,20350755,all,3118.5
Zone1,0,1,20350756,all,3055.5
Zone1,0,1,20350757,all,2992.5
Zone1,0,1,20350758,all,2929.5
Zone1,0,1,20350759,all,2898.0
Zone1,0,1,20350760,all,2929.5
Zone1,0,1,20350761,all,2992.5
Zone1,0,1,20350762,all,3150.0
Zone1,0,1,20350763,all,3213.0
Zone1,0,1,20350764,all,3244.5
Zone1,0,1,20350765,all,3181.5
Zone1,0,1,20350766,all,3024.0
Zone1,0,1,20350767,all,2772.0
Zone1,0,1,20350768,all,2520.0
Zone1,0,1,20350769,all,2362.5
Zone1,0,1,20350770,all,2268.0
Zone1,0,1,20350771,all,2205.0
Zone1,0,1,20350772,all,2142.0
Zone1,0,1,20350773,all,2173.5
Zone1,0,1,20350774,all,2268.0
Zone1,0,1,20350775,all,2520.0
Zone1,0,1,20350776,all,2835.0
Zone1,0,1,20350777,all,3087.0
Zone1,0,1,20350778,all,3150.0
Zone1,0,1,20350779,all,3118.5
Zone1,0,1,20350780,all,3055.5
Zone1,0,1,20350781,all,2992.5
Zone1,0,1,20350782,all,2929.5
Zone1,0,1,20350783,all,2898.0
Zone1,0,1,20350784,all,2929.5
Zone1,0,1,20350785,all,2992.5
Zone1,0,1,20350786,all,3150.0
Zone1,0,1,20350787,all,3213.0
Zone1,0,1,20350788,all,3244.5
Zone1,0,1,20350789,all,3181.5
Zone1,0,1,20350790,all,3024.0
Zone1,0,1,20350791,all,2772.0
Zone1,0,1,20350792,all,2520.0
Zone1,0,1,20350793,all,2362.5
Zone1,0,1,20350794,all,2268.0
Zone1,0,1,20350795,all,2205.0
Zone1,0,1,20350796,all,2142.0
Zone1,0,1,20350797,all,2173.5
Zone1,0,1,20350798,all,2268.0
Zone1,0,1,20350799,all,2520.0
Zone1,0,1,20350800,all,2835.0
Zone1,0,1,20350801,all,3087.0
Zone1,0,1,20350802,all,3150.0
Zone1,0,1,20350803,all,3118.5
Zone1,0,1,20350804,all,3055.5
Zone1,0,1,20350805,all,2992.5
Zone1,0,1,20350806,all,2929.5
Zone1,0,1,20350807,all,2898.0
Zone1,0,1,20350808,all,2929.5
Zone1,0,1,20350809,all,2992.5
Zone1,0,1,20350810,all,3150.0
Zone1,0,1,20350811,all,3213.0
Zone1,0,1,20350812,all,3244.5
Zone1,0,1,20350813,all,3181.5
Zone1,0,1,20350814,all,3024.0
Zone1,0,1,20350815,all,2772.0
Zone1,0,1,20350816,all,2520.0
Zone1,0,1,20350817,all,2362.5
Zone1,0,1,20350818,all,2268.0
Zone1,0,1,20350819,all,2205.0
Zone1,0,1,20350820,all,2142.0
Zone1,0,1,20350821,all,2173.5
Zone1,0,1,20350822,all,2268.0
Zone1,0,1,20350823,all,2520.0
Zone1,0,1,20350824,all,2835.0
Zone1,0,1,20350825,all,3087.0
Zone1,0,1,20350826,all,3150.0
Zone1,0,1,20350827,all,3118.5
Zone1,0,1,20350828,all,3055.5
Zone1,0,1,20350829,all,2992.5
Zone1,0,1,20350830,all,2929.5
Zone1,0,1,20350831,all,2898.0
Zone1,0,1,20350832,all,2929.5
Zone1,0,1,20350833,all,2992.5
Zone1,0,1,20350834,all,3150.0
Zone1,0,1,20350835,all,3213.0
Zone1,0,1,20350836,all,3244.5
Zone1,0,1,20350837,all,3181.5
Zone1,0,1,20350838,all,3024.0
Zone1,0,1,20350839,all,2772.0
Zone1,0,1,20350840,all,2520.0
Zone1,0,1,20350841,all,2362.5
Zone1,0,1,20350842,all,2268.0
Zone1,0,1,20350843,all,2205.0
Zone1,0,1,20350844,all,2142.0
Zone1,0,1,20350845,all,2173.5
Zone1,0,1,20350846,all,2268.0
Zone1,0,1,20350847,all,2520.0
Zone1,0,1,20350848,all,2835.0
Zone1,0,1,20350849,all,3087.0
Zone1,0,1,20350850,all,3150.0
Zone1,0,1,20350851,all,3118.5
Zone1,0,1,20350852,all,3055.5
Zone1,0,1,20350853,all,2992.5
Zone1,0,1,20350854,all,2929.5
Zone1,0,1,20350855,all,2898.0
Zone1,0,1,20350856,all,2929.5
Zone1,0,1,20350857,all,2992.5
Zone1,0,1,20350858,all,3150.0
Zone1,0,1,20350859,all,3213.0
Zone1,0,1,20350860,all,3244.5
Zone1,0,1,20350861,all,3181.5
Zone1,0,1,20350862,all,3024.0
Zone1,0,1,20350863,all,2772.0
Zone1,0,1,20350864,all,2520.0
Zone1,0,1,20350865,all,2362.5
Zone1,0,1,20350866,all,2268.0
Zone1,0,1,20350867,all,2205.0
Zone1,0,1,20350868,all,2142.0
Zone1,0,1,20350869,all,2173.5
Zone1,0,1,20350870,all,2268.0
Zone1,0,1,20350871,all,2520.0
Zone1,0,1,20350872,all,2835.0
Zone1,0,1,20350873,all,3087.0
Zone1,0,1,20350874,all,3150.0
Zone1,0,1,20350875,all,3118.5
Zone1,0,1,20350876,all,3055.5
Zone1,0,1,20350877,all,2992.5
Zone1,0,1,20350878,all,2929.5
Zone1,0,1,20350879,all,2898.0
Zone1,0,1,20350880,all,2929.5
Zone1,0,1,20350881,all,2992.5
Zone1,0,1,20350882,all,3150.0
Zone1,0,1,20350883,all,3213.0
Zone1,0,1,20350884,all,3244.5
Zone1,0,1,20350885,all,3181.5
Zone1,0,1,20350886,all,3024.0
Zone1,0,1,20350887,all,2772.0
Zone1,0,1,20350888,all,2520.0
Zone1,0,1,20350889,all,2362.5
Zone1,0,1,20350890,all,2268.0
Zone1,0,1,20350891,all,2205.0
Zone1,0,1,20350892,all,2142.0
Zone1,0,1,20350893,all,2173.5
Zone1,0,1,20350894,all,2268.0
Zone1,0,1,20350895,all,2520.0
Zone1,0,1,20350896,all,2835.0
Zone1,0,1,20350897,all,3087.0
Zone1,0,1,20350898,all,3150.0
Zone1,0,1,20350899,all,3118.5
Zone1,0,1,20350900,all,3055.5
Zone1,0,1,20350901,all,2992.5
Zone1,0,1,20350902,all,2929.5
Zone1,0,1,20350903,all,2898.0
Zone1,0,1,20350904,all,2929.5
Zone1,0,1,20350905,all,2992.5
Zone1,0,1,20350906,all,3150.0
Zone1,0,1,20350907,all,3213.0
Zone1,0,1,20350908,all,3244.5
Zone1,0,1,20350909,all,3181.5
Zone1,0,1,20350910,all,3024.0
Zone1,0,1,20350911,all,2772.0
Zone1,0,1,20350912,all,2520.0
Zone1,0,1,20350913,all,2362.5
Zone1,0,1,20350914,all,2268.0
Zone1,0,1,20350915,all,2205.0
Zone1,0,1,20350916,all,2142.0
Zone1,0,1,20350917,all,2173.5
Zone1,0,1,20350918,all,2268.0
Zone1,0,1,20350919,all,2520.0
Zone1,0,1,20350920,all,2835.0
Zone1,0,1,20350921,all,3087.0
Zone1,0,1,20350922,all,3150.0
Zone1,0,1,20350923,all,3118.5
Zone1,0,1,20350924,all,3055.5
Zone1,0,1,20350925,all,2992.5
Zone1,0,1,20350926,all,2929.5
Zone1,0,1,20350927,all,2898.0
Zone1,0,1,20350928,all,2929.5
Zone1,0,1,20350929,all,2992.5
Zone1,0,1,20350930,all,3150.0
Zone1,0,1,20350931,all,3213.0
Zone1,0,1,20350932,all,3244.5
Zone1,0,1,20350933,all,3181.5
Zone1,0,1,20350934,all,3024.0
Zone1,0,1,20350935,all,2772.0
Zone1,0,1,20350936,all,2520.0
Zone1,0,1,20350937,all,2362.5
Zone1,0,1,20350938,all,2268.0
Zone1,0,1,20350939,all,2205.0
Zone1,0,1,20350940,all,2142.0
Zone1,0,1,20350941,all,2173.5
Zone1,0,1,20350942,all,2268.0
Zone1,0,1,20350943,all,2520.0
Zone1,0,1,20350944,all,2835.0
Zone1,0,1,20350945,all,3087.0
Zone1,0,1,20350946,all,3150.0
Zone1,0,1,20350947,all,3118.5
Zone1,0,1,20350948,all,3055.5
Zone1,0,1,20350949,all,2992.5
Zone1,0,1,20350950,all,2929.5
Zone1,0,1,20350951,all,2898.0
Zone1,0,1,20350952,all,2929.5
Zone1,0,1,20350953,all,2992.5
Zone1,0,1,20350954,all,3150.0
Zone1,0,1,20350955,all,3213.0
Zone1,0,1,20350956,all,3244.5
Zone1,0,1,20350957,all,3181.5
Zone1,0,1,20350958,all,3024.0
Zone1,0,1,20350959,all,2772.0
Zone1,0,1,20350960,all,2520.0
Zone1,0,1,20350961,all,2362.5
Zone1,0,1,20350962,all,2268.0
Zone1,0,1,20350963,all,2205.0
Zone1,0,1,20350964,all,2142.0
Zone1,0,1,20350965,all,2173.5
Zone1,0,1,20350966,all,2268.0
Zone1,0,1,20350967,all,2520.0
Zone1,0,1,20350968,all,2835.0
Zone1,0,1,20350969,all,3087.0
Zone1,0,1,20350970,all,3150.0
Zone1,0,1,20350971,all,3118.5
Zone1,0,1,20350972,all,3055.5
Zone1,0,1,20350973,all,2992.5
Zone1,0,1,20350974,all,2929.5
Zone1,0,1,20350975,all,2898.0
Zone1,0,1,20350976,all,2929.5
Zone1,0,1,20350977,all,2992.5
Zone1,0,1,20350978,all,3150.0
Zone1,0,1,20350979,all,3213.0
Zone1,0,1,20350980,all,3244.5
Zone1,0,1,20350981,all,3181.5
Zone1,0,1,20350982,all,3024.0
Zone1,0,1,20350983,all,2772.0
Zone1,0,1,20350984,all,2520.0
Zone1,0,1,20350985,all,2362.5
Zone1,0,1,20350986,all,2268.0
Zone1,0,1,20350987,all,2205.0
Zone1,0,1,20350988,all,2142.0
Zone1,0,1,20350989,all,2173.5
Zone1,0,1,20350990,all,2268.0
Zone1,0,1,20350991,all,2520.0
Zone1,0,1,20350992,all,2835.0
Zone1,0,1,20350993,all,3087.0
Zone1,0,1,20350994,all,3150.0
Zone1,0,1,20350995,all,3118.5
Zone1,0,1,20350996,all,3055.5
Zone1,0,1,20350997,all,2992.5
Zone1,0,1,20350998,all,2929.5
Zone1,0,1,20350999,all,2898.0
Zone1,0,1,20351000,all,2929.5
Zone1,0,1,20351001,all,2992.5
Zone1,0,1,20351002,all,3150.0
Zone1,0,1,20351003,all,3213.0
Zone1,0,1,20351004,all,3244.5
Zone1,0,1,20351005,all,3181.5
Zone1,0,1,20351006,all,3024.0
Zone1,0,1,20351007,all,2772.0
Zone1,0,1,20351008,all,2520.0
Zone1,0,1,20351009,all,2362.5
Zone1,0,1,20351010,all,2268.0
Zone1,0,1,20351011,all,2205.0
Zone1,0,1,20351012,all,2142.0
Zone1,0,1,20351013,all,2173.5
Zone1,0,1,20351014,all,2268.0
Zone1,0,1,20351015,all,2520.0
Zone1,0,1,20351016,all,2835.0
Zone1,0,1,20351017,all,3087.0
Zone1,0,1,20351018,all,3150.0
Zone1,0,1,20351019,all,3118.5
Zone1,0,1,20351020,all,3055.5
Zone1,0,1,20351021,all,2992.5
Zone1,0,1,20351022,all,2929.5
Zone1,0,1,20351023,all,2898.0
Zone1,0,1,20351024,all,2929.5
Zone1,0,1,20351025,all,2992.5
Zone1,0,1,20351026,all,3150.0
Zone1,0,1,20351027,all,3213.0
Zone1,0,1,20351028,all,3244.5
Zone1,0,1,20351029,all,3181.5
Zone1,0,1,20351030,all,3024.0
Zone1,0,1,20351031,all,2772.0
Zone1,0,1,20351032,all,2520.0
Zone1,0,1,20351033,all,2362.5
Zone1,0,1,20351034,all,2268.0
Zone1,0,1,20351035,all,2205.0
Zone1,0,1,20351036,all,2142.0
Zone1,0,1,20351037,all,2173.5
Zone1,0,1,20351038,all,2268.0
Zone1,0,1,20351039,all,2520.0
Zone1,0,1,20351040,all,2835.0
Zone1,0,1,20351041,all,3087.0
Zone1,0,1,20351042,all,3150.0
Zone1,0,1,20351043,all,3118.5
Zone1,0,1,20351044,all,3055.5
Zone1,0,1,20351045,all,2992.5
Zone1,0,1,20351046,all,2929.5
Zone1,0,1,20351047,all,2898.0
Zone1,0,1,20351048,all,2929.5
Zone1,0,1,20351049,all,2992.5
Zone1,0,1,20351050,all,3150.0
Zone1,0,1,20351051,all,3213.0
Zone1,0,1,20351052,all,3244.5
Zone1,0,1,20351053,all,3181.5
Zone1,0,1,20351054,all,3024.0
Zone1,0,1,20351055,all,2772.0
Zone1,0,1,20351056,all,2520.0
Zone1,0,1,20351057,all,2362.5
Zone1,0,1,20351058,all,2268.0
Zone1,0,1,20351059,all,2205.0
Zone1,0,1,20351060,all,2142.0
Zone1,0,1,20351061,all,2173.5
Zone1,0,1,20351062,all,2268.0
Zone1,0,1,20351063,all,2520.0
Zone1,0,1,20351064,all,2835.0
Zone1,0,1,20351065,all,3087.0
Zone1,0,1,20351066,all,3150.0
Zone1,0,1,20351067,all,3118.5
Zone1,0,1,20351068,all,3055.5
Zone1,0,1,20351069,all,2992.5
Zone1,0,1,20351070,all,2929.5
Zone1,0,1,20351071,all,2898.0
Zone1,0,1,20351072,all,2929.5
Zone1,0,1,20351073,all,2992.5
Zone1,0,1,20351074,all,3150.0
Zone1,0,1,20351075,all,3213.0
Zone1,0,1,20351076,all,3244.5
Zone1,0,1,20351077,all,3181.5
Zone1,0,1,20351078,all,3024.0
Zone1,0,1,20351079,all,2772.0
Zone1,0,1,20351080,all,2520.0
Zone1,0,1,20351081,all,2362.5
Zone1,0,1,20351082,all,2268.0
Zone1,0,1,20351083,all,2205.0
Zone1,0,1,20351084,all,2142.0
Zone1,0,1,20351085,all,2173.5
Zone1,0,1,20351086,all,2268.0
Zone1,0,1,20351087,all,2520.0
Zone1,0,1,20351088,all,2835.0
Zone1,0,1,20351089,all,3087.0
Zone1,0,1,20351090,all,3150.0
Zone1,0,1,20351091,all,3118.5
Zone1,0,1,20351092,all,3055.5
Zone1,0,1,20351093,all,2992.5
Zone1,0,1,20351094,all,2929.5
Zone1,0,1,20351095,all,2898.0
Zone1,0,1,20351096,all,2929.5
Zone1,0,1,20351097,all,2992.5
Zone1,0,1,20351098,all,3150.0
Zone1,0,1,20351099,all,3213.0
Zone1,0,1,20351100,all,3244.5
Zone1,0,1,20351101,all,3181.5
Zone1,0,1,20351102,all,3024.0
Zone1,0,1,20351103,all,2772.0
Zone1,0,1,20351104,all,2520.0
Zone1,0,1,20351105,all,2362.5
Zone1,0,1,20351106,all,2268.0
Zone1,0,1,20351107,all,2205.0
Zone1,0,1,20351108,all,2142.0
Zone1,0,1,20351109,all,2173.5
Zone1,0,1,20351110,all,2268.0
Zone1,0,1,20351111,all,2520.0
Zone1,0,1,20351112,all,2835.0
Zone1,0,1,20351113,all,3087.0
Zone1,0,1,20351114,all,3150.0
Zone1,0,1,20351115,all,3118.5
Zone1,0,1,20351116,all,3055.5
Zone1,0,1,20351117,all,2992.5
Zone1,0,1,20351118,all,2929.5
Zone1,0,1,20351119,all,2898.0
Zone1,0,1,20351120,all,2929.5
Zone1,0,1,20351121,all,2992.5
Zone1,0,1,20351122,all,3150.0
Zone1,0,1,20351123,all,3213.0
Zone1,0,1,20351124,all,3244.5
Zone1,0,1,20351125,all,3181.5
Zone1,0,1,20351126,all,3024.0
Zone1,0,1,20351127,all,2772.0
Zone1,0,1,20351128,all,2520.0
Zone1,0,1,20351129,all,2362.5
Zone1,0,1,20351130,all,2268.0
Zone1,0,1,20351131,all,2205.0
Zone1,0,1,20351132,all,2142.0
Zone1,0,1,20351133,all,2173.5
Zone1,0,1,20351134,all,2268.0
Zone1,0,1,20351135,all,2520.0
Zone1,0,1,20351136,all,2835.0
Zone1,0,1,20351137,all,3087.0
Zone1,0,1,20351138,all,3150.0
Zone1,0,1,20351139,all,3118.5
Zone1,0,1,20351140,all,3055.5
Zone1,0,1,20351141,all,2992.5
Zone1,0,1,20351142,all,2929.5
Zone1,0,1,20351143,all,2898.0
Zone1,0,1,20351144,all,2929.5
Zone1,0,1,20351145,all,2992.5
Zone1,0,1,20351146,all,3150.0
Zone1,0,1,20351147,all,3213.0
Zone1,0,1,20351148,all,3244.5
Zone1,0,1,20351149,all,3181.5
Zone1,0,1,20351150,all,3024.0
Zone1,0,1,20351151,all,2772.0
Zone1,0,1,20351152,all,2520.0
Zone1,0,1,20351153,all,2362.5
Zone1,0,1,20351154,all,2268.0
Zone1,0,1,20351155,all,2205.0
Zone1,0,1,20351156,all,2142.0
Zone1,0,1,20351157,all,2173.5
Zone1,0,1,20351158,all,2268.0
Zone1,0,1,20351159,all,2520.0
Zone1,0,1,20351160,all,2835.0
Zone1,0,1,20351161,all,3087.0
Zone1,0,1,20351162,all,3150.0
Zone1,0,1,20351163,all,3118.5
Zone1,0,1,20351164,all,3055.5
Zone1,0,1,20351165,all,2992.5
Zone1,0,1,20351166,all,2929.5
Zone1,0,1,20351167,all,2898.0
Zone1,0,1,20351168,all,2929.5
Zone1,0,1,20351169,all,2992.5
Zone1,0,1,20351170,all,3150.0
Zone1,0,1,20351171,all,3213.0
Zone1,0,1,20351172,all,3244.5
Zone1,0,1,20351173,all,3181.5
Zone1,0,1,20351174,all,3024.0
Zone1,0,1,20351175,all,2772.0
Zone1,0,1,20351176,all,2520.0
Zone1,0,1,20351177,all,2362.5
Zone1,0,1,20351178,all,2268.0
Zone1,0,1,20351179,all,2205.0
Zone1,0,1,20351180,all,2142.0
Zone1,0,1,20351181,all,2173.5
Zone1,0,1,20351182,all,2268.0
Zone1,0,1,20351183,all,2520.0
Zone1,0,1,20351184,all,2835.0
Zone1,0,1,20351185,all,3087.0
Zone1,0,1,20351186,all,3150.0
Zone1,0,1,20351187,all,3118.5
Zone1,0,1,20351188,all,3055.5
Zone1,0,1,20351189,all,2992.5
Zone1,0,1,20351190,all,2929.5
Zone1,0,1,20351191,all,2898.0
Zone1,0,1,20351192,all,2929.5
Zone1,0,1,20351193,all,2992.5
Zone1,0,1,20351194,all,3150.0
Zone1,0,1,20351195,all,3213.0
Zone1,0,1,20351196,all,3244.5
Zone1,0,1,20351197,all,3181.5
Zone1,0,1,20351198,all,3024.0
Zone1,0,1,20351199,all,2772.0
Zone1,0,1,20351200,all,2520.0
Zone1,0,1,20351201,all,2362.5
Zone1,0,1,20351202,all,2268.0
Zone1,0,1,20351203,all,2205.0
Zone1,0,1,20351204,all,2142.0
Zone1,0,1,20351205,all,2173.5
Zone1,0,1,20351206,all,2268.0
Zone1,0,1,20351207,all,2520.0
Zone1,0,1,20351208,all,2835.0
Zone1,0,1,20351209,all,3087.0
Zone1,0,1,20351210,all,3150.0
Zone1,0,1,20351211,all,3118.5
Zone1,0,1,20351212,all,3055.5
Zone1,0,1,20351213,all,2992.5
Zone1,0,1,20351214,all,2929.5
Zone1,0,1,20351215,all,2898.0
Zone1,0,1,20351216,all,2929.5
Zone1,0,1,20351217,all,2992.5
Zone1,0,1,20351218,all,3150.0
Zone1,0,1,20351219,all,3213.0
Zone1,0,1,20351220,all,3244.5
Zone1,0,1,20351221,all,3181.5
Zone1,0,1,20351222,all,3024.0
Zone1,0,1,20351223,all,2772.0
Zone1,0,1,20351224,all,2520.0
Zone1,0,1,20351225,all,2362.5
Zone1,0,1,20351226,all,2268.0
Zone1,0,1,20351227,all,2205.0
Zone1,0,1,20351228,all,2142.0
Zone1,0,1,20351229,all,2173.5
Zone1,0,1,20351230,all,2268.0
Zone1,0,1,20351231,all,2520.0
Zone1,0,1,20351232,all,2835.0
Zone1,0,1,20351233,all,3087.0
Zone1,0,1,20351234,all,3150.0
Zone1,0,1,20351235,all,3118.5
Zone1,0,1,20351236,all,3055.5
Zone1,0,1,20351237,all,2992.5
Zone1,0,1,20351238,all,2929.5
Zone1,0,1,20351239,all,2898.0
Zone1,0,1,20351240,all,2929.5
Zone1,0,1,20351241,all,2992.5
Zone1,0,1,20351242,all,3150.0
Zone1,0,1,20351243,all,3213.0
Zone1,0,1,20351244,all,3244.5
Zone1,0,1,20351245,all,3181.5
Zone1,0,1,20351246,all,3024.0
Zone1,0,1,20351247,all,2772.0
Zone1,0,1,20351248,all,2520.0
Zone1,0,1,20351249,all,2362.5
Zone1,0,1,20351250,all,2268.0
Zone1,0,1,20351251,all,2205.0
Zone1,0,1,20351252,all,2142.0
Zone1,0,1,20351253,all,2173.5
Zone1,0,1,20351254,all,2268.0
Zone1,0,1,20351255,all,2520.0
Zone1,0,1,20351256,all,2835.0
Zone1,0,1,20351257,all,3087.0
Zone1,0,1,20351258,all,3150.0
Zone1,0,1,20351259,all,3118.5
Zone1,0,1,20351260,all,3055.5
Zone1,0,1,20351261,all,2992.5
Zone1,0,1,20351262,all,2929.5
Zone1,0,1,20351263,all,2898.0
Zone1,0,1,20351264,all,2929.5
Zone1,0,1,20351265,all,2992.5
Zone1,0,1,20351266,all,3150.0
Zone1,0,1,20351267,all,3213.0
Zone1,0,1,20351268,all,3244.5
Zone1,0,1,20351269,all,3181.5
Zone1,0,1,20351270,all,3024.0
Zone1,0,1,20351271,all,2772.0
Zone1,0,1,20351272,all,2520.0
Zone1,0,1,20351273,all,2362.5
Zone1,0,1,20351274,all,2268.0
Zone1,0,1,20351275,all,2205.0
Zone1,0,1,20351276,all,2142.0
Zone1,0,1,20351277,all,2173.5
Zone1,0,1,20351278,all,2268.0
Zone1,0,1,20351279,all,2520.0
Zone1,0,1,20351280,all,2835.0
Zone1,0,1,20351281,all,3087.0
Zone1,0,1,20351282,all,3150.0
Zone1,0,1,20351283,all,3118.5
Zone1,0,1,20351284,all,3055.5
Zone1,0,1,20351285,all,2992.5
Zone1,0,1,20351286,all,2929.5
Zone1,0,1,20351287,all,2898.0
Zone1,0,1,20351288,all,2929.5
Zone1,0,1,20351289,all,2992.5
Zone1,0,1,20351290,all,3150.0
Zone1,0,1,20351291,all,3213.0
Zone1,0,1,20351292,all,3244.5
Zone1,0,1,20351293,all,3181.5
Zone1,0,1,20351294,all,3024.0
Zone1,0,1,20351295,all,2772.0
Zone1,0,1,20351296,all,2520.0
Zone1,0,1,20351297,all,2362.5
Zone1,0,1,20351298,all,2268.0
Zone1,0,1,20351299,all,2205.0
Zone1,0,1,20351300,all,2142.0
Zone1,0,1,20351301,all,2173.5
Zone1,0,1,20351302,all,2268.0
Zone1,0,1,20351303,all,2520.0
Zone1,0,1,20351304,all,2835.0
Zone1,0,1,20351305,all,3087.0
Zone1,0,1,20351306,all,3150.0
Zone1,0,1,20351307,all,3118.5
Zone1,0,1,20351308,all,3055.5
Zone1,0,1,20351309,all,2992.5
Zone1,0,1,20351310,all,2929.5
Zone1,0,1,20351311,all,2898.0
Zone1,0,1,20351312,all,2929.5
Zone1,0,1,20351313,all,2992.5
Zone1,0,1,20351314,all,3150.0
Zone1,0,1,20351315,all,3213.0
Zone1,0,1,20351316,all,3244.5
Zone1,0,1,20351317,all,3181.5
Zone1,0,1,20351318,all,3024.0
Zone1,0,1,20351319,all,2772.0
Zone1,0,1,20351320,all,2520.0
Zone1,0,1,20351321,all,2362.5
Zone1,0,1,20351322,all,2268.0
Zone1,0,1,20351323,all,2205.0
Zone1,0,1,20351324,all,2142.0
Zone1,0,1,20351325,all,2173.5
Zone1,0,1,20351326,all,2268.0
Zone1,0,1,20351327,all,2520.0
Zone1,0,1,20351328,all,2835.0
Zone1,0,1,20351329,all,3087.0
Zone1,0,1,20351330,all,3150.0
Zone1,0,1,20351331,all,3118.5
Zone1,0,1,20351332,all,3055.5
Zone1,0,1,20351333,all,2992.5
Zone1,0,1,20351334,all,2929.5
Zone1,0,1,20351335,all,2898.0
Zone1,0,1,20351336,all,2929.5
Zone1,0,1,20351337,all,2992.5
Zone1,0,1,20351338,all,3150.0
Zone1,0,1,20351339,all,3213.0
Zone1,0,1,20351340,all,3244.5
Zone1,0,1,20351341,all,3181.5
Zone1,0,1,20351342,all,3024.0
Zone1,0,1,20351343,all,2772.0
Zone1,0,1,20351344,all,2520.0
Zone1,0,1,20351345,all,2362.5
Zone1,0,1,20351346,all,2268.0
Zone1,0,1,20351347,all,2205.0
Zone1,0,1,20351348,all,2142.0
Zone1,0,1,20351349,all,2173.5
Zone1,0,1,20351350,all,2268.0
Zone1,0,1,20351351,all,2520.0
Zone1,0,1,20351352,all,2835.0
Zone1,0,1,20351353,all,3087.0
Zone1,0,1,20351354,all,3150.0
Zone1,0,1,20351355,all,3118.5
Zone1,0,1,20351356,all,3055.5
Zone1,0,1,20351357,all,2992.5
Zone1,0,1,20351358,all,2929.5
Zone1,0,1,20351359,all,2898.0
Zone1,0,1,20351360,all,2929.5
Zone1,0,1,20351361,all,2992.5
Zone1,0,1,20351362,all,3150.0
Zone1,0,1,20351363,all,3213.0
Zone1,0,1,20351364,all,3244.5
Zone1,0,1,20351365,all,3181.5
Zone1,0,1,20351366,all,3024.0
Zone1,0,1,20351367,all,2772.0
Zone1,0,1,20351368,all,2520.0
Zone1,0,1,20351369,all,2362.5
Zone1,0,1,20351370,all,2268.0
Zone1,0,1,20351371,all,2205.0
Zone1,0,1,20351372,all,2142.0
Zone1,0,1,20351373,all,2173.5
Zone1,0,1,20351374,all,2268.0
Zone1,0,1,20351375,all,2520.0
Zone1,0,1,20351376,all,2835.0
Zone1,0,1,20351377,all,3087.0
Zone1,0,1,20351378,all,3150.0
Zone1,0,1,20351379,all,3118.5
Zone1,0,1,20351380,all,3055.5
Zone1,0,1,20351381,all,2992.5
Zone1,0,1,20351382,all,2929.5
Zone1,0,1,20351383,all,2898.0
Zone1,0,1,20351384,all,2929.5
Zone1,0,1,20351385,all,2992.5
Zone1,0,1,20351386,all,3150.0
Zone1,0,1,20351387,all,3213.0
Zone1,0,1,20351388,all,3244.5
Zone1,0,1,20351389,all,3181.5
Zone1,0,1,20351390,all,3024.0
Zone1,0,1,20351391,all,2772.0
Zone1,0,1,20351392,all,2520.0
Zone1,0,1,20351393,all,2362.5
Zone1,0,1,20351394,all,2268.0
Zone1,0,1,20351395,all,2205.0
Zone1,0,1,20351396,all,2142.0
Zone1,0,1,20351397,all,2173.5
Zone1,0,1,20351398,all,2268.0
Zone1,0,1,20351399,all,2520.0
Zone1,0,1,20351400,all,2835.0
Zone1,0,1,20351401,all,3087.0
Zone1,0,1,20351402,all,3150.0
Zone1,0,1,20351403,all,3118.5
Zone1,0,1,20351404,all,3055.5
Zone1,0,1,20351405,all,2992.5
Zone1,0,1,20351406,all,2929.5
Zone1,0,1,20351407,all,2898.0
Zone1,0,1,20351408,all,2929.5
Zone1,0,1,20351409,all,2992.5
Zone1,0,1,20351410,all,3150.0
Zone1,0,1,20351411,all,3213.0
Zone1,0,1,20351412,all,3244.5
Zone1,0,1,20351413,all,3181.5
Zone1,0,1,20351414,all,3024.0
Zone1,0,1,20351415,all,2772.0
Zone1,0,1,20351416,all,2520.0
Zone1,0,1,20351417,all,2137.5
Zone1,0,1,20351418,all,2052.0
Zone1,0,1,20351419,all,1995.0
Zone1,0,1,20351420,all,1938.0
Zone1,0,1,20351421,all,1966.5
Zone1,0,1,20351422,all,2052.0
Zone1,0,1,20351423,all,2280.0
Zone1,0,1,20351424,all,2565.0
Zone1,0,1,20351425,all,2793.0
Zone1,0,1,20351426,all,2850.0
Zone1,0,1,20351427,all,2821.5
Zone1,0,1,20351428,all,2764.5
Zone1,0,1,20351429,all,2707.5
Zone1,0,1,20351430,all,2650.5
Zone1,0,1,20351431,all,2622.0
Zone1,0,1,20351432,all,2650.5
Zone1,0,1,20351433,all,2707.5
Zone1,0,1,20351434,all,2850.0
Zone1,0,1,20351435,all,2907.0
Zone1,0,1,20351436,all,2935.5
Zone1,0,1,20351437,all,2878.5
Zone1,0,1,20351438,all,2736.0
Zone1,0,1,20351439,all,2508.0
Zone1,0,1,20351440,all,2280.0
Zone1,0,1,20351441,all,2137.5
Zone1,0,1,20351442,all,2052.0
Zone1,0,1,20351443,all,1995.0
Zone1,0,1,20351444,all,1938.0
Zone1,0,1,20351445,all,1966.5
Zone1,0,1,20351446,all,2052.0
Zone1,0,1,20351447,all,2280.0
Zone1,0,1,20351448,all,2565.0
Zone1,0,1,20351449,all,2793.0
Zone1,0,1,20351450,all,2850.0
Zone1,0,1,20351451,all,2821.5
Zone1,0,1,20351452,all,2764.5
Zone1,0,1,20351453,all,2707.5
Zone1,0,1,20351454,all,2650.5
Zone1,0,1,20351455,all,2622.0
Zone1,0,1,20351456,all,2650.5
Zone1,0,1,20351457,all,2707.5
Zone1,0,1,20351458,all,2850.0
Zone1,0,1,20351459,all,2907.0
Zone1,0,1,20351460,all,2935.5
Zone1,0,1,20351461,all,2878.5
Zone1,0,1,20351462,all,2736.0
Zone1,0,1,20351463,all,2508.0
Zone1,0,1,20351464,all,2280.0
Zone1,0,1,20351465,all,2137.5
Zone1,0,1,20351466,all,2052.0
Zone1,0,1,20351467,all,1995.0
Zone1,0,1,20351468,all,1938.0
Zone1,0,1,20351469,all,1966.5
Zone1,0,1,20351470,all,2052.0
Zone1,0,1,20351471,all,2280.0
Zone1,0,1,20351472,all,2565.0
Zone1,0,1,20351473,all,2793.0
Zone1,0,1,20351474,all,2850.0
Zone1,0,1,20351475,all,2821.5
Zone1,0,1,20351476,all,2764.5
Zone1,0,1,20351477,all,2707.5
Zone1,0,1,20351478,all,2650.5
Zone1,0,1,20351479,all,2622.0
Zone1,0,1,20351480,all,2650.5
Zone1,0,1,20351481,all,2707.5
Zone1,0,1,20351482,all,2850.0
Zone1,0,1,20351483,all,2907.0
Zone1,0,1,20351484,all,2935.5
Zone1,0,1,20351485,all,2878.5
Zone1,0,1,20351486,all,2736.0
Zone1,0,1,20351487,all,2508.0
Zone1,0,1,20351488,all,2280.0
Zone1,0,1,20351489,all,2137.5
Zone1,0,1,20351490,all,2052.0
Zone1,0,1,20351491,all,1995.0
Zone1,0,1,20351492,all,1938.0
Zone1,0,1,20351493,all,1966.5
Zone1,0,1,20351494,all,2052.0
Zone1,0,1,20351495,all,2280.0
Zone1,0,1,20351496,all,2565.0
Zone1,0,1,20351497,all,2793.0
Zone1,0,1,20351498,all,2850.0
Zone1,0,1,20351499,all,2821.5
Zone1,0,1,20351500,all,2764.5
Zone1,0,1,20351501,all,2707.5
Zone1,0,1,20351502,all,2650.5
Zone1,0,1,20351503,all,2622.0
Zone1,0,1,20351504,all,2650.5
Zone1,0,1,20351505,all,2707.5
Zone1,0,1,20351506,all,2850.0
Zone1,0,1,20351507,all,2907.0
Zone1,0,1,20351508,all,2935.5
Zone1,0,1,20351509,all,2878.5
Zone1,0,1,20351510,all,2736.0
Zone1,0,1,20351511,all,2508.0
Zone1,0,1,20351512,all,2280.0
Zone1,0,1,20351513,all,2137.5
Zone1,0,1,20351514,all,2052.0
Zone1,0,1,20351515,all,1995.0
Zone1,0,1,20351516,all,1938.0
Zone1,0,1,20351517,all,1966.5
Zone1,0,1,20351518,all,2052.0
Zone1,0,1,20351519,all,2280.0
Zone1,0,1,20351520,all,2565.0
Zone1,0,1,20351521,all,2793.0
Zone1,0,1,20351522,all,2850.0
Zone1,0,1,20351523,all,2821.5
Zone1,0,1,20351524,all,2764.5
Zone1,0,1,20351525,all,2707.5
Zone1,0,1,20351526,all,2650.5
Zone1,0,1,20351527,all,2622.0
Zone1,0,1,20351528,all,2650.5
Zone1,0,1,20351529,all,2707.5
Zone1,0,1,20351530,all,2850.0
Zone1,0,1,20351531,all,2907.0
Zone1,0,1,20351532,all,2935.5
Zone1,0,1,20351533,all,2878.5
Zone1,0,1,20351534,all,2736.0
Zone1,0,1,20351535,all,2508.0
Zone1,0,1,20351536,all,2280.0
Zone1,0,1,20351537,all,2137.5
Zone1,0,1,20351538,all,2052.0
Zone1,0,1,20351539,all,1995.0
Zone1,0,1,20351540,all,1938.0
Zone1,0,1,20351541,all,1966.5
Zone1,0,1,20351542,all,2052.0
Zone1,0,1,20351543,all,2280.0
Zone1,0,1,20351544,all,2565.0
Zone1,0,1,20351545,all,2793.0
Zone1,0,1,20351546,all,2850.0
Zone1,0,1,20351547,all,2821.5
Zone1,0,1,20351548,all,2764.5
Zone1,0,1,20351549,all,2707.5
Zone1,0,1,20351550,all,2650.5
Zone1,0,1,20351551,all,2622.0
Zone1,0,1,20351552,all,2650.5
Zone1,0,1,20351553,all,2707.5
Zone1,0,1,20351554,all,2850.0
Zone1,0,1,20351555,all,2907.0
Zone1,0,1,20351556,all,2935.5
Zone1,0,1,20351557,all,2878.5
Zone1,0,1,20351558,all,2736.0
Zone1,0,1,20351559,all,2508.0
Zone1,0,1,20351560,all,2280.0
Zone1,0,1,20351561,all,2137.5
Zone1,0,1,20351562,all,2052.0
Zone1,0,1,20351563,all,1995.0
Zone1,0,1,20351564,all,1938.0
Zone1,0,1,20351565,all,1966.5
Zone1,0,1,20351566,all,2052.0
Zone1,0,1,20351567,all,2280.0
Zone1,0,1,20351568,all,2565.0
Zone1,0,1,20351569,all,2793.0
Zone1,0,1,20351570,all,2850.0
Zone1,0,1,20351571,all,2821.5
Zone1,0,1,20351572,all,2764.5
Zone1,0,1,20351573,all,2707.5
Zone1,0,1,20351574,all,2650.5
Zone1,0,1,20351575,all,2622.0
Zone1,0,1,20351576,all,2650.5
Zone1,0,1,20351577,all,2707.5
Zone1,0,1,20351578,all,2850.0
Zone1,0,1,20351579,all,2907.0
Zone1,0,1,20351580,all,2935.5
Zone1,0,1,20351581,all,2878.5
Zone1,0,1,20351582,all,2736.0
Zone1,0,1,20351583,all,2508.0
Zone1,0,1,20351584,all,2280.0
Zone1,0,1,20351585,all,2137.5
Zone1,0,1,20351586,all,2052.0
Zone1,0,1,20351587,all,1995.0
Zone1,0,1,20351588,all,1938.0
Zone1,0,1,20351589,all,1966.5
Zone1,0,1,20351590,all,2052.0
Zone1,0,1,20351591,all,2280.0
Zone1,0,1,20351592,all,2565.0
Zone1,0,1,20351593,all,2793.0
Zone1,0,1,20351594,all,2850.0
Zone1,0,1,20351595,all,2821.5
Zone1,0,1,20351596,all,2764.5
Zone1,0,1,20351597,all,2707.5
Zone1,0,1,20351598,all,2650.5
Zone1,0,1,20351599,all,2622.0
Zone1,0,1,20351600,all,2650.5
Zone1,0,1,20351601,all,2707.5
Zone1,0,1,20351602,all,2850.0
Zone1,0,1,20351603,all,2907.0
Zone1,0,1,20351604,all,2935.5
Zone1,0,1,20351605,all,2878.5
Zone1,0,1,20351606,all,2736.0
Zone1,0,1,20351607,all,2508.0
Zone1,0,1,20351608,all,2280.0
Zone1,0,1,20351609,all,2137.5
Zone1,0,1,20351610,all,2052.0
Zone1,0,1,20351611,all,1995.0
Zone1,0,1,20351612,all,1938.0
Zone1,0,1,20351613,all,1966.5
Zone1,0,1,20351614,all,2052.0
Zone1,0,1,20351615,all,2280.0
Zone1,0,1,20351616,all,2565.0
Zone1,0,1,20351617,all,2793.0
Zone1,0,1,20351618,all,2850.0
Zone1,0,1,20351619,all,2821.5
Zone1,0,1,20351620,all,2764.5
Zone1,0,1,20351621,all,2707.5
Zone1,0,1,20351622,all,2650.5
Zone1,0,1,20351623,all,2622.0
Zone1,0,1,20351624,all,2650.5
Zone1,0,1,20351625,all,2707.5
Zone1,0,1,20351626,all,2850.0
Zone1,0,1,20351627,all,2907.0
Zone1,0,1,20351628,all,2935.5
Zone1,0,1,20351629,all,2878.5
Zone1,0,1,20351630,all,2736.0
Zone1,0,1,20351631,all,2508.0
Zone1,0,1,20351632,all,2280.0
Zone1,0,1,20351633,all,2137.5
Zone1,0,1,20351634,all,2052.0
Zone1,0,1,20351635,all,1995.0
Zone1,0,1,20351636,all,1938.0
Zone1,0,1,20351637,all,1966.5
Zone1,0,1,20351638,all,2052.0
Zone1,0,1,20351639,all,2280.0
Zone1,0,1,20351640,all,2565.0
Zone1,0,1,20351641,all,2793.0
Zone1,0,1,20351642,all,2850.0
Zone1,0,1,20351643,all,2821.5
Zone1,0,1,20351644,all,2764.5
Zone1,0,1,20351645,all,2707.5
Zone1,0,1,20351646,all,2650.5
Zone1,0,1,20351647,all,2622.0
Zone1,0,1,20351648,all,2650.5
Zone1,0,1,20351649,all,2707.5
Zone1,0,1,20351650,all,2850.0
Zone1,0,1,20351651,all,2907.0
Zone1,0,1,20351652,all,2935.5
Zone1,0,1,20351653,all,2878.5
Zone1,0,1,20351654,all,2736.0
Zone1,0,1,20351655,all,2508.0
Zone1,0,1,20351656,all,2280.0
Zone1,0,1,20351657,all,2137.5
Zone1,0,1,20351658,all,2052.0
Zone1,0,1,20351659,all,1995.0
Zone1,0,1,20351660,all,1938.0
Zone1,0,1,20351661,all,1966.5
Zone1,0,1,20351662,all,2052.0
Zone1,0,1,20351663,all,2280.0
Zone1,0,1,20351664,all,2565.0
Zone1,0,1,20351665,all,2793.0
Zone1,0,1,20351666,all,2850.0
Zone1,0,1,20351667,all,2821.5
Zone1,0,1,20351668,all,2764.5
Zone1,0,1,20351669,all,2707.5
Zone1,0,1,20351670,all,2650.5
Zone1,0,1,20351671,all,2622.0
Zone1,0,1,20351672,all,2650.5
Zone1,0,1,20351673,all,2707.5
Zone1,0,1,20351674,all,2850.0
Zone1,0,1,20351675,all,2907.0
Zone1,0,1,20351676,all,2935.5
Zone1,0,1,20351677,all,2878.5
Zone1,0,1,20351678,all,2736.0
Zone1,0,1,20351679,all,2508.0
Zone1,0,1,20351680,all,2280.0
Zone1,0,1,20351681,all,2137.5
Zone1,0,1,20351682,all,2052.0
Zone1,0,1,20351683,all,1995.0
Zone1,0,1,20351684,all,1938.0
Zone1,0,1,20351685,all,1966.5
Zone1,0,1,20351686,all,2052.0
Zone1,0,1,20351687,all,2280.0
Zone1,0,1,20351688,all,2565.0
Zone1,0,1,20351689,all,2793.0
Zone1,0,1,20351690,all,2850.0
Zone1,0,1,20351691,all,2821.5
Zone1,0,1,20351692,all,2764.5
Zone1,0,1,20351693,all,2707.5
Zone1,0,1,20351694,all,2650.5
Zone1,0,1,20351695,all,2622.0
Zone1,0,1,20351696,all,2650.5
Zone1,0,1,20351697,all,2707.5
Zone1,0,1,20351698,all,2850.0
Zone1,0,1,20351699,all,2907.0
Zone1,0,1,20351700,all,2935.5
Zone1,0,1,20351701,all,2878.5
Zone1,0,1,20351702,all,2736.0
Zone1,0,1,20351703,all,2508.0
Zone1,0,1,20351704,all,2280.0
Zone1,0,1,20351705,all,2137.5
Zone1,0,1,20351706,all,2052.0
Zone1,0,1,20351707,all,1995.0
Zone1,0,1,20351708,all,1938.0
Zone1,0,1,20351709,all,1966.5
Zone1,0,1,20351710,all,2052.0
Zone1,0,1,20351711,all,2280.0
Zone1,0,1,20351712,all,2565.0
Zone1,0,1,20351713,all,2793.0
Zone1,0,1,20351714,all,2850.0
Zone1,0,1,20351715,all,2821.5
Zone1,0,1,20351716,all,2764.5
Zone1,0,1,20351717,all,2707.5
Zone1,0,1,20351718,all,2650.5
Zone1,0,1,20351719,all,2622.0
Zone1,0,1,20351720,all,2650.5
Zone1,0,1,20351721,all,2707.5
Zone1,0,1,20351722,all,2850.0
Zone1,0,1,20351723,all,2907.0
Zone1,0,1,20351724,all,2935.5
Zone1,0,1,20351725,all,2878.5
Zone1,0,1,20351726,all,2736.0
Zone1,0,1,20351727,all,2508.0
Zone1,0,1,20351728,all,2280.0
Zone1,0,1,20351729,all,2137.5
Zone1,0,1,20351730,all,2052.0
Zone1,0,1,20351731,all,1995.0
Zone1,0,1,20351732,all,1938.0
Zone1,0,1,20351733,all,1966.5
Zone1,0,1,20351734,all,2052.0
Zone1,0,1,20351735,all,2280.0
Zone1,0,1,20351736,all,2565.0
Zone1,0,1,20351737,all,2793.0
Zone1,0,1,20351738,all,2850.0
Zone1,0,1,20351739,all,2821.5
Zone1,0,1,20351740,all,2764.5
Zone1,0,1,20351741,all,2707.5
Zone1,0,1,20351742,all,2650.5
Zone1,0,1,20351743,all,2622.0
Zone1,0,1,20351744,all,2650.5
Zone1,0,1,20351745,all,2707.5
Zone1,0,1,20351746,all,2850.0
Zone1,0,1,20351747,all,2907.0
Zone1,0,1,20351748,all,2935.5
Zone1,0,1,20351749,all,2878.5
Zone1,0,1,20351750,all,2736.0
Zone1,0,1,20351751,all,2508.0
Zone1,0,1,20351752,all,2280.0
Zone1,0,1,20351753,all,2137.5
Zone1,0,1,20351754,all,2052.0
Zone1,0,1,20351755,all,1995.0
Zone1,0,1,20351756,all,1938.0
Zone1,0,1,20351757,all,1966.5
Zone1,0,1,20351758,all,2052.0
Zone1,0,1,20351759,all,2280.0
Zone1,0,1,20351760,all,2565.0
Zone1,0,1,20351761,all,2793.0
Zone1,0,1,20351762,all,2850.0
Zone1,0,1,20351763,all,2821.5
Zone1,0,1,20351764,all,2764.5
Zone1,0,1,20351765,all,2707.5
Zone1,0,1,20351766,all,2650.5
Zone1,0,1,20351767,all,2622.0
Zone1,0,1,20351768,all,2650.5
Zone1,0,1,20351769,all,2707.5
Zone1,0,1,20351770,all,2850.0
Zone1,0,1,20351771,all,2907.0
Zone1,0,1,20351772,all,2935.5
Zone1,0,1,20351773,all,2878.5
Zone1,0,1,20351774,all,2736.0
Zone1,0,1,20351775,all,2508.0
Zone1,0,1,20351776,all,2280.0
Zone1,0,1,20351777,all,2137.5
Zone1,0,1,20351778,all,2052.0
Zone1,0,1,20351779,all,1995.0
Zone1,0,1,20351780,all,1938.0
Zone1,0,1,20351781,all,1966.5
Zone1,0,1,20351782,all,2052.0
Zone1,0,1,20351783,all,2280.0
Zone1,0,1,20351784,all,2565.0
Zone1,0,1,20351785,all,2793.0
Zone1,0,1,20351786,all,2850.0
Zone1,0,1,20351787,all,2821.5
Zone1,0,1,20351788,all,2764.5
Zone1,0,1,20351789,all,2707.5
Zone1,0,1,20351790,all,2650.5
Zone1,0,1,20351791,all,2622.0
Zone1,0,1,20351792,all,2650.5
Zone1,0,1,20351793,all,2707.5
Zone1,0,1,20351794,all,2850.0
Zone1,0,1,20351795,all,2907.0
Zone1,0,1,20351796,all,2935.5
Zone1,0,1,20351797,all,2878.5
Zone1,0,1,20351798,all,2736.0
Zone1,0,1,20351799,all,2508.0
Zone1,0,1,20351800,all,2280.0
Zone1,0,1,20351801,all,2137.5
Zone1,0,1,20351802,all,2052.0
Zone1,0,1,20351803,all,1995.0
Zone1,0,1,20351804,all,1938.0
Zone1,0,1,20351805,all,1966.5
Zone1,0,1,20351806,all,2052.0
Zone1,0,1,20351807,all,2280.0
Zone1,0,1,20351808,all,2565.0
Zone1,0,1,20351809,all,2793.0
Zone1,0,1,20351810,all,2850.0
Zone1,0,1,20351811,all,2821.5
Zone1,0,1,20351812,all,2764.5
Zone1,0,1,20351813,all,2707.5
Zone1,0,1,20351814,all,2650.5
Zone1,0,1,20351815,all,2622.0
Zone1,0,1,20351816,all,2650.5
Zone1,0,1,20351817,all,2707.5
Zone1,0,1,20351818,all,2850.0
Zone1,0,1,20351819,all,2907.0
Zone1,0,1,20351820,all,2935.5
Zone1,0,1,20351821,all,2878.5
Zone1,0,1,20351822,all,2736.0
Zone1,0,1,20351823,all,2508.0
Zone1,0,1,20351824,all,2280.0
Zone1,0,1,20351825,all,2137.5
Zone1,0,1,20351826,all,2052.0
Zone1,0,1,20351827,all,1995.0
Zone1,0,1,20351828,all,1938.0
Zone1,0,1,20351829,all,1966.5
Zone1,0,1,20351830,all,2052.0
Zone1,0,1,20351831,all,2280.0
Zone1,0,1,20351832,all,2565.0
Zone1,0,1,20351833,all,2793.0
Zone1,0,1,20351834,all,2850.0
Zone1,0,1,20351835,all,2821.5
Zone1,0,1,20351836,all,2764.5
Zone1,0,1,20351837,all,2707.5
Zone1,0,1,20351838,all,2650.5
Zone1,0,1,20351839,all,2622.0
Zone1,0,1,20351840,all,2650.5
Zone1,0,1,20351841,all,2707.5
Zone1,0,1,20351842,all,2850.0
Zone1,0,1,20351843,all,2907.0
Zone1,0,1,20351844,all,2935.5
Zone1,0,1,20351845,all,2878.5
Zone1,0,1,20351846,all,2736.0
Zone1,0,1,20351847,all,2508.0
Zone1,0,1,20351848,all,2280.0
Zone1,0,1,20351849,all,2137.5
Zone1,0,1,20351850,all,2052.0
Zone1,0,1,20351851,all,1995.0
Zone1,0,1,20351852,all,1938.0
Zone1,0,1,20351853,all,1966.5
Zone1,0,1,20351854,all,2052.0
Zone1,0,1,20351855,all,2280.0
Zone1,0,1,20351856,all,2565.0
Zone1,0,1,20351857,all,2793.0
Zone1,0,1,20351858,all,2850.0
Zone1,0,1,20351859,all,2821.5
Zone1,0,1,20351860,all,2764.5
Zone1,0,1,20351861,all,2707.5
Zone1,0,1,20351862,all,2650.5
Zone1,0,1,20351863,all,2622.0
Zone1,0,1,20351864,all,2650.5
Zone1,0,1,20351865,all,2707.5
Zone1,0,1,20351866,all,2850.0
Zone1,0,1,20351867,all,2907.0
Zone1,0,1,20351868,all,2935.5
Zone1,0,1,20351869,all,2878.5
Zone1,0,1,20351870,all,2736.0
Zone1,0,1,20351871,all,2508.0
Zone1,0,1,20351872,all,2280.0
Zone1,0,1,20351873,all,2137.5
Zone1,0,1,20351874,all,2052.0
Zone1,0,1,20351875,all,1995.0
Zone1,0,1,20351876,all,1938.0
Zone1,0,1,20351877,all,1966.5
Zone1,0,1,20351878,all,2052.0
Zone1,0,1,20351879,all,2280.0
Zone1,0,1,20351880,all,2565.0
Zone1,0,1,20351881,all,2793.0
Zone1,0,1,20351882,all,2850.0
Zone1,0,1,20351883,all,2821.5
Zone1,0,1,20351884,all,2764.5
Zone1,0,1,20351885,all,2707.5
Zone1,0,1,20351886,all,2650.5
Zone1,0,1,20351887,all,2622.0
Zone1,0,1,20351888,all,2650.5
Zone1,0,1,20351889,all,2707.5
Zone1,0,1,20351890,all,2850.0
Zone1,0,1,20351891,all,2907.0
Zone1,0,1,20351892,all,2935.5
Zone1,0,1,20351893,all,2878.5
Zone1,0,1,20351894,all,2736.0
Zone1,0,1,20351895,all,2508.0
Zone1,0,1,20351896,all,2280.0
Zone1,0,1,20351897,all,2137.5
Zone1,0,1,20351898,all,2052.0
Zone1,0,1,20351899,all,1995.0
Zone1,0,1,20351900,all,1938.0
Zone1,0,1,20351901,all,1966.5
Zone1,0,1,20351902,all,2052.0
Zone1,0,1,20351903,all,2280.0
Zone1,0,1,20351904,all,2565.0
Zone1,0,1,20351905,all,2793.0
Zone1,0,1,20351906,all,2850.0
Zone1,0,1,20351907,all,2821.5
Zone1,0,1,20351908,all,2764.5
Zone1,0,1,20351909,all,2707.5
Zone1,0,1,20351910,all,2650.5
Zone1,0,1,20351911,all,2622.0
Zone1,0,1,20351912,all,2650.5
Zone1,0,1,20351913,all,2707.5
Zone1,0,1,20351914,all,2850.0
Zone1,0,1,20351915,all,2907.0
Zone1,0,1,20351916,all,2935.5
Zone1,0,1,20351917,all,2878.5
Zone1,0,1,20351918,all,2736.0
Zone1,0,1,20351919,all,2508.0
Zone1,0,1,20351920,all,2280.0
Zone1,0,1,20351921,all,2137.5
Zone1,0,1,20351922,all,2052.0
Zone1,0,1,20351923,all,1995.0
Zone1,0,1,20351924,all,1938.0
Zone1,0,1,20351925,all,1966.5
Zone1,0,1,20351926,all,2052.0
Zone1,0,1,20351927,all,2280.0
Zone1,0,1,20351928,all,2565.0
Zone1,0,1,20351929,all,2793.0
Zone1,0,1,20351930,all,2850.0
Zone1,0,1,20351931,all,2821.5
Zone1,0,1,20351932,all,2764.5
Zone1,0,1,20351933,all,2707.5
Zone1,0,1,20351934,all,2650.5
Zone1,0,1,20351935,all,2622.0
Zone1,0,1,20351936,all,2650.5
Zone1,0,1,20351937,all,2707.5
Zone1,0,1,20351938,all,2850.0
Zone1,0,1,20351939,all,2907.0
Zone1,0,1,20351940,all,2935.5
Zone1,0,1,20351941,all,2878.5
Zone1,0,1,20351942,all,2736.0
Zone1,0,1,20351943,all,2508.0
Zone1,0,1,20351944,all,2280.0
Zone1,0,1,20351945,all,2137.5
Zone1,0,1,20351946,all,2052.0
Zone1,0,1,20351947,all,1995.0
Zone1,0,1,20351948,all,1938.0
Zone1,0,1,20351949,all,1966.5
Zone1,0,1,20351950,all,2052.0
Zone1,0,1,20351951,all,2280.0
Zone1,0,1,20351952,all,2565.0
Zone1,0,1,20351953,all,2793.0
Zone1,0,1,20351954,all,2850.0
Zone1,0,1,20351955,all,2821.5
Zone1,0,1,20351956,all,2764.5
Zone1,0,1,20351957,all,2707.5
Zone1,0,1,20351958,all,2650.5
Zone1,0,1,20351959,all,2622.0
Zone1,0,1,20351960,all,2650.5
Zone1,0,1,20351961,all,2707.5
Zone1,0,1,20351962,all,2850.0
Zone1,0,1,20351963,all,2907.0
Zone1,0,1,20351964,all,2935.5
Zone1,0,1,20351965,all,2878.5
Zone1,0,1,20351966,all,2736.0
Zone1,0,1,20351967,all,2508.0
Zone1,0,1,20351968,all,2280.0
Zone1,0,1,20351969,all,2137.5
Zone1,0,1,20351970,all,2052.0
Zone1,0,1,20351971,all,1995.0
Zone1,0,1,20351972,all,1938.0
Zone1,0,1,20351973,all,1966.5
Zone1,0,1,20351974,all,2052.0
Zone1,0,1,20351975,all,2280.0
Zone1,0,1,20351976,all,2565.0
Zone1,0,1,20351977,all,2793.0
Zone1,0,1,20351978,all,2850.0
Zone1,0,1,20351979,all,2821.5
Zone1,0,1,20351980,all,2764.5
Zone1,0,1,20351981,all,2707.5
Zone1,0,1,20351982,all,2650.5
Zone1,0,1,20351983,all,2622.0
Zone1,0,1,20351984,all,2650.5
Zone1,0,1,20351985,all,2707.5
Zone1,0,1,20351986,all,2850.0
Zone1,0,1,20351987,all,2907.0
Zone1,0,1,20351988,all,2935.5
Zone1,0,1,20351989,all,2878.5
Zone1,0,1,20351990,all,2736.0
Zone1,0,1,20351991,all,2508.0
Zone1,0,1,20351992,all,2280.0
Zone1,0,1,20351993,all,2137.5
Zone1,0,1,20351994,all,2052.0
Zone1,0,1,20351995,all,1995.0
Zone1,0,1,20351996,all,1938.0
Zone1,0,1,20351997,all,1966.5
Zone1,0,1,20351998,all,2052.0
Zone1,0,1,20351999,all,2280.0
Zone1,0,1,20352000,all,2565.0
Zone1,0,1,20352001,all,2793.0
Zone1,0,1,20352002,all,2850.0
Zone1,0,1,20352003,all,2821.5
Zone1,0,1,20352004,all,2764.5
Zone1,0,1,20352005,all,2707.5
Zone1,0,1,20352006,all,2650.5
Zone1,0,1,20352007,all,2622.0
Zone1,0,1,20352008,all,2650.5
Zone1,0,1,20352009,all,2707.5
Zone1,0,1,20352010,all,2850.0
Zone1,0,1,20352011,all,2907.0
Zone1,0,1,20352012,all,2935.5
Zone1,0,1,20352013,all,2878.5
Zone1,0,1,20352014,all,2736.0
Zone1,0,1,20352015,all,2508.0
Zone1,0,1,20352016,all,2280.0
Zone1,0,1,20352017,all,2137.5
Zone1,0,1,20352018,all,2052.0
Zone1,0,1,20352019,all,1995.0
Zone1,0,1,20352020,all,1938.0
Zone1,0,1,20352021,all,1966.5
Zone1,0,1,20352022,all,2052.0
Zone1,0,1,20352023,all,2280.0
Zone1,0,1,20352024,all,2565.0
Zone1,0,1,20352025,all,2793.0
Zone1,0,1,20352026,all,2850.0
Zone1,0,1,20352027,all,2821.5
Zone1,0,1,20352028,all,2764.5
Zone1,0,1,20352029,all,2707.5
Zone1,0,1,20352030,all,2650.5
Zone1,0,1,20352031,all,2622.0
Zone1,0,1,20352032,all,2650.5
Zone1,0,1,20352033,all,2707.5
Zone1,0,1,20352034,all,2850.0
Zone1,0,1,20352035,all,2907.0
Zone1,0,1,20352036,all,2935.5
Zone1,0,1,20352037,all,2878.5
Zone1,0,1,20352038,all,2736.0
Zone1,0,1,20352039,all,2508.0
Zone1,0,1,20352040,all,2280.0
Zone1,0,1,20352041,all,2137.5
Zone1,0,1,20352042,all,2052.0
Zone1,0,1,20352043,all,1995.0
Zone1,0,1,20352044,all,1938.0
Zone1,0,1,20352045,all,1966.5
Zone1,0,1,20352046,all,2052.0
Zone1,0,1,20352047,all,2280.0
Zone1,0,1,20352048,all,2565.0
Zone1,0,1,20352049,all,2793.0
Zone1,0,1,20352050,all,2850.0
Zone1,0,1,20352051,all,2821.5
Zone1,0,1,20352052,all,2764.5
Zone1,0,1,20352053,all,2707.5
Zone1,0,1,20352054,all,2650.5
Zone1,0,1,20352055,all,2622.0
Zone1,0,1,20352056,all,2650.5
Zone1,0,1,20352057,all,2707.5
Zone1,0,1,20352058,all,2850.0
Zone1,0,1,20352059,all,2907.0
Zone1,0,1,20352060,all,2935.5
Zone1,0,1,20352061,all,2878.5
Zone1,0,1,20352062,all,2736.0
Zone1,0,1,20352063,all,2508.0
Zone1,0,1,20352064,all,2280.0
Zone1,0,1,20352065,all,2137.5
Zone1,0,1,20352066,all,2052.0
Zone1,0,1,20352067,all,1995.0
Zone1,0,1,20352068,all,1938.0
Zone1,0,1,20352069,all,1966.5
Zone1,0,1,20352070,all,2052.0
Zone1,0,1,20352071,all,2280.0
Zone1,0,1,20352072,all,2565.0
Zone1,0,1,20352073,all,2793.0
Zone1,0,1,20352074,all,2850.0
Zone1,0,1,20352075,all,2821.5
Zone1,0,1,20352076,all,2764.5
Zone1,0,1,20352077,all,2707.5
Zone1,0,1,20352078,all,2650.5
Zone1,0,1,20352079,all,2622.0
Zone1,0,1,20352080,all,2650.5
Zone1,0,1,20352081,all,2707.5
Zone1,0,1,20352082,all,2850.0
Zone1,0,1,20352083,all,2907.0
Zone1,0,1,20352084,all,2935.5
Zone1,0,1,20352085,all,2878.5
Zone1,0,1,20352086,all,2736.0
Zone1,0,1,20352087,all,2508.0
Zone1,0,1,20352088,all,2280.0
Zone1,0,1,20352089,all,2137.5
Zone1,0,1,20352090,all,2052.0
Zone1,0,1,20352091,all,1995.0
Zone1,0,1,20352092,all,1938.0
Zone1,0,1,20352093,all,1966.5
Zone1,0,1,20352094,all,2052.0
Zone1,0,1,20352095,all,2280.0
Zone1,0,1,20352096,all,2565.0
Zone1,0,1,20352097,all,2793.0
Zone1,0,1,20352098,all,2850.0
Zone1,0,1,20352099,all,2821.5
Zone1,0,1,20352100,all,2764.5
Zone1,0,1,20352101,all,2707.5
Zone1,0,1,20352102,all,2650.5
Zone1,0,1,20352103,all,2622.0
Zone1,0,1,20352104,all,2650.5
Zone1,0,1,20352105,all,2707.5
Zone1,0,1,20352106,all,2850.0
Zone1,0,1,20352107,all,2907.0
Zone1,0,1,20352108,all,2935.5
Zone1,0,1,20352109,all,2878.5
Zone1,0,1,20352110,all,2736.0
Zone1,0,1,20352111,all,2508.0
Zone1,0,1,20352112,all,2280.0
Zone1,0,1,20352113,all,2137.5
Zone1,0,1,20352114,all,2052.0
Zone1,0,1,20352115,all,1995.0
Zone1,0,1,20352116,all,1938.0
Zone1,0,1,20352117,all,1966.5
Zone1,0,1,20352118,all,2052.0
Zone1,0,1,20352119,all,2280.0
Zone1,0,1,20352120,all,2565.0
Zone1,0,1,20352121,all,2793.0
Zone1,0,1,20352122,all,2850.0
Zone1,0,1,20352123,all,2821.5
Zone1,0,1,20352124,all,2764.5
Zone1,0,1,20352125,all,2707.5
Zone1,0,1,20352126,all,2650.5
Zone1,0,1,20352127,all,2622.0
Zone1,0,1,20352128,all,2650.5
Zone1,0,1,20352129,all,2707.5
Zone1,0,1,20352130,all,2850.0
Zone1,0,1,20352131,all,2907.0
Zone1,0,1,20352132,all,2935.5
Zone1,0,1,20352133,all,2878.5
Zone1,0,1,20352134,all,2736.0
Zone1,0,1,20352135,all,2508.0
Zone1,0,1,20352136,all,2280.0
Zone1,0,1,20352137,all,2137.5
Zone1,0,1,20352138,all,2052.0
Zone1,0,1,20352139,all,1995.0
Zone1,0,1,20352140,all,1938.0
Zone1,0,1,20352141,all,1966.5
Zone1,0,1,20352142,all,2052.0
Zone1,0,1,20352143,all,2280.0
Zone1,0,1,20352144,all,2565.0
Zone1,0,1,20352145,all,2793.0
Zone1,0,1,20352146,all,2850.0
Zone1,0,1,20352147,all,2821.5
Zone1,0,1,20352148,all,2764.5
Zone1,0,1,20352149,all,2707.5
Zone1,0,1,20352150,all,2650.5
Zone1,0,1,20352151,all,2622.0
Zone1,0,1,20352152,all,2650.5
Zone1,0,1,20352153,all,2707.5
Zone1,0,1,20352154,all,2850.0
Zone1,0,1,20352155,all,2907.0
Zone1,0,1,20352156,all,2935.5
Zone1,0,1,20352157,all,2878.5
Zone1,0,1,20352158,all,2736.0
Zone1,0,1,20352159,all,2508.0
Zone1,0,1,20352160,all,2280.0
Zone1,0,1,20352161,all,2025.0
Zone1,0,1,20352162,all,1944.0
Zone1,0,1,20352163,all,1890.0
Zone1,0,1,20352164,all,1836.0
Zone1,0,1,20352165,all,1863.0
Zone1,0,1,20352166,all,1944.0
Zone1,0,1,20352167,all,2160.0
Zone1,0,1,20352168,all,2430.0
Zone1,0,1,20352169,all,2646.0
Zone1,0,1,20352170,all,2700.0
Zone1,0,1,20352171,all,2673.0
Zone1,0,1,20352172,all,2619.0
Zone1,0,1,20352173,all,2565.0
Zone1,0,1,20352174,all,2511.0
Zone1,0,1,20352175,all,2484.0
Zone1,0,1,20352176,all,2511.0
Zone1,0,1,20352177,all,2565.0
Zone1,0,1,20352178,all,2700.0
Zone1,0,1,20352179,all,2754.0
Zone1,0,1,20352180,all,2781.0
Zone1,0,1,20352181,all,2727.0
Zone1,0,1,20352182,all,2592.0
Zone1,0,1,20352183,all,2376.0
Zone1,0,1,20352184,all,2160.0
Zone1,0,1,20352185,all,2025.0
Zone1,0,1,20352186,all,1944.0
Zone1,0,1,20352187,all,1890.0
Zone1,0,1,20352188,all,1836.0
Zone1,0,1,20352189,all,1863.0
Zone1,0,1,20352190,all,1944.0
Zone1,0,1,20352191,all,2160.0
Zone1,0,1,20352192,all,2430.0
Zone1,0,1,20352193,all,2646.0
Zone1,0,1,20352194,all,2700.0
Zone1,0,1,20352195,all,2673.0
Zone1,0,1,20352196,all,2619.0
Zone1,0,1,20352197,all,2565.0
Zone1,0,1,20352198,all,2511.0
Zone1,0,1,20352199,all,2484.0
Zone1,0,1,20352200,all,2511.0
Zone1,0,1,20352201,all,2565.0
Zone1,0,1,20352202,all,2700.0
Zone1,0,1,20352203,all,2754.0
Zone1,0,1,20352204,all,2781.0
Zone1,0,1,20352205,all,2727.0
Zone1,0,1,20352206,all,2592.0
Zone1,0,1,20352207,all,2376.0
Zone1,0,1,20352208,all,2160.0
Zone1,0,1,20352209,all,2025.0
Zone1,0,1,20352210,all,1944.0
Zone1,0,1,20352211,all,1890.0
Zone1,0,1,20352212,all,1836.0
Zone1,0,1,20352213,all,1863.0
Zone1,0,1,20352214,all,1944.0
Zone1,0,1,20352215,all,2160.0
Zone1,0,1,20352216,all,2430.0
Zone1,0,1,20352217,all,2646.0
Zone1,0,1,20352218,all,2700.0
Zone1,0,1,20352219,all,2673.0
Zone1,0,1,20352220,all,2619.0
Zone1,0,1,20352221,all,2565.0
Zone1,0,1,20352222,all,2511.0
Zone1,0,1,20352223,all,2484.0
Zone1,0,1,20352224,all,2511.0
Zone1,0,1,20352225,all,2565.0
Zone1,0,1,20352226,all,2700.0
Zone1,0,1,20352227,all,2754.0
Zone1,0,1,20352228,all,2781.0
Zone1,0,1,20352229,all,2727.0
Zone1,0,1,20352230,all,2592.0
Zone1,0,1,20352231,all,2376.0
Zone1,0,1,20352232,all,2160.0
Zone1,0,1,20352233,all,2025.0
Zone1,0,1,20352234,all,1944.0
Zone1,0,1,20352235,all,1890.0
Zone1,0,1,20352236,all,1836.0
Zone1,0,1,20352237,all,1863.0
Zone1,0,1,20352238,all,1944.0
Zone1,0,1,20352239,all,2160.0
Zone1,0,1,20352240,all,2430.0
Zone1,0,1,20352241,all,2646.0
Zone1,0,1,20352242,all,2700.0
Zone1,0,1,20352243,all,2673.0
Zone1,0,1,20352244,all,2619.0
Zone1,0,1,20352245,all,2565.0
Zone1,0,1,20352246,all,2511.0
Zone1,0,1,20352247,all,2484.0
Zone1,0,1,20352248,all,2511.0
Zone1,0,1,20352249,all,2565.0
Zone1,0,1,20352250,all,2700.0
Zone1,0,1,20352251,all,2754.0
Zone1,0,1,20352252,all,2781.0
Zone1,0,1,20352253,all,2727.0
Zone1,0,1,20352254,all,2592.0
Zone1,0,1,20352255,all,2376.0
Zone1,0,1,20352256,all,2160.0
Zone1,0,1,20352257,all,2025.0
Zone1,0,1,20352258,all,1944.0
Zone1,0,1,20352259,all,1890.0
Zone1,0,1,20352260,all,1836.0
Zone1,0,1,20352261,all,1863.0
Zone1,0,1,20352262,all,1944.0
Zone1,0,1,20352263,all,2160.0
Zone1,0,1,20352264,all,2430.0
Zone1,0,1,20352265,all,2646.0
Zone1,0,1,20352266,all,2700.0
Zone1,0,1,20352267,all,2673.0
Zone1,0,1,20352268,all,2619.0
Zone1,0,1,20352269,all,2565.0
Zone1,0,1,20352270,all,2511.0
Zone1,0,1,20352271,all,2484.0
Zone1,0,1,20352272,all,2511.0
Zone1,0,1,20352273,all,2565.0
Zone1,0,1,20352274,all,2700.0
Zone1,0,1,20352275,all,2754.0
Zone1,0,1,20352276,all,2781.0
Zone1,0,1,20352277,all,2727.0
Zone1,0,1,20352278,all,2592.0
Zone1,0,1,20352279,all,2376.0
Zone1,0,1,20352280,all,2160.0
Zone1,0,1,20352281,all,2025.0
Zone1,0,1,20352282,all,1944.0
Zone1,0,1,20352283,all,1890.0
Zone1,0,1,20352284,all,1836.0
Zone1,0,1,20352285,all,1863.0
Zone1,0,1,20352286,all,1944.0
Zone1,0,1,20352287,all,2160.0
Zone1,0,1,20352288,all,2430.0
Zone1,0,1,20352289,all,2646.0
Zone1,0,1,20352290,all,2700.0
Zone1,0,1,20352291,all,2673.0
Zone1,0,1,20352292,all,2619.0
Zone1,0,1,20352293,all,2565.0
Zone1,0,1,20352294,all,2511.0
Zone1,0,1,20352295,all,2484.0
Zone1,0,1,20352296,all,2511.0
Zone1,0,1,20352297,all,2565.0
Zone1,0,1,20352298,all,2700.0
Zone1,0,1,20352299,all,2754.0
Zone1,0,1,20352300,all,2781.0
Zone1,0,1,20352301,all,2727.0
Zone1,0,1,20352302,all,2592.0
Zone1,0,1,20352303,all,2376.0
Zone1,0,1,20352304,all,2160.0
Zone1,0,1,20352305,all,2025.0
Zone1,0,1,20352306,all,1944.0
Zone1,0,1,20352307,all,1890.0
Zone1,0,1,20352308,all,1836.0
Zone1,0,1,20352309,all,1863.0
Zone1,0,1,20352310,all,1944.0
Zone1,0,1,20352311,all,2160.0
Zone1,0,1,20352312,all,2430.0
Zone1,0,1,20352313,all,2646.0
Zone1,0,1,20352314,all,2700.0
Zone1,0,1,20352315,all,2673.0
Zone1,0,1,20352316,all,2619.0
Zone1,0,1,20352317,all,2565.0
Zone1,0,1,20352318,all,2511.0
Zone1,0,1,20352319,all,2484.0
Zone1,0,1,20352320,all,2511.0
Zone1,0,1,20352321,all,2565.0
Zone1,0,1,20352322,all,2700.0
Zone1,0,1,20352323,all,2754.0
Zone1,0,1,20352324,all,2781.0
Zone1,0,1,20352325,all,2727.0
Zone1,0,1,20352326,all,2592.0
Zone1,0,1,20352327,all,2376.0
Zone1,0,1,20352328,all,2160.0
Zone1,0,1,20352329,all,2025.0
Zone1,0,1,20352330,all,1944.0
Zone1,0,1,20352331,all,1890.0
Zone1,0,1,20352332,all,1836.0
Zone1,0,1,20352333,all,1863.0
Zone1,0,1,20352334,all,1944.0
Zone1,0,1,20352335,all,2160.0
Zone1,0,1,20352336,all,2430.0
Zone1,0,1,20352337,all,2646.0
Zone1,0,1,20352338,all,2700.0
Zone1,0,1,20352339,all,2673.0
Zone1,0,1,20352340,all,2619.0
Zone1,0,1,20352341,all,2565.0
Zone1,0,1,20352342,all,2511.0
Zone1,0,1,20352343,all,2484.0
Zone1,0,1,20352344,all,2511.0
Zone1,0,1,20352345,all,2565.0
Zone1,0,1,20352346,all,2700.0
Zone1,0,1,20352347,all,2754.0
Zone1,0,1,20352348,all,2781.0
Zone1,0,1,20352349,all,2727.0
Zone1,0,1,20352350,all,2592.0
Zone1,0,1,20352351,all,2376.0
Zone1,0,1,20352352,all,2160.0
Zone1,0,1,20352353,all,2025.0
Zone1,0,1,20352354,all,1944.0
Zone1,0,1,20352355,all,1890.0
Zone1,0,1,20352356,all,1836.0
Zone1,0,1,20352357,all,1863.0
Zone1,0,1,20352358,all,1944.0
Zone1,0,1,20352359,all,2160.0
Zone1,0,1,20352360,all,2430.0
Zone1,0,1,20352361,all,2646.0
Zone1,0,1,20352362,all,2700.0
Zone1,0,1,20352363,all,2673.0
Zone1,0,1,20352364,all,2619.0
Zone1,0,1,20352365,all,2565.0
Zone1,0,1,20352366,all,2511.0
Zone1,0,1,20352367,all,2484.0
Zone1,0,1,20352368,all,2511.0
Zone1,0,1,20352369,all,2565.0
Zone1,0,1,20352370,all,2700.0
Zone1,0,1,20352371,all,2754.0
Zone1,0,1,20352372,all,2781.0
Zone1,0,1,20352373,all,2727.0
Zone1,0,1,20352374,all,2592.0
Zone1,0,1,20352375,all,2376.0
Zone1,0,1,20352376,all,2160.0
Zone1,0,1,20352377,all,2025.0
Zone1,0,1,20352378,all,1944.0
Zone1,0,1,20352379,all,1890.0
Zone1,0,1,20352380,all,1836.0
Zone1,0,1,20352381,all,1863.0
Zone1,0,1,20352382,all,1944.0
Zone1,0,1,20352383,all,2160.0
Zone1,0,1,20352384,all,2430.0
Zone1,0,1,20352385,all,2646.0
Zone1,0,1,20352386,all,2700.0
Zone1,0,1,20352387,all,2673.0
Zone1,0,1,20352388,all,2619.0
Zone1,0,1,20352389,all,2565.0
Zone1,0,1,20352390,all,2511.0
Zone1,0,1,20352391,all,2484.0
Zone1,0,1,20352392,all,2511.0
Zone1,0,1,20352393,all,2565.0
Zone1,0,1,20352394,all,2700.0
Zone1,0,1,20352395,all,2754.0
Zone1,0,1,20352396,all,2781.0
Zone1,0,1,20352397,all,2727.0
Zone1,0,1,20352398,all,2592.0
Zone1,0,1,20352399,all,2376.0
Zone1,0,1,20352400,all,2160.0
Zone1,0,1,20352401,all,2025.0
Zone1,0,1,20352402,all,1944.0
Zone1,0,1,20352403,all,1890.0
Zone1,0,1,20352404,all,1836.0
Zone1,0,1,20352405,all,1863.0
Zone1,0,1,20352406,all,1944.0
Zone1,0,1,20352407,all,2160.0
Zone1,0,1,20352408,all,2430.0
Zone1,0,1,20352409,all,2646.0
Zone1,0,1,20352410,all,2700.0
Zone1,0,1,20352411,all,2673.0
Zone1,0,1,20352412,all,2619.0
Zone1,0,1,20352413,all,2565.0
Zone1,0,1,20352414,all,2511.0
Zone1,0,1,20352415,all,2484.0
Zone1,0,1,20352416,all,2511.0
Zone1,0,1,20352417,all,2565.0
Zone1,0,1,20352418,all,2700.0
Zone1,0,1,20352419,all,2754.0
Zone1,0,1,20352420,all,2781.0
Zone1,0,1,20352421,all,2727.0
Zone1,0,1,20352422,all,2592.0
Zone1,0,1,20352423,all,2376.0
Zone1,0,1,20352424,all,2160.0
Zone1,0,1,20352425,all,2025.0
Zone1,0,1,20352426,all,1944.0
Zone1,0,1,20352427,all,1890.0
Zone1,0,1,20352428,all,1836.0
Zone1,0,1,20352429,all,1863.0
Zone1,0,1,20352430,all,1944.0
Zone1,0,1,20352431,all,2160.0
Zone1,0,1,20352432,all,2430.0
Zone1,0,1,20352433,all,2646.0
Zone1,0,1,20352434,all,2700.0
Zone1,0,1,20352435,all,2673.0
Zone1,0,1,20352436,all,2619.0
Zone1,0,1,20352437,all,2565.0
Zone1,0,1,20352438,all,2511.0
Zone1,0,1,20352439,all,2484.0
Zone1,0,1,20352440,all,2511.0
Zone1,0,1,20352441,all,2565.0
Zone1,0,1,20352442,all,2700.0
Zone1,0,1,20352443,all,2754.0
Zone1,0,1,20352444,all,2781.0
Zone1,0,1,20352445,all,2727.0
Zone1,0,1,20352446,all,2592.0
Zone1,0,1,20352447,all,2376.0
Zone1,0,1,20352448,all,2160.0
Zone1,0,1,20352449,all,2025.0
Zone1,0,1,20352450,all,1944.0
Zone1,0,1,20352451,all,1890.0
Zone1,0,1,20352452,all,1836.0
Zone1,0,1,20352453,all,1863.0
Zone1,0,1,20352454,all,1944.0
Zone1,0,1,20352455,all,2160.0
Zone1,0,1,20352456,all,2430.0
Zone1,0,1,20352457,all,2646.0
Zone1,0,1,20352458,all,2700.0
Zone1,0,1,20352459,all,2673.0
Zone1,0,1,20352460,all,2619.0
Zone1,0,1,20352461,all,2565.0
Zone1,0,1,20352462,all,2511.0
Zone1,0,1,20352463,all,2484.0
Zone1,0,1,20352464,all,2511.0
Zone1,0,1,20352465,all,2565.0
Zone1,0,1,20352466,all,2700.0
Zone1,0,1,20352467,all,2754.0
Zone1,0,1,20352468,all,2781.0
Zone1,0,1,20352469,all,2727.0
Zone1,0,1,20352470,all,2592.0
Zone1,0,1,20352471,all,2376.0
Zone1,0,1,20352472,all,2160.0
Zone1,0,1,20352473,all,2025.0
Zone1,0,1,20352474,all,1944.0
Zone1,0,1,20352475,all,1890.0
Zone1,0,1,20352476,all,1836.0
Zone1,0,1,20352477,all,1863.0
Zone1,0,1,20352478,all,1944.0
Zone1,0,1,20352479,all,2160.0
Zone1,0,1,20352480,all,2430.0
Zone1,0,1,20352481,all,2646.0
Zone1,0,1,20352482,all,2700.0
Zone1,0,1,20352483,all,2673.0
Zone1,0,1,20352484,all,2619.0
Zone1,0,1,20352485,all,2565.0
Zone1,0,1,20352486,all,2511.0
Zone1,0,1,20352487,all,2484.0
Zone1,0,1,20352488,all,2511.0
Zone1,0,1,20352489,all,2565.0
Zone1,0,1,20352490,all,2700.0
Zone1,0,1,20352491,all,2754.0
Zone1,0,1,20352492,all,2781.0
Zone1,0,1,20352493,all,2727.0
Zone1,0,1,20352494,all,2592.0
Zone1,0,1,20352495,all,2376.0
Zone1,0,1,20352496,all,2160.0
Zone1,0,1,20352497,all,2025.0
Zone1,0,1,20352498,all,1944.0
Zone1,0,1,20352499,all,1890.0
Zone1,0,1,20352500,all,1836.0
Zone1,0,1,20352501,all,1863.0
Zone1,0,1,20352502,all,1944.0
Zone1,0,1,20352503,all,2160.0
Zone1,0,1,20352504,all,2430.0
Zone1,0,1,20352505,all,2646.0
Zone1,0,1,20352506,all,2700.0
Zone1,0,1,20352507,all,2673.0
Zone1,0,1,20352508,all,2619.0
Zone1,0,1,20352509,all,2565.0
Zone1,0,1,20352510,all,2511.0
Zone1,0,1,20352511,all,2484.0
Zone1,0,1,20352512,all,2511.0
Zone1,0,1,20352513,all,2565.0
Zone1,0,1,20352514,all,2700.0
Zone1,0,1,20352515,all,2754.0
Zone1,0,1,20352516,all,2781.0
Zone1,0,1,20352517,all,2727.0
Zone1,0,1,20352518,all,2592.0
Zone1,0,1,20352519,all,2376.0
Zone1,0,1,20352520,all,2160.0
Zone1,0,1,20352521,all,2025.0
Zone1,0,1,20352522,all,1944.0
Zone1,0,1,20352523,all,1890.0
Zone1,0,1,20352524,all,1836.0
Zone1,0,1,20352525,all,1863.0
Zone1,0,1,20352526,all,1944.0
Zone1,0,1,20352527,all,2160.0
Zone1,0,1,20352528,all,2430.0
Zone1,0,1,20352529,all,2646.0
Zone1,0,1,20352530,all,2700.0
Zone1,0,1,20352531,all,2673.0
Zone1,0,1,20352532,all,2619.0
Zone1,0,1,20352533,all,2565.0
Zone1,0,1,20352534,all,2511.0
Zone1,0,1,20352535,all,2484.0
Zone1,0,1,20352536,all,2511.0
Zone1,0,1,20352537,all,2565.0
Zone1,0,1,20352538,all,2700.0
Zone1,0,1,20352539,all,2754.0
Zone1,0,1,20352540,all,2781.0
Zone1,0,1,20352541,all,2727.0
Zone1,0,1,20352542,all,2592.0
Zone1,0,1,20352543,all,2376.0
Zone1,0,1,20352544,all,2160.0
Zone1,0,1,20352545,all,2025.0
Zone1,0,1,20352546,all,1944.0
Zone1,0,1,20352547,all,1890.0
Zone1,0,1,20352548,all,1836.0
Zone1,0,1,20352549,all,1863.0
Zone1,0,1,20352550,all,1944.0
Zone1,0,1,20352551,all,2160.0
Zone1,0,1,20352552,all,2430.0
Zone1,0,1,20352553,all,2646.0
Zone1,0,1,20352554,all,2700.0
Zone1,0,1,20352555,all,2673.0
Zone1,0,1,20352556,all,2619.0
Zone1,0,1,20352557,all,2565.0
Zone1,0,1,20352558,all,2511.0
Zone1,0,1,20352559,all,2484.0
Zone1,0,1,20352560,all,2511.0
Zone1,0,1,20352561,all,2565.0
Zone1,0,1,20352562,all,2700.0
Zone1,0,1,20352563,all,2754.0
Zone1,0,1,20352564,all,2781.0
Zone1,0,1,20352565,all,2727.0
Zone1,0,1,20352566,all,2592.0
Zone1,0,1,20352567,all,2376.0
Zone1,0,1,20352568,all,2160.0
Zone1,0,1,20352569,all,2025.0
Zone1,0,1,20352570,all,1944.0
Zone1,0,1,20352571,all,1890.0
Zone1,0,1,20352572,all,1836.0
Zone1,0,1,20352573,all,1863.0
Zone1,0,1,20352574,all,1944.0
Zone1,0,1,20352575,all,2160.0
Zone1,0,1,20352576,all,2430.0
Zone1,0,1,20352577,all,2646.0
Zone1,0,1,20352578,all,2700.0
Zone1,0,1,20352579,all,2673.0
Zone1,0,1,20352580,all,2619.0
Zone1,0,1,20352581,all,2565.0
Zone1,0,1,20352582,all,2511.0
Zone1,0,1,20352583,all,2484.0
Zone1,0,1,20352584,all,2511.0
Zone1,0,1,20352585,all,2565.0
Zone1,0,1,20352586,all,2700.0
Zone1,0,1,20352587,all,2754.0
Zone1,0,1,20352588,all,2781.0
Zone1,0,1,20352589,all,2727.0
Zone1,0,1,20352590,all,2592.0
Zone1,0,1,20352591,all,2376.0
Zone1,0,1,20352592,all,2160.0
Zone1,0,1,20352593,all,2025.0
Zone1,0,1,20352594,all,1944.0
Zone1,0,1,20352595,all,1890.0
Zone1,0,1,20352596,all,1836.0
Zone1,0,1,20352597,all,1863.0
Zone1,0,1,20352598,all,1944.0
Zone1,0,1,20352599,all,2160.0
Zone1,0,1,20352600,all,2430.0
Zone1,0,1,20352601,all,2646.0
Zone1,0,1,20352602,all,2700.0
Zone1,0,1,20352603,all,2673.0
Zone1,0,1,20352604,all,2619.0
Zone1,0,1,20352605,all,2565.0
Zone1,0,1,20352606,all,2511.0
Zone1,0,1,20352607,all,2484.0
Zone1,0,1,20352608,all,2511.0
Zone1,0,1,20352609,all,2565.0
Zone1,0,1,20352610,all,2700.0
Zone1,0,1,20352611,all,2754.0
Zone1,0,1,20352612,all,2781.0
Zone1,0,1,20352613,all,2727.0
Zone1,0,1,20352614,all,2592.0
Zone1,0,1,20352615,all,2376.0
Zone1,0,1,20352616,all,2160.0
Zone1,0,1,20352617,all,2025.0
Zone1,0,1,20352618,all,1944.0
Zone1,0,1,20352619,all,1890.0
Zone1,0,1,20352620,all,1836.0
Zone1,0,1,20352621,all,1863.0
Zone1,0,1,20352622,all,1944.0
Zone1,0,1,20352623,all,2160.0
Zone1,0,1,20352624,all,2430.0
Zone1,0,1,20352625,all,2646.0
Zone1,0,1,20352626,all,2700.0
Zone1,0,1,20352627,all,2673.0
Zone1,0,1,20352628,all,2619.0
Zone1,0,1,20352629,all,2565.0
Zone1,0,1,20352630,all,2511.0
Zone1,0,1,20352631,all,2484.0
Zone1,0,1,20352632,all,2511.0
Zone1,0,1,20352633,all,2565.0
Zone1,0,1,20352634,all,2700.0
Zone1,0,1,20352635,all,2754.0
Zone1,0,1,20352636,all,2781.0
Zone1,0,1,20352637,all,2727.0
Zone1,0,1,20352638,all,2592.0
Zone1,0,1,20352639,all,2376.0
Zone1,0,1,20352640,all,2160.0
Zone1,0,1,20352641,all,2025.0
Zone1,0,1,20352642,all,1944.0
Zone1,0,1,20352643,all,1890.0
Zone1,0,1,20352644,all,1836.0
Zone1,0,1,20352645,all,1863.0
Zone1,0,1,20352646,all,1944.0
Zone1,0,1,20352647,all,2160.0
Zone1,0,1,20352648,all,2430.0
Zone1,0,1,20352649,all,2646.0
Zone1,0,1,20352650,all,2700.0
Zone1,0,1,20352651,all,2673.0
Zone1,0,1,20352652,all,2619.0
Zone1,0,1,20352653,all,2565.0
Zone1,0,1,20352654,all,2511.0
Zone1,0,1,20352655,all,2484.0
Zone1,0,1,20352656,all,2511.0
Zone1,0,1,20352657,all,2565.0
Zone1,0,1,20352658,all,2700.0
Zone1,0,1,20352659,all,2754.0
Zone1,0,1,20352660,all,2781.0
Zone1,0,1,20352661,all,2727.0
Zone1,0,1,20352662,all,2592.0
Zone1,0,1,20352663,all,2376.0
Zone1,0,1,20352664,all,2160.0
Zone1,0,1,20352665,all,2025.0
Zone1,0,1,20352666,all,1944.0
Zone1,0,1,20352667,all,1890.0
Zone1,0,1,20352668,all,1836.0
Zone1,0,1,20352669,all,1863.0
Zone1,0,1,20352670,all,1944.0
Zone1,0,1,20352671,all,2160.0
Zone1,0,1,20352672,all,2430.0
Zone1,0,1,20352673,all,2646.0
Zone1,0,1,20352674,all,2700.0
Zone1,0,1,20352675,all,2673.0
Zone1,0,1,20352676,all,2619.0
Zone1,0,1,20352677,all,2565.0
Zone1,0,1,20352678,all,2511.0
Zone1,0,1,20352679,all,2484.0
Zone1,0,1,20352680,all,2511.0
Zone1,0,1,20352681,all,2565.0
Zone1,0,1,20352682,all,2700.0
Zone1,0,1,20352683,all,2754.0
Zone1,0,1,20352684,all,2781.0
Zone1,0,1,20352685,all,2727.0
Zone1,0,1,20352686,all,2592.0
Zone1,0,1,20352687,all,2376.0
Zone1,0,1,20352688,all,2160.0
Zone1,0,1,20352689,all,2025.0
Zone1,0,1,20352690,all,1944.0
Zone1,0,1,20352691,all,1890.0
Zone1,0,1,20352692,all,1836.0
Zone1,0,1,20352693,all,1863.0
Zone1,0,1,20352694,all,1944.0
Zone1,0,1,20352695,all,2160.0
Zone1,0,1,20352696,all,2430.0
Zone1,0,1,20352697,all,2646.0
Zone1,0,1,20352698,all,2700.0
Zone1,0,1,20352699,all,2673.0
Zone1,0,1,20352700,all,2619.0
Zone1,0,1,20352701,all,2565.0
Zone1,0,1,20352702,all,2511.0
Zone1,0,1,20352703,all,2484.0
Zone1,0,1,20352704,all,2511.0
Zone1,0,1,20352705,all,2565.0
Zone1,0,1,20352706,all,2700.0
Zone1,0,1,20352707,all,2754.0
Zone1,0,1,20352708,all,2781.0
Zone1,0,1,20352709,all,2727.0
Zone1,0,1,20352710,all,2592.0
Zone1,0,1,20352711,all,2376.0
Zone1,0,1,20352712,all,2160.0
Zone1,0,1,20352713,all,2025.0
Zone1,0,1,20352714,all,1944.0
Zone1,0,1,20352715,all,1890.0
Zone1,0,1,20352716,all,1836.0
Zone1,0,1,20352717,all,1863.0
Zone1,0,1,20352718,all,1944.0
Zone1,0,1,20352719,all,2160.0
Zone1,0,1,20352720,all,2430.0
Zone1,0,1,20352721,all,2646.0
Zone1,0,1,20352722,all,2700.0
Zone1,0,1,20352723,all,2673.0
Zone1,0,1,20352724,all,2619.0
Zone1,0,1,20352725,all,2565.0
Zone1,0,1,20352726,all,2511.0
Zone1,0,1,20352727,all,2484.0
Zone1,0,1,20352728,all,2511.0
Zone1,0,1,20352729,all,2565.0
Zone1,0,1,20352730,all,2700.0
Zone1,0,1,20352731,all,2754.0
Zone1,0,1,20352732,all,2781.0
Zone1,0,1,20352733,all,2727.0
Zone1,0,1,20352734,all,2592.0
Zone1,0,1,20352735,all,2376.0
Zone1,0,1,20352736,all,2160.0
Zone1,0,1,20352737,all,2025.0
Zone1,0,1,20352738,all,1944.0
Zone1,0,1,20352739,all,1890.0
Zone1,0,1,20352740,all,1836.0
Zone1,0,1,20352741,all,1863.0
Zone1,0,1,20352742,all,1944.0
Zone1,0,1,20352743,all,2160.0
Zone1,0,1,20352744,all,2430.0
Zone1,0,1,20352745,all,2646.0
Zone1,0,1,20352746,all,2700.0
Zone1,0,1,20352747,all,2673.0
Zone1,0,1,20352748,all,2619.0
Zone1,0,1,20352749,all,2565.0
Zone1,0,1,20352750,all,2511.0
Zone1,0,1,20352751,all,2484.0
Zone1,0,1,20352752,all,2511.0
Zone1,0,1,20352753,all,2565.0
Zone1,0,1,20352754,all,2700.0
Zone1,0,1,20352755,all,2754.0
Zone1,0,1,20352756,all,2781.0
Zone1,0,1,20352757,all,2727.0
Zone1,0,1,20352758,all,2592.0
Zone1,0,1,20352759,all,2376.0
Zone1,0,1,20352760,all,2160.0
Zone1,0,1,20352761,all,2025.0
Zone1,0,1,20352762,all,1944.0
Zone1,0,1,20352763,all,1890.0
Zone1,0,1,20352764,all,1836.0
Zone1,0,1,20352765,all,1863.0
Zone1,0,1,20352766,all,1944.0
Zone1,0,1,20352767,all,2160.0
Zone1,0,1,20352768,all,2430.0
Zone1,0,1,20352769,all,2646.0
Zone1,0,1,20352770,all,2700.0
Zone1,0,1,20352771,all,2673.0
Zone1,0,1,20352772,all,2619.0
Zone1,0,1,20352773,all,2565.0
Zone1,0,1,20352774,all,2511.0
Zone1,0,1,20352775,all,2484.0
Zone1,0,1,20352776,all,2511.0
Zone1,0,1,20352777,all,2565.0
Zone1,0,1,20352778,all,2700.0
Zone1,0,1,20352779,all,2754.0
Zone1,0,1,20352780,all,2781.0
Zone1,0,1,20352781,all,2727.0
Zone1,0,1,20352782,all,2592.0
Zone1,0,1,20352783,all,2376.0
Zone1,0,1,20352784,all,2160.0
Zone1,0,1,20352785,all,2025.0
Zone1,0,1,20352786,all,1944.0
Zone1,0,1,20352787,all,1890.0
Zone1,0,1,20352788,all,1836.0
Zone1,0,1,20352789,all,1863.0
Zone1,0,1,20352790,all,1944.0
Zone1,0,1,20352791,all,2160.0
Zone1,0,1,20352792,all,2430.0
Zone1,0,1,20352793,all,2646.0
Zone1,0,1,20352794,all,2700.0
Zone1,0,1,20352795,all,2673.0
Zone1,0,1,20352796,all,2619.0
Zone1,0,1,20352797,all,2565.0
Zone1,0,1,20352798,all,2511.0
Zone1,0,1,20352799,all,2484.0
Zone1,0,1,20352800,all,2511.0
Zone1,0,1,20352801,all,2565.0
Zone1,0,1,20352802,all,2700.0
Zone1,0,1,20352803,all,2754.0
Zone1,0,1,20352804,all,2781.0
Zone1,0,1,20352805,all,2727.0
Zone1,0,1,20352806,all,2592.0
Zone1,0,1,20352807,all,2376.0
Zone1,0,1,20352808,all,2160.0
Zone1,0,1,20352809,all,2025.0
Zone1,0,1,20352810,all,1944.0
Zone1,0,1,20352811,all,1890.0
Zone1,0,1,20352812,all,1836.0
Zone1,0,1,20352813,all,1863.0
Zone1,0,1,20352814,all,1944.0
Zone1,0,1,20352815,all,2160.0
Zone1,0,1,20352816,all,2430.0
Zone1,0,1,20352817,all,2646.0
Zone1,0,1,20352818,all,2700.0
Zone1,0,1,20352819,all,2673.0
Zone1,0,1,20352820,all,2619.0
Zone1,0,1,20352821,all,2565.0
Zone1,0,1,20352822,all,2511.0
Zone1,0,1,20352823,all,2484.0
Zone1,0,1,20352824,all,2511.0
Zone1,0,1,20352825,all,2565.0
Zone1,0,1,20352826,all,2700.0
Zone1,0,1,20352827,all,2754.0
Zone1,0,1,20352828,all,2781.0
Zone1,0,1,20352829,all,2727.0
Zone1,0,1,20352830,all,2592.0
Zone1,0,1,20352831,all,2376.0
Zone1,0,1,20352832,all,2160.0
Zone1,0,1,20352833,all,2025.0
Zone1,0,1,20352834,all,1944.0
Zone1,0,1,20352835,all,1890.0
Zone1,0,1,20352836,all,1836.0
Zone1,0,1,20352837,all,1863.0
Zone1,0,1,20352838,all,1944.0
Zone1,0,1,20352839,all,2160.0
Zone1,0,1,20352840,all,2430.0
Zone1,0,1,20352841,all,2646.0
Zone1,0,1,20352842,all,2700.0
Zone1,0,1,20352843,all,2673.0
Zone1,0,1,20352844,all,2619.0
Zone1,0,1,20352845,all,2565.0
Zone1,0,1,20352846,all,2511.0
Zone1,0,1,20352847,all,2484.0
Zone1,0,1,20352848,all,2511.0
Zone1,0,1,20352849,all,2565.0
Zone1,0,1,20352850,all,2700.0
Zone1,0,1,20352851,all,2754.0
Zone1,0,1,20352852,all,2781.0
Zone1,0,1,20352853,all,2727.0
Zone1,0,1,20352854,all,2592.0
Zone1,0,1,20352855,all,2376.0
Zone1,0,1,20352856,all,2160.0
Zone1,0,1,20352857,all,2025.0
Zone1,0,1,20352858,all,1944.0
Zone1,0,1,20352859,all,1890.0
Zone1,0,1,20352860,all,1836.0
Zone1,0,1,20352861,all,1863.0
Zone1,0,1,20352862,all,1944.0
Zone1,0,1,20352863,all,2160.0
Zone1,0,1,20352864,all,2430.0
Zone1,0,1,20352865,all,2646.0
Zone1,0,1,20352866,all,2700.0
Zone1,0,1,20352867,all,2673.0
Zone1,0,1,20352868,all,2619.0
Zone1,0,1,20352869,all,2565.0
Zone1,0,1,20352870,all,2511.0
Zone1,0,1,20352871,all,2484.0
Zone1,0,1,20352872,all,2511.0
Zone1,0,1,20352873,all,2565.0
Zone1,0,1,20352874,all,2700.0
Zone1,0,1,20352875,all,2754.0
Zone1,0,1,20352876,all,2781.0
Zone1,0,1,20352877,all,2727.0
Zone1,0,1,20352878,all,2592.0
Zone1,0,1,20352879,all,2376.0
Zone1,0,1,20352880,all,2160.0
Zone1,0,1,20352881,all,2070.0
Zone1,0,1,20352882,all,1987.2
Zone1,0,1,20352883,all,1932.0
Zone1,0,1,20352884,all,1876.8
Zone1,0,1,20352885,all,1904.4
Zone1,0,1,20352886,all,1987.2
Zone1,0,1,20352887,all,2208.0
Zone1,0,1,20352888,all,2484.0
Zone1,0,1,20352889,all,2704.8
Zone1,0,1,20352890,all,2760.0
Zone1,0,1,20352891,all,2732.4
Zone1,0,1,20352892,all,2677.2
Zone1,0,1,20352893,all,2622.0
Zone1,0,1,20352894,all,2566.8
Zone1,0,1,20352895,all,2539.2
Zone1,0,1,20352896,all,2566.8
Zone1,0,1,20352897,all,2622.0
Zone1,0,1,20352898,all,2760.0
Zone1,0,1,20352899,all,2815.2
Zone1,0,1,20352900,all,2842.8
Zone1,0,1,20352901,all,2787.6
Zone1,0,1,20352902,all,2649.6
Zone1,0,1,20352903,all,2428.8
Zone1,0,1,20352904,all,2208.0
Zone1,0,1,20352905,all,2070.0
Zone1,0,1,20352906,all,1987.2
Zone1,0,1,20352907,all,1932.0
Zone1,0,1,20352908,all,1876.8
Zone1,0,1,20352909,all,1904.4
Zone1,0,1,20352910,all,1987.2
Zone1,0,1,20352911,all,2208.0
Zone1,0,1,20352912,all,2484.0
Zone1,0,1,20352913,all,2704.8
Zone1,0,1,20352914,all,2760.0
Zone1,0,1,20352915,all,2732.4
Zone1,0,1,20352916,all,2677.2
Zone1,0,1,20352917,all,2622.0
Zone1,0,1,20352918,all,2566.8
Zone1,0,1,20352919,all,2539.2
Zone1,0,1,20352920,all,2566.8
Zone1,0,1,20352921,all,2622.0
Zone1,0,1,20352922,all,2760.0
Zone1,0,1,20352923,all,2815.2
Zone1,0,1,20352924,all,2842.8
Zone1,0,1,20352925,all,2787.6
Zone1,0,1,20352926,all,2649.6
Zone1,0,1,20352927,all,2428.8
Zone1,0,1,20352928,all,2208.0
Zone1,0,1,20352929,all,2070.0
Zone1,0,1,20352930,all,1987.2
Zone1,0,1,20352931,all,1932.0
Zone1,0,1,20352932,all,1876.8
Zone1,0,1,20352933,all,1904.4
Zone1,0,1,20352934,all,1987.2
Zone1,0,1,20352935,all,2208.0
Zone1,0,1,20352936,all,2484.0
Zone1,0,1,20352937,all,2704.8
Zone1,0,1,20352938,all,2760.0
Zone1,0,1,20352939,all,2732.4
Zone1,0,1,20352940,all,2677.2
Zone1,0,1,20352941,all,2622.0
Zone1,0,1,20352942,all,2566.8
Zone1,0,1,20352943,all,2539.2
Zone1,0,1,20352944,all,2566.8
Zone1,0,1,20352945,all,2622.0
Zone1,0,1,20352946,all,2760.0
Zone1,0,1,20352947,all,2815.2
Zone1,0,1,20352948,all,2842.8
Zone1,0,1,20352949,all,2787.6
Zone1,0,1,20352950,all,2649.6
Zone1,0,1,20352951,all,2428.8
Zone1,0,1,20352952,all,2208.0
Zone1,0,1,20352953,all,2070.0
Zone1,0,1,20352954,all,1987.2
Zone1,0,1,20352955,all,1932.0
Zone1,0,1,20352956,all,1876.8
Zone1,0,1,20352957,all,1904.4
Zone1,0,1,20352958,all,1987.2
Zone1,0,1,20352959,all,2208.0
Zone1,0,1,20352960,all,2484.0
Zone1,0,1,20352961,all,2704.8
Zone1,0,1,20352962,all,2760.0
Zone1,0,1,20352963,all,2732.4
Zone1,0,1,20352964,all,2677.2
Zone1,0,1,20352965,all,2622.0
Zone1,0,1,20352966,all,2566.8
Zone1,0,1,20352967,all,2539.2
Zone1,0,1,20352968,all,2566.8
Zone1,0,1,20352969,all,2622.0
Zone1,0,1,20352970,all,2760.0
Zone1,0,1,20352971,all,2815.2
Zone1,0,1,20352972,all,2842.8
Zone1,0,1,20352973,all,2787.6
Zone1,0,1,20352974,all,2649.6
Zone1,0,1,20352975,all,2428.8
Zone1,0,1,20352976,all,2208.0
Zone1,0,1,20352977,all,2070.0
Zone1,0,1,20352978,all,1987.2
Zone1,0,1,20352979,all,1932.0
Zone1,0,1,20352980,all,1876.8
Zone1,0,1,20352981,all,1904.4
Zone1,0,1,20352982,all,1987.2
Zone1,0,1,20352983,all,2208.0
Zone1,0,1,20352984,all,2484.0
Zone1,0,1,20352985,all,2704.8
Zone1,0,1,20352986,all,2760.0
Zone1,0,1,20352987,all,2732.4
Zone1,0,1,20352988,all,2677.2
Zone1,0,1,20352989,all,2622.0
Zone1,0,1,20352990,all,2566.8
Zone1,0,1,20352991,all,2539.2
Zone1,0,1,20352992,all,2566.8
Zone1,0,1,20352993,all,2622.0
Zone1,0,1,20352994,all,2760.0
Zone1,0,1,20352995,all,2815.2
Zone1,0,1,20352996,all,2842.8
Zone1,0,1,20352997,all,2787.6
Zone1,0,1,20352998,all,2649.6
Zone1,0,1,20352999,all,2428.8
Zone1,0,1,20353000,all,2208.0
Zone1,0,1,20353001,all,2070.0
Zone1,0,1,20353002,all,1987.2
Zone1,0,1,20353003,all,1932.0
Zone1,0,1,20353004,all,1876.8
Zone1,0,1,20353005,all,1904.4
Zone1,0,1,20353006,all,1987.2
Zone1,0,1,20353007,all,2208.0
Zone1,0,1,20353008,all,2484.0
Zone1,0,1,20353009,all,2704.8
Zone1,0,1,20353010,all,2760.0
Zone1,0,1,20353011,all,2732.4
Zone1,0,1,20353012,all,2677.2
Zone1,0,1,20353013,all,2622.0
Zone1,0,1,20353014,all,2566.8
Zone1,0,1,20353015,all,2539.2
Zone1,0,1,20353016,all,2566.8
Zone1,0,1,20353017,all,2622.0
Zone1,0,1,20353018,all,2760.0
Zone1,0,1,20353019,all,2815.2
Zone1,0,1,20353020,all,2842.8
Zone1,0,1,20353021,all,2787.6
Zone1,0,1,20353022,all,2649.6
Zone1,0,1,20353023,all,2428.8
Zone1,0,1,20353024,all,2208.0
Zone1,0,1,20353025,all,2070.0
Zone1,0,1,20353026,all,1987.2
Zone1,0,1,20353027,all,1932.0
Zone1,0,1,20353028,all,1876.8
Zone1,0,1,20353029,all,1904.4
Zone1,0,1,20353030,all,1987.2
Zone1,0,1,20353031,all,2208.0
Zone1,0,1,20353032,all,2484.0
Zone1,0,1,20353033,all,2704.8
Zone1,0,1,20353034,all,2760.0
Zone1,0,1,20353035,all,2732.4
Zone1,0,1,20353036,all,2677.2
Zone1,0,1,20353037,all,2622.0
Zone1,0,1,20353038,all,2566.8
Zone1,0,1,20353039,all,2539.2
Zone1,0,1,20353040,all,2566.8
Zone1,0,1,20353041,all,2622.0
Zone1,0,1,20353042,all,2760.0
Zone1,0,1,20353043,all,2815.2
Zone1,0,1,20353044,all,2842.8
Zone1,0,1,20353045,all,2787.6
Zone1,0,1,20353046,all,2649.6
Zone1,0,1,20353047,all,2428.8
Zone1,0,1,20353048,all,2208.0
Zone1,0,1,20353049,all,2070.0
Zone1,0,1,20353050,all,1987.2
Zone1,0,1,20353051,all,1932.0
Zone1,0,1,20353052,all,1876.8
Zone1,0,1,20353053,all,1904.4
Zone1,0,1,20353054,all,1987.2
Zone1,0,1,20353055,all,2208.0
Zone1,0,1,20353056,all,2484.0
Zone1,0,1,20353057,all,2704.8
Zone1,0,1,20353058,all,2760.0
Zone1,0,1,20353059,all,2732.4
Zone1,0,1,20353060,all,2677.2
Zone1,0,1,20353061,all,2622.0
Zone1,0,1,20353062,all,2566.8
Zone1,0,1,20353063,all,2539.2
Zone1,0,1,20353064,all,2566.8
Zone1,0,1,20353065,all,2622.0
Zone1,0,1,20353066,all,2760.0
Zone1,0,1,20353067,all,2815.2
Zone1,0,1,20353068,all,2842.8
Zone1,0,1,20353069,all,2787.6
Zone1,0,1,20353070,all,2649.6
Zone1,0,1,20353071,all,2428.8
Zone1,0,1,20353072,all,2208.0
Zone1,0,1,20353073,all,2070.0
Zone1,0,1,20353074,all,1987.2
Zone1,0,1,20353075,all,1932.0
Zone1,0,1,20353076,all,1876.8
Zone1,0,1,20353077,all,1904.4
Zone1,0,1,20353078,all,1987.2
Zone1,0,1,20353079,all,2208.0
Zone1,0,1,20353080,all,2484.0
Zone1,0,1,20353081,all,2704.8
Zone1,0,1,20353082,all,2760.0
Zone1,0,1,20353083,all,2732.4
Zone1,0,1,20353084,all,2677.2
Zone1,0,1,20353085,all,2622.0
Zone1,0,1,20353086,all,2566.8
Zone1,0,1,20353087,all,2539.2
Zone1,0,1,20353088,all,2566.8
Zone1,0,1,20353089,all,2622.0
Zone1,0,1,20353090,all,2760.0
Zone1,0,1,20353091,all,2815.2
Zone1,0,1,20353092,all,2842.8
Zone1,0,1,20353093,all,2787.6
Zone1,0,1,20353094,all,2649.6
Zone1,0,1,20353095,all,2428.8
Zone1,0,1,20353096,all,2208.0
Zone1,0,1,20353097,all,2070.0
Zone1,0,1,20353098,all,1987.2
Zone1,0,1,20353099,all,1932.0
Zone1,0,1,20353100,all,1876.8
Zone1,0,1,20353101,all,1904.4
Zone1,0,1,20353102,all,1987.2
Zone1,0,1,20353103,all,2208.0
Zone1,0,1,20353104,all,2484.0
Zone1,0,1,20353105,all,2704.8
Zone1,0,1,20353106,all,2760.0
Zone1,0,1,20353107,all,2732.4
Zone1,0,1,20353108,all,2677.2
Zone1,0,1,20353109,all,2622.0
Zone1,0,1,20353110,all,2566.8
Zone1,0,1,20353111,all,2539.2
Zone1,0,1,20353112,all,2566.8
Zone1,0,1,20353113,all,2622.0
Zone1,0,1,20353114,all,2760.0
Zone1,0,1,20353115,all,2815.2
Zone1,0,1,20353116,all,2842.8
Zone1,0,1,20353117,all,2787.6
Zone1,0,1,20353118,all,2649.6
Zone1,0,1,20353119,all,2428.8
Zone1,0,1,20353120,all,2208.0
Zone1,0,1,20353121,all,2070.0
Zone1,0,1,20353122,all,1987.2
Zone1,0,1,20353123,all,1932.0
Zone1,0,1,20353124,all,1876.8
Zone1,0,1,20353125,all,1904.4
Zone1,0,1,20353126,all,1987.2
Zone1,0,1,20353127,all,2208.0
Zone1,0,1,20353128,all,2484.0
Zone1,0,1,20353129,all,2704.8
Zone1,0,1,20353130,all,2760.0
Zone1,0,1,20353131,all,2732.4
Zone1,0,1,20353132,all,2677.2
Zone1,0,1,20353133,all,2622.0
Zone1,0,1,20353134,all,2566.8
Zone1,0,1,20353135,all,2539.2
Zone1,0,1,20353136,all,2566.8
Zone1,0,1,20353137,all,2622.0
Zone1,0,1,20353138,all,2760.0
Zone1,0,1,20353139,all,2815.2
Zone1,0,1,20353140,all,2842.8
Zone1,0,1,20353141,all,2787.6
Zone1,0,1,20353142,all,2649.6
Zone1,0,1,20353143,all,2428.8
Zone1,0,1,20353144,all,2208.0
Zone1,0,1,20353145,all,2070.0
Zone1,0,1,20353146,all,1987.2
Zone1,0,1,20353147,all,1932.0
Zone1,0,1,20353148,all,1876.8
Zone1,0,1,20353149,all,1904.4
Zone1,0,1,20353150,all,1987.2
Zone1,0,1,20353151,all,2208.0
Zone1,0,1,20353152,all,2484.0
Zone1,0,1,20353153,all,2704.8
Zone1,0,1,20353154,all,2760.0
Zone1,0,1,20353155,all,2732.4
Zone1,0,1,20353156,all,2677.2
Zone1,0,1,20353157,all,2622.0
Zone1,0,1,20353158,all,2566.8
Zone1,0,1,20353159,all,2539.2
Zone1,0,1,20353160,all,2566.8
Zone1,0,1,20353161,all,2622.0
Zone1,0,1,20353162,all,2760.0
Zone1,0,1,20353163,all,2815.2
Zone1,0,1,20353164,all,2842.8
Zone1,0,1,20353165,all,2787.6
Zone1,0,1,20353166,all,2649.6
Zone1,0,1,20353167,all,2428.8
Zone1,0,1,20353168,all,2208.0
Zone1,0,1,20353169,all,2070.0
Zone1,0,1,20353170,all,1987.2
Zone1,0,1,20353171,all,1932.0
Zone1,0,1,20353172,all,1876.8
Zone1,0,1,20353173,all,1904.4
Zone1,0,1,20353174,all,1987.2
Zone1,0,1,20353175,all,2208.0
Zone1,0,1,20353176,all,2484.0
Zone1,0,1,20353177,all,2704.8
Zone1,0,1,20353178,all,2760.0
Zone1,0,1,20353179,all,2732.4
Zone1,0,1,20353180,all,2677.2
Zone1,0,1,20353181,all,2622.0
Zone1,0,1,20353182,all,2566.8
Zone1,0,1,20353183,all,2539.2
Zone1,0,1,20353184,all,2566.8
Zone1,0,1,20353185,all,2622.0
Zone1,0,1,20353186,all,2760.0
Zone1,0,1,20353187,all,2815.2
Zone1,0,1,20353188,all,2842.8
Zone1,0,1,20353189,all,2787.6
Zone1,0,1,20353190,all,2649.6
Zone1,0,1,20353191,all,2428.8
Zone1,0,1,20353192,all,2208.0
Zone1,0,1,20353193,all,2070.0
Zone1,0,1,20353194,all,1987.2
Zone1,0,1,20353195,all,1932.0
Zone1,0,1,20353196,all,1876.8
Zone1,0,1,20353197,all,1904.4
Zone1,0,1,20353198,all,1987.2
Zone1,0,1,20353199,all,2208.0
Zone1,0,1,20353200,all,2484.0
Zone1,0,1,20353201,all,2704.8
Zone1,0,1,20353202,all,2760.0
Zone1,0,1,20353203,all,2732.4
Zone1,0,1,20353204,all,2677.2
Zone1,0,1,20353205,all,2622.0
Zone1,0,1,20353206,all,2566.8
Zone1,0,1,20353207,all,2539.2
Zone1,0,1,20353208,all,2566.8
Zone1,0,1,20353209,all,2622.0
Zone1,0,1,20353210,all,2760.0
Zone1,0,1,20353211,all,2815.2
Zone1,0,1,20353212,all,2842.8
Zone1,0,1,20353213,all,2787.6
Zone1,0,1,20353214,all,2649.6
Zone1,0,1,20353215,all,2428.8
Zone1,0,1,20353216,all,2208.0
Zone1,0,1,20353217,all,2070.0
Zone1,0,1,20353218,all,1987.2
Zone1,0,1,20353219,all,1932.0
Zone1,0,1,20353220,all,1876.8
Zone1,0,1,20353221,all,1904.4
Zone1,0,1,20353222,all,1987.2
Zone1,0,1,20353223,all,2208.0
Zone1,0,1,20353224,all,2484.0
Zone1,0,1,20353225,all,2704.8
Zone1,0,1,20353226,all,2760.0
Zone1,0,1,20353227,all,2732.4
Zone1,0,1,20353228,all,2677.2
Zone1,0,1,20353229,all,2622.0
Zone1,0,1,20353230,all,2566.8
Zone1,0,1,20353231,all,2539.2
Zone1,0,1,20353232,all,2566.8
Zone1,0,1,20353233,all,2622.0
Zone1,0,1,20353234,all,2760.0
Zone1,0,1,20353235,all,2815.2
Zone1,0,1,20353236,all,2842.8
Zone1,0,1,20353237,all,2787.6
Zone1,0,1,20353238,all,2649.6
Zone1,0,1,20353239,all,2428.8
Zone1,0,1,20353240,all,2208.0
Zone1,0,1,20353241,all,2070.0
Zone1,0,1,20353242,all,1987.2
Zone1,0,1,20353243,all,1932.0
Zone1,0,1,20353244,all,1876.8
Zone1,0,1,20353245,all,1904.4
Zone1,0,1,20353246,all,1987.2
Zone1,0,1,20353247,all,2208.0
Zone1,0,1,20353248,all,2484.0
Zone1,0,1,20353249,all,2704.8
Zone1,0,1,20353250,all,2760.0
Zone1,0,1,20353251,all,2732.4
Zone1,0,1,20353252,all,2677.2
Zone1,0,1,20353253,all,2622.0
Zone1,0,1,20353254,all,2566.8
Zone1,0,1,20353255,all,2539.2
Zone1,0,1,20353256,all,2566.8
Zone1,0,1,20353257,all,2622.0
Zone1,0,1,20353258,all,2760.0
Zone1,0,1,20353259,all,2815.2
Zone1,0,1,20353260,all,2842.8
Zone1,0,1,20353261,all,2787.6
Zone1,0,1,20353262,all,2649.6
Zone1,0,1,20353263,all,2428.8
Zone1,0,1,20353264,all,2208.0
Zone1,0,1,20353265,all,2070.0
Zone1,0,1,20353266,all,1987.2
Zone1,0,1,20353267,all,1932.0
Zone1,0,1,20353268,all,1876.8
Zone1,0,1,20353269,all,1904.4
Zone1,0,1,20353270,all,1987.2
Zone1,0,1,20353271,all,2208.0
Zone1,0,1,20353272,all,2484.0
Zone1,0,1,20353273,all,2704.8
Zone1,0,1,20353274,all,2760.0
Zone1,0,1,20353275,all,2732.4
Zone1,0,1,20353276,all,2677.2
Zone1,0,1,20353277,all,2622.0
Zone1,0,1,20353278,all,2566.8
Zone1,0,1,20353279,all,2539.2
Zone1,0,1,20353280,all,2566.8
Zone1,0,1,20353281,all,2622.0
Zone1,0,1,20353282,all,2760.0
Zone1,0,1,20353283,all,2815.2
Zone1,0,1,20353284,all,2842.8
Zone1,0,1,20353285,all,2787.6
Zone1,0,1,20353286,all,2649.6
Zone1,0,1,20353287,all,2428.8
Zone1,0,1,20353288,all,2208.0
Zone1,0,1,20353289,all,2070.0
Zone1,0,1,20353290,all,1987.2
Zone1,0,1,20353291,all,1932.0
Zone1,0,1,20353292,all,1876.8
Zone1,0,1,20353293,all,1904.4
Zone1,0,1,20353294,all,1987.2
Zone1,0,1,20353295,all,2208.0
Zone1,0,1,20353296,all,2484.0
Zone1,0,1,20353297,all,2704.8
Zone1,0,1,20353298,all,2760.0
Zone1,0,1,20353299,all,2732.4
Zone1,0,1,20353300,all,2677.2
Zone1,0,1,20353301,all,2622.0
Zone1,0,1,20353302,all,2566.8
Zone1,0,1,20353303,all,2539.2
Zone1,0,1,20353304,all,2566.8
Zone1,0,1,20353305,all,2622.0
Zone1,0,1,20353306,all,2760.0
Zone1,0,1,20353307,all,2815.2
Zone1,0,1,20353308,all,2842.8
Zone1,0,1,20353309,all,2787.6
Zone1,0,1,20353310,all,2649.6
Zone1,0,1,20353311,all,2428.8
Zone1,0,1,20353312,all,2208.0
Zone1,0,1,20353313,all,2070.0
Zone1,0,1,20353314,all,1987.2
Zone1,0,1,20353315,all,1932.0
Zone1,0,1,20353316,all,1876.8
Zone1,0,1,20353317,all,1904.4
Zone1,0,1,20353318,all,1987.2
Zone1,0,1,20353319,all,2208.0
Zone1,0,1,20353320,all,2484.0
Zone1,0,1,20353321,all,2704.8
Zone1,0,1,20353322,all,2760.0
Zone1,0,1,20353323,all,2732.4
Zone1,0,1,20353324,all,2677.2
Zone1,0,1,20353325,all,2622.0
Zone1,0,1,20353326,all,2566.8
Zone1,0,1,20353327,all,2539.2
Zone1,0,1,20353328,all,2566.8
Zone1,0,1,20353329,all,2622.0
Zone1,0,1,20353330,all,2760.0
Zone1,0,1,20353331,all,2815.2
Zone1,0,1,20353332,all,2842.8
Zone1,0,1,20353333,all,2787.6
Zone1,0,1,20353334,all,2649.6
Zone1,0,1,20353335,all,2428.8
Zone1,0,1,20353336,all,2208.0
Zone1,0,1,20353337,all,2070.0
Zone1,0,1,20353338,all,1987.2
Zone1,0,1,20353339,all,1932.0
Zone1,0,1,20353340,all,1876.8
Zone1,0,1,20353341,all,1904.4
Zone1,0,1,20353342,all,1987.2
Zone1,0,1,20353343,all,2208.0
Zone1,0,1,20353344,all,2484.0
Zone1,0,1,20353345,all,2704.8
Zone1,0,1,20353346,all,2760.0
Zone1,0,1,20353347,all,2732.4
Zone1,0,1,20353348,all,2677.2
Zone1,0,1,20353349,all,2622.0
Zone1,0,1,20353350,all,2566.8
Zone1,0,1,20353351,all,2539.2
Zone1,0,1,20353352,all,2566.8
Zone1,0,1,20353353,all,2622.0
Zone1,0,1,20353354,all,2760.0
Zone1,0,1,20353355,all,2815.2
Zone1,0,1,20353356,all,2842.8
Zone1,0,1,20353357,all,2787.6
Zone1,0,1,20353358,all,2649.6
Zone1,0,1,20353359,all,2428.8
Zone1,0,1,20353360,all,2208.0
Zone1,0,1,20353361,all,2070.0
Zone1,0,1,20353362,all,1987.2
Zone1,0,1,20353363,all,1932.0
Zone1,0,1,20353364,all,1876.8
Zone1,0,1,20353365,all,1904.4
Zone1,0,1,20353366,all,1987.2
Zone1,0,1,20353367,all,2208.0
Zone1,0,1,20353368,all,2484.0
Zone1,0,1,20353369,all,2704.8
Zone1,0,1,20353370,all,2760.0
Zone1,0,1,20353371,all,2732.4
Zone1,0,1,20353372,all,2677.2
Zone1,0,1,20353373,all,2622.0
Zone1,0,1,20353374,all,2566.8
Zone1,0,1,20353375,all,2539.2
Zone1,0,1,20353376,all,2566.8
Zone1,0,1,20353377,all,2622.0
Zone1,0,1,20353378,all,2760.0
Zone1,0,1,20353379,all,2815.2
Zone1,0,1,20353380,all,2842.8
Zone1,0,1,20353381,all,2787.6
Zone1,0,1,20353382,all,2649.6
Zone1,0,1,20353383,all,2428.8
Zone1,0,1,20353384,all,2208.0
Zone1,0,1,20353385,all,2070.0
Zone1,0,1,20353386,all,1987.2
Zone1,0,1,20353387,all,1932.0
Zone1,0,1,20353388,all,1876.8
Zone1,0,1,20353389,all,1904.4
Zone1,0,1,20353390,all,1987.2
Zone1,0,1,20353391,all,2208.0
Zone1,0,1,20353392,all,2484.0
Zone1,0,1,20353393,all,2704.8
Zone1,0,1,20353394,all,2760.0
Zone1,0,1,20353395,all,2732.4
Zone1,0,1,20353396,all,2677.2
Zone1,0,1,20353397,all,2622.0
Zone1,0,1,20353398,all,2566.8
Zone1,0,1,20353399,all,2539.2
Zone1,0,1,20353400,all,2566.8
Zone1,0,1,20353401,all,2622.0
Zone1,0,1,20353402,all,2760.0
Zone1,0,1,20353403,all,2815.2
Zone1,0,1,20353404,all,2842.8
Zone1,0,1,20353405,all,2787.6
Zone1,0,1,20353406,all,2649.6
Zone1,0,1,20353407,all,2428.8
Zone1,0,1,20353408,all,2208.0
Zone1,0,1,20353409,all,2070.0
Zone1,0,1,20353410,all,1987.2
Zone1,0,1,20353411,all,1932.0
Zone1,0,1,20353412,all,1876.8
Zone1,0,1,20353413,all,1904.4
Zone1,0,1,20353414,all,1987.2
Zone1,0,1,20353415,all,2208.0
Zone1,0,1,20353416,all,2484.0
Zone1,0,1,20353417,all,2704.8
Zone1,0,1,20353418,all,2760.0
Zone1,0,1,20353419,all,2732.4
Zone1,0,1,20353420,all,2677.2
Zone1,0,1,20353421,all,2622.0
Zone1,0,1,20353422,all,2566.8
Zone1,0,1,20353423,all,2539.2
Zone1,0,1,20353424,all,2566.8
Zone1,0,1,20353425,all,2622.0
Zone1,0,1,20353426,all,2760.0
Zone1,0,1,20353427,all,2815.2
Zone1,0,1,20353428,all,2842.8
Zone1,0,1,20353429,all,2787.6
Zone1,0,1,20353430,all,2649.6
Zone1,0,1,20353431,all,2428.8
Zone1,0,1,20353432,all,2208.0
Zone1,0,1,20353433,all,2070.0
Zone1,0,1,20353434,all,1987.2
Zone1,0,1,20353435,all,1932.0
Zone1,0,1,20353436,all,1876.8
Zone1,0,1,20353437,all,1904.4
Zone1,0,1,20353438,all,1987.2
Zone1,0,1,20353439,all,2208.0
Zone1,0,1,20353440,all,2484.0
Zone1,0,1,20353441,all,2704.8
Zone1,0,1,20353442,all,2760.0
Zone1,0,1,20353443,all,2732.4
Zone1,0,1,20353444,all,2677.2
Zone1,0,1,20353445,all,2622.0
Zone1,0,1,20353446,all,2566.8
Zone1,0,1,20353447,all,2539.2
Zone1,0,1,20353448,all,2566.8
Zone1,0,1,20353449,all,2622.0
Zone1,0,1,20353450,all,2760.0
Zone1,0,1,20353451,all,2815.2
Zone1,0,1,20353452,all,2842.8
Zone1,0,1,20353453,all,2787.6
Zone1,0,1,20353454,all,2649.6
Zone1,0,1,20353455,all,2428.8
Zone1,0,1,20353456,all,2208.0
Zone1,0,1,20353457,all,2070.0
Zone1,0,1,20353458,all,1987.2
Zone1,0,1,20353459,all,1932.0
Zone1,0,1,20353460,all,1876.8
Zone1,0,1,20353461,all,1904.4
Zone1,0,1,20353462,all,1987.2
Zone1,0,1,20353463,all,2208.0
Zone1,0,1,20353464,all,2484.0
Zone1,0,1,20353465,all,2704.8
Zone1,0,1,20353466,all,2760.0
Zone1,0,1,20353467,all,2732.4
Zone1,0,1,20353468,all,2677.2
Zone1,0,1,20353469,all,2622.0
Zone1,0,1,20353470,all,2566.8
Zone1,0,1,20353471,all,2539.2
Zone1,0,1,20353472,all,2566.8
Zone1,0,1,20353473,all,2622.0
Zone1,0,1,20353474,all,2760.0
Zone1,0,1,20353475,all,2815.2
Zone1,0,1,20353476,all,2842.8
Zone1,0,1,20353477,all,2787.6
Zone1,0,1,20353478,all,2649.6
Zone1,0,1,20353479,all,2428.8
Zone1,0,1,20353480,all,2208.0
Zone1,0,1,20353481,all,2070.0
Zone1,0,1,20353482,all,1987.2
Zone1,0,1,20353483,all,1932.0
Zone1,0,1,20353484,all,1876.8
Zone1,0,1,20353485,all,1904.4
Zone1,0,1,20353486,all,1987.2
Zone1,0,1,20353487,all,2208.0
Zone1,0,1,20353488,all,2484.0
Zone1,0,1,20353489,all,2704.8
Zone1,0,1,20353490,all,2760.0
Zone1,0,1,20353491,all,2732.4
Zone1,0,1,20353492,all,2677.2
Zone1,0,1,20353493,all,2622.0
Zone1,0,1,20353494,all,2566.8
Zone1,0,1,20353495,all,2539.2
Zone1,0,1,20353496,all,2566.8
Zone1,0,1,20353497,all,2622.0
Zone1,0,1,20353498,all,2760.0
Zone1,0,1,20353499,all,2815.2
Zone1,0,1,20353500,all,2842.8
Zone1,0,1,20353501,all,2787.6
Zone1,0,1,20353502,all,2649.6
Zone1,0,1,20353503,all,2428.8
Zone1,0,1,20353504,all,2208.0
Zone1,0,1,20353505,all,2070.0
Zone1,0,1,20353506,all,1987.2
Zone1,0,1,20353507,all,1932.0
Zone1,0,1,20353508,all,1876.8
Zone1,0,1,20353509,all,1904.4
Zone1,0,1,20353510,all,1987.2
Zone1,0,1,20353511,all,2208.0
Zone1,0,1,20353512,all,2484.0
Zone1,0,1,20353513,all,2704.8
Zone1,0,1,20353514,all,2760.0
Zone1,0,1,20353515,all,2732.4
Zone1,0,1,20353516,all,2677.2
Zone1,0,1,20353517,all,2622.0
Zone1,0,1,20353518,all,2566.8
Zone1,0,1,20353519,all,2539.2
Zone1,0,1,20353520,all,2566.8
Zone1,0,1,20353521,all,2622.0
Zone1,0,1,20353522,all,2760.0
Zone1,0,1,20353523,all,2815.2
Zone1,0,1,20353524,all,2842.8
Zone1,0,1,20353525,all,2787.6
Zone1,0,1,20353526,all,2649.6
Zone1,0,1,20353527,all,2428.8
Zone1,0,1,20353528,all,2208.0
Zone1,0,1,20353529,all,2070.0
Zone1,0,1,20353530,all,1987.2
Zone1,0,1,20353531,all,1932.0
Zone1,0,1,20353532,all,1876.8
Zone1,0,1,20353533,all,1904.4
Zone1,0,1,20353534,all,1987.2
Zone1,0,1,20353535,all,2208.0
Zone1,0,1,20353536,all,2484.0
Zone1,0,1,20353537,all,2704.8
Zone1,0,1,20353538,all,2760.0
Zone1,0,1,20353539,all,2732.4
Zone1,0,1,20353540,all,2677.2
Zone1,0,1,20353541,all,2622.0
Zone1,0,1,20353542,all,2566.8
Zone1,0,1,20353543,all,2539.2
Zone1,0,1,20353544,all,2566.8
Zone1,0,1,20353545,all,2622.0
Zone1,0,1,20353546,all,2760.0
Zone1,0,1,20353547,all,2815.2
Zone1,0,1,20353548,all,2842.8
Zone1,0,1,20353549,all,2787.6
Zone1,0,1,20353550,all,2649.6
Zone1,0,1,20353551,all,2428.8
Zone1,0,1,20353552,all,2208.0
Zone1,0,1,20353553,all,2070.0
Zone1,0,1,20353554,all,1987.2
Zone1,0,1,20353555,all,1932.0
Zone1,0,1,20353556,all,1876.8
Zone1,0,1,20353557,all,1904.4
Zone1,0,1,20353558,all,1987.2
Zone1,0,1,20353559,all,2208.0
Zone1,0,1,20353560,all,2484.0
Zone1,0,1,20353561,all,2704.8
Zone1,0,1,20353562,all,2760.0
Zone1,0,1,20353563,all,2732.4
Zone1,0,1,20353564,all,2677.2
Zone1,0,1,20353565,all,2622.0
Zone1,0,1,20353566,all,2566.8
Zone1,0,1,20353567,all,2539.2
Zone1,0,1,20353568,all,2566.8
Zone1,0,1,20353569,all,2622.0
Zone1,0,1,20353570,all,2760.0
Zone1,0,1,20353571,all,2815.2
Zone1,0,1,20353572,all,2842.8
Zone1,0,1,20353573,all,2787.6
Zone1,0,1,20353574,all,2649.6
Zone1,0,1,20353575,all,2428.8
Zone1,0,1,20353576,all,2208.0
Zone1,0,1,20353577,all,2070.0
Zone1,0,1,20353578,all,1987.2
Zone1,0,1,20353579,all,1932.0
Zone1,0,1,20353580,all,1876.8
Zone1,0,1,20353581,all,1904.4
Zone1,0,1,20353582,all,1987.2
Zone1,0,1,20353583,all,2208.0
Zone1,0,1,20353584,all,2484.0
Zone1,0,1,20353585,all,2704.8
Zone1,0,1,20353586,all,2760.0
Zone1,0,1,20353587,all,2732.4
Zone1,0,1,20353588,all,2677.2
Zone1,0,1,20353589,all,2622.0
Zone1,0,1,20353590,all,2566.8
Zone1,0,1,20353591,all,2539.2
Zone1,0,1,20353592,all,2566.8
Zone1,0,1,20353593,all,2622.0
Zone1,0,1,20353594,all,2760.0
Zone1,0,1,20353595,all,2815.2
Zone1,0,1,20353596,all,2842.8
Zone1,0,1,20353597,all,2787.6
Zone1,0,1,20353598,all,2649.6
Zone1,0,1,20353599,all,2428.8
Zone1,0,1,20353600,all,2208.0
Zone1,0,1,20353601,all,2070.0
Zone1,0,1,20353602,all,1987.2
Zone1,0,1,20353603,all,1932.0
Zone1,0,1,20353604,all,1876.8
Zone1,0,1,20353605,all,1904.4
Zone1,0,1,20353606,all,1987.2
Zone1,0,1,20353607,all,2208.0
Zone1,0,1,20353608,all,2484.0
Zone1,0,1,20353609,all,2704.8
Zone1,0,1,20353610,all,2760.0
Zone1,0,1,20353611,all,2732.4
Zone1,0,1,20353612,all,2677.2
Zone1,0,1,20353613,all,2622.0
Zone1,0,1,20353614,all,2566.8
Zone1,0,1,20353615,all,2539.2
Zone1,0,1,20353616,all,2566.8
Zone1,0,1,20353617,all,2622.0
Zone1,0,1,20353618,all,2760.0
Zone1,0,1,20353619,all,2815.2
Zone1,0,1,20353620,all,2842.8
Zone1,0,1,20353621,all,2787.6
Zone1,0,1,20353622,all,2649.6
Zone1,0,1,20353623,all,2428.8
Zone1,0,1,20353624,all,2208.0
Zone1,0,1,20353625,all,2430.0
Zone1,0,1,20353626,all,2332.8
Zone1,0,1,20353627,all,2268.0
Zone1,0,1,20353628,all,2203.2
Zone1,0,1,20353629,all,2235.6
Zone1,0,1,20353630,all,2332.8
Zone1,0,1,20353631,all,2592.0
Zone1,0,1,20353632,all,2916.0
Zone1,0,1,20353633,all,3175.2
Zone1,0,1,20353634,all,3240.0
Zone1,0,1,20353635,all,3207.6
Zone1,0,1,20353636,all,3142.8
Zone1,0,1,20353637,all,3078.0
Zone1,0,1,20353638,all,3013.2
Zone1,0,1,20353639,all,2980.8
Zone1,0,1,20353640,all,3013.2
Zone1,0,1,20353641,all,3078.0
Zone1,0,1,20353642,all,3240.0
Zone1,0,1,20353643,all,3304.8
Zone1,0,1,20353644,all,3337.2
Zone1,0,1,20353645,all,3272.4
Zone1,0,1,20353646,all,3110.4
Zone1,0,1,20353647,all,2851.2
Zone1,0,1,20353648,all,2592.0
Zone1,0,1,20353649,all,2430.0
Zone1,0,1,20353650,all,2332.8
Zone1,0,1,20353651,all,2268.0
Zone1,0,1,20353652,all,2203.2
Zone1,0,1,20353653,all,2235.6
Zone1,0,1,20353654,all,2332.8
Zone1,0,1,20353655,all,2592.0
Zone1,0,1,20353656,all,2916.0
Zone1,0,1,20353657,all,3175.2
Zone1,0,1,20353658,all,3240.0
Zone1,0,1,20353659,all,3207.6
Zone1,0,1,20353660,all,3142.8
Zone1,0,1,20353661,all,3078.0
Zone1,0,1,20353662,all,3013.2
Zone1,0,1,20353663,all,2980.8
Zone1,0,1,20353664,all,3013.2
Zone1,0,1,20353665,all,3078.0
Zone1,0,1,20353666,all,3240.0
Zone1,0,1,20353667,all,3304.8
Zone1,0,1,20353668,all,3337.2
Zone1,0,1,20353669,all,3272.4
Zone1,0,1,20353670,all,3110.4
Zone1,0,1,20353671,all,2851.2
Zone1,0,1,20353672,all,2592.0
Zone1,0,1,20353673,all,2430.0
Zone1,0,1,20353674,all,2332.8
Zone1,0,1,20353675,all,2268.0
Zone1,0,1,20353676,all,2203.2
Zone1,0,1,20353677,all,2235.6
Zone1,0,1,20353678,all,2332.8
Zone1,0,1,20353679,all,2592.0
Zone1,0,1,20353680,all,2916.0
Zone1,0,1,20353681,all,3175.2
Zone1,0,1,20353682,all,3240.0
Zone1,0,1,20353683,all,3207.6
Zone1,0,1,20353684,all,3142.8
Zone1,0,1,20353685,all,3078.0
Zone1,0,1,20353686,all,3013.2
Zone1,0,1,20353687,all,2980.8
Zone1,0,1,20353688,all,3013.2
Zone1,0,1,20353689,all,3078.0
Zone1,0,1,20353690,all,3240.0
Zone1,0,1,20353691,all,3304.8
Zone1,0,1,20353692,all,3337.2
Zone1,0,1,20353693,all,3272.4
Zone1,0,1,20353694,all,3110.4
Zone1,0,1,20353695,all,2851.2
Zone1,0,1,20353696,all,2592.0
Zone1,0,1,20353697,all,2430.0
Zone1,0,1,20353698,all,2332.8
Zone1,0,1,20353699,all,2268.0
Zone1,0,1,20353700,all,2203.2
Zone1,0,1,20353701,all,2235.6
Zone1,0,1,20353702,all,2332.8
Zone1,0,1,20353703,all,2592.0
Zone1,0,1,20353704,all,2916.0
Zone1,0,1,20353705,all,3175.2
Zone1,0,1,20353706,all,3240.0
Zone1,0,1,20353707,all,3207.6
Zone1,0,1,20353708,all,3142.8
Zone1,0,1,20353709,all,3078.0
Zone1,0,1,20353710,all,3013.2
Zone1,0,1,20353711,all,2980.8
Zone1,0,1,20353712,all,3013.2
Zone1,0,1,20353713,all,3078.0
Zone1,0,1,20353714,all,3240.0
Zone1,0,1,20353715,all,3304.8
Zone1,0,1,20353716,all,3337.2
Zone1,0,1,20353717,all,3272.4
Zone1,0,1,20353718,all,3110.4
Zone1,0,1,20353719,all,2851.2
Zone1,0,1,20353720,all,2592.0
Zone1,0,1,20353721,all,2430.0
Zone1,0,1,20353722,all,2332.8
Zone1,0,1,20353723,all,2268.0
Zone1,0,1,20353724,all,2203.2
Zone1,0,1,20353725,all,2235.6
Zone1,0,1,20353726,all,2332.8
Zone1,0,1,20353727,all,2592.0
Zone1,0,1,20353728,all,2916.0
Zone1,0,1,20353729,all,3175.2
Zone1,0,1,20353730,all,3240.0
Zone1,0,1,20353731,all,3207.6
Zone1,0,1,20353732,all,3142.8
Zone1,0,1,20353733,all,3078.0
Zone1,0,1,20353734,all,3013.2
Zone1,0,1,20353735,all,2980.8
Zone1,0,1,20353736,all,3013.2
Zone1,0,1,20353737,all,3078.0
Zone1,0,1,20353738,all,3240.0
Zone1,0,1,20353739,all,3304.8
Zone1,0,1,20353740,all,3337.2
Zone1,0,1,20353741,all,3272.4
Zone1,0,1,20353742,all,3110.4
Zone1,0,1,20353743,all,2851.2
Zone1,0,1,20353744,all,2592.0
Zone1,0,1,20353745,all,2430.0
Zone1,0,1,20353746,all,2332.8
Zone1,0,1,20353747,all,2268.0
Zone1,0,1,20353748,all,2203.2
Zone1,0,1,20353749,all,2235.6
Zone1,0,1,20353750,all,2332.8
Zone1,0,1,20353751,all,2592.0
Zone1,0,1,20353752,all,2916.0
Zone1,0,1,20353753,all,3175.2
Zone1,0,1,20353754,all,3240.0
Zone1,0,1,20353755,all,3207.6
Zone1,0,1,20353756,all,3142.8
Zone1,0,1,20353757,all,3078.0
Zone1,0,1,20353758,all,3013.2
Zone1,0,1,20353759,all,2980.8
Zone1,0,1,20353760,all,3013.2
Zone1,0,1,20353761,all,3078.0
Zone1,0,1,20353762,all,3240.0
Zone1,0,1,20353763,all,3304.8
Zone1,0,1,20353764,all,3337.2
Zone1,0,1,20353765,all,3272.4
Zone1,0,1,20353766,all,3110.4
Zone1,0,1,20353767,all,2851.2
Zone1,0,1,20353768,all,2592.0
Zone1,0,1,20353769,all,2430.0
Zone1,0,1,20353770,all,2332.8
Zone1,0,1,20353771,all,2268.0
Zone1,0,1,20353772,all,2203.2
Zone1,0,1,20353773,all,2235.6
Zone1,0,1,20353774,all,2332.8
Zone1,0,1,20353775,all,2592.0
Zone1,0,1,20353776,all,2916.0
Zone1,0,1,20353777,all,3175.2
Zone1,0,1,20353778,all,3240.0
Zone1,0,1,20353779,all,3207.6
Zone1,0,1,20353780,all,3142.8
Zone1,0,1,20353781,all,3078.0
Zone1,0,1,20353782,all,3013.2
Zone1,0,1,20353783,all,2980.8
Zone1,0,1,20353784,all,3013.2
Zone1,0,1,20353785,all,3078.0
Zone1,0,1,20353786,all,3240.0
Zone1,0,1,20353787,all,3304.8
Zone1,0,1,20353788,all,3337.2
Zone1,0,1,20353789,all,3272.4
Zone1,0,1,20353790,all,3110.4
Zone1,0,1,20353791,all,2851.2
Zone1,0,1,20353792,all,2592.0
Zone1,0,1,20353793,all,2430.0
Zone1,0,1,20353794,all,2332.8
Zone1,0,1,20353795,all,2268.0
Zone1,0,1,20353796,all,2203.2
Zone1,0,1,20353797,all,2235.6
Zone1,0,1,20353798,all,2332.8
Zone1,0,1,20353799,all,2592.0
Zone1,0,1,20353800,all,2916.0
Zone1,0,1,20353801,all,3175.2
Zone1,0,1,20353802,all,3240.0
Zone1,0,1,20353803,all,3207.6
Zone1,0,1,20353804,all,3142.8
Zone1,0,1,20353805,all,3078.0
Zone1,0,1,20353806,all,3013.2
Zone1,0,1,20353807,all,2980.8
Zone1,0,1,20353808,all,3013.2
Zone1,0,1,20353809,all,3078.0
Zone1,0,1,20353810,all,3240.0
Zone1,0,1,20353811,all,3304.8
Zone1,0,1,20353812,all,3337.2
Zone1,0,1,20353813,all,3272.4
Zone1,0,1,20353814,all,3110.4
Zone1,0,1,20353815,all,2851.2
Zone1,0,1,20353816,all,2592.0
Zone1,0,1,20353817,all,2430.0
Zone1,0,1,20353818,all,2332.8
Zone1,0,1,20353819,all,2268.0
Zone1,0,1,20353820,all,2203.2
Zone1,0,1,20353821,all,2235.6
Zone1,0,1,20353822,all,2332.8
Zone1,0,1,20353823,all,2592.0
Zone1,0,1,20353824,all,2916.0
Zone1,0,1,20353825,all,3175.2
Zone1,0,1,20353826,all,3240.0
Zone1,0,1,20353827,all,3207.6
Zone1,0,1,20353828,all,3142.8
Zone1,0,1,20353829,all,3078.0
Zone1,0,1,20353830,all,3013.2
Zone1,0,1,20353831,all,2980.8
Zone1,0,1,20353832,all,3013.2
Zone1,0,1,20353833,all,3078.0
Zone1,0,1,20353834,all,3240.0
Zone1,0,1,20353835,all,3304.8
Zone1,0,1,20353836,all,3337.2
Zone1,0,1,20353837,all,3272.4
Zone1,0,1,20353838,all,3110.4
Zone1,0,1,20353839,all,2851.2
Zone1,0,1,20353840,all,2592.0
Zone1,0,1,20353841,all,2430.0
Zone1,0,1,20353842,all,2332.8
Zone1,0,1,20353843,all,2268.0
Zone1,0,1,20353844,all,2203.2
Zone1,0,1,20353845,all,2235.6
Zone1,0,1,20353846,all,2332.8
Zone1,0,1,20353847,all,2592.0
Zone1,0,1,20353848,all,2916.0
Zone1,0,1,20353849,all,3175.2
Zone1,0,1,20353850,all,3240.0
Zone1,0,1,20353851,all,3207.6
Zone1,0,1,20353852,all,3142.8
Zone1,0,1,20353853,all,3078.0
Zone1,0,1,20353854,all,3013.2
Zone1,0,1,20353855,all,2980.8
Zone1,0,1,20353856,all,3013.2
Zone1,0,1,20353857,all,3078.0
Zone1,0,1,20353858,all,3240.0
Zone1,0,1,20353859,all,3304.8
Zone1,0,1,20353860,all,3337.2
Zone1,0,1,20353861,all,3272.4
Zone1,0,1,20353862,all,3110.4
Zone1,0,1,20353863,all,2851.2
Zone1,0,1,20353864,all,2592.0
Zone1,0,1,20353865,all,2430.0
Zone1,0,1,20353866,all,2332.8
Zone1,0,1,20353867,all,2268.0
Zone1,0,1,20353868,all,2203.2
Zone1,0,1,20353869,all,2235.6
Zone1,0,1,20353870,all,2332.8
Zone1,0,1,20353871,all,2592.0
Zone1,0,1,20353872,all,2916.0
Zone1,0,1,20353873,all,3175.2
Zone1,0,1,20353874,all,3240.0
Zone1,0,1,20353875,all,3207.6
Zone1,0,1,20353876,all,3142.8
Zone1,0,1,20353877,all,3078.0
Zone1,0,1,20353878,all,3013.2
Zone1,0,1,20353879,all,2980.8
Zone1,0,1,20353880,all,3013.2
Zone1,0,1,20353881,all,3078.0
Zone1,0,1,20353882,all,3240.0
Zone1,0,1,20353883,all,3304.8
Zone1,0,1,20353884,all,3337.2
Zone1,0,1,20353885,all,3272.4
Zone1,0,1,20353886,all,3110.4
Zone1,0,1,20353887,all,2851.2
Zone1,0,1,20353888,all,2592.0
Zone1,0,1,20353889,all,2430.0
Zone1,0,1,20353890,all,2332.8
Zone1,0,1,20353891,all,2268.0
Zone1,0,1,20353892,all,2203.2
Zone1,0,1,20353893,all,2235.6
Zone1,0,1,20353894,all,2332.8
Zone1,0,1,20353895,all,2592.0
Zone1,0,1,20353896,all,2916.0
Zone1,0,1,20353897,all,3175.2
Zone1,0,1,20353898,all,3240.0
Zone1,0,1,20353899,all,3207.6
Zone1,0,1,20353900,all,3142.8
Zone1,0,1,20353901,all,3078.0
Zone1,0,1,20353902,all,3013.2
Zone1,0,1,20353903,all,2980.8
Zone1,0,1,20353904,all,3013.2
Zone1,0,1,20353905,all,3078.0
Zone1,0,1,20353906,all,3240.0
Zone1,0,1,20353907,all,3304.8
Zone1,0,1,20353908,all,3337.2
Zone1,0,1,20353909,all,3272.4
Zone1,0,1,20353910,all,3110.4
Zone1,0,1,20353911,all,2851.2
Zone1,0,1,20353912,all,2592.0
Zone1,0,1,20353913,all,2430.0
Zone1,0,1,20353914,all,2332.8
Zone1,0,1,20353915,all,2268.0
Zone1,0,1,20353916,all,2203.2
Zone1,0,1,20353917,all,2235.6
Zone1,0,1,20353918,all,2332.8
Zone1,0,1,20353919,all,2592.0
Zone1,0,1,20353920,all,2916.0
Zone1,0,1,20353921,all,3175.2
Zone1,0,1,20353922,all,3240.0
Zone1,0,1,20353923,all,3207.6
Zone1,0,1,20353924,all,3142.8
Zone1,0,1,20353925,all,3078.0
Zone1,0,1,20353926,all,3013.2
Zone1,0,1,20353927,all,2980.8
Zone1,0,1,20353928,all,3013.2
Zone1,0,1,20353929,all,3078.0
Zone1,0,1,20353930,all,3240.0
Zone1,0,1,20353931,all,3304.8
Zone1,0,1,20353932,all,3337.2
Zone1,0,1,20353933,all,3272.4
Zone1,0,1,20353934,all,3110.4
Zone1,0,1,20353935,all,2851.2
Zone1,0,1,20353936,all,2592.0
Zone1,0,1,20353937,all,2430.0
Zone1,0,1,20353938,all,2332.8
Zone1,0,1,20353939,all,2268.0
Zone1,0,1,20353940,all,2203.2
Zone1,0,1,20353941,all,2235.6
Zone1,0,1,20353942,all,2332.8
Zone1,0,1,20353943,all,2592.0
Zone1,0,1,20353944,all,2916.0
Zone1,0,1,20353945,all,3175.2
Zone1,0,1,20353946,all,3240.0
Zone1,0,1,20353947,all,3207.6
Zone1,0,1,20353948,all,3142.8
Zone1,0,1,20353949,all,3078.0
Zone1,0,1,20353950,all,3013.2
Zone1,0,1,20353951,all,2980.8
Zone1,0,1,20353952,all,3013.2
Zone1,0,1,20353953,all,3078.0
Zone1,0,1,20353954,all,3240.0
Zone1,0,1,20353955,all,3304.8
Zone1,0,1,20353956,all,3337.2
Zone1,0,1,20353957,all,3272.4
Zone1,0,1,20353958,all,3110.4
Zone1,0,1,20353959,all,2851.2
Zone1,0,1,20353960,all,2592.0
Zone1,0,1,20353961,all,2430.0
Zone1,0,1,20353962,all,2332.8
Zone1,0,1,20353963,all,2268.0
Zone1,0,1,20353964,all,2203.2
Zone1,0,1,20353965,all,2235.6
Zone1,0,1,20353966,all,2332.8
Zone1,0,1,20353967,all,2592.0
Zone1,0,1,20353968,all,2916.0
Zone1,0,1,20353969,all,3175.2
Zone1,0,1,20353970,all,3240.0
Zone1,0,1,20353971,all,3207.6
Zone1,0,1,20353972,all,3142.8
Zone1,0,1,20353973,all,3078.0
Zone1,0,1,20353974,all,3013.2
Zone1,0,1,20353975,all,2980.8
Zone1,0,1,20353976,all,3013.2
Zone1,0,1,20353977,all,3078.0
Zone1,0,1,20353978,all,3240.0
Zone1,0,1,20353979,all,3304.8
Zone1,0,1,20353980,all,3337.2
Zone1,0,1,20353981,all,3272.4
Zone1,0,1,20353982,all,3110.4
Zone1,0,1,20353983,all,2851.2
Zone1,0,1,20353984,all,2592.0
Zone1,0,1,20353985,all,2430.0
Zone1,0,1,20353986,all,2332.8
Zone1,0,1,20353987,all,2268.0
Zone1,0,1,20353988,all,2203.2
Zone1,0,1,20353989,all,2235.6
Zone1,0,1,20353990,all,2332.8
Zone1,0,1,20353991,all,2592.0
Zone1,0,1,20353992,all,2916.0
Zone1,0,1,20353993,all,3175.2
Zone1,0,1,20353994,all,3240.0
Zone1,0,1,20353995,all,3207.6
Zone1,0,1,20353996,all,3142.8
Zone1,0,1,20353997,all,3078.0
Zone1,0,1,20353998,all,3013.2
Zone1,0,1,20353999,all,2980.8
Zone1,0,1,20354000,all,3013.2
Zone1,0,1,20354001,all,3078.0
Zone1,0,1,20354002,all,3240.0
Zone1,0,1,20354003,all,3304.8
Zone1,0,1,20354004,all,3337.2
Zone1,0,1,20354005,all,3272.4
Zone1,0,1,20354006,all,3110.4
Zone1,0,1,20354007,all,2851.2
Zone1,0,1,20354008,all,2592.0
Zone1,0,1,20354009,all,2430.0
Zone1,0,1,20354010,all,2332.8
Zone1,0,1,20354011,all,2268.0
Zone1,0,1,20354012,all,2203.2
Zone1,0,1,20354013,all,2235.6
Zone1,0,1,20354014,all,2332.8
Zone1,0,1,20354015,all,2592.0
Zone1,0,1,20354016,all,2916.0
Zone1,0,1,20354017,all,3175.2
Zone1,0,1,20354018,all,3240.0
Zone1,0,1,20354019,all,3207.6
Zone1,0,1,20354020,all,3142.8
Zone1,0,1,20354021,all,3078.0
Zone1,0,1,20354022,all,3013.2
Zone1,0,1,20354023,all,2980.8
Zone1,0,1,20354024,all,3013.2
Zone1,0,1,20354025,all,3078.0
Zone1,0,1,20354026,all,3240.0
Zone1,0,1,20354027,all,3304.8
Zone1,0,1,20354028,all,3337.2
Zone1,0,1,20354029,all,3272.4
Zone1,0,1,20354030,all,3110.4
Zone1,0,1,20354031,all,2851.2
Zone1,0,1,20354032,all,2592.0
Zone1,0,1,20354033,all,2430.0
Zone1,0,1,20354034,all,2332.8
Zone1,0,1,20354035,all,2268.0
Zone1,0,1,20354036,all,2203.2
Zone1,0,1,20354037,all,2235.6
Zone1,0,1,20354038,all,2332.8
Zone1,0,1,20354039,all,2592.0
Zone1,0,1,20354040,all,2916.0
Zone1,0,1,20354041,all,3175.2
Zone1,0,1,20354042,all,3240.0
Zone1,0,1,20354043,all,3207.6
Zone1,0,1,20354044,all,3142.8
Zone1,0,1,20354045,all,3078.0
Zone1,0,1,20354046,all,3013.2
Zone1,0,1,20354047,all,2980.8
Zone1,0,1,20354048,all,3013.2
Zone1,0,1,20354049,all,3078.0
Zone1,0,1,20354050,all,3240.0
Zone1,0,1,20354051,all,3304.8
Zone1,0,1,20354052,all,3337.2
Zone1,0,1,20354053,all,3272.4
Zone1,0,1,20354054,all,3110.4
Zone1,0,1,20354055,all,2851.2
Zone1,0,1,20354056,all,2592.0
Zone1,0,1,20354057,all,2430.0
Zone1,0,1,20354058,all,2332.8
Zone1,0,1,20354059,all,2268.0
Zone1,0,1,20354060,all,2203.2
Zone1,0,1,20354061,all,2235.6
Zone1,0,1,20354062,all,2332.8
Zone1,0,1,20354063,all,2592.0
Zone1,0,1,20354064,all,2916.0
Zone1,0,1,20354065,all,3175.2
Zone1,0,1,20354066,all,3240.0
Zone1,0,1,20354067,all,3207.6
Zone1,0,1,20354068,all,3142.8
Zone1,0,1,20354069,all,3078.0
Zone1,0,1,20354070,all,3013.2
Zone1,0,1,20354071,all,2980.8
Zone1,0,1,20354072,all,3013.2
Zone1,0,1,20354073,all,3078.0
Zone1,0,1,20354074,all,3240.0
Zone1,0,1,20354075,all,3304.8
Zone1,0,1,20354076,all,3337.2
Zone1,0,1,20354077,all,3272.4
Zone1,0,1,20354078,all,3110.4
Zone1,0,1,20354079,all,2851.2
Zone1,0,1,20354080,all,2592.0
Zone1,0,1,20354081,all,2430.0
Zone1,0,1,20354082,all,2332.8
Zone1,0,1,20354083,all,2268.0
Zone1,0,1,20354084,all,2203.2
Zone1,0,1,20354085,all,2235.6
Zone1,0,1,20354086,all,2332.8
Zone1,0,1,20354087,all,2592.0
Zone1,0,1,20354088,all,2916.0
Zone1,0,1,20354089,all,3175.2
Zone1,0,1,20354090,all,3240.0
Zone1,0,1,20354091,all,3207.6
Zone1,0,1,20354092,all,3142.8
Zone1,0,1,20354093,all,3078.0
Zone1,0,1,20354094,all,3013.2
Zone1,0,1,20354095,all,2980.8
Zone1,0,1,20354096,all,3013.2
Zone1,0,1,20354097,all,3078.0
Zone1,0,1,20354098,all,3240.0
Zone1,0,1,20354099,all,3304.8
Zone1,0,1,20354100,all,3337.2
Zone1,0,1,20354101,all,3272.4
Zone1,0,1,20354102,all,3110.4
Zone1,0,1,20354103,all,2851.2
Zone1,0,1,20354104,all,2592.0
Zone1,0,1,20354105,all,2430.0
Zone1,0,1,20354106,all,2332.8
Zone1,0,1,20354107,all,2268.0
Zone1,0,1,20354108,all,2203.2
Zone1,0,1,20354109,all,2235.6
Zone1,0,1,20354110,all,2332.8
Zone1,0,1,20354111,all,2592.0
Zone1,0,1,20354112,all,2916.0
Zone1,0,1,20354113,all,3175.2
Zone1,0,1,20354114,all,3240.0
Zone1,0,1,20354115,all,3207.6
Zone1,0,1,20354116,all,3142.8
Zone1,0,1,20354117,all,3078.0
Zone1,0,1,20354118,all,3013.2
Zone1,0,1,20354119,all,2980.8
Zone1,0,1,20354120,all,3013.2
Zone1,0,1,20354121,all,3078.0
Zone1,0,1,20354122,all,3240.0
Zone1,0,1,20354123,all,3304.8
Zone1,0,1,20354124,all,3337.2
Zone1,0,1,20354125,all,3272.4
Zone1,0,1,20354126,all,3110.4
Zone1,0,1,20354127,all,2851.2
Zone1,0,1,20354128,all,2592.0
Zone1,0,1,20354129,all,2430.0
Zone1,0,1,20354130,all,2332.8
Zone1,0,1,20354131,all,2268.0
Zone1,0,1,20354132,all,2203.2
Zone1,0,1,20354133,all,2235.6
Zone1,0,1,20354134,all,2332.8
Zone1,0,1,20354135,all,2592.0
Zone1,0,1,20354136,all,2916.0
Zone1,0,1,20354137,all,3175.2
Zone1,0,1,20354138,all,3240.0
Zone1,0,1,20354139,all,3207.6
Zone1,0,1,20354140,all,3142.8
Zone1,0,1,20354141,all,3078.0
Zone1,0,1,20354142,all,3013.2
Zone1,0,1,20354143,all,2980.8
Zone1,0,1,20354144,all,3013.2
Zone1,0,1,20354145,all,3078.0
Zone1,0,1,20354146,all,3240.0
Zone1,0,1,20354147,all,3304.8
Zone1,0,1,20354148,all,3337.2
Zone1,0,1,20354149,all,3272.4
Zone1,0,1,20354150,all,3110.4
Zone1,0,1,20354151,all,2851.2
Zone1,0,1,20354152,all,2592.0
Zone1,0,1,20354153,all,2430.0
Zone1,0,1,20354154,all,2332.8
Zone1,0,1,20354155,all,2268.0
Zone1,0,1,20354156,all,2203.2
Zone1,0,1,20354157,all,2235.6
Zone1,0,1,20354158,all,2332.8
Zone1,0,1,20354159,all,2592.0
Zone1,0,1,20354160,all,2916.0
Zone1,0,1,20354161,all,3175.2
Zone1,0,1,20354162,all,3240.0
Zone1,0,1,20354163,all,3207.6
Zone1,0,1,20354164,all,3142.8
Zone1,0,1,20354165,all,3078.0
Zone1,0,1,20354166,all,3013.2
Zone1,0,1,20354167,all,2980.8
Zone1,0,1,20354168,all,3013.2
Zone1,0,1,20354169,all,3078.0
Zone1,0,1,20354170,all,3240.0
Zone1,0,1,20354171,all,3304.8
Zone1,0,1,20354172,all,3337.2
Zone1,0,1,20354173,all,3272.4
Zone1,0,1,20354174,all,3110.4
Zone1,0,1,20354175,all,2851.2
Zone1,0,1,20354176,all,2592.0
Zone1,0,1,20354177,all,2430.0
Zone1,0,1,20354178,all,2332.8
Zone1,0,1,20354179,all,2268.0
Zone1,0,1,20354180,all,2203.2
Zone1,0,1,20354181,all,2235.6
Zone1,0,1,20354182,all,2332.8
Zone1,0,1,20354183,all,2592.0
Zone1,0,1,20354184,all,2916.0
Zone1,0,1,20354185,all,3175.2
Zone1,0,1,20354186,all,3240.0
Zone1,0,1,20354187,all,3207.6
Zone1,0,1,20354188,all,3142.8
Zone1,0,1,20354189,all,3078.0
Zone1,0,1,20354190,all,3013.2
Zone1,0,1,20354191,all,2980.8
Zone1,0,1,20354192,all,3013.2
Zone1,0,1,20354193,all,3078.0
Zone1,0,1,20354194,all,3240.0
Zone1,0,1,20354195,all,3304.8
Zone1,0,1,20354196,all,3337.2
Zone1,0,1,20354197,all,3272.4
Zone1,0,1,20354198,all,3110.4
Zone1,0,1,20354199,all,2851.2
Zone1,0,1,20354200,all,2592.0
Zone1,0,1,20354201,all,2430.0
Zone1,0,1,20354202,all,2332.8
Zone1,0,1,20354203,all,2268.0
Zone1,0,1,20354204,all,2203.2
Zone1,0,1,20354205,all,2235.6
Zone1,0,1,20354206,all,2332.8
Zone1,0,1,20354207,all,2592.0
Zone1,0,1,20354208,all,2916.0
Zone1,0,1,20354209,all,3175.2
Zone1,0,1,20354210,all,3240.0
Zone1,0,1,20354211,all,3207.6
Zone1,0,1,20354212,all,3142.8
Zone1,0,1,20354213,all,3078.0
Zone1,0,1,20354214,all,3013.2
Zone1,0,1,20354215,all,2980.8
Zone1,0,1,20354216,all,3013.2
Zone1,0,1,20354217,all,3078.0
Zone1,0,1,20354218,all,3240.0
Zone1,0,1,20354219,all,3304.8
Zone1,0,1,20354220,all,3337.2
Zone1,0,1,20354221,all,3272.4
Zone1,0,1,20354222,all,3110.4
Zone1,0,1,20354223,all,2851.2
Zone1,0,1,20354224,all,2592.0
Zone1,0,1,20354225,all,2430.0
Zone1,0,1,20354226,all,2332.8
Zone1,0,1,20354227,all,2268.0
Zone1,0,1,20354228,all,2203.2
Zone1,0,1,20354229,all,2235.6
Zone1,0,1,20354230,all,2332.8
Zone1,0,1,20354231,all,2592.0
Zone1,0,1,20354232,all,2916.0
Zone1,0,1,20354233,all,3175.2
Zone1,0,1,20354234,all,3240.0
Zone1,0,1,20354235,all,3207.6
Zone1,0,1,20354236,all,3142.8
Zone1,0,1,20354237,all,3078.0
Zone1,0,1,20354238,all,3013.2
Zone1,0,1,20354239,all,2980.8
Zone1,0,1,20354240,all,3013.2
Zone1,0,1,20354241,all,3078.0
Zone1,0,1,20354242,all,3240.0
Zone1,0,1,20354243,all,3304.8
Zone1,0,1,20354244,all,3337.2
Zone1,0,1,20354245,all,3272.4
Zone1,0,1,20354246,all,3110.4
Zone1,0,1,20354247,all,2851.2
Zone1,0,1,20354248,all,2592.0
Zone1,0,1,20354249,all,2430.0
Zone1,0,1,20354250,all,2332.8
Zone1,0,1,20354251,all,2268.0
Zone1,0,1,20354252,all,2203.2
Zone1,0,1,20354253,all,2235.6
Zone1,0,1,20354254,all,2332.8
Zone1,0,1,20354255,all,2592.0
Zone1,0,1,20354256,all,2916.0
Zone1,0,1,20354257,all,3175.2
Zone1,0,1,20354258,all,3240.0
Zone1,0,1,20354259,all,3207.6
Zone1,0,1,20354260,all,3142.8
Zone1,0,1,20354261,all,3078.0
Zone1,0,1,20354262,all,3013.2
Zone1,0,1,20354263,all,2980.8
Zone1,0,1,20354264,all,3013.2
Zone1,0,1,20354265,all,3078.0
Zone1,0,1,20354266,all,3240.0
Zone1,0,1,20354267,all,3304.8
Zone1,0,1,20354268,all,3337.2
Zone1,0,1,20354269,all,3272.4
Zone1,0,1,20354270,all,3110.4
Zone1,0,1,20354271,all,2851.2
Zone1,0,1,20354272,all,2592.0
Zone1,0,1,20354273,all,2430.0
Zone1,0,1,20354274,all,2332.8
Zone1,0,1,20354275,all,2268.0
Zone1,0,1,20354276,all,2203.2
Zone1,0,1,20354277,all,2235.6
Zone1,0,1,20354278,all,2332.8
Zone1,0,1,20354279,all,2592.0
Zone1,0,1,20354280,all,2916.0
Zone1,0,1,20354281,all,3175.2
Zone1,0,1,20354282,all,3240.0
Zone1,0,1,20354283,all,3207.6
Zone1,0,1,20354284,all,3142.8
Zone1,0,1,20354285,all,3078.0
Zone1,0,1,20354286,all,3013.2
Zone1,0,1,20354287,all,2980.8
Zone1,0,1,20354288,all,3013.2
Zone1,0,1,20354289,all,3078.0
Zone1,0,1,20354290,all,3240.0
Zone1,0,1,20354291,all,3304.8
Zone1,0,1,20354292,all,3337.2
Zone1,0,1,20354293,all,3272.4
Zone1,0,1,20354294,all,3110.4
Zone1,0,1,20354295,all,2851.2
Zone1,0,1,20354296,all,2592.0
Zone1,0,1,20354297,all,2430.0
Zone1,0,1,20354298,all,2332.8
Zone1,0,1,20354299,all,2268.0
Zone1,0,1,20354300,all,2203.2
Zone1,0,1,20354301,all,2235.6
Zone1,0,1,20354302,all,2332.8
Zone1,0,1,20354303,all,2592.0
Zone1,0,1,20354304,all,2916.0
Zone1,0,1,20354305,all,3175.2
Zone1,0,1,20354306,all,3240.0
Zone1,0,1,20354307,all,3207.6
Zone1,0,1,20354308,all,3142.8
Zone1,0,1,20354309,all,3078.0
Zone1,0,1,20354310,all,3013.2
Zone1,0,1,20354311,all,2980.8
Zone1,0,1,20354312,all,3013.2
Zone1,0,1,20354313,all,3078.0
Zone1,0,1,20354314,all,3240.0
Zone1,0,1,20354315,all,3304.8
Zone1,0,1,20354316,all,3337.2
Zone1,0,1,20354317,all,3272.4
Zone1,0,1,20354318,all,3110.4
Zone1,0,1,20354319,all,2851.2
Zone1,0,1,20354320,all,2592.0
Zone1,0,1,20354321,all,2430.0
Zone1,0,1,20354322,all,2332.8
Zone1,0,1,20354323,all,2268.0
Zone1,0,1,20354324,all,2203.2
Zone1,0,1,20354325,all,2235.6
Zone1,0,1,20354326,all,2332.8
Zone1,0,1,20354327,all,2592.0
Zone1,0,1,20354328,all,2916.0
Zone1,0,1,20354329,all,3175.2
Zone1,0,1,20354330,all,3240.0
Zone1,0,1,20354331,all,3207.6
Zone1,0,1,20354332,all,3142.8
Zone1,0,1,20354333,all,3078.0
Zone1,0,1,20354334,all,3013.2
Zone1,0,1,20354335,all,2980.8
Zone1,0,1,20354336,all,3013.2
Zone1,0,1,20354337,all,3078.0
Zone1,0,1,20354338,all,3240.0
Zone1,0,1,20354339,all,3304.8
Zone1,0,1,20354340,all,3337.2
Zone1,0,1,20354341,all,3272.4
Zone1,0,1,20354342,all,3110.4
Zone1,0,1,20354343,all,2851.2
Zone1,0,1,20354344,all,2592.0
Zone1,0,1,20354345,all,2700.0
Zone1,0,1,20354346,all,2592.0
Zone1,0,1,20354347,all,2520.0
Zone1,0,1,20354348,all,2448.0
Zone1,0,1,20354349,all,2484.0
Zone1,0,1,20354350,all,2592.0
Zone1,0,1,20354351,all,2880.0
Zone1,0,1,20354352,all,3240.0
Zone1,0,1,20354353,all,3528.0
Zone1,0,1,20354354,all,3600.0
Zone1,0,1,20354355,all,3564.0
Zone1,0,1,20354356,all,3492.0
Zone1,0,1,20354357,all,3420.0
Zone1,0,1,20354358,all,3348.0
Zone1,0,1,20354359,all,3312.0
Zone1,0,1,20354360,all,3348.0
Zone1,0,1,20354361,all,3420.0
Zone1,0,1,20354362,all,3600.0
Zone1,0,1,20354363,all,3672.0
Zone1,0,1,20354364,all,3708.0
Zone1,0,1,20354365,all,3636.0
Zone1,0,1,20354366,all,3456.0
Zone1,0,1,20354367,all,3168.0
Zone1,0,1,20354368,all,2880.0
Zone1,0,1,20354369,all,2700.0
Zone1,0,1,20354370,all,2592.0
Zone1,0,1,20354371,all,2520.0
Zone1,0,1,20354372,all,2448.0
Zone1,0,1,20354373,all,2484.0
Zone1,0,1,20354374,all,2592.0
Zone1,0,1,20354375,all,2880.0
Zone1,0,1,20354376,all,3240.0
Zone1,0,1,20354377,all,3528.0
Zone1,0,1,20354378,all,3600.0
Zone1,0,1,20354379,all,3564.0
Zone1,0,1,20354380,all,3492.0
Zone1,0,1,20354381,all,3420.0
Zone1,0,1,20354382,all,3348.0
Zone1,0,1,20354383,all,3312.0
Zone1,0,1,20354384,all,3348.0
Zone1,0,1,20354385,all,3420.0
Zone1,0,1,20354386,all,3600.0
Zone1,0,1,20354387,all,3672.0
Zone1,0,1,20354388,all,3708.0
Zone1,0,1,20354389,all,3636.0
Zone1,0,1,20354390,all,3456.0
Zone1,0,1,20354391,all,3168.0
Zone1,0,1,20354392,all,2880.0
Zone1,0,1,20354393,all,2700.0
Zone1,0,1,20354394,all,2592.0
Zone1,0,1,20354395,all,2520.0
Zone1,0,1,20354396,all,2448.0
Zone1,0,1,20354397,all,2484.0
Zone1,0,1,20354398,all,2592.0
Zone1,0,1,20354399,all,2880.0
Zone1,0,1,20354400,all,3240.0
Zone1,0,1,20354401,all,3528.0
Zone1,0,1,20354402,all,3600.0
Zone1,0,1,20354403,all,3564.0
Zone1,0,1,20354404,all,3492.0
Zone1,0,1,20354405,all,3420.0
Zone1,0,1,20354406,all,3348.0
Zone1,0,1,20354407,all,3312.0
Zone1,0,1,20354408,all,3348.0
Zone1,0,1,20354409,all,3420.0
Zone1,0,1,20354410,all,3600.0
Zone1,0,1,20354411,all,3672.0
Zone1,0,1,20354412,all,3708.0
Zone1,0,1,20354413,all,3636.0
Zone1,0,1,20354414,all,3456.0
Zone1,0,1,20354415,all,3168.0
Zone1,0,1,20354416,all,2880.0
Zone1,0,1,20354417,all,2700.0
Zone1,0,1,20354418,all,2592.0
Zone1,0,1,20354419,all,2520.0
Zone1,0,1,20354420,all,2448.0
Zone1,0,1,20354421,all,2484.0
Zone1,0,1,20354422,all,2592.0
Zone1,0,1,20354423,all,2880.0
Zone1,0,1,20354424,all,3240.0
Zone1,0,1,20354425,all,3528.0
Zone1,0,1,20354426,all,3600.0
Zone1,0,1,20354427,all,3564.0
Zone1,0,1,20354428,all,3492.0
Zone1,0,1,20354429,all,3420.0
Zone1,0,1,20354430,all,3348.0
Zone1,0,1,20354431,all,3312.0
Zone1,0,1,20354432,all,3348.0
Zone1,0,1,20354433,all,3420.0
Zone1,0,1,20354434,all,3600.0
Zone1,0,1,20354435,all,3672.0
Zone1,0,1,20354436,all,3708.0
Zone1,0,1,20354437,all,3636.0
Zone1,0,1,20354438,all,3456.0
Zone1,0,1,20354439,all,3168.0
Zone1,0,1,20354440,all,2880.0
Zone1,0,1,20354441,all,2700.0
Zone1,0,1,20354442,all,2592.0
Zone1,0,1,20354443,all,2520.0
Zone1,0,1,20354444,all,2448.0
Zone1,0,1,20354445,all,2484.0
Zone1,0,1,20354446,all,2592.0
Zone1,0,1,20354447,all,2880.0
Zone1,0,1,20354448,all,3240.0
Zone1,0,1,20354449,all,3528.0
Zone1,0,1,20354450,all,3600.0
Zone1,0,1,20354451,all,3564.0
Zone1,0,1,20354452,all,3492.0
Zone1,0,1,20354453,all,3420.0
Zone1,0,1,20354454,all,3348.0
Zone1,0,1,20354455,all,3312.0
Zone1,0,1,20354456,all,3348.0
Zone1,0,1,20354457,all,3420.0
Zone1,0,1,20354458,all,3600.0
Zone1,0,1,20354459,all,3672.0
Zone1,0,1,20354460,all,3708.0
Zone1,0,1,20354461,all,3636.0
Zone1,0,1,20354462,all,3456.0
Zone1,0,1,20354463,all,3168.0
Zone1,0,1,20354464,all,2880.0
Zone1,0,1,20354465,all,2700.0
Zone1,0,1,20354466,all,2592.0
Zone1,0,1,20354467,all,2520.0
Zone1,0,1,20354468,all,2448.0
Zone1,0,1,20354469,all,2484.0
Zone1,0,1,20354470,all,2592.0
Zone1,0,1,20354471,all,2880.0
Zone1,0,1,20354472,all,3240.0
Zone1,0,1,20354473,all,3528.0
Zone1,0,1,20354474,all,3600.0
Zone1,0,1,20354475,all,3564.0
Zone1,0,1,20354476,all,3492.0
Zone1,0,1,20354477,all,3420.0
Zone1,0,1,20354478,all,3348.0
Zone1,0,1,20354479,all,3312.0
Zone1,0,1,20354480,all,3348.0
Zone1,0,1,20354481,all,3420.0
Zone1,0,1,20354482,all,3600.0
Zone1,0,1,20354483,all,3672.0
Zone1,0,1,20354484,all,3708.0
Zone1,0,1,20354485,all,3636.0
Zone1,0,1,20354486,all,3456.0
Zone1,0,1,20354487,all,3168.0
Zone1,0,1,20354488,all,2880.0
Zone1,0,1,20354489,all,2700.0
Zone1,0,1,20354490,all,2592.0
Zone1,0,1,20354491,all,2520.0
Zone1,0,1,20354492,all,2448.0
Zone1,0,1,20354493,all,2484.0
Zone1,0,1,20354494,all,2592.0
Zone1,0,1,20354495,all,2880.0
Zone1,0,1,20354496,all,3240.0
Zone1,0,1,20354497,all,3528.0
Zone1,0,1,20354498,all,3600.0
Zone1,0,1,20354499,all,3564.0
Zone1,0,1,20354500,all,3492.0
Zone1,0,1,20354501,all,3420.0
Zone1,0,1,20354502,all,3348.0
Zone1,0,1,20354503,all,3312.0
Zone1,0,1,20354504,all,3348.0
Zone1,0,1,20354505,all,3420.0
Zone1,0,1,20354506,all,3600.0
Zone1,0,1,20354507,all,3672.0
Zone1,0,1,20354508,all,3708.0
Zone1,0,1,20354509,all,3636.0
Zone1,0,1,20354510,all,3456.0
Zone1,0,1,20354511,all,3168.0
Zone1,0,1,20354512,all,2880.0
Zone1,0,1,20354513,all,2700.0
Zone1,0,1,20354514,all,2592.0
Zone1,0,1,20354515,all,2520.0
Zone1,0,1,20354516,all,2448.0
Zone1,0,1,20354517,all,2484.0
Zone1,0,1,20354518,all,2592.0
Zone1,0,1,20354519,all,2880.0
Zone1,0,1,20354520,all,3240.0
Zone1,0,1,20354521,all,3528.0
Zone1,0,1,20354522,all,3600.0
Zone1,0,1,20354523,all,3564.0
Zone1,0,1,20354524,all,3492.0
Zone1,0,1,20354525,all,3420.0
Zone1,0,1,20354526,all,3348.0
Zone1,0,1,20354527,all,3312.0
Zone1,0,1,20354528,all,3348.0
Zone1,0,1,20354529,all,3420.0
Zone1,0,1,20354530,all,3600.0
Zone1,0,1,20354531,all,3672.0
Zone1,0,1,20354532,all,3708.0
Zone1,0,1,20354533,all,3636.0
Zone1,0,1,20354534,all,3456.0
Zone1,0,1,20354535,all,3168.0
Zone1,0,1,20354536,all,2880.0
Zone1,0,1,20354537,all,2700.0
Zone1,0,1,20354538,all,2592.0
Zone1,0,1,20354539,all,2520.0
Zone1,0,1,20354540,all,2448.0
Zone1,0,1,20354541,all,2484.0
Zone1,0,1,20354542,all,2592.0
Zone1,0,1,20354543,all,2880.0
Zone1,0,1,20354544,all,3240.0
Zone1,0,1,20354545,all,3528.0
Zone1,0,1,20354546,all,3600.0
Zone1,0,1,20354547,all,3564.0
Zone1,0,1,20354548,all,3492.0
Zone1,0,1,20354549,all,3420.0
Zone1,0,1,20354550,all,3348.0
Zone1,0,1,20354551,all,3312.0
Zone1,0,1,20354552,all,3348.0
Zone1,0,1,20354553,all,3420.0
Zone1,0,1,20354554,all,3600.0
Zone1,0,1,20354555,all,3672.0
Zone1,0,1,20354556,all,3708.0
Zone1,0,1,20354557,all,3636.0
Zone1,0,1,20354558,all,3456.0
Zone1,0,1,20354559,all,3168.0
Zone1,0,1,20354560,all,2880.0
Zone1,0,1,20354561,all,2700.0
Zone1,0,1,20354562,all,2592.0
Zone1,0,1,20354563,all,2520.0
Zone1,0,1,20354564,all,2448.0
Zone1,0,1,20354565,all,2484.0
Zone1,0,1,20354566,all,2592.0
Zone1,0,1,20354567,all,2880.0
Zone1,0,1,20354568,all,3240.0
Zone1,0,1,20354569,all,3528.0
Zone1,0,1,20354570,all,3600.0
Zone1,0,1,20354571,all,3564.0
Zone1,0,1,20354572,all,3492.0
Zone1,0,1,20354573,all,3420.0
Zone1,0,1,20354574,all,3348.0
Zone1,0,1,20354575,all,3312.0
Zone1,0,1,20354576,all,3348.0
Zone1,0,1,20354577,all,3420.0
Zone1,0,1,20354578,all,3600.0
Zone1,0,1,20354579,all,3672.0
Zone1,0,1,20354580,all,3708.0
Zone1,0,1,20354581,all,3636.0
Zone1,0,1,20354582,all,3456.0
Zone1,0,1,20354583,all,3168.0
Zone1,0,1,20354584,all,2880.0
Zone1,0,1,20354585,all,2700.0
Zone1,0,1,20354586,all,2592.0
Zone1,0,1,20354587,all,2520.0
Zone1,0,1,20354588,all,2448.0
Zone1,0,1,20354589,all,2484.0
Zone1,0,1,20354590,all,2592.0
Zone1,0,1,20354591,all,2880.0
Zone1,0,1,20354592,all,3240.0
Zone1,0,1,20354593,all,3528.0
Zone1,0,1,20354594,all,3600.0
Zone1,0,1,20354595,all,3564.0
Zone1,0,1,20354596,all,3492.0
Zone1,0,1,20354597,all,3420.0
Zone1,0,1,20354598,all,3348.0
Zone1,0,1,20354599,all,3312.0
Zone1,0,1,20354600,all,3348.0
Zone1,0,1,20354601,all,3420.0
Zone1,0,1,20354602,all,3600.0
Zone1,0,1,20354603,all,3672.0
Zone1,0,1,20354604,all,3708.0
Zone1,0,1,20354605,all,3636.0
Zone1,0,1,20354606,all,3456.0
Zone1,0,1,20354607,all,3168.0
Zone1,0,1,20354608,all,2880.0
Zone1,0,1,20354609,all,2700.0
Zone1,0,1,20354610,all,2592.0
Zone1,0,1,20354611,all,2520.0
Zone1,0,1,20354612,all,2448.0
Zone1,0,1,20354613,all,2484.0
Zone1,0,1,20354614,all,2592.0
Zone1,0,1,20354615,all,2880.0
Zone1,0,1,20354616,all,3240.0
Zone1,0,1,20354617,all,3528.0
Zone1,0,1,20354618,all,3600.0
Zone1,0,1,20354619,all,3564.0
Zone1,0,1,20354620,all,3492.0
Zone1,0,1,20354621,all,3420.0
Zone1,0,1,20354622,all,3348.0
Zone1,0,1,20354623,all,3312.0
Zone1,0,1,20354624,all,3348.0
Zone1,0,1,20354625,all,3420.0
Zone1,0,1,20354626,all,3600.0
Zone1,0,1,20354627,all,3672.0
Zone1,0,1,20354628,all,3708.0
Zone1,0,1,20354629,all,3636.0
Zone1,0,1,20354630,all,3456.0
Zone1,0,1,20354631,all,3168.0
Zone1,0,1,20354632,all,2880.0
Zone1,0,1,20354633,all,2700.0
Zone1,0,1,20354634,all,2592.0
Zone1,0,1,20354635,all,2520.0
Zone1,0,1,20354636,all,2448.0
Zone1,0,1,20354637,all,2484.0
Zone1,0,1,20354638,all,2592.0
Zone1,0,1,20354639,all,2880.0
Zone1,0,1,20354640,all,3240.0
Zone1,0,1,20354641,all,3528.0
Zone1,0,1,20354642,all,3600.0
Zone1,0,1,20354643,all,3564.0
Zone1,0,1,20354644,all,3492.0
Zone1,0,1,20354645,all,3420.0
Zone1,0,1,20354646,all,3348.0
Zone1,0,1,20354647,all,3312.0
Zone1,0,1,20354648,all,3348.0
Zone1,0,1,20354649,all,3420.0
Zone1,0,1,20354650,all,3600.0
Zone1,0,1,20354651,all,3672.0
Zone1,0,1,20354652,all,3708.0
Zone1,0,1,20354653,all,3636.0
Zone1,0,1,20354654,all,3456.0
Zone1,0,1,20354655,all,3168.0
Zone1,0,1,20354656,all,2880.0
Zone1,0,1,20354657,all,2700.0
Zone1,0,1,20354658,all,2592.0
Zone1,0,1,20354659,all,2520.0
Zone1,0,1,20354660,all,2448.0
Zone1,0,1,20354661,all,2484.0
Zone1,0,1,20354662,all,2592.0
Zone1,0,1,20354663,all,2880.0
Zone1,0,1,20354664,all,3240.0
Zone1,0,1,20354665,all,3528.0
Zone1,0,1,20354666,all,3600.0
Zone1,0,1,20354667,all,3564.0
Zone1,0,1,20354668,all,3492.0
Zone1,0,1,20354669,all,3420.0
Zone1,0,1,20354670,all,3348.0
Zone1,0,1,20354671,all,3312.0
Zone1,0,1,20354672,all,3348.0
Zone1,0,1,20354673,all,3420.0
Zone1,0,1,20354674,all,3600.0
Zone1,0,1,20354675,all,3672.0
Zone1,0,1,20354676,all,3708.0
Zone1,0,1,20354677,all,3636.0
Zone1,0,1,20354678,all,3456.0
Zone1,0,1,20354679,all,3168.0
Zone1,0,1,20354680,all,2880.0
Zone1,0,1,20354681,all,2700.0
Zone1,0,1,20354682,all,2592.0
Zone1,0,1,20354683,all,2520.0
Zone1,0,1,20354684,all,2448.0
Zone1,0,1,20354685,all,2484.0
Zone1,0,1,20354686,all,2592.0
Zone1,0,1,20354687,all,2880.0
Zone1,0,1,20354688,all,3240.0
Zone1,0,1,20354689,all,3528.0
Zone1,0,1,20354690,all,3600.0
Zone1,0,1,20354691,all,3564.0
Zone1,0,1,20354692,all,3492.0
Zone1,0,1,20354693,all,3420.0
Zone1,0,1,20354694,all,3348.0
Zone1,0,1,20354695,all,3312.0
Zone1,0,1,20354696,all,3348.0
Zone1,0,1,20354697,all,3420.0
Zone1,0,1,20354698,all,3600.0
Zone1,0,1,20354699,all,3672.0
Zone1,0,1,20354700,all,3708.0
Zone1,0,1,20354701,all,3636.0
Zone1,0,1,20354702,all,3456.0
Zone1,0,1,20354703,all,3168.0
Zone1,0,1,20354704,all,2880.0
Zone1,0,1,20354705,all,2700.0
Zone1,0,1,20354706,all,2592.0
Zone1,0,1,20354707,all,2520.0
Zone1,0,1,20354708,all,2448.0
Zone1,0,1,20354709,all,2484.0
Zone1,0,1,20354710,all,2592.0
Zone1,0,1,20354711,all,2880.0
Zone1,0,1,20354712,all,3240.0
Zone1,0,1,20354713,all,3528.0
Zone1,0,1,20354714,all,3600.0
Zone1,0,1,20354715,all,3564.0
Zone1,0,1,20354716,all,3492.0
Zone1,0,1,20354717,all,3420.0
Zone1,0,1,20354718,all,3348.0
Zone1,0,1,20354719,all,3312.0
Zone1,0,1,20354720,all,3348.0
Zone1,0,1,20354721,all,3420.0
Zone1,0,1,20354722,all,3600.0
Zone1,0,1,20354723,all,3672.0
Zone1,0,1,20354724,all,3708.0
Zone1,0,1,20354725,all,3636.0
Zone1,0,1,20354726,all,3456.0
Zone1,0,1,20354727,all,3168.0
Zone1,0,1,20354728,all,2880.0
Zone1,0,1,20354729,all,2700.0
Zone1,0,1,20354730,all,2592.0
Zone1,0,1,20354731,all,2520.0
Zone1,0,1,20354732,all,2448.0
Zone1,0,1,20354733,all,2484.0
Zone1,0,1,20354734,all,2592.0
Zone1,0,1,20354735,all,2880.0
Zone1,0,1,20354736,all,3240.0
Zone1,0,1,20354737,all,3528.0
Zone1,0,1,20354738,all,3600.0
Zone1,0,1,20354739,all,3564.0
Zone1,0,1,20354740,all,3492.0
Zone1,0,1,20354741,all,3420.0
Zone1,0,1,20354742,all,3348.0
Zone1,0,1,20354743,all,3312.0
Zone1,0,1,20354744,all,3348.0
Zone1,0,1,20354745,all,3420.0
Zone1,0,1,20354746,all,3600.0
Zone1,0,1,20354747,all,3672.0
Zone1,0,1,20354748,all,3708.0
Zone1,0,1,20354749,all,3636.0
Zone1,0,1,20354750,all,3456.0
Zone1,0,1,20354751,all,3168.0
Zone1,0,1,20354752,all,2880.0
Zone1,0,1,20354753,all,2700.0
Zone1,0,1,20354754,all,2592.0
Zone1,0,1,20354755,all,2520.0
Zone1,0,1,20354756,all,2448.0
Zone1,0,1,20354757,all,2484.0
Zone1,0,1,20354758,all,2592.0
Zone1,0,1,20354759,all,2880.0
Zone1,0,1,20354760,all,3240.0
Zone1,0,1,20354761,all,3528.0
Zone1,0,1,20354762,all,3600.0
Zone1,0,1,20354763,all,3564.0
Zone1,0,1,20354764,all,3492.0
Zone1,0,1,20354765,all,3420.0
Zone1,0,1,20354766,all,3348.0
Zone1,0,1,20354767,all,3312.0
Zone1,0,1,20354768,all,3348.0
Zone1,0,1,20354769,all,3420.0
Zone1,0,1,20354770,all,3600.0
Zone1,0,1,20354771,all,3672.0
Zone1,0,1,20354772,all,3708.0
Zone1,0,1,20354773,all,3636.0
Zone1,0,1,20354774,all,3456.0
Zone1,0,1,20354775,all,3168.0
Zone1,0,1,20354776,all,2880.0
Zone1,0,1,20354777,all,2700.0
Zone1,0,1,20354778,all,2592.0
Zone1,0,1,20354779,all,2520.0
Zone1,0,1,20354780,all,2448.0
Zone1,0,1,20354781,all,2484.0
Zone1,0,1,20354782,all,2592.0
Zone1,0,1,20354783,all,2880.0
Zone1,0,1,20354784,all,3240.0
Zone1,0,1,20354785,all,3528.0
Zone1,0,1,20354786,all,3600.0
Zone1,0,1,20354787,all,3564.0
Zone1,0,1,20354788,all,3492.0
Zone1,0,1,20354789,all,3420.0
Zone1,0,1,20354790,all,3348.0
Zone1,0,1,20354791,all,3312.0
Zone1,0,1,20354792,all,3348.0
Zone1,0,1,20354793,all,3420.0
Zone1,0,1,20354794,all,3600.0
Zone1,0,1,20354795,all,3672.0
Zone1,0,1,20354796,all,3708.0
Zone1,0,1,20354797,all,3636.0
Zone1,0,1,20354798,all,3456.0
Zone1,0,1,20354799,all,3168.0
Zone1,0,1,20354800,all,2880.0
Zone1,0,1,20354801,all,2700.0
Zone1,0,1,20354802,all,2592.0
Zone1,0,1,20354803,all,2520.0
Zone1,0,1,20354804,all,2448.0
Zone1,0,1,20354805,all,2484.0
Zone1,0,1,20354806,all,2592.0
Zone1,0,1,20354807,all,2880.0
Zone1,0,1,20354808,all,3240.0
Zone1,0,1,20354809,all,3528.0
Zone1,0,1,20354810,all,3600.0
Zone1,0,1,20354811,all,3564.0
Zone1,0,1,20354812,all,3492.0
Zone1,0,1,20354813,all,3420.0
Zone1,0,1,20354814,all,3348.0
Zone1,0,1,20354815,all,3312.0
Zone1,0,1,20354816,all,3348.0
Zone1,0,1,20354817,all,3420.0
Zone1,0,1,20354818,all,3600.0
Zone1,0,1,20354819,all,3672.0
Zone1,0,1,20354820,all,3708.0
Zone1,0,1,20354821,all,3636.0
Zone1,0,1,20354822,all,3456.0
Zone1,0,1,20354823,all,3168.0
Zone1,0,1,20354824,all,2880.0
Zone1,0,1,20354825,all,2700.0
Zone1,0,1,20354826,all,2592.0
Zone1,0,1,20354827,all,2520.0
Zone1,0,1,20354828,all,2448.0
Zone1,0,1,20354829,all,2484.0
Zone1,0,1,20354830,all,2592.0
Zone1,0,1,20354831,all,2880.0
Zone1,0,1,20354832,all,3240.0
Zone1,0,1,20354833,all,3528.0
Zone1,0,1,20354834,all,3600.0
Zone1,0,1,20354835,all,3564.0
Zone1,0,1,20354836,all,3492.0
Zone1,0,1,20354837,all,3420.0
Zone1,0,1,20354838,all,3348.0
Zone1,0,1,20354839,all,3312.0
Zone1,0,1,20354840,all,3348.0
Zone1,0,1,20354841,all,3420.0
Zone1,0,1,20354842,all,3600.0
Zone1,0,1,20354843,all,3672.0
Zone1,0,1,20354844,all,3708.0
Zone1,0,1,20354845,all,3636.0
Zone1,0,1,20354846,all,3456.0
Zone1,0,1,20354847,all,3168.0
Zone1,0,1,20354848,all,2880.0
Zone1,0,1,20354849,all,2700.0
Zone1,0,1,20354850,all,2592.0
Zone1,0,1,20354851,all,2520.0
Zone1,0,1,20354852,all,2448.0
Zone1,0,1,20354853,all,2484.0
Zone1,0,1,20354854,all,2592.0
Zone1,0,1,20354855,all,2880.0
Zone1,0,1,20354856,all,3240.0
Zone1,0,1,20354857,all,3528.0
Zone1,0,1,20354858,all,3600.0
Zone1,0,1,20354859,all,3564.0
Zone1,0,1,20354860,all,3492.0
Zone1,0,1,20354861,all,3420.0
Zone1,0,1,20354862,all,3348.0
Zone1,0,1,20354863,all,3312.0
Zone1,0,1,20354864,all,3348.0
Zone1,0,1,20354865,all,3420.0
Zone1,0,1,20354866,all,3600.0
Zone1,0,1,20354867,all,3672.0
Zone1,0,1,20354868,all,3708.0
Zone1,0,1,20354869,all,3636.0
Zone1,0,1,20354870,all,3456.0
Zone1,0,1,20354871,all,3168.0
Zone1,0,1,20354872,all,2880.0
Zone1,0,1,20354873,all,2700.0
Zone1,0,1,20354874,all,2592.0
Zone1,0,1,20354875,all,2520.0
Zone1,0,1,20354876,all,2448.0
Zone1,0,1,20354877,all,2484.0
Zone1,0,1,20354878,all,2592.0
Zone1,0,1,20354879,all,2880.0
Zone1,0,1,20354880,all,3240.0
Zone1,0,1,20354881,all,3528.0
Zone1,0,1,20354882,all,3600.0
Zone1,0,1,20354883,all,3564.0
Zone1,0,1,20354884,all,3492.0
Zone1,0,1,20354885,all,3420.0
Zone1,0,1,20354886,all,3348.0
Zone1,0,1,20354887,all,3312.0
Zone1,0,1,20354888,all,3348.0
Zone1,0,1,20354889,all,3420.0
Zone1,0,1,20354890,all,3600.0
Zone1,0,1,20354891,all,3672.0
Zone1,0,1,20354892,all,3708.0
Zone1,0,1,20354893,all,3636.0
Zone1,0,1,20354894,all,3456.0
Zone1,0,1,20354895,all,3168.0
Zone1,0,1,20354896,all,2880.0
Zone1,0,1,20354897,all,2700.0
Zone1,0,1,20354898,all,2592.0
Zone1,0,1,20354899,all,2520.0
Zone1,0,1,20354900,all,2448.0
Zone1,0,1,20354901,all,2484.0
Zone1,0,1,20354902,all,2592.0
Zone1,0,1,20354903,all,2880.0
Zone1,0,1,20354904,all,3240.0
Zone1,0,1,20354905,all,3528.0
Zone1,0,1,20354906,all,3600.0
Zone1,0,1,20354907,all,3564.0
Zone1,0,1,20354908,all,3492.0
Zone1,0,1,20354909,all,3420.0
Zone1,0,1,20354910,all,3348.0
Zone1,0,1,20354911,all,3312.0
Zone1,0,1,20354912,all,3348.0
Zone1,0,1,20354913,all,3420.0
Zone1,0,1,20354914,all,3600.0
Zone1,0,1,20354915,all,3672.0
Zone1,0,1,20354916,all,3708.0
Zone1,0,1,20354917,all,3636.0
Zone1,0,1,20354918,all,3456.0
Zone1,0,1,20354919,all,3168.0
Zone1,0,1,20354920,all,2880.0
Zone1,0,1,20354921,all,2700.0
Zone1,0,1,20354922,all,2592.0
Zone1,0,1,20354923,all,2520.0
Zone1,0,1,20354924,all,2448.0
Zone1,0,1,20354925,all,2484.0
Zone1,0,1,20354926,all,2592.0
Zone1,0,1,20354927,all,2880.0
Zone1,0,1,20354928,all,3240.0
Zone1,0,1,20354929,all,3528.0
Zone1,0,1,20354930,all,3600.0
Zone1,0,1,20354931,all,3564.0
Zone1,0,1,20354932,all,3492.0
Zone1,0,1,20354933,all,3420.0
Zone1,0,1,20354934,all,3348.0
Zone1,0,1,20354935,all,3312.0
Zone1,0,1,20354936,all,3348.0
Zone1,0,1,20354937,all,3420.0
Zone1,0,1,20354938,all,3600.0
Zone1,0,1,20354939,all,3672.0
Zone1,0,1,20354940,all,3708.0
Zone1,0,1,20354941,all,3636.0
Zone1,0,1,20354942,all,3456.0
Zone1,0,1,20354943,all,3168.0
Zone1,0,1,20354944,all,2880.0
Zone1,0,1,20354945,all,2700.0
Zone1,0,1,20354946,all,2592.0
Zone1,0,1,20354947,all,2520.0
Zone1,0,1,20354948,all,2448.0
Zone1,0,1,20354949,all,2484.0
Zone1,0,1,20354950,all,2592.0
Zone1,0,1,20354951,all,2880.0
Zone1,0,1,20354952,all,3240.0
Zone1,0,1,20354953,all,3528.0
Zone1,0,1,20354954,all,3600.0
Zone1,0,1,20354955,all,3564.0
Zone1,0,1,20354956,all,3492.0
Zone1,0,1,20354957,all,3420.0
Zone1,0,1,20354958,all,3348.0
Zone1,0,1,20354959,all,3312.0
Zone1,0,1,20354960,all,3348.0
Zone1,0,1,20354961,all,3420.0
Zone1,0,1,20354962,all,3600.0
Zone1,0,1,20354963,all,3672.0
Zone1,0,1,20354964,all,3708.0
Zone1,0,1,20354965,all,3636.0
Zone1,0,1,20354966,all,3456.0
Zone1,0,1,20354967,all,3168.0
Zone1,0,1,20354968,all,2880.0
Zone1,0,1,20354969,all,2700.0
Zone1,0,1,20354970,all,2592.0
Zone1,0,1,20354971,all,2520.0
Zone1,0,1,20354972,all,2448.0
Zone1,0,1,20354973,all,2484.0
Zone1,0,1,20354974,all,2592.0
Zone1,0,1,20354975,all,2880.0
Zone1,0,1,20354976,all,3240.0
Zone1,0,1,20354977,all,3528.0
Zone1,0,1,20354978,all,3600.0
Zone1,0,1,20354979,all,3564.0
Zone1,0,1,20354980,all,3492.0
Zone1,0,1,20354981,all,3420.0
Zone1,0,1,20354982,all,3348.0
Zone1,0,1,20354983,all,3312.0
Zone1,0,1,20354984,all,3348.0
Zone1,0,1,20354985,all,3420.0
Zone1,0,1,20354986,all,3600.0
Zone1,0,1,20354987,all,3672.0
Zone1,0,1,20354988,all,3708.0
Zone1,0,1,20354989,all,3636.0
Zone1,0,1,20354990,all,3456.0
Zone1,0,1,20354991,all,3168.0
Zone1,0,1,20354992,all,2880.0
Zone1,0,1,20354993,all,2700.0
Zone1,0,1,20354994,all,2592.0
Zone1,0,1,20354995,all,2520.0
Zone1,0,1,20354996,all,2448.0
Zone1,0,1,20354997,all,2484.0
Zone1,0,1,20354998,all,2592.0
Zone1,0,1,20354999,all,2880.0
Zone1,0,1,20355000,all,3240.0
Zone1,0,1,20355001,all,3528.0
Zone1,0,1,20355002,all,3600.0
Zone1,0,1,20355003,all,3564.0
Zone1,0,1,20355004,all,3492.0
Zone1,0,1,20355005,all,3420.0
Zone1,0,1,20355006,all,3348.0
Zone1,0,1,20355007,all,3312.0
Zone1,0,1,20355008,all,3348.0
Zone1,0,1,20355009,all,3420.0
Zone1,0,1,20355010,all,3600.0
Zone1,0,1,20355011,all,3672.0
Zone1,0,1,20355012,all,3708.0
Zone1,0,1,20355013,all,3636.0
Zone1,0,1,20355014,all,3456.0
Zone1,0,1,20355015,all,3168.0
Zone1,0,1,20355016,all,2880.0
Zone1,0,1,20355017,all,2700.0
Zone1,0,1,20355018,all,2592.0
Zone1,0,1,20355019,all,2520.0
Zone1,0,1,20355020,all,2448.0
Zone1,0,1,20355021,all,2484.0
Zone1,0,1,20355022,all,2592.0
Zone1,0,1,20355023,all,2880.0
Zone1,0,1,20355024,all,3240.0
Zone1,0,1,20355025,all,3528.0
Zone1,0,1,20355026,all,3600.0
Zone1,0,1,20355027,all,3564.0
Zone1,0,1,20355028,all,3492.0
Zone1,0,1,20355029,all,3420.0
Zone1,0,1,20355030,all,3348.0
Zone1,0,1,20355031,all,3312.0
Zone1,0,1,20355032,all,3348.0
Zone1,0,1,20355033,all,3420.0
Zone1,0,1,20355034,all,3600.0
Zone1,0,1,20355035,all,3672.0
Zone1,0,1,20355036,all,3708.0
Zone1,0,1,20355037,all,3636.0
Zone1,0,1,20355038,all,3456.0
Zone1,0,1,20355039,all,3168.0
Zone1,0,1,20355040,all,2880.0
Zone1,0,1,20355041,all,2700.0
Zone1,0,1,20355042,all,2592.0
Zone1,0,1,20355043,all,2520.0
Zone1,0,1,20355044,all,2448.0
Zone1,0,1,20355045,all,2484.0
Zone1,0,1,20355046,all,2592.0
Zone1,0,1,20355047,all,2880.0
Zone1,0,1,20355048,all,3240.0
Zone1,0,1,20355049,all,3528.0
Zone1,0,1,20355050,all,3600.0
Zone1,0,1,20355051,all,3564.0
Zone1,0,1,20355052,all,3492.0
Zone1,0,1,20355053,all,3420.0
Zone1,0,1,20355054,all,3348.0
Zone1,0,1,20355055,all,3312.0
Zone1,0,1,20355056,all,3348.0
Zone1,0,1,20355057,all,3420.0
Zone1,0,1,20355058,all,3600.0
Zone1,0,1,20355059,all,3672.0
Zone1,0,1,20355060,all,3708.0
Zone1,0,1,20355061,all,3636.0
Zone1,0,1,20355062,all,3456.0
Zone1,0,1,20355063,all,3168.0
Zone1,0,1,20355064,all,2880.0
Zone1,0,1,20355065,all,2700.0
Zone1,0,1,20355066,all,2592.0
Zone1,0,1,20355067,all,2520.0
Zone1,0,1,20355068,all,2448.0
Zone1,0,1,20355069,all,2484.0
Zone1,0,1,20355070,all,2592.0
Zone1,0,1,20355071,all,2880.0
Zone1,0,1,20355072,all,3240.0
Zone1,0,1,20355073,all,3528.0
Zone1,0,1,20355074,all,3600.0
Zone1,0,1,20355075,all,3564.0
Zone1,0,1,20355076,all,3492.0
Zone1,0,1,20355077,all,3420.0
Zone1,0,1,20355078,all,3348.0
Zone1,0,1,20355079,all,3312.0
Zone1,0,1,20355080,all,3348.0
Zone1,0,1,20355081,all,3420.0
Zone1,0,1,20355082,all,3600.0
Zone1,0,1,20355083,all,3672.0
Zone1,0,1,20355084,all,3708.0
Zone1,0,1,20355085,all,3636.0
Zone1,0,1,20355086,all,3456.0
Zone1,0,1,20355087,all,3168.0
Zone1,0,1,20355088,all,2880.0
Zone1,0,1,20355089,all,2655.0
Zone1,0,1,20355090,all,2548.8
Zone1,0,1,20355091,all,2478.0
Zone1,0,1,20355092,all,2407.2
Zone1,0,1,20355093,all,2442.6
Zone1,0,1,20355094,all,2548.8
Zone1,0,1,20355095,all,2832.0
Zone1,0,1,20355096,all,3186.0
Zone1,0,1,20355097,all,3469.2
Zone1,0,1,20355098,all,3540.0
Zone1,0,1,20355099,all,3504.6
Zone1,0,1,20355100,all,3433.8
Zone1,0,1,20355101,all,3363.0
Zone1,0,1,20355102,all,3292.2
Zone1,0,1,20355103,all,3256.8
Zone1,0,1,20355104,all,3292.2
Zone1,0,1,20355105,all,3363.0
Zone1,0,1,20355106,all,3540.0
Zone1,0,1,20355107,all,3610.8
Zone1,0,1,20355108,all,3646.2
Zone1,0,1,20355109,all,3575.4
Zone1,0,1,20355110,all,3398.4
Zone1,0,1,20355111,all,3115.2
Zone1,0,1,20355112,all,2832.0
Zone1,0,1,20355113,all,2655.0
Zone1,0,1,20355114,all,2548.8
Zone1,0,1,20355115,all,2478.0
Zone1,0,1,20355116,all,2407.2
Zone1,0,1,20355117,all,2442.6
Zone1,0,1,20355118,all,2548.8
Zone1,0,1,20355119,all,2832.0
Zone1,0,1,20355120,all,3186.0
Zone1,0,1,20355121,all,3469.2
Zone1,0,1,20355122,all,3540.0
Zone1,0,1,20355123,all,3504.6
Zone1,0,1,20355124,all,3433.8
Zone1,0,1,20355125,all,3363.0
Zone1,0,1,20355126,all,3292.2
Zone1,0,1,20355127,all,3256.8
Zone1,0,1,20355128,all,3292.2
Zone1,0,1,20355129,all,3363.0
Zone1,0,1,20355130,all,3540.0
Zone1,0,1,20355131,all,3610.8
Zone1,0,1,20355132,all,3646.2
Zone1,0,1,20355133,all,3575.4
Zone1,0,1,20355134,all,3398.4
Zone1,0,1,20355135,all,3115.2
Zone1,0,1,20355136,all,2832.0
Zone1,0,1,20355137,all,2655.0
Zone1,0,1,20355138,all,2548.8
Zone1,0,1,20355139,all,2478.0
Zone1,0,1,20355140,all,2407.2
Zone1,0,1,20355141,all,2442.6
Zone1,0,1,20355142,all,2548.8
Zone1,0,1,20355143,all,2832.0
Zone1,0,1,20355144,all,3186.0
Zone1,0,1,20355145,all,3469.2
Zone1,0,1,20355146,all,3540.0
Zone1,0,1,20355147,all,3504.6
Zone1,0,1,20355148,all,3433.8
Zone1,0,1,20355149,all,3363.0
Zone1,0,1,20355150,all,3292.2
Zone1,0,1,20355151,all,3256.8
Zone1,0,1,20355152,all,3292.2
Zone1,0,1,20355153,all,3363.0
Zone1,0,1,20355154,all,3540.0
Zone1,0,1,20355155,all,3610.8
Zone1,0,1,20355156,all,3646.2
Zone1,0,1,20355157,all,3575.4
Zone1,0,1,20355158,all,3398.4
Zone1,0,1,20355159,all,3115.2
Zone1,0,1,20355160,all,2832.0
Zone1,0,1,20355161,all,2655.0
Zone1,0,1,20355162,all,2548.8
Zone1,0,1,20355163,all,2478.0
Zone1,0,1,20355164,all,2407.2
Zone1,0,1,20355165,all,2442.6
Zone1,0,1,20355166,all,2548.8
Zone1,0,1,20355167,all,2832.0
Zone1,0,1,20355168,all,3186.0
Zone1,0,1,20355169,all,3469.2
Zone1,0,1,20355170,all,3540.0
Zone1,0,1,20355171,all,3504.6
Zone1,0,1,20355172,all,3433.8
Zone1,0,1,20355173,all,3363.0
Zone1,0,1,20355174,all,3292.2
Zone1,0,1,20355175,all,3256.8
Zone1,0,1,20355176,all,3292.2
Zone1,0,1,20355177,all,3363.0
Zone1,0,1,20355178,all,3540.0
Zone1,0,1,20355179,all,3610.8
Zone1,0,1,20355180,all,3646.2
Zone1,0,1,20355181,all,3575.4
Zone1,0,1,20355182,all,3398.4
Zone1,0,1,20355183,all,3115.2
Zone1,0,1,20355184,all,2832.0
Zone1,0,1,20355185,all,2655.0
Zone1,0,1,20355186,all,2548.8
Zone1,0,1,20355187,all,2478.0
Zone1,0,1,20355188,all,2407.2
Zone1,0,1,20355189,all,2442.6
Zone1,0,1,20355190,all,2548.8
Zone1,0,1,20355191,all,2832.0
Zone1,0,1,20355192,all,3186.0
Zone1,0,1,20355193,all,3469.2
Zone1,0,1,20355194,all,3540.0
Zone1,0,1,20355195,all,3504.6
Zone1,0,1,20355196,all,3433.8
Zone1,0,1,20355197,all,3363.0
Zone1,0,1,20355198,all,3292.2
Zone1,0,1,20355199,all,3256.8
Zone1,0,1,20355200,all,3292.2
Zone1,0,1,20355201,all,3363.0
Zone1,0,1,20355202,all,3540.0
Zone1,0,1,20355203,all,3610.8
Zone1,0,1,20355204,all,3646.2
Zone1,0,1,20355205,all,3575.4
Zone1,0,1,20355206,all,3398.4
Zone1,0,1,20355207,all,3115.2
Zone1,0,1,20355208,all,2832.0
Zone1,0,1,20355209,all,2655.0
Zone1,0,1,20355210,all,2548.8
Zone1,0,1,20355211,all,2478.0
Zone1,0,1,20355212,all,2407.2
Zone1,0,1,20355213,all,2442.6
Zone1,0,1,20355214,all,2548.8
Zone1,0,1,20355215,all,2832.0
Zone1,0,1,20355216,all,3186.0
Zone1,0,1,20355217,all,3469.2
Zone1,0,1,20355218,all,3540.0
Zone1,0,1,20355219,all,3504.6
Zone1,0,1,20355220,all,3433.8
Zone1,0,1,20355221,all,3363.0
Zone1,0,1,20355222,all,3292.2
Zone1,0,1,20355223,all,3256.8
Zone1,0,1,20355224,all,3292.2
Zone1,0,1,20355225,all,3363.0
Zone1,0,1,20355226,all,3540.0
Zone1,0,1,20355227,all,3610.8
Zone1,0,1,20355228,all,3646.2
Zone1,0,1,20355229,all,3575.4
Zone1,0,1,20355230,all,3398.4
Zone1,0,1,20355231,all,3115.2
Zone1,0,1,20355232,all,2832.0
Zone1,0,1,20355233,all,2655.0
Zone1,0,1,20355234,all,2548.8
Zone1,0,1,20355235,all,2478.0
Zone1,0,1,20355236,all,2407.2
Zone1,0,1,20355237,all,2442.6
Zone1,0,1,20355238,all,2548.8
Zone1,0,1,20355239,all,2832.0
Zone1,0,1,20355240,all,3186.0
Zone1,0,1,20355241,all,3469.2
Zone1,0,1,20355242,all,3540.0
Zone1,0,1,20355243,all,3504.6
Zone1,0,1,20355244,all,3433.8
Zone1,0,1,20355245,all,3363.0
Zone1,0,1,20355246,all,3292.2
Zone1,0,1,20355247,all,3256.8
Zone1,0,1,20355248,all,3292.2
Zone1,0,1,20355249,all,3363.0
Zone1,0,1,20355250,all,3540.0
Zone1,0,1,20355251,all,3610.8
Zone1,0,1,20355252,all,3646.2
Zone1,0,1,20355253,all,3575.4
Zone1,0,1,20355254,all,3398.4
Zone1,0,1,20355255,all,3115.2
Zone1,0,1,20355256,all,2832.0
Zone1,0,1,20355257,all,2655.0
Zone1,0,1,20355258,all,2548.8
Zone1,0,1,20355259,all,2478.0
Zone1,0,1,20355260,all,2407.2
Zone1,0,1,20355261,all,2442.6
Zone1,0,1,20355262,all,2548.8
Zone1,0,1,20355263,all,2832.0
Zone1,0,1,20355264,all,3186.0
Zone1,0,1,20355265,all,3469.2
Zone1,0,1,20355266,all,3540.0
Zone1,0,1,20355267,all,3504.6
Zone1,0,1,20355268,all,3433.8
Zone1,0,1,20355269,all,3363.0
Zone1,0,1,20355270,all,3292.2
Zone1,0,1,20355271,all,3256.8
Zone1,0,1,20355272,all,3292.2
Zone1,0,1,20355273,all,3363.0
Zone1,0,1,20355274,all,3540.0
Zone1,0,1,20355275,all,3610.8
Zone1,0,1,20355276,all,3646.2
Zone1,0,1,20355277,all,3575.4
Zone1,0,1,20355278,all,3398.4
Zone1,0,1,20355279,all,3115.2
Zone1,0,1,20355280,all,2832.0
Zone1,0,1,20355281,all,2655.0
Zone1,0,1,20355282,all,2548.8
Zone1,0,1,20355283,all,2478.0
Zone1,0,1,20355284,all,2407.2
Zone1,0,1,20355285,all,2442.6
Zone1,0,1,20355286,all,2548.8
Zone1,0,1,20355287,all,2832.0
Zone1,0,1,20355288,all,3186.0
Zone1,0,1,20355289,all,3469.2
Zone1,0,1,20355290,all,3540.0
Zone1,0,1,20355291,all,3504.6
Zone1,0,1,20355292,all,3433.8
Zone1,0,1,20355293,all,3363.0
Zone1,0,1,20355294,all,3292.2
Zone1,0,1,20355295,all,3256.8
Zone1,0,1,20355296,all,3292.2
Zone1,0,1,20355297,all,3363.0
Zone1,0,1,20355298,all,3540.0
Zone1,0,1,20355299,all,3610.8
Zone1,0,1,20355300,all,3646.2
Zone1,0,1,20355301,all,3575.4
Zone1,0,1,20355302,all,3398.4
Zone1,0,1,20355303,all,3115.2
Zone1,0,1,20355304,all,2832.0
Zone1,0,1,20355305,all,2655.0
Zone1,0,1,20355306,all,2548.8
Zone1,0,1,20355307,all,2478.0
Zone1,0,1,20355308,all,2407.2
Zone1,0,1,20355309,all,2442.6
Zone1,0,1,20355310,all,2548.8
Zone1,0,1,20355311,all,2832.0
Zone1,0,1,20355312,all,3186.0
Zone1,0,1,20355313,all,3469.2
Zone1,0,1,20355314,all,3540.0
Zone1,0,1,20355315,all,3504.6
Zone1,0,1,20355316,all,3433.8
Zone1,0,1,20355317,all,3363.0
Zone1,0,1,20355318,all,3292.2
Zone1,0,1,20355319,all,3256.8
Zone1,0,1,20355320,all,3292.2
Zone1,0,1,20355321,all,3363.0
Zone1,0,1,20355322,all,3540.0
Zone1,0,1,20355323,all,3610.8
Zone1,0,1,20355324,all,3646.2
Zone1,0,1,20355325,all,3575.4
Zone1,0,1,20355326,all,3398.4
Zone1,0,1,20355327,all,3115.2
Zone1,0,1,20355328,all,2832.0
Zone1,0,1,20355329,all,2655.0
Zone1,0,1,20355330,all,2548.8
Zone1,0,1,20355331,all,2478.0
Zone1,0,1,20355332,all,2407.2
Zone1,0,1,20355333,all,2442.6
Zone1,0,1,20355334,all,2548.8
Zone1,0,1,20355335,all,2832.0
Zone1,0,1,20355336,all,3186.0
Zone1,0,1,20355337,all,3469.2
Zone1,0,1,20355338,all,3540.0
Zone1,0,1,20355339,all,3504.6
Zone1,0,1,20355340,all,3433.8
Zone1,0,1,20355341,all,3363.0
Zone1,0,1,20355342,all,3292.2
Zone1,0,1,20355343,all,3256.8
Zone1,0,1,20355344,all,3292.2
Zone1,0,1,20355345,all,3363.0
Zone1,0,1,20355346,all,3540.0
Zone1,0,1,20355347,all,3610.8
Zone1,0,1,20355348,all,3646.2
Zone1,0,1,20355349,all,3575.4
Zone1,0,1,20355350,all,3398.4
Zone1,0,1,20355351,all,3115.2
Zone1,0,1,20355352,all,2832.0
Zone1,0,1,20355353,all,2655.0
Zone1,0,1,20355354,all,2548.8
Zone1,0,1,20355355,all,2478.0
Zone1,0,1,20355356,all,2407.2
Zone1,0,1,20355357,all,2442.6
Zone1,0,1,20355358,all,2548.8
Zone1,0,1,20355359,all,2832.0
Zone1,0,1,20355360,all,3186.0
Zone1,0,1,20355361,all,3469.2
Zone1,0,1,20355362,all,3540.0
Zone1,0,1,20355363,all,3504.6
Zone1,0,1,20355364,all,3433.8
Zone1,0,1,20355365,all,3363.0
Zone1,0,1,20355366,all,3292.2
Zone1,0,1,20355367,all,3256.8
Zone1,0,1,20355368,all,3292.2
Zone1,0,1,20355369,all,3363.0
Zone1,0,1,20355370,all,3540.0
Zone1,0,1,20355371,all,3610.8
Zone1,0,1,20355372,all,3646.2
Zone1,0,1,20355373,all,3575.4
Zone1,0,1,20355374,all,3398.4
Zone1,0,1,20355375,all,3115.2
Zone1,0,1,20355376,all,2832.0
Zone1,0,1,20355377,all,2655.0
Zone1,0,1,20355378,all,2548.8
Zone1,0,1,20355379,all,2478.0
Zone1,0,1,20355380,all,2407.2
Zone1,0,1,20355381,all,2442.6
Zone1,0,1,20355382,all,2548.8
Zone1,0,1,20355383,all,2832.0
Zone1,0,1,20355384,all,3186.0
Zone1,0,1,20355385,all,3469.2
Zone1,0,1,20355386,all,3540.0
Zone1,0,1,20355387,all,3504.6
Zone1,0,1,20355388,all,3433.8
Zone1,0,1,20355389,all,3363.0
Zone1,0,1,20355390,all,3292.2
Zone1,0,1,20355391,all,3256.8
Zone1,0,1,20355392,all,3292.2
Zone1,0,1,20355393,all,3363.0
Zone1,0,1,20355394,all,3540.0
Zone1,0,1,20355395,all,3610.8
Zone1,0,1,20355396,all,3646.2
Zone1,0,1,20355397,all,3575.4
Zone1,0,1,20355398,all,3398.4
Zone1,0,1,20355399,all,3115.2
Zone1,0,1,20355400,all,2832.0
Zone1,0,1,20355401,all,2655.0
Zone1,0,1,20355402,all,2548.8
Zone1,0,1,20355403,all,2478.0
Zone1,0,1,20355404,all,2407.2
Zone1,0,1,20355405,all,2442.6
Zone1,0,1,20355406,all,2548.8
Zone1,0,1,20355407,all,2832.0
Zone1,0,1,20355408,all,3186.0
Zone1,0,1,20355409,all,3469.2
Zone1,0,1,20355410,all,3540.0
Zone1,0,1,20355411,all,3504.6
Zone1,0,1,20355412,all,3433.8
Zone1,0,1,20355413,all,3363.0
Zone1,0,1,20355414,all,3292.2
Zone1,0,1,20355415,all,3256.8
Zone1,0,1,20355416,all,3292.2
Zone1,0,1,20355417,all,3363.0
Zone1,0,1,20355418,all,3540.0
Zone1,0,1,20355419,all,3610.8
Zone1,0,1,20355420,all,3646.2
Zone1,0,1,20355421,all,3575.4
Zone1,0,1,20355422,all,3398.4
Zone1,0,1,20355423,all,3115.2
Zone1,0,1,20355424,all,2832.0
Zone1,0,1,20355425,all,2655.0
Zone1,0,1,20355426,all,2548.8
Zone1,0,1,20355427,all,2478.0
Zone1,0,1,20355428,all,2407.2
Zone1,0,1,20355429,all,2442.6
Zone1,0,1,20355430,all,2548.8
Zone1,0,1,20355431,all,2832.0
Zone1,0,1,20355432,all,3186.0
Zone1,0,1,20355433,all,3469.2
Zone1,0,1,20355434,all,3540.0
Zone1,0,1,20355435,all,3504.6
Zone1,0,1,20355436,all,3433.8
Zone1,0,1,20355437,all,3363.0
Zone1,0,1,20355438,all,3292.2
Zone1,0,1,20355439,all,3256.8
Zone1,0,1,20355440,all,3292.2
Zone1,0,1,20355441,all,3363.0
Zone1,0,1,20355442,all,3540.0
Zone1,0,1,20355443,all,3610.8
Zone1,0,1,20355444,all,3646.2
Zone1,0,1,20355445,all,3575.4
Zone1,0,1,20355446,all,3398.4
Zone1,0,1,20355447,all,3115.2
Zone1,0,1,20355448,all,2832.0
Zone1,0,1,20355449,all,2655.0
Zone1,0,1,20355450,all,2548.8
Zone1,0,1,20355451,all,2478.0
Zone1,0,1,20355452,all,2407.2
Zone1,0,1,20355453,all,2442.6
Zone1,0,1,20355454,all,2548.8
Zone1,0,1,20355455,all,2832.0
Zone1,0,1,20355456,all,3186.0
Zone1,0,1,20355457,all,3469.2
Zone1,0,1,20355458,all,3540.0
Zone1,0,1,20355459,all,3504.6
Zone1,0,1,20355460,all,3433.8
Zone1,0,1,20355461,all,3363.0
Zone1,0,1,20355462,all,3292.2
Zone1,0,1,20355463,all,3256.8
Zone1,0,1,20355464,all,3292.2
Zone1,0,1,20355465,all,3363.0
Zone1,0,1,20355466,all,3540.0
Zone1,0,1,20355467,all,3610.8
Zone1,0,1,20355468,all,3646.2
Zone1,0,1,20355469,all,3575.4
Zone1,0,1,20355470,all,3398.4
Zone1,0,1,20355471,all,3115.2
Zone1,0,1,20355472,all,2832.0
Zone1,0,1,20355473,all,2655.0
Zone1,0,1,20355474,all,2548.8
Zone1,0,1,20355475,all,2478.0
Zone1,0,1,20355476,all,2407.2
Zone1,0,1,20355477,all,2442.6
Zone1,0,1,20355478,all,2548.8
Zone1,0,1,20355479,all,2832.0
Zone1,0,1,20355480,all,3186.0
Zone1,0,1,20355481,all,3469.2
Zone1,0,1,20355482,all,3540.0
Zone1,0,1,20355483,all,3504.6
Zone1,0,1,20355484,all,3433.8
Zone1,0,1,20355485,all,3363.0
Zone1,0,1,20355486,all,3292.2
Zone1,0,1,20355487,all,3256.8
Zone1,0,1,20355488,all,3292.2
Zone1,0,1,20355489,all,3363.0
Zone1,0,1,20355490,all,3540.0
Zone1,0,1,20355491,all,3610.8
Zone1,0,1,20355492,all,3646.2
Zone1,0,1,20355493,all,3575.4
Zone1,0,1,20355494,all,3398.4
Zone1,0,1,20355495,all,3115.2
Zone1,0,1,20355496,all,2832.0
Zone1,0,1,20355497,all,2655.0
Zone1,0,1,20355498,all,2548.8
Zone1,0,1,20355499,all,2478.0
Zone1,0,1,20355500,all,2407.2
Zone1,0,1,20355501,all,2442.6
Zone1,0,1,20355502,all,2548.8
Zone1,0,1,20355503,all,2832.0
Zone1,0,1,20355504,all,3186.0
Zone1,0,1,20355505,all,3469.2
Zone1,0,1,20355506,all,3540.0
Zone1,0,1,20355507,all,3504.6
Zone1,0,1,20355508,all,3433.8
Zone1,0,1,20355509,all,3363.0
Zone1,0,1,20355510,all,3292.2
Zone1,0,1,20355511,all,3256.8
Zone1,0,1,20355512,all,3292.2
Zone1,0,1,20355513,all,3363.0
Zone1,0,1,20355514,all,3540.0
Zone1,0,1,20355515,all,3610.8
Zone1,0,1,20355516,all,3646.2
Zone1,0,1,20355517,all,3575.4
Zone1,0,1,20355518,all,3398.4
Zone1,0,1,20355519,all,3115.2
Zone1,0,1,20355520,all,2832.0
Zone1,0,1,20355521,all,2655.0
Zone1,0,1,20355522,all,2548.8
Zone1,0,1,20355523,all,2478.0
Zone1,0,1,20355524,all,2407.2
Zone1,0,1,20355525,all,2442.6
Zone1,0,1,20355526,all,2548.8
Zone1,0,1,20355527,all,2832.0
Zone1,0,1,20355528,all,3186.0
Zone1,0,1,20355529,all,3469.2
Zone1,0,1,20355530,all,3540.0
Zone1,0,1,20355531,all,3504.6
Zone1,0,1,20355532,all,3433.8
Zone1,0,1,20355533,all,3363.0
Zone1,0,1,20355534,all,3292.2
Zone1,0,1,20355535,all,3256.8
Zone1,0,1,20355536,all,3292.2
Zone1,0,1,20355537,all,3363.0
Zone1,0,1,20355538,all,3540.0
Zone1,0,1,20355539,all,3610.8
Zone1,0,1,20355540,all,3646.2
Zone1,0,1,20355541,all,3575.4
Zone1,0,1,20355542,all,3398.4
Zone1,0,1,20355543,all,3115.2
Zone1,0,1,20355544,all,2832.0
Zone1,0,1,20355545,all,2655.0
Zone1,0,1,20355546,all,2548.8
Zone1,0,1,20355547,all,2478.0
Zone1,0,1,20355548,all,2407.2
Zone1,0,1,20355549,all,2442.6
Zone1,0,1,20355550,all,2548.8
Zone1,0,1,20355551,all,2832.0
Zone1,0,1,20355552,all,3186.0
Zone1,0,1,20355553,all,3469.2
Zone1,0,1,20355554,all,3540.0
Zone1,0,1,20355555,all,3504.6
Zone1,0,1,20355556,all,3433.8
Zone1,0,1,20355557,all,3363.0
Zone1,0,1,20355558,all,3292.2
Zone1,0,1,20355559,all,3256.8
Zone1,0,1,20355560,all,3292.2
Zone1,0,1,20355561,all,3363.0
Zone1,0,1,20355562,all,3540.0
Zone1,0,1,20355563,all,3610.8
Zone1,0,1,20355564,all,3646.2
Zone1,0,1,20355565,all,3575.4
Zone1,0,1,20355566,all,3398.4
Zone1,0,1,20355567,all,3115.2
Zone1,0,1,20355568,all,2832.0
Zone1,0,1,20355569,all,2655.0
Zone1,0,1,20355570,all,2548.8
Zone1,0,1,20355571,all,2478.0
Zone1,0,1,20355572,all,2407.2
Zone1,0,1,20355573,all,2442.6
Zone1,0,1,20355574,all,2548.8
Zone1,0,1,20355575,all,2832.0
Zone1,0,1,20355576,all,3186.0
Zone1,0,1,20355577,all,3469.2
Zone1,0,1,20355578,all,3540.0
Zone1,0,1,20355579,all,3504.6
Zone1,0,1,20355580,all,3433.8
Zone1,0,1,20355581,all,3363.0
Zone1,0,1,20355582,all,3292.2
Zone1,0,1,20355583,all,3256.8
Zone1,0,1,20355584,all,3292.2
Zone1,0,1,20355585,all,3363.0
Zone1,0,1,20355586,all,3540.0
Zone1,0,1,20355587,all,3610.8
Zone1,0,1,20355588,all,3646.2
Zone1,0,1,20355589,all,3575.4
Zone1,0,1,20355590,all,3398.4
Zone1,0,1,20355591,all,3115.2
Zone1,0,1,20355592,all,2832.0
Zone1,0,1,20355593,all,2655.0
Zone1,0,1,20355594,all,2548.8
Zone1,0,1,20355595,all,2478.0
Zone1,0,1,20355596,all,2407.2
Zone1,0,1,20355597,all,2442.6
Zone1,0,1,20355598,all,2548.8
Zone1,0,1,20355599,all,2832.0
Zone1,0,1,20355600,all,3186.0
Zone1,0,1,20355601,all,3469.2
Zone1,0,1,20355602,all,3540.0
Zone1,0,1,20355603,all,3504.6
Zone1,0,1,20355604,all,3433.8
Zone1,0,1,20355605,all,3363.0
Zone1,0,1,20355606,all,3292.2
Zone1,0,1,20355607,all,3256.8
Zone1,0,1,20355608,all,3292.2
Zone1,0,1,20355609,all,3363.0
Zone1,0,1,20355610,all,3540.0
Zone1,0,1,20355611,all,3610.8
Zone1,0,1,20355612,all,3646.2
Zone1,0,1,20355613,all,3575.4
Zone1,0,1,20355614,all,3398.4
Zone1,0,1,20355615,all,3115.2
Zone1,0,1,20355616,all,2832.0
Zone1,0,1,20355617,all,2655.0
Zone1,0,1,20355618,all,2548.8
Zone1,0,1,20355619,all,2478.0
Zone1,0,1,20355620,all,2407.2
Zone1,0,1,20355621,all,2442.6
Zone1,0,1,20355622,all,2548.8
Zone1,0,1,20355623,all,2832.0
Zone1,0,1,20355624,all,3186.0
Zone1,0,1,20355625,all,3469.2
Zone1,0,1,20355626,all,3540.0
Zone1,0,1,20355627,all,3504.6
Zone1,0,1,20355628,all,3433.8
Zone1,0,1,20355629,all,3363.0
Zone1,0,1,20355630,all,3292.2
Zone1,0,1,20355631,all,3256.8
Zone1,0,1,20355632,all,3292.2
Zone1,0,1,20355633,all,3363.0
Zone1,0,1,20355634,all,3540.0
Zone1,0,1,20355635,all,3610.8
Zone1,0,1,20355636,all,3646.2
Zone1,0,1,20355637,all,3575.4
Zone1,0,1,20355638,all,3398.4
Zone1,0,1,20355639,all,3115.2
Zone1,0,1,20355640,all,2832.0
Zone1,0,1,20355641,all,2655.0
Zone1,0,1,20355642,all,2548.8
Zone1,0,1,20355643,all,2478.0
Zone1,0,1,20355644,all,2407.2
Zone1,0,1,20355645,all,2442.6
Zone1,0,1,20355646,all,2548.8
Zone1,0,1,20355647,all,2832.0
Zone1,0,1,20355648,all,3186.0
Zone1,0,1,20355649,all,3469.2
Zone1,0,1,20355650,all,3540.0
Zone1,0,1,20355651,all,3504.6
Zone1,0,1,20355652,all,3433.8
Zone1,0,1,20355653,all,3363.0
Zone1,0,1,20355654,all,3292.2
Zone1,0,1,20355655,all,3256.8
Zone1,0,1,20355656,all,3292.2
Zone1,0,1,20355657,all,3363.0
Zone1,0,1,20355658,all,3540.0
Zone1,0,1,20355659,all,3610.8
Zone1,0,1,20355660,all,3646.2
Zone1,0,1,20355661,all,3575.4
Zone1,0,1,20355662,all,3398.4
Zone1,0,1,20355663,all,3115.2
Zone1,0,1,20355664,all,2832.0
Zone1,0,1,20355665,all,2655.0
Zone1,0,1,20355666,all,2548.8
Zone1,0,1,20355667,all,2478.0
Zone1,0,1,20355668,all,2407.2
Zone1,0,1,20355669,all,2442.6
Zone1,0,1,20355670,all,2548.8
Zone1,0,1,20355671,all,2832.0
Zone1,0,1,20355672,all,3186.0
Zone1,0,1,20355673,all,3469.2
Zone1,0,1,20355674,all,3540.0
Zone1,0,1,20355675,all,3504.6
Zone1,0,1,20355676,all,3433.8
Zone1,0,1,20355677,all,3363.0
Zone1,0,1,20355678,all,3292.2
Zone1,0,1,20355679,all,3256.8
Zone1,0,1,20355680,all,3292.2
Zone1,0,1,20355681,all,3363.0
Zone1,0,1,20355682,all,3540.0
Zone1,0,1,20355683,all,3610.8
Zone1,0,1,20355684,all,3646.2
Zone1,0,1,20355685,all,3575.4
Zone1,0,1,20355686,all,3398.4
Zone1,0,1,20355687,all,3115.2
Zone1,0,1,20355688,all,2832.0
Zone1,0,1,20355689,all,2655.0
Zone1,0,1,20355690,all,2548.8
Zone1,0,1,20355691,all,2478.0
Zone1,0,1,20355692,all,2407.2
Zone1,0,1,20355693,all,2442.6
Zone1,0,1,20355694,all,2548.8
Zone1,0,1,20355695,all,2832.0
Zone1,0,1,20355696,all,3186.0
Zone1,0,1,20355697,all,3469.2
Zone1,0,1,20355698,all,3540.0
Zone1,0,1,20355699,all,3504.6
Zone1,0,1,20355700,all,3433.8
Zone1,0,1,20355701,all,3363.0
Zone1,0,1,20355702,all,3292.2
Zone1,0,1,20355703,all,3256.8
Zone1,0,1,20355704,all,3292.2
Zone1,0,1,20355705,all,3363.0
Zone1,0,1,20355706,all,3540.0
Zone1,0,1,20355707,all,3610.8
Zone1,0,1,20355708,all,3646.2
Zone1,0,1,20355709,all,3575.4
Zone1,0,1,20355710,all,3398.4
Zone1,0,1,20355711,all,3115.2
Zone1,0,1,20355712,all,2832.0
Zone1,0,1,20355713,all,2655.0
Zone1,0,1,20355714,all,2548.8
Zone1,0,1,20355715,all,2478.0
Zone1,0,1,20355716,all,2407.2
Zone1,0,1,20355717,all,2442.6
Zone1,0,1,20355718,all,2548.8
Zone1,0,1,20355719,all,2832.0
Zone1,0,1,20355720,all,3186.0
Zone1,0,1,20355721,all,3469.2
Zone1,0,1,20355722,all,3540.0
Zone1,0,1,20355723,all,3504.6
Zone1,0,1,20355724,all,3433.8
Zone1,0,1,20355725,all,3363.0
Zone1,0,1,20355726,all,3292.2
Zone1,0,1,20355727,all,3256.8
Zone1,0,1,20355728,all,3292.2
Zone1,0,1,20355729,all,3363.0
Zone1,0,1,20355730,all,3540.0
Zone1,0,1,20355731,all,3610.8
Zone1,0,1,20355732,all,3646.2
Zone1,0,1,20355733,all,3575.4
Zone1,0,1,20355734,all,3398.4
Zone1,0,1,20355735,all,3115.2
Zone1,0,1,20355736,all,2832.0
Zone1,0,1,20355737,all,2655.0
Zone1,0,1,20355738,all,2548.8
Zone1,0,1,20355739,all,2478.0
Zone1,0,1,20355740,all,2407.2
Zone1,0,1,20355741,all,2442.6
Zone1,0,1,20355742,all,2548.8
Zone1,0,1,20355743,all,2832.0
Zone1,0,1,20355744,all,3186.0
Zone1,0,1,20355745,all,3469.2
Zone1,0,1,20355746,all,3540.0
Zone1,0,1,20355747,all,3504.6
Zone1,0,1,20355748,all,3433.8
Zone1,0,1,20355749,all,3363.0
Zone1,0,1,20355750,all,3292.2
Zone1,0,1,20355751,all,3256.8
Zone1,0,1,20355752,all,3292.2
Zone1,0,1,20355753,all,3363.0
Zone1,0,1,20355754,all,3540.0
Zone1,0,1,20355755,all,3610.8
Zone1,0,1,20355756,all,3646.2
Zone1,0,1,20355757,all,3575.4
Zone1,0,1,20355758,all,3398.4
Zone1,0,1,20355759,all,3115.2
Zone1,0,1,20355760,all,2832.0
Zone1,0,1,20355761,all,2655.0
Zone1,0,1,20355762,all,2548.8
Zone1,0,1,20355763,all,2478.0
Zone1,0,1,20355764,all,2407.2
Zone1,0,1,20355765,all,2442.6
Zone1,0,1,20355766,all,2548.8
Zone1,0,1,20355767,all,2832.0
Zone1,0,1,20355768,all,3186.0
Zone1,0,1,20355769,all,3469.2
Zone1,0,1,20355770,all,3540.0
Zone1,0,1,20355771,all,3504.6
Zone1,0,1,20355772,all,3433.8
Zone1,0,1,20355773,all,3363.0
Zone1,0,1,20355774,all,3292.2
Zone1,0,1,20355775,all,3256.8
Zone1,0,1,20355776,all,3292.2
Zone1,0,1,20355777,all,3363.0
Zone1,0,1,20355778,all,3540.0
Zone1,0,1,20355779,all,3610.8
Zone1,0,1,20355780,all,3646.2
Zone1,0,1,20355781,all,3575.4
Zone1,0,1,20355782,all,3398.4
Zone1,0,1,20355783,all,3115.2
Zone1,0,1,20355784,all,2832.0
Zone1,0,1,20355785,all,2655.0
Zone1,0,1,20355786,all,2548.8
Zone1,0,1,20355787,all,2478.0
Zone1,0,1,20355788,all,2407.2
Zone1,0,1,20355789,all,2442.6
Zone1,0,1,20355790,all,2548.8
Zone1,0,1,20355791,all,2832.0
Zone1,0,1,20355792,all,3186.0
Zone1,0,1,20355793,all,3469.2
Zone1,0,1,20355794,all,3540.0
Zone1,0,1,20355795,all,3504.6
Zone1,0,1,20355796,all,3433.8
Zone1,0,1,20355797,all,3363.0
Zone1,0,1,20355798,all,3292.2
Zone1,0,1,20355799,all,3256.8
Zone1,0,1,20355800,all,3292.2
Zone1,0,1,20355801,all,3363.0
Zone1,0,1,20355802,all,3540.0
Zone1,0,1,20355803,all,3610.8
Zone1,0,1,20355804,all,3646.2
Zone1,0,1,20355805,all,3575.4
Zone1,0,1,20355806,all,3398.4
Zone1,0,1,20355807,all,3115.2
Zone1,0,1,20355808,all,2832.0
Zone1,0,1,20355809,all,2655.0
Zone1,0,1,20355810,all,2548.8
Zone1,0,1,20355811,all,2478.0
Zone1,0,1,20355812,all,2407.2
Zone1,0,1,20355813,all,2442.6
Zone1,0,1,20355814,all,2548.8
Zone1,0,1,20355815,all,2832.0
Zone1,0,1,20355816,all,3186.0
Zone1,0,1,20355817,all,3469.2
Zone1,0,1,20355818,all,3540.0
Zone1,0,1,20355819,all,3504.6
Zone1,0,1,20355820,all,3433.8
Zone1,0,1,20355821,all,3363.0
Zone1,0,1,20355822,all,3292.2
Zone1,0,1,20355823,all,3256.8
Zone1,0,1,20355824,all,3292.2
Zone1,0,1,20355825,all,3363.0
Zone1,0,1,20355826,all,3540.0
Zone1,0,1,20355827,all,3610.8
Zone1,0,1,20355828,all,3646.2
Zone1,0,1,20355829,all,3575.4
Zone1,0,1,20355830,all,3398.4
Zone1,0,1,20355831,all,3115.2
Zone1,0,1,20355832,all,2832.0
Zone1,0,1,20355833,all,2137.5
Zone1,0,1,20355834,all,2052.0
Zone1,0,1,20355835,all,1995.0
Zone1,0,1,20355836,all,1938.0
Zone1,0,1,20355837,all,1966.5
Zone1,0,1,20355838,all,2052.0
Zone1,0,1,20355839,all,2280.0
Zone1,0,1,20355840,all,2565.0
Zone1,0,1,20355841,all,2793.0
Zone1,0,1,20355842,all,2850.0
Zone1,0,1,20355843,all,2821.5
Zone1,0,1,20355844,all,2764.5
Zone1,0,1,20355845,all,2707.5
Zone1,0,1,20355846,all,2650.5
Zone1,0,1,20355847,all,2622.0
Zone1,0,1,20355848,all,2650.5
Zone1,0,1,20355849,all,2707.5
Zone1,0,1,20355850,all,2850.0
Zone1,0,1,20355851,all,2907.0
Zone1,0,1,20355852,all,2935.5
Zone1,0,1,20355853,all,2878.5
Zone1,0,1,20355854,all,2736.0
Zone1,0,1,20355855,all,2508.0
Zone1,0,1,20355856,all,2280.0
Zone1,0,1,20355857,all,2137.5
Zone1,0,1,20355858,all,2052.0
Zone1,0,1,20355859,all,1995.0
Zone1,0,1,20355860,all,1938.0
Zone1,0,1,20355861,all,1966.5
Zone1,0,1,20355862,all,2052.0
Zone1,0,1,20355863,all,2280.0
Zone1,0,1,20355864,all,2565.0
Zone1,0,1,20355865,all,2793.0
Zone1,0,1,20355866,all,2850.0
Zone1,0,1,20355867,all,2821.5
Zone1,0,1,20355868,all,2764.5
Zone1,0,1,20355869,all,2707.5
Zone1,0,1,20355870,all,2650.5
Zone1,0,1,20355871,all,2622.0
Zone1,0,1,20355872,all,2650.5
Zone1,0,1,20355873,all,2707.5
Zone1,0,1,20355874,all,2850.0
Zone1,0,1,20355875,all,2907.0
Zone1,0,1,20355876,all,2935.5
Zone1,0,1,20355877,all,2878.5
Zone1,0,1,20355878,all,2736.0
Zone1,0,1,20355879,all,2508.0
Zone1,0,1,20355880,all,2280.0
Zone1,0,1,20355881,all,2137.5
Zone1,0,1,20355882,all,2052.0
Zone1,0,1,20355883,all,1995.0
Zone1,0,1,20355884,all,1938.0
Zone1,0,1,20355885,all,1966.5
Zone1,0,1,20355886,all,2052.0
Zone1,0,1,20355887,all,2280.0
Zone1,0,1,20355888,all,2565.0
Zone1,0,1,20355889,all,2793.0
Zone1,0,1,20355890,all,2850.0
Zone1,0,1,20355891,all,2821.5
Zone1,0,1,20355892,all,2764.5
Zone1,0,1,20355893,all,2707.5
Zone1,0,1,20355894,all,2650.5
Zone1,0,1,20355895,all,2622.0
Zone1,0,1,20355896,all,2650.5
Zone1,0,1,20355897,all,2707.5
Zone1,0,1,20355898,all,2850.0
Zone1,0,1,20355899,all,2907.0
Zone1,0,1,20355900,all,2935.5
Zone1,0,1,20355901,all,2878.5
Zone1,0,1,20355902,all,2736.0
Zone1,0,1,20355903,all,2508.0
Zone1,0,1,20355904,all,2280.0
Zone1,0,1,20355905,all,2137.5
Zone1,0,1,20355906,all,2052.0
Zone1,0,1,20355907,all,1995.0
Zone1,0,1,20355908,all,1938.0
Zone1,0,1,20355909,all,1966.5
Zone1,0,1,20355910,all,2052.0
Zone1,0,1,20355911,all,2280.0
Zone1,0,1,20355912,all,2565.0
Zone1,0,1,20355913,all,2793.0
Zone1,0,1,20355914,all,2850.0
Zone1,0,1,20355915,all,2821.5
Zone1,0,1,20355916,all,2764.5
Zone1,0,1,20355917,all,2707.5
Zone1,0,1,20355918,all,2650.5
Zone1,0,1,20355919,all,2622.0
Zone1,0,1,20355920,all,2650.5
Zone1,0,1,20355921,all,2707.5
Zone1,0,1,20355922,all,2850.0
Zone1,0,1,20355923,all,2907.0
Zone1,0,1,20355924,all,2935.5
Zone1,0,1,20355925,all,2878.5
Zone1,0,1,20355926,all,2736.0
Zone1,0,1,20355927,all,2508.0
Zone1,0,1,20355928,all,2280.0
Zone1,0,1,20355929,all,2137.5
Zone1,0,1,20355930,all,2052.0
Zone1,0,1,20355931,all,1995.0
Zone1,0,1,20355932,all,1938.0
Zone1,0,1,20355933,all,1966.5
Zone1,0,1,20355934,all,2052.0
Zone1,0,1,20355935,all,2280.0
Zone1,0,1,20355936,all,2565.0
Zone1,0,1,20355937,all,2793.0
Zone1,0,1,20355938,all,2850.0
Zone1,0,1,20355939,all,2821.5
Zone1,0,1,20355940,all,2764.5
Zone1,0,1,20355941,all,2707.5
Zone1,0,1,20355942,all,2650.5
Zone1,0,1,20355943,all,2622.0
Zone1,0,1,20355944,all,2650.5
Zone1,0,1,20355945,all,2707.5
Zone1,0,1,20355946,all,2850.0
Zone1,0,1,20355947,all,2907.0
Zone1,0,1,20355948,all,2935.5
Zone1,0,1,20355949,all,2878.5
Zone1,0,1,20355950,all,2736.0
Zone1,0,1,20355951,all,2508.0
Zone1,0,1,20355952,all,2280.0
Zone1,0,1,20355953,all,2137.5
Zone1,0,1,20355954,all,2052.0
Zone1,0,1,20355955,all,1995.0
Zone1,0,1,20355956,all,1938.0
Zone1,0,1,20355957,all,1966.5
Zone1,0,1,20355958,all,2052.0
Zone1,0,1,20355959,all,2280.0
Zone1,0,1,20355960,all,2565.0
Zone1,0,1,20355961,all,2793.0
Zone1,0,1,20355962,all,2850.0
Zone1,0,1,20355963,all,2821.5
Zone1,0,1,20355964,all,2764.5
Zone1,0,1,20355965,all,2707.5
Zone1,0,1,20355966,all,2650.5
Zone1,0,1,20355967,all,2622.0
Zone1,0,1,20355968,all,2650.5
Zone1,0,1,20355969,all,2707.5
Zone1,0,1,20355970,all,2850.0
Zone1,0,1,20355971,all,2907.0
Zone1,0,1,20355972,all,2935.5
Zone1,0,1,20355973,all,2878.5
Zone1,0,1,20355974,all,2736.0
Zone1,0,1,20355975,all,2508.0
Zone1,0,1,20355976,all,2280.0
Zone1,0,1,20355977,all,2137.5
Zone1,0,1,20355978,all,2052.0
Zone1,0,1,20355979,all,1995.0
Zone1,0,1,20355980,all,1938.0
Zone1,0,1,20355981,all,1966.5
Zone1,0,1,20355982,all,2052.0
Zone1,0,1,20355983,all,2280.0
Zone1,0,1,20355984,all,2565.0
Zone1,0,1,20355985,all,2793.0
Zone1,0,1,20355986,all,2850.0
Zone1,0,1,20355987,all,2821.5
Zone1,0,1,20355988,all,2764.5
Zone1,0,1,20355989,all,2707.5
Zone1,0,1,20355990,all,2650.5
Zone1,0,1,20355991,all,2622.0
Zone1,0,1,20355992,all,2650.5
Zone1,0,1,20355993,all,2707.5
Zone1,0,1,20355994,all,2850.0
Zone1,0,1,20355995,all,2907.0
Zone1,0,1,20355996,all,2935.5
Zone1,0,1,20355997,all,2878.5
Zone1,0,1,20355998,all,2736.0
Zone1,0,1,20355999,all,2508.0
Zone1,0,1,20356000,all,2280.0
Zone1,0,1,20356001,all,2137.5
Zone1,0,1,20356002,all,2052.0
Zone1,0,1,20356003,all,1995.0
Zone1,0,1,20356004,all,1938.0
Zone1,0,1,20356005,all,1966.5
Zone1,0,1,20356006,all,2052.0
Zone1,0,1,20356007,all,2280.0
Zone1,0,1,20356008,all,2565.0
Zone1,0,1,20356009,all,2793.0
Zone1,0,1,20356010,all,2850.0
Zone1,0,1,20356011,all,2821.5
Zone1,0,1,20356012,all,2764.5
Zone1,0,1,20356013,all,2707.5
Zone1,0,1,20356014,all,2650.5
Zone1,0,1,20356015,all,2622.0
Zone1,0,1,20356016,all,2650.5
Zone1,0,1,20356017,all,2707.5
Zone1,0,1,20356018,all,2850.0
Zone1,0,1,20356019,all,2907.0
Zone1,0,1,20356020,all,2935.5
Zone1,0,1,20356021,all,2878.5
Zone1,0,1,20356022,all,2736.0
Zone1,0,1,20356023,all,2508.0
Zone1,0,1,20356024,all,2280.0
Zone1,0,1,20356025,all,2137.5
Zone1,0,1,20356026,all,2052.0
Zone1,0,1,20356027,all,1995.0
Zone1,0,1,20356028,all,1938.0
Zone1,0,1,20356029,all,1966.5
Zone1,0,1,20356030,all,2052.0
Zone1,0,1,20356031,all,2280.0
Zone1,0,1,20356032,all,2565.0
Zone1,0,1,20356033,all,2793.0
Zone1,0,1,20356034,all,2850.0
Zone1,0,1,20356035,all,2821.5
Zone1,0,1,20356036,all,2764.5
Zone1,0,1,20356037,all,2707.5
Zone1,0,1,20356038,all,2650.5
Zone1,0,1,20356039,all,2622.0
Zone1,0,1,20356040,all,2650.5
Zone1,0,1,20356041,all,2707.5
Zone1,0,1,20356042,all,2850.0
Zone1,0,1,20356043,all,2907.0
Zone1,0,1,20356044,all,2935.5
Zone1,0,1,20356045,all,2878.5
Zone1,0,1,20356046,all,2736.0
Zone1,0,1,20356047,all,2508.0
Zone1,0,1,20356048,all,2280.0
Zone1,0,1,20356049,all,2137.5
Zone1,0,1,20356050,all,2052.0
Zone1,0,1,20356051,all,1995.0
Zone1,0,1,20356052,all,1938.0
Zone1,0,1,20356053,all,1966.5
Zone1,0,1,20356054,all,2052.0
Zone1,0,1,20356055,all,2280.0
Zone1,0,1,20356056,all,2565.0
Zone1,0,1,20356057,all,2793.0
Zone1,0,1,20356058,all,2850.0
Zone1,0,1,20356059,all,2821.5
Zone1,0,1,20356060,all,2764.5
Zone1,0,1,20356061,all,2707.5
Zone1,0,1,20356062,all,2650.5
Zone1,0,1,20356063,all,2622.0
Zone1,0,1,20356064,all,2650.5
Zone1,0,1,20356065,all,2707.5
Zone1,0,1,20356066,all,2850.0
Zone1,0,1,20356067,all,2907.0
Zone1,0,1,20356068,all,2935.5
Zone1,0,1,20356069,all,2878.5
Zone1,0,1,20356070,all,2736.0
Zone1,0,1,20356071,all,2508.0
Zone1,0,1,20356072,all,2280.0
Zone1,0,1,20356073,all,2137.5
Zone1,0,1,20356074,all,2052.0
Zone1,0,1,20356075,all,1995.0
Zone1,0,1,20356076,all,1938.0
Zone1,0,1,20356077,all,1966.5
Zone1,0,1,20356078,all,2052.0
Zone1,0,1,20356079,all,2280.0
Zone1,0,1,20356080,all,2565.0
Zone1,0,1,20356081,all,2793.0
Zone1,0,1,20356082,all,2850.0
Zone1,0,1,20356083,all,2821.5
Zone1,0,1,20356084,all,2764.5
Zone1,0,1,20356085,all,2707.5
Zone1,0,1,20356086,all,2650.5
Zone1,0,1,20356087,all,2622.0
Zone1,0,1,20356088,all,2650.5
Zone1,0,1,20356089,all,2707.5
Zone1,0,1,20356090,all,2850.0
Zone1,0,1,20356091,all,2907.0
Zone1,0,1,20356092,all,2935.5
Zone1,0,1,20356093,all,2878.5
Zone1,0,1,20356094,all,2736.0
Zone1,0,1,20356095,all,2508.0
Zone1,0,1,20356096,all,2280.0
Zone1,0,1,20356097,all,2137.5
Zone1,0,1,20356098,all,2052.0
Zone1,0,1,20356099,all,1995.0
Zone1,0,1,20356100,all,1938.0
Zone1,0,1,20356101,all,1966.5
Zone1,0,1,20356102,all,2052.0
Zone1,0,1,20356103,all,2280.0
Zone1,0,1,20356104,all,2565.0
Zone1,0,1,20356105,all,2793.0
Zone1,0,1,20356106,all,2850.0
Zone1,0,1,20356107,all,2821.5
Zone1,0,1,20356108,all,2764.5
Zone1,0,1,20356109,all,2707.5
Zone1,0,1,20356110,all,2650.5
Zone1,0,1,20356111,all,2622.0
Zone1,0,1,20356112,all,2650.5
Zone1,0,1,20356113,all,2707.5
Zone1,0,1,20356114,all,2850.0
Zone1,0,1,20356115,all,2907.0
Zone1,0,1,20356116,all,2935.5
Zone1,0,1,20356117,all,2878.5
Zone1,0,1,20356118,all,2736.0
Zone1,0,1,20356119,all,2508.0
Zone1,0,1,20356120,all,2280.0
Zone1,0,1,20356121,all,2137.5
Zone1,0,1,20356122,all,2052.0
Zone1,0,1,20356123,all,1995.0
Zone1,0,1,20356124,all,1938.0
Zone1,0,1,20356125,all,1966.5
Zone1,0,1,20356126,all,2052.0
Zone1,0,1,20356127,all,2280.0
Zone1,0,1,20356128,all,2565.0
Zone1,0,1,20356129,all,2793.0
Zone1,0,1,20356130,all,2850.0
Zone1,0,1,20356131,all,2821.5
Zone1,0,1,20356132,all,2764.5
Zone1,0,1,20356133,all,2707.5
Zone1,0,1,20356134,all,2650.5
Zone1,0,1,20356135,all,2622.0
Zone1,0,1,20356136,all,2650.5
Zone1,0,1,20356137,all,2707.5
Zone1,0,1,20356138,all,2850.0
Zone1,0,1,20356139,all,2907.0
Zone1,0,1,20356140,all,2935.5
Zone1,0,1,20356141,all,2878.5
Zone1,0,1,20356142,all,2736.0
Zone1,0,1,20356143,all,2508.0
Zone1,0,1,20356144,all,2280.0
Zone1,0,1,20356145,all,2137.5
Zone1,0,1,20356146,all,2052.0
Zone1,0,1,20356147,all,1995.0
Zone1,0,1,20356148,all,1938.0
Zone1,0,1,20356149,all,1966.5
Zone1,0,1,20356150,all,2052.0
Zone1,0,1,20356151,all,2280.0
Zone1,0,1,20356152,all,2565.0
Zone1,0,1,20356153,all,2793.0
Zone1,0,1,20356154,all,2850.0
Zone1,0,1,20356155,all,2821.5
Zone1,0,1,20356156,all,2764.5
Zone1,0,1,20356157,all,2707.5
Zone1,0,1,20356158,all,2650.5
Zone1,0,1,20356159,all,2622.0
Zone1,0,1,20356160,all,2650.5
Zone1,0,1,20356161,all,2707.5
Zone1,0,1,20356162,all,2850.0
Zone1,0,1,20356163,all,2907.0
Zone1,0,1,20356164,all,2935.5
Zone1,0,1,20356165,all,2878.5
Zone1,0,1,20356166,all,2736.0
Zone1,0,1,20356167,all,2508.0
Zone1,0,1,20356168,all,2280.0
Zone1,0,1,20356169,all,2137.5
Zone1,0,1,20356170,all,2052.0
Zone1,0,1,20356171,all,1995.0
Zone1,0,1,20356172,all,1938.0
Zone1,0,1,20356173,all,1966.5
Zone1,0,1,20356174,all,2052.0
Zone1,0,1,20356175,all,2280.0
Zone1,0,1,20356176,all,2565.0
Zone1,0,1,20356177,all,2793.0
Zone1,0,1,20356178,all,2850.0
Zone1,0,1,20356179,all,2821.5
Zone1,0,1,20356180,all,2764.5
Zone1,0,1,20356181,all,2707.5
Zone1,0,1,20356182,all,2650.5
Zone1,0,1,20356183,all,2622.0
Zone1,0,1,20356184,all,2650.5
Zone1,0,1,20356185,all,2707.5
Zone1,0,1,20356186,all,2850.0
Zone1,0,1,20356187,all,2907.0
Zone1,0,1,20356188,all,2935.5
Zone1,0,1,20356189,all,2878.5
Zone1,0,1,20356190,all,2736.0
Zone1,0,1,20356191,all,2508.0
Zone1,0,1,20356192,all,2280.0
Zone1,0,1,20356193,all,2137.5
Zone1,0,1,20356194,all,2052.0
Zone1,0,1,20356195,all,1995.0
Zone1,0,1,20356196,all,1938.0
Zone1,0,1,20356197,all,1966.5
Zone1,0,1,20356198,all,2052.0
Zone1,0,1,20356199,all,2280.0
Zone1,0,1,20356200,all,2565.0
Zone1,0,1,20356201,all,2793.0
Zone1,0,1,20356202,all,2850.0
Zone1,0,1,20356203,all,2821.5
Zone1,0,1,20356204,all,2764.5
Zone1,0,1,20356205,all,2707.5
Zone1,0,1,20356206,all,2650.5
Zone1,0,1,20356207,all,2622.0
Zone1,0,1,20356208,all,2650.5
Zone1,0,1,20356209,all,2707.5
Zone1,0,1,20356210,all,2850.0
Zone1,0,1,20356211,all,2907.0
Zone1,0,1,20356212,all,2935.5
Zone1,0,1,20356213,all,2878.5
Zone1,0,1,20356214,all,2736.0
Zone1,0,1,20356215,all,2508.0
Zone1,0,1,20356216,all,2280.0
Zone1,0,1,20356217,all,2137.5
Zone1,0,1,20356218,all,2052.0
Zone1,0,1,20356219,all,1995.0
Zone1,0,1,20356220,all,1938.0
Zone1,0,1,20356221,all,1966.5
Zone1,0,1,20356222,all,2052.0
Zone1,0,1,20356223,all,2280.0
Zone1,0,1,20356224,all,2565.0
Zone1,0,1,20356225,all,2793.0
Zone1,0,1,20356226,all,2850.0
Zone1,0,1,20356227,all,2821.5
Zone1,0,1,20356228,all,2764.5
Zone1,0,1,20356229,all,2707.5
Zone1,0,1,20356230,all,2650.5
Zone1,0,1,20356231,all,2622.0
Zone1,0,1,20356232,all,2650.5
Zone1,0,1,20356233,all,2707.5
Zone1,0,1,20356234,all,2850.0
Zone1,0,1,20356235,all,2907.0
Zone1,0,1,20356236,all,2935.5
Zone1,0,1,20356237,all,2878.5
Zone1,0,1,20356238,all,2736.0
Zone1,0,1,20356239,all,2508.0
Zone1,0,1,20356240,all,2280.0
Zone1,0,1,20356241,all,2137.5
Zone1,0,1,20356242,all,2052.0
Zone1,0,1,20356243,all,1995.0
Zone1,0,1,20356244,all,1938.0
Zone1,0,1,20356245,all,1966.5
Zone1,0,1,20356246,all,2052.0
Zone1,0,1,20356247,all,2280.0
Zone1,0,1,20356248,all,2565.0
Zone1,0,1,20356249,all,2793.0
Zone1,0,1,20356250,all,2850.0
Zone1,0,1,20356251,all,2821.5
Zone1,0,1,20356252,all,2764.5
Zone1,0,1,20356253,all,2707.5
Zone1,0,1,20356254,all,2650.5
Zone1,0,1,20356255,all,2622.0
Zone1,0,1,20356256,all,2650.5
Zone1,0,1,20356257,all,2707.5
Zone1,0,1,20356258,all,2850.0
Zone1,0,1,20356259,all,2907.0
Zone1,0,1,20356260,all,2935.5
Zone1,0,1,20356261,all,2878.5
Zone1,0,1,20356262,all,2736.0
Zone1,0,1,20356263,all,2508.0
Zone1,0,1,20356264,all,2280.0
Zone1,0,1,20356265,all,2137.5
Zone1,0,1,20356266,all,2052.0
Zone1,0,1,20356267,all,1995.0
Zone1,0,1,20356268,all,1938.0
Zone1,0,1,20356269,all,1966.5
Zone1,0,1,20356270,all,2052.0
Zone1,0,1,20356271,all,2280.0
Zone1,0,1,20356272,all,2565.0
Zone1,0,1,20356273,all,2793.0
Zone1,0,1,20356274,all,2850.0
Zone1,0,1,20356275,all,2821.5
Zone1,0,1,20356276,all,2764.5
Zone1,0,1,20356277,all,2707.5
Zone1,0,1,20356278,all,2650.5
Zone1,0,1,20356279,all,2622.0
Zone1,0,1,20356280,all,2650.5
Zone1,0,1,20356281,all,2707.5
Zone1,0,1,20356282,all,2850.0
Zone1,0,1,20356283,all,2907.0
Zone1,0,1,20356284,all,2935.5
Zone1,0,1,20356285,all,2878.5
Zone1,0,1,20356286,all,2736.0
Zone1,0,1,20356287,all,2508.0
Zone1,0,1,20356288,all,2280.0
Zone1,0,1,20356289,all,2137.5
Zone1,0,1,20356290,all,2052.0
Zone1,0,1,20356291,all,1995.0
Zone1,0,1,20356292,all,1938.0
Zone1,0,1,20356293,all,1966.5
Zone1,0,1,20356294,all,2052.0
Zone1,0,1,20356295,all,2280.0
Zone1,0,1,20356296,all,2565.0
Zone1,0,1,20356297,all,2793.0
Zone1,0,1,20356298,all,2850.0
Zone1,0,1,20356299,all,2821.5
Zone1,0,1,20356300,all,2764.5
Zone1,0,1,20356301,all,2707.5
Zone1,0,1,20356302,all,2650.5
Zone1,0,1,20356303,all,2622.0
Zone1,0,1,20356304,all,2650.5
Zone1,0,1,20356305,all,2707.5
Zone1,0,1,20356306,all,2850.0
Zone1,0,1,20356307,all,2907.0
Zone1,0,1,20356308,all,2935.5
Zone1,0,1,20356309,all,2878.5
Zone1,0,1,20356310,all,2736.0
Zone1,0,1,20356311,all,2508.0
Zone1,0,1,20356312,all,2280.0
Zone1,0,1,20356313,all,2137.5
Zone1,0,1,20356314,all,2052.0
Zone1,0,1,20356315,all,1995.0
Zone1,0,1,20356316,all,1938.0
Zone1,0,1,20356317,all,1966.5
Zone1,0,1,20356318,all,2052.0
Zone1,0,1,20356319,all,2280.0
Zone1,0,1,20356320,all,2565.0
Zone1,0,1,20356321,all,2793.0
Zone1,0,1,20356322,all,2850.0
Zone1,0,1,20356323,all,2821.5
Zone1,0,1,20356324,all,2764.5
Zone1,0,1,20356325,all,2707.5
Zone1,0,1,20356326,all,2650.5
Zone1,0,1,20356327,all,2622.0
Zone1,0,1,20356328,all,2650.5
Zone1,0,1,20356329,all,2707.5
Zone1,0,1,20356330,all,2850.0
Zone1,0,1,20356331,all,2907.0
Zone1,0,1,20356332,all,2935.5
Zone1,0,1,20356333,all,2878.5
Zone1,0,1,20356334,all,2736.0
Zone1,0,1,20356335,all,2508.0
Zone1,0,1,20356336,all,2280.0
Zone1,0,1,20356337,all,2137.5
Zone1,0,1,20356338,all,2052.0
Zone1,0,1,20356339,all,1995.0
Zone1,0,1,20356340,all,1938.0
Zone1,0,1,20356341,all,1966.5
Zone1,0,1,20356342,all,2052.0
Zone1,0,1,20356343,all,2280.0
Zone1,0,1,20356344,all,2565.0
Zone1,0,1,20356345,all,2793.0
Zone1,0,1,20356346,all,2850.0
Zone1,0,1,20356347,all,2821.5
Zone1,0,1,20356348,all,2764.5
Zone1,0,1,20356349,all,2707.5
Zone1,0,1,20356350,all,2650.5
Zone1,0,1,20356351,all,2622.0
Zone1,0,1,20356352,all,2650.5
Zone1,0,1,20356353,all,2707.5
Zone1,0,1,20356354,all,2850.0
Zone1,0,1,20356355,all,2907.0
Zone1,0,1,20356356,all,2935.5
Zone1,0,1,20356357,all,2878.5
Zone1,0,1,20356358,all,2736.0
Zone1,0,1,20356359,all,2508.0
Zone1,0,1,20356360,all,2280.0
Zone1,0,1,20356361,all,2137.5
Zone1,0,1,20356362,all,2052.0
Zone1,0,1,20356363,all,1995.0
Zone1,0,1,20356364,all,1938.0
Zone1,0,1,20356365,all,1966.5
Zone1,0,1,20356366,all,2052.0
Zone1,0,1,20356367,all,2280.0
Zone1,0,1,20356368,all,2565.0
Zone1,0,1,20356369,all,2793.0
Zone1,0,1,20356370,all,2850.0
Zone1,0,1,20356371,all,2821.5
Zone1,0,1,20356372,all,2764.5
Zone1,0,1,20356373,all,2707.5
Zone1,0,1,20356374,all,2650.5
Zone1,0,1,20356375,all,2622.0
Zone1,0,1,20356376,all,2650.5
Zone1,0,1,20356377,all,2707.5
Zone1,0,1,20356378,all,2850.0
Zone1,0,1,20356379,all,2907.0
Zone1,0,1,20356380,all,2935.5
Zone1,0,1,20356381,all,2878.5
Zone1,0,1,20356382,all,2736.0
Zone1,0,1,20356383,all,2508.0
Zone1,0,1,20356384,all,2280.0
Zone1,0,1,20356385,all,2137.5
Zone1,0,1,20356386,all,2052.0
Zone1,0,1,20356387,all,1995.0
Zone1,0,1,20356388,all,1938.0
Zone1,0,1,20356389,all,1966.5
Zone1,0,1,20356390,all,2052.0
Zone1,0,1,20356391,all,2280.0
Zone1,0,1,20356392,all,2565.0
Zone1,0,1,20356393,all,2793.0
Zone1,0,1,20356394,all,2850.0
Zone1,0,1,20356395,all,2821.5
Zone1,0,1,20356396,all,2764.5
Zone1,0,1,20356397,all,2707.5
Zone1,0,1,20356398,all,2650.5
Zone1,0,1,20356399,all,2622.0
Zone1,0,1,20356400,all,2650.5
Zone1,0,1,20356401,all,2707.5
Zone1,0,1,20356402,all,2850.0
Zone1,0,1,20356403,all,2907.0
Zone1,0,1,20356404,all,2935.5
Zone1,0,1,20356405,all,2878.5
Zone1,0,1,20356406,all,2736.0
Zone1,0,1,20356407,all,2508.0
Zone1,0,1,20356408,all,2280.0
Zone1,0,1,20356409,all,2137.5
Zone1,0,1,20356410,all,2052.0
Zone1,0,1,20356411,all,1995.0
Zone1,0,1,20356412,all,1938.0
Zone1,0,1,20356413,all,1966.5
Zone1,0,1,20356414,all,2052.0
Zone1,0,1,20356415,all,2280.0
Zone1,0,1,20356416,all,2565.0
Zone1,0,1,20356417,all,2793.0
Zone1,0,1,20356418,all,2850.0
Zone1,0,1,20356419,all,2821.5
Zone1,0,1,20356420,all,2764.5
Zone1,0,1,20356421,all,2707.5
Zone1,0,1,20356422,all,2650.5
Zone1,0,1,20356423,all,2622.0
Zone1,0,1,20356424,all,2650.5
Zone1,0,1,20356425,all,2707.5
Zone1,0,1,20356426,all,2850.0
Zone1,0,1,20356427,all,2907.0
Zone1,0,1,20356428,all,2935.5
Zone1,0,1,20356429,all,2878.5
Zone1,0,1,20356430,all,2736.0
Zone1,0,1,20356431,all,2508.0
Zone1,0,1,20356432,all,2280.0
Zone1,0,1,20356433,all,2137.5
Zone1,0,1,20356434,all,2052.0
Zone1,0,1,20356435,all,1995.0
Zone1,0,1,20356436,all,1938.0
Zone1,0,1,20356437,all,1966.5
Zone1,0,1,20356438,all,2052.0
Zone1,0,1,20356439,all,2280.0
Zone1,0,1,20356440,all,2565.0
Zone1,0,1,20356441,all,2793.0
Zone1,0,1,20356442,all,2850.0
Zone1,0,1,20356443,all,2821.5
Zone1,0,1,20356444,all,2764.5
Zone1,0,1,20356445,all,2707.5
Zone1,0,1,20356446,all,2650.5
Zone1,0,1,20356447,all,2622.0
Zone1,0,1,20356448,all,2650.5
Zone1,0,1,20356449,all,2707.5
Zone1,0,1,20356450,all,2850.0
Zone1,0,1,20356451,all,2907.0
Zone1,0,1,20356452,all,2935.5
Zone1,0,1,20356453,all,2878.5
Zone1,0,1,20356454,all,2736.0
Zone1,0,1,20356455,all,2508.0
Zone1,0,1,20356456,all,2280.0
Zone1,0,1,20356457,all,2137.5
Zone1,0,1,20356458,all,2052.0
Zone1,0,1,20356459,all,1995.0
Zone1,0,1,20356460,all,1938.0
Zone1,0,1,20356461,all,1966.5
Zone1,0,1,20356462,all,2052.0
Zone1,0,1,20356463,all,2280.0
Zone1,0,1,20356464,all,2565.0
Zone1,0,1,20356465,all,2793.0
Zone1,0,1,20356466,all,2850.0
Zone1,0,1,20356467,all,2821.5
Zone1,0,1,20356468,all,2764.5
Zone1,0,1,20356469,all,2707.5
Zone1,0,1,20356470,all,2650.5
Zone1,0,1,20356471,all,2622.0
Zone1,0,1,20356472,all,2650.5
Zone1,0,1,20356473,all,2707.5
Zone1,0,1,20356474,all,2850.0
Zone1,0,1,20356475,all,2907.0
Zone1,0,1,20356476,all,2935.5
Zone1,0,1,20356477,all,2878.5
Zone1,0,1,20356478,all,2736.0
Zone1,0,1,20356479,all,2508.0
Zone1,0,1,20356480,all,2280.0
Zone1,0,1,20356481,all,2137.5
Zone1,0,1,20356482,all,2052.0
Zone1,0,1,20356483,all,1995.0
Zone1,0,1,20356484,all,1938.0
Zone1,0,1,20356485,all,1966.5
Zone1,0,1,20356486,all,2052.0
Zone1,0,1,20356487,all,2280.0
Zone1,0,1,20356488,all,2565.0
Zone1,0,1,20356489,all,2793.0
Zone1,0,1,20356490,all,2850.0
Zone1,0,1,20356491,all,2821.5
Zone1,0,1,20356492,all,2764.5
Zone1,0,1,20356493,all,2707.5
Zone1,0,1,20356494,all,2650.5
Zone1,0,1,20356495,all,2622.0
Zone1,0,1,20356496,all,2650.5
Zone1,0,1,20356497,all,2707.5
Zone1,0,1,20356498,all,2850.0
Zone1,0,1,20356499,all,2907.0
Zone1,0,1,20356500,all,2935.5
Zone1,0,1,20356501,all,2878.5
Zone1,0,1,20356502,all,2736.0
Zone1,0,1,20356503,all,2508.0
Zone1,0,1,20356504,all,2280.0
Zone1,0,1,20356505,all,2137.5
Zone1,0,1,20356506,all,2052.0
Zone1,0,1,20356507,all,1995.0
Zone1,0,1,20356508,all,1938.0
Zone1,0,1,20356509,all,1966.5
Zone1,0,1,20356510,all,2052.0
Zone1,0,1,20356511,all,2280.0
Zone1,0,1,20356512,all,2565.0
Zone1,0,1,20356513,all,2793.0
Zone1,0,1,20356514,all,2850.0
Zone1,0,1,20356515,all,2821.5
Zone1,0,1,20356516,all,2764.5
Zone1,0,1,20356517,all,2707.5
Zone1,0,1,20356518,all,2650.5
Zone1,0,1,20356519,all,2622.0
Zone1,0,1,20356520,all,2650.5
Zone1,0,1,20356521,all,2707.5
Zone1,0,1,20356522,all,2850.0
Zone1,0,1,20356523,all,2907.0
Zone1,0,1,20356524,all,2935.5
Zone1,0,1,20356525,all,2878.5
Zone1,0,1,20356526,all,2736.0
Zone1,0,1,20356527,all,2508.0
Zone1,0,1,20356528,all,2280.0
Zone1,0,1,20356529,all,2137.5
Zone1,0,1,20356530,all,2052.0
Zone1,0,1,20356531,all,1995.0
Zone1,0,1,20356532,all,1938.0
Zone1,0,1,20356533,all,1966.5
Zone1,0,1,20356534,all,2052.0
Zone1,0,1,20356535,all,2280.0
Zone1,0,1,20356536,all,2565.0
Zone1,0,1,20356537,all,2793.0
Zone1,0,1,20356538,all,2850.0
Zone1,0,1,20356539,all,2821.5
Zone1,0,1,20356540,all,2764.5
Zone1,0,1,20356541,all,2707.5
Zone1,0,1,20356542,all,2650.5
Zone1,0,1,20356543,all,2622.0
Zone1,0,1,20356544,all,2650.5
Zone1,0,1,20356545,all,2707.5
Zone1,0,1,20356546,all,2850.0
Zone1,0,1,20356547,all,2907.0
Zone1,0,1,20356548,all,2935.5
Zone1,0,1,20356549,all,2878.5
Zone1,0,1,20356550,all,2736.0
Zone1,0,1,20356551,all,2508.0
Zone1,0,1,20356552,all,2280.0
Zone1,0,1,20356553,all,2025.0
Zone1,0,1,20356554,all,1944.0
Zone1,0,1,20356555,all,1890.0
Zone1,0,1,20356556,all,1836.0
Zone1,0,1,20356557,all,1863.0
Zone1,0,1,20356558,all,1944.0
Zone1,0,1,20356559,all,2160.0
Zone1,0,1,20356560,all,2430.0
Zone1,0,1,20356561,all,2646.0
Zone1,0,1,20356562,all,2700.0
Zone1,0,1,20356563,all,2673.0
Zone1,0,1,20356564,all,2619.0
Zone1,0,1,20356565,all,2565.0
Zone1,0,1,20356566,all,2511.0
Zone1,0,1,20356567,all,2484.0
Zone1,0,1,20356568,all,2511.0
Zone1,0,1,20356569,all,2565.0
Zone1,0,1,20356570,all,2700.0
Zone1,0,1,20356571,all,2754.0
Zone1,0,1,20356572,all,2781.0
Zone1,0,1,20356573,all,2727.0
Zone1,0,1,20356574,all,2592.0
Zone1,0,1,20356575,all,2376.0
Zone1,0,1,20356576,all,2160.0
Zone1,0,1,20356577,all,2025.0
Zone1,0,1,20356578,all,1944.0
Zone1,0,1,20356579,all,1890.0
Zone1,0,1,20356580,all,1836.0
Zone1,0,1,20356581,all,1863.0
Zone1,0,1,20356582,all,1944.0
Zone1,0,1,20356583,all,2160.0
Zone1,0,1,20356584,all,2430.0
Zone1,0,1,20356585,all,2646.0
Zone1,0,1,20356586,all,2700.0
Zone1,0,1,20356587,all,2673.0
Zone1,0,1,20356588,all,2619.0
Zone1,0,1,20356589,all,2565.0
Zone1,0,1,20356590,all,2511.0
Zone1,0,1,20356591,all,2484.0
Zone1,0,1,20356592,all,2511.0
Zone1,0,1,20356593,all,2565.0
Zone1,0,1,20356594,all,2700.0
Zone1,0,1,20356595,all,2754.0
Zone1,0,1,20356596,all,2781.0
Zone1,0,1,20356597,all,2727.0
Zone1,0,1,20356598,all,2592.0
Zone1,0,1,20356599,all,2376.0
Zone1,0,1,20356600,all,2160.0
Zone1,0,1,20356601,all,2025.0
Zone1,0,1,20356602,all,1944.0
Zone1,0,1,20356603,all,1890.0
Zone1,0,1,20356604,all,1836.0
Zone1,0,1,20356605,all,1863.0
Zone1,0,1,20356606,all,1944.0
Zone1,0,1,20356607,all,2160.0
Zone1,0,1,20356608,all,2430.0
Zone1,0,1,20356609,all,2646.0
Zone1,0,1,20356610,all,2700.0
Zone1,0,1,20356611,all,2673.0
Zone1,0,1,20356612,all,2619.0
Zone1,0,1,20356613,all,2565.0
Zone1,0,1,20356614,all,2511.0
Zone1,0,1,20356615,all,2484.0
Zone1,0,1,20356616,all,2511.0
Zone1,0,1,20356617,all,2565.0
Zone1,0,1,20356618,all,2700.0
Zone1,0,1,20356619,all,2754.0
Zone1,0,1,20356620,all,2781.0
Zone1,0,1,20356621,all,2727.0
Zone1,0,1,20356622,all,2592.0
Zone1,0,1,20356623,all,2376.0
Zone1,0,1,20356624,all,2160.0
Zone1,0,1,20356625,all,2025.0
Zone1,0,1,20356626,all,1944.0
Zone1,0,1,20356627,all,1890.0
Zone1,0,1,20356628,all,1836.0
Zone1,0,1,20356629,all,1863.0
Zone1,0,1,20356630,all,1944.0
Zone1,0,1,20356631,all,2160.0
Zone1,0,1,20356632,all,2430.0
Zone1,0,1,20356633,all,2646.0
Zone1,0,1,20356634,all,2700.0
Zone1,0,1,20356635,all,2673.0
Zone1,0,1,20356636,all,2619.0
Zone1,0,1,20356637,all,2565.0
Zone1,0,1,20356638,all,2511.0
Zone1,0,1,20356639,all,2484.0
Zone1,0,1,20356640,all,2511.0
Zone1,0,1,20356641,all,2565.0
Zone1,0,1,20356642,all,2700.0
Zone1,0,1,20356643,all,2754.0
Zone1,0,1,20356644,all,2781.0
Zone1,0,1,20356645,all,2727.0
Zone1,0,1,20356646,all,2592.0
Zone1,0,1,20356647,all,2376.0
Zone1,0,1,20356648,all,2160.0
Zone1,0,1,20356649,all,2025.0
Zone1,0,1,20356650,all,1944.0
Zone1,0,1,20356651,all,1890.0
Zone1,0,1,20356652,all,1836.0
Zone1,0,1,20356653,all,1863.0
Zone1,0,1,20356654,all,1944.0
Zone1,0,1,20356655,all,2160.0
Zone1,0,1,20356656,all,2430.0
Zone1,0,1,20356657,all,2646.0
Zone1,0,1,20356658,all,2700.0
Zone1,0,1,20356659,all,2673.0
Zone1,0,1,20356660,all,2619.0
Zone1,0,1,20356661,all,2565.0
Zone1,0,1,20356662,all,2511.0
Zone1,0,1,20356663,all,2484.0
Zone1,0,1,20356664,all,2511.0
Zone1,0,1,20356665,all,2565.0
Zone1,0,1,20356666,all,2700.0
Zone1,0,1,20356667,all,2754.0
Zone1,0,1,20356668,all,2781.0
Zone1,0,1,20356669,all,2727.0
Zone1,0,1,20356670,all,2592.0
Zone1,0,1,20356671,all,2376.0
Zone1,0,1,20356672,all,2160.0
Zone1,0,1,20356673,all,2025.0
Zone1,0,1,20356674,all,1944.0
Zone1,0,1,20356675,all,1890.0
Zone1,0,1,20356676,all,1836.0
Zone1,0,1,20356677,all,1863.0
Zone1,0,1,20356678,all,1944.0
Zone1,0,1,20356679,all,2160.0
Zone1,0,1,20356680,all,2430.0
Zone1,0,1,20356681,all,2646.0
Zone1,0,1,20356682,all,2700.0
Zone1,0,1,20356683,all,2673.0
Zone1,0,1,20356684,all,2619.0
Zone1,0,1,20356685,all,2565.0
Zone1,0,1,20356686,all,2511.0
Zone1,0,1,20356687,all,2484.0
Zone1,0,1,20356688,all,2511.0
Zone1,0,1,20356689,all,2565.0
Zone1,0,1,20356690,all,2700.0
Zone1,0,1,20356691,all,2754.0
Zone1,0,1,20356692,all,2781.0
Zone1,0,1,20356693,all,2727.0
Zone1,0,1,20356694,all,2592.0
Zone1,0,1,20356695,all,2376.0
Zone1,0,1,20356696,all,2160.0
Zone1,0,1,20356697,all,2025.0
Zone1,0,1,20356698,all,1944.0
Zone1,0,1,20356699,all,1890.0
Zone1,0,1,20356700,all,1836.0
Zone1,0,1,20356701,all,1863.0
Zone1,0,1,20356702,all,1944.0
Zone1,0,1,20356703,all,2160.0
Zone1,0,1,20356704,all,2430.0
Zone1,0,1,20356705,all,2646.0
Zone1,0,1,20356706,all,2700.0
Zone1,0,1,20356707,all,2673.0
Zone1,0,1,20356708,all,2619.0
Zone1,0,1,20356709,all,2565.0
Zone1,0,1,20356710,all,2511.0
Zone1,0,1,20356711,all,2484.0
Zone1,0,1,20356712,all,2511.0
Zone1,0,1,20356713,all,2565.0
Zone1,0,1,20356714,all,2700.0
Zone1,0,1,20356715,all,2754.0
Zone1,0,1,20356716,all,2781.0
Zone1,0,1,20356717,all,2727.0
Zone1,0,1,20356718,all,2592.0
Zone1,0,1,20356719,all,2376.0
Zone1,0,1,20356720,all,2160.0
Zone1,0,1,20356721,all,2025.0
Zone1,0,1,20356722,all,1944.0
Zone1,0,1,20356723,all,1890.0
Zone1,0,1,20356724,all,1836.0
Zone1,0,1,20356725,all,1863.0
Zone1,0,1,20356726,all,1944.0
Zone1,0,1,20356727,all,2160.0
Zone1,0,1,20356728,all,2430.0
Zone1,0,1,20356729,all,2646.0
Zone1,0,1,20356730,all,2700.0
Zone1,0,1,20356731,all,2673.0
Zone1,0,1,20356732,all,2619.0
Zone1,0,1,20356733,all,2565.0
Zone1,0,1,20356734,all,2511.0
Zone1,0,1,20356735,all,2484.0
Zone1,0,1,20356736,all,2511.0
Zone1,0,1,20356737,all,2565.0
Zone1,0,1,20356738,all,2700.0
Zone1,0,1,20356739,all,2754.0
Zone1,0,1,20356740,all,2781.0
Zone1,0,1,20356741,all,2727.0
Zone1,0,1,20356742,all,2592.0
Zone1,0,1,20356743,all,2376.0
Zone1,0,1,20356744,all,2160.0
Zone1,0,1,20356745,all,2025.0
Zone1,0,1,20356746,all,1944.0
Zone1,0,1,20356747,all,1890.0
Zone1,0,1,20356748,all,1836.0
Zone1,0,1,20356749,all,1863.0
Zone1,0,1,20356750,all,1944.0
Zone1,0,1,20356751,all,2160.0
Zone1,0,1,20356752,all,2430.0
Zone1,0,1,20356753,all,2646.0
Zone1,0,1,20356754,all,2700.0
Zone1,0,1,20356755,all,2673.0
Zone1,0,1,20356756,all,2619.0
Zone1,0,1,20356757,all,2565.0
Zone1,0,1,20356758,all,2511.0
Zone1,0,1,20356759,all,2484.0
Zone1,0,1,20356760,all,2511.0
Zone1,0,1,20356761,all,2565.0
Zone1,0,1,20356762,all,2700.0
Zone1,0,1,20356763,all,2754.0
Zone1,0,1,20356764,all,2781.0
Zone1,0,1,20356765,all,2727.0
Zone1,0,1,20356766,all,2592.0
Zone1,0,1,20356767,all,2376.0
Zone1,0,1,20356768,all,2160.0
Zone1,0,1,20356769,all,2025.0
Zone1,0,1,20356770,all,1944.0
Zone1,0,1,20356771,all,1890.0
Zone1,0,1,20356772,all,1836.0
Zone1,0,1,20356773,all,1863.0
Zone1,0,1,20356774,all,1944.0
Zone1,0,1,20356775,all,2160.0
Zone1,0,1,20356776,all,2430.0
Zone1,0,1,20356777,all,2646.0
Zone1,0,1,20356778,all,2700.0
Zone1,0,1,20356779,all,2673.0
Zone1,0,1,20356780,all,2619.0
Zone1,0,1,20356781,all,2565.0
Zone1,0,1,20356782,all,2511.0
Zone1,0,1,20356783,all,2484.0
Zone1,0,1,20356784,all,2511.0
Zone1,0,1,20356785,all,2565.0
Zone1,0,1,20356786,all,2700.0
Zone1,0,1,20356787,all,2754.0
Zone1,0,1,20356788,all,2781.0
Zone1,0,1,20356789,all,2727.0
Zone1,0,1,20356790,all,2592.0
Zone1,0,1,20356791,all,2376.0
Zone1,0,1,20356792,all,2160.0
Zone1,0,1,20356793,all,2025.0
Zone1,0,1,20356794,all,1944.0
Zone1,0,1,20356795,all,1890.0
Zone1,0,1,20356796,all,1836.0
Zone1,0,1,20356797,all,1863.0
Zone1,0,1,20356798,all,1944.0
Zone1,0,1,20356799,all,2160.0
Zone1,0,1,20356800,all,2430.0
Zone1,0,1,20356801,all,2646.0
Zone1,0,1,20356802,all,2700.0
Zone1,0,1,20356803,all,2673.0
Zone1,0,1,20356804,all,2619.0
Zone1,0,1,20356805,all,2565.0
Zone1,0,1,20356806,all,2511.0
Zone1,0,1,20356807,all,2484.0
Zone1,0,1,20356808,all,2511.0
Zone1,0,1,20356809,all,2565.0
Zone1,0,1,20356810,all,2700.0
Zone1,0,1,20356811,all,2754.0
Zone1,0,1,20356812,all,2781.0
Zone1,0,1,20356813,all,2727.0
Zone1,0,1,20356814,all,2592.0
Zone1,0,1,20356815,all,2376.0
Zone1,0,1,20356816,all,2160.0
Zone1,0,1,20356817,all,2025.0
Zone1,0,1,20356818,all,1944.0
Zone1,0,1,20356819,all,1890.0
Zone1,0,1,20356820,all,1836.0
Zone1,0,1,20356821,all,1863.0
Zone1,0,1,20356822,all,1944.0
Zone1,0,1,20356823,all,2160.0
Zone1,0,1,20356824,all,2430.0
Zone1,0,1,20356825,all,2646.0
Zone1,0,1,20356826,all,2700.0
Zone1,0,1,20356827,all,2673.0
Zone1,0,1,20356828,all,2619.0
Zone1,0,1,20356829,all,2565.0
Zone1,0,1,20356830,all,2511.0
Zone1,0,1,20356831,all,2484.0
Zone1,0,1,20356832,all,2511.0
Zone1,0,1,20356833,all,2565.0
Zone1,0,1,20356834,all,2700.0
Zone1,0,1,20356835,all,2754.0
Zone1,0,1,20356836,all,2781.0
Zone1,0,1,20356837,all,2727.0
Zone1,0,1,20356838,all,2592.0
Zone1,0,1,20356839,all,2376.0
Zone1,0,1,20356840,all,2160.0
Zone1,0,1,20356841,all,2025.0
Zone1,0,1,20356842,all,1944.0
Zone1,0,1,20356843,all,1890.0
Zone1,0,1,20356844,all,1836.0
Zone1,0,1,20356845,all,1863.0
Zone1,0,1,20356846,all,1944.0
Zone1,0,1,20356847,all,2160.0
Zone1,0,1,20356848,all,2430.0
Zone1,0,1,20356849,all,2646.0
Zone1,0,1,20356850,all,2700.0
Zone1,0,1,20356851,all,2673.0
Zone1,0,1,20356852,all,2619.0
Zone1,0,1,20356853,all,2565.0
Zone1,0,1,20356854,all,2511.0
Zone1,0,1,20356855,all,2484.0
Zone1,0,1,20356856,all,2511.0
Zone1,0,1,20356857,all,2565.0
Zone1,0,1,20356858,all,2700.0
Zone1,0,1,20356859,all,2754.0
Zone1,0,1,20356860,all,2781.0
Zone1,0,1,20356861,all,2727.0
Zone1,0,1,20356862,all,2592.0
Zone1,0,1,20356863,all,2376.0
Zone1,0,1,20356864,all,2160.0
Zone1,0,1,20356865,all,2025.0
Zone1,0,1,20356866,all,1944.0
Zone1,0,1,20356867,all,1890.0
Zone1,0,1,20356868,all,1836.0
Zone1,0,1,20356869,all,1863.0
Zone1,0,1,20356870,all,1944.0
Zone1,0,1,20356871,all,2160.0
Zone1,0,1,20356872,all,2430.0
Zone1,0,1,20356873,all,2646.0
Zone1,0,1,20356874,all,2700.0
Zone1,0,1,20356875,all,2673.0
Zone1,0,1,20356876,all,2619.0
Zone1,0,1,20356877,all,2565.0
Zone1,0,1,20356878,all,2511.0
Zone1,0,1,20356879,all,2484.0
Zone1,0,1,20356880,all,2511.0
Zone1,0,1,20356881,all,2565.0
Zone1,0,1,20356882,all,2700.0
Zone1,0,1,20356883,all,2754.0
Zone1,0,1,20356884,all,2781.0
Zone1,0,1,20356885,all,2727.0
Zone1,0,1,20356886,all,2592.0
Zone1,0,1,20356887,all,2376.0
Zone1,0,1,20356888,all,2160.0
Zone1,0,1,20356889,all,2025.0
Zone1,0,1,20356890,all,1944.0
Zone1,0,1,20356891,all,1890.0
Zone1,0,1,20356892,all,1836.0
Zone1,0,1,20356893,all,1863.0
Zone1,0,1,20356894,all,1944.0
Zone1,0,1,20356895,all,2160.0
Zone1,0,1,20356896,all,2430.0
Zone1,0,1,20356897,all,2646.0
Zone1,0,1,20356898,all,2700.0
Zone1,0,1,20356899,all,2673.0
Zone1,0,1,20356900,all,2619.0
Zone1,0,1,20356901,all,2565.0
Zone1,0,1,20356902,all,2511.0
Zone1,0,1,20356903,all,2484.0
Zone1,0,1,20356904,all,2511.0
Zone1,0,1,20356905,all,2565.0
Zone1,0,1,20356906,all,2700.0
Zone1,0,1,20356907,all,2754.0
Zone1,0,1,20356908,all,2781.0
Zone1,0,1,20356909,all,2727.0
Zone1,0,1,20356910,all,2592.0
Zone1,0,1,20356911,all,2376.0
Zone1,0,1,20356912,all,2160.0
Zone1,0,1,20356913,all,2025.0
Zone1,0,1,20356914,all,1944.0
Zone1,0,1,20356915,all,1890.0
Zone1,0,1,20356916,all,1836.0
Zone1,0,1,20356917,all,1863.0
Zone1,0,1,20356918,all,1944.0
Zone1,0,1,20356919,all,2160.0
Zone1,0,1,20356920,all,2430.0
Zone1,0,1,20356921,all,2646.0
Zone1,0,1,20356922,all,2700.0
Zone1,0,1,20356923,all,2673.0
Zone1,0,1,20356924,all,2619.0
Zone1,0,1,20356925,all,2565.0
Zone1,0,1,20356926,all,2511.0
Zone1,0,1,20356927,all,2484.0
Zone1,0,1,20356928,all,2511.0
Zone1,0,1,20356929,all,2565.0
Zone1,0,1,20356930,all,2700.0
Zone1,0,1,20356931,all,2754.0
Zone1,0,1,20356932,all,2781.0
Zone1,0,1,20356933,all,2727.0
Zone1,0,1,20356934,all,2592.0
Zone1,0,1,20356935,all,2376.0
Zone1,0,1,20356936,all,2160.0
Zone1,0,1,20356937,all,2025.0
Zone1,0,1,20356938,all,1944.0
Zone1,0,1,20356939,all,1890.0
Zone1,0,1,20356940,all,1836.0
Zone1,0,1,20356941,all,1863.0
Zone1,0,1,20356942,all,1944.0
Zone1,0,1,20356943,all,2160.0
Zone1,0,1,20356944,all,2430.0
Zone1,0,1,20356945,all,2646.0
Zone1,0,1,20356946,all,2700.0
Zone1,0,1,20356947,all,2673.0
Zone1,0,1,20356948,all,2619.0
Zone1,0,1,20356949,all,2565.0
Zone1,0,1,20356950,all,2511.0
Zone1,0,1,20356951,all,2484.0
Zone1,0,1,20356952,all,2511.0
Zone1,0,1,20356953,all,2565.0
Zone1,0,1,20356954,all,2700.0
Zone1,0,1,20356955,all,2754.0
Zone1,0,1,20356956,all,2781.0
Zone1,0,1,20356957,all,2727.0
Zone1,0,1,20356958,all,2592.0
Zone1,0,1,20356959,all,2376.0
Zone1,0,1,20356960,all,2160.0
Zone1,0,1,20356961,all,2025.0
Zone1,0,1,20356962,all,1944.0
Zone1,0,1,20356963,all,1890.0
Zone1,0,1,20356964,all,1836.0
Zone1,0,1,20356965,all,1863.0
Zone1,0,1,20356966,all,1944.0
Zone1,0,1,20356967,all,2160.0
Zone1,0,1,20356968,all,2430.0
Zone1,0,1,20356969,all,2646.0
Zone1,0,1,20356970,all,2700.0
Zone1,0,1,20356971,all,2673.0
Zone1,0,1,20356972,all,2619.0
Zone1,0,1,20356973,all,2565.0
Zone1,0,1,20356974,all,2511.0
Zone1,0,1,20356975,all,2484.0
Zone1,0,1,20356976,all,2511.0
Zone1,0,1,20356977,all,2565.0
Zone1,0,1,20356978,all,2700.0
Zone1,0,1,20356979,all,2754.0
Zone1,0,1,20356980,all,2781.0
Zone1,0,1,20356981,all,2727.0
Zone1,0,1,20356982,all,2592.0
Zone1,0,1,20356983,all,2376.0
Zone1,0,1,20356984,all,2160.0
Zone1,0,1,20356985,all,2025.0
Zone1,0,1,20356986,all,1944.0
Zone1,0,1,20356987,all,1890.0
Zone1,0,1,20356988,all,1836.0
Zone1,0,1,20356989,all,1863.0
Zone1,0,1,20356990,all,1944.0
Zone1,0,1,20356991,all,2160.0
Zone1,0,1,20356992,all,2430.0
Zone1,0,1,20356993,all,2646.0
Zone1,0,1,20356994,all,2700.0
Zone1,0,1,20356995,all,2673.0
Zone1,0,1,20356996,all,2619.0
Zone1,0,1,20356997,all,2565.0
Zone1,0,1,20356998,all,2511.0
Zone1,0,1,20356999,all,2484.0
Zone1,0,1,20357000,all,2511.0
Zone1,0,1,20357001,all,2565.0
Zone1,0,1,20357002,all,2700.0
Zone1,0,1,20357003,all,2754.0
Zone1,0,1,20357004,all,2781.0
Zone1,0,1,20357005,all,2727.0
Zone1,0,1,20357006,all,2592.0
Zone1,0,1,20357007,all,2376.0
Zone1,0,1,20357008,all,2160.0
Zone1,0,1,20357009,all,2025.0
Zone1,0,1,20357010,all,1944.0
Zone1,0,1,20357011,all,1890.0
Zone1,0,1,20357012,all,1836.0
Zone1,0,1,20357013,all,1863.0
Zone1,0,1,20357014,all,1944.0
Zone1,0,1,20357015,all,2160.0
Zone1,0,1,20357016,all,2430.0
Zone1,0,1,20357017,all,2646.0
Zone1,0,1,20357018,all,2700.0
Zone1,0,1,20357019,all,2673.0
Zone1,0,1,20357020,all,2619.0
Zone1,0,1,20357021,all,2565.0
Zone1,0,1,20357022,all,2511.0
Zone1,0,1,20357023,all,2484.0
Zone1,0,1,20357024,all,2511.0
Zone1,0,1,20357025,all,2565.0
Zone1,0,1,20357026,all,2700.0
Zone1,0,1,20357027,all,2754.0
Zone1,0,1,20357028,all,2781.0
Zone1,0,1,20357029,all,2727.0
Zone1,0,1,20357030,all,2592.0
Zone1,0,1,20357031,all,2376.0
Zone1,0,1,20357032,all,2160.0
Zone1,0,1,20357033,all,2025.0
Zone1,0,1,20357034,all,1944.0
Zone1,0,1,20357035,all,1890.0
Zone1,0,1,20357036,all,1836.0
Zone1,0,1,20357037,all,1863.0
Zone1,0,1,20357038,all,1944.0
Zone1,0,1,20357039,all,2160.0
Zone1,0,1,20357040,all,2430.0
Zone1,0,1,20357041,all,2646.0
Zone1,0,1,20357042,all,2700.0
Zone1,0,1,20357043,all,2673.0
Zone1,0,1,20357044,all,2619.0
Zone1,0,1,20357045,all,2565.0
Zone1,0,1,20357046,all,2511.0
Zone1,0,1,20357047,all,2484.0
Zone1,0,1,20357048,all,2511.0
Zone1,0,1,20357049,all,2565.0
Zone1,0,1,20357050,all,2700.0
Zone1,0,1,20357051,all,2754.0
Zone1,0,1,20357052,all,2781.0
Zone1,0,1,20357053,all,2727.0
Zone1,0,1,20357054,all,2592.0
Zone1,0,1,20357055,all,2376.0
Zone1,0,1,20357056,all,2160.0
Zone1,0,1,20357057,all,2025.0
Zone1,0,1,20357058,all,1944.0
Zone1,0,1,20357059,all,1890.0
Zone1,0,1,20357060,all,1836.0
Zone1,0,1,20357061,all,1863.0
Zone1,0,1,20357062,all,1944.0
Zone1,0,1,20357063,all,2160.0
Zone1,0,1,20357064,all,2430.0
Zone1,0,1,20357065,all,2646.0
Zone1,0,1,20357066,all,2700.0
Zone1,0,1,20357067,all,2673.0
Zone1,0,1,20357068,all,2619.0
Zone1,0,1,20357069,all,2565.0
Zone1,0,1,20357070,all,2511.0
Zone1,0,1,20357071,all,2484.0
Zone1,0,1,20357072,all,2511.0
Zone1,0,1,20357073,all,2565.0
Zone1,0,1,20357074,all,2700.0
Zone1,0,1,20357075,all,2754.0
Zone1,0,1,20357076,all,2781.0
Zone1,0,1,20357077,all,2727.0
Zone1,0,1,20357078,all,2592.0
Zone1,0,1,20357079,all,2376.0
Zone1,0,1,20357080,all,2160.0
Zone1,0,1,20357081,all,2025.0
Zone1,0,1,20357082,all,1944.0
Zone1,0,1,20357083,all,1890.0
Zone1,0,1,20357084,all,1836.0
Zone1,0,1,20357085,all,1863.0
Zone1,0,1,20357086,all,1944.0
Zone1,0,1,20357087,all,2160.0
Zone1,0,1,20357088,all,2430.0
Zone1,0,1,20357089,all,2646.0
Zone1,0,1,20357090,all,2700.0
Zone1,0,1,20357091,all,2673.0
Zone1,0,1,20357092,all,2619.0
Zone1,0,1,20357093,all,2565.0
Zone1,0,1,20357094,all,2511.0
Zone1,0,1,20357095,all,2484.0
Zone1,0,1,20357096,all,2511.0
Zone1,0,1,20357097,all,2565.0
Zone1,0,1,20357098,all,2700.0
Zone1,0,1,20357099,all,2754.0
Zone1,0,1,20357100,all,2781.0
Zone1,0,1,20357101,all,2727.0
Zone1,0,1,20357102,all,2592.0
Zone1,0,1,20357103,all,2376.0
Zone1,0,1,20357104,all,2160.0
Zone1,0,1,20357105,all,2025.0
Zone1,0,1,20357106,all,1944.0
Zone1,0,1,20357107,all,1890.0
Zone1,0,1,20357108,all,1836.0
Zone1,0,1,20357109,all,1863.0
Zone1,0,1,20357110,all,1944.0
Zone1,0,1,20357111,all,2160.0
Zone1,0,1,20357112,all,2430.0
Zone1,0,1,20357113,all,2646.0
Zone1,0,1,20357114,all,2700.0
Zone1,0,1,20357115,all,2673.0
Zone1,0,1,20357116,all,2619.0
Zone1,0,1,20357117,all,2565.0
Zone1,0,1,20357118,all,2511.0
Zone1,0,1,20357119,all,2484.0
Zone1,0,1,20357120,all,2511.0
Zone1,0,1,20357121,all,2565.0
Zone1,0,1,20357122,all,2700.0
Zone1,0,1,20357123,all,2754.0
Zone1,0,1,20357124,all,2781.0
Zone1,0,1,20357125,all,2727.0
Zone1,0,1,20357126,all,2592.0
Zone1,0,1,20357127,all,2376.0
Zone1,0,1,20357128,all,2160.0
Zone1,0,1,20357129,all,2025.0
Zone1,0,1,20357130,all,1944.0
Zone1,0,1,20357131,all,1890.0
Zone1,0,1,20357132,all,1836.0
Zone1,0,1,20357133,all,1863.0
Zone1,0,1,20357134,all,1944.0
Zone1,0,1,20357135,all,2160.0
Zone1,0,1,20357136,all,2430.0
Zone1,0,1,20357137,all,2646.0
Zone1,0,1,20357138,all,2700.0
Zone1,0,1,20357139,all,2673.0
Zone1,0,1,20357140,all,2619.0
Zone1,0,1,20357141,all,2565.0
Zone1,0,1,20357142,all,2511.0
Zone1,0,1,20357143,all,2484.0
Zone1,0,1,20357144,all,2511.0
Zone1,0,1,20357145,all,2565.0
Zone1,0,1,20357146,all,2700.0
Zone1,0,1,20357147,all,2754.0
Zone1,0,1,20357148,all,2781.0
Zone1,0,1,20357149,all,2727.0
Zone1,0,1,20357150,all,2592.0
Zone1,0,1,20357151,all,2376.0
Zone1,0,1,20357152,all,2160.0
Zone1,0,1,20357153,all,2025.0
Zone1,0,1,20357154,all,1944.0
Zone1,0,1,20357155,all,1890.0
Zone1,0,1,20357156,all,1836.0
Zone1,0,1,20357157,all,1863.0
Zone1,0,1,20357158,all,1944.0
Zone1,0,1,20357159,all,2160.0
Zone1,0,1,20357160,all,2430.0
Zone1,0,1,20357161,all,2646.0
Zone1,0,1,20357162,all,2700.0
Zone1,0,1,20357163,all,2673.0
Zone1,0,1,20357164,all,2619.0
Zone1,0,1,20357165,all,2565.0
Zone1,0,1,20357166,all,2511.0
Zone1,0,1,20357167,all,2484.0
Zone1,0,1,20357168,all,2511.0
Zone1,0,1,20357169,all,2565.0
Zone1,0,1,20357170,all,2700.0
Zone1,0,1,20357171,all,2754.0
Zone1,0,1,20357172,all,2781.0
Zone1,0,1,20357173,all,2727.0
Zone1,0,1,20357174,all,2592.0
Zone1,0,1,20357175,all,2376.0
Zone1,0,1,20357176,all,2160.0
Zone1,0,1,20357177,all,2025.0
Zone1,0,1,20357178,all,1944.0
Zone1,0,1,20357179,all,1890.0
Zone1,0,1,20357180,all,1836.0
Zone1,0,1,20357181,all,1863.0
Zone1,0,1,20357182,all,1944.0
Zone1,0,1,20357183,all,2160.0
Zone1,0,1,20357184,all,2430.0
Zone1,0,1,20357185,all,2646.0
Zone1,0,1,20357186,all,2700.0
Zone1,0,1,20357187,all,2673.0
Zone1,0,1,20357188,all,2619.0
Zone1,0,1,20357189,all,2565.0
Zone1,0,1,20357190,all,2511.0
Zone1,0,1,20357191,all,2484.0
Zone1,0,1,20357192,all,2511.0
Zone1,0,1,20357193,all,2565.0
Zone1,0,1,20357194,all,2700.0
Zone1,0,1,20357195,all,2754.0
Zone1,0,1,20357196,all,2781.0
Zone1,0,1,20357197,all,2727.0
Zone1,0,1,20357198,all,2592.0
Zone1,0,1,20357199,all,2376.0
Zone1,0,1,20357200,all,2160.0
Zone1,0,1,20357201,all,2025.0
Zone1,0,1,20357202,all,1944.0
Zone1,0,1,20357203,all,1890.0
Zone1,0,1,20357204,all,1836.0
Zone1,0,1,20357205,all,1863.0
Zone1,0,1,20357206,all,1944.0
Zone1,0,1,20357207,all,2160.0
Zone1,0,1,20357208,all,2430.0
Zone1,0,1,20357209,all,2646.0
Zone1,0,1,20357210,all,2700.0
Zone1,0,1,20357211,all,2673.0
Zone1,0,1,20357212,all,2619.0
Zone1,0,1,20357213,all,2565.0
Zone1,0,1,20357214,all,2511.0
Zone1,0,1,20357215,all,2484.0
Zone1,0,1,20357216,all,2511.0
Zone1,0,1,20357217,all,2565.0
Zone1,0,1,20357218,all,2700.0
Zone1,0,1,20357219,all,2754.0
Zone1,0,1,20357220,all,2781.0
Zone1,0,1,20357221,all,2727.0
Zone1,0,1,20357222,all,2592.0
Zone1,0,1,20357223,all,2376.0
Zone1,0,1,20357224,all,2160.0
Zone1,0,1,20357225,all,2025.0
Zone1,0,1,20357226,all,1944.0
Zone1,0,1,20357227,all,1890.0
Zone1,0,1,20357228,all,1836.0
Zone1,0,1,20357229,all,1863.0
Zone1,0,1,20357230,all,1944.0
Zone1,0,1,20357231,all,2160.0
Zone1,0,1,20357232,all,2430.0
Zone1,0,1,20357233,all,2646.0
Zone1,0,1,20357234,all,2700.0
Zone1,0,1,20357235,all,2673.0
Zone1,0,1,20357236,all,2619.0
Zone1,0,1,20357237,all,2565.0
Zone1,0,1,20357238,all,2511.0
Zone1,0,1,20357239,all,2484.0
Zone1,0,1,20357240,all,2511.0
Zone1,0,1,20357241,all,2565.0
Zone1,0,1,20357242,all,2700.0
Zone1,0,1,20357243,all,2754.0
Zone1,0,1,20357244,all,2781.0
Zone1,0,1,20357245,all,2727.0
Zone1,0,1,20357246,all,2592.0
Zone1,0,1,20357247,all,2376.0
Zone1,0,1,20357248,all,2160.0
Zone1,0,1,20357249,all,2025.0
Zone1,0,1,20357250,all,1944.0
Zone1,0,1,20357251,all,1890.0
Zone1,0,1,20357252,all,1836.0
Zone1,0,1,20357253,all,1863.0
Zone1,0,1,20357254,all,1944.0
Zone1,0,1,20357255,all,2160.0
Zone1,0,1,20357256,all,2430.0
Zone1,0,1,20357257,all,2646.0
Zone1,0,1,20357258,all,2700.0
Zone1,0,1,20357259,all,2673.0
Zone1,0,1,20357260,all,2619.0
Zone1,0,1,20357261,all,2565.0
Zone1,0,1,20357262,all,2511.0
Zone1,0,1,20357263,all,2484.0
Zone1,0,1,20357264,all,2511.0
Zone1,0,1,20357265,all,2565.0
Zone1,0,1,20357266,all,2700.0
Zone1,0,1,20357267,all,2754.0
Zone1,0,1,20357268,all,2781.0
Zone1,0,1,20357269,all,2727.0
Zone1,0,1,20357270,all,2592.0
Zone1,0,1,20357271,all,2376.0
Zone1,0,1,20357272,all,2160.0
Zone1,0,1,20357273,all,2025.0
Zone1,0,1,20357274,all,1944.0
Zone1,0,1,20357275,all,1890.0
Zone1,0,1,20357276,all,1836.0
Zone1,0,1,20357277,all,1863.0
Zone1,0,1,20357278,all,1944.0
Zone1,0,1,20357279,all,2160.0
Zone1,0,1,20357280,all,2430.0
Zone1,0,1,20357281,all,2646.0
Zone1,0,1,20357282,all,2700.0
Zone1,0,1,20357283,all,2673.0
Zone1,0,1,20357284,all,2619.0
Zone1,0,1,20357285,all,2565.0
Zone1,0,1,20357286,all,2511.0
Zone1,0,1,20357287,all,2484.0
Zone1,0,1,20357288,all,2511.0
Zone1,0,1,20357289,all,2565.0
Zone1,0,1,20357290,all,2700.0
Zone1,0,1,20357291,all,2754.0
Zone1,0,1,20357292,all,2781.0
Zone1,0,1,20357293,all,2727.0
Zone1,0,1,20357294,all,2592.0
Zone1,0,1,20357295,all,2376.0
Zone1,0,1,20357296,all,2160.0
Zone1,0,1,20357297,all,2250.0
Zone1,0,1,20357298,all,2160.0
Zone1,0,1,20357299,all,2100.0
Zone1,0,1,20357300,all,2040.0
Zone1,0,1,20357301,all,2070.0
Zone1,0,1,20357302,all,2160.0
Zone1,0,1,20357303,all,2400.0
Zone1,0,1,20357304,all,2700.0
Zone1,0,1,20357305,all,2940.0
Zone1,0,1,20357306,all,3000.0
Zone1,0,1,20357307,all,2970.0
Zone1,0,1,20357308,all,2910.0
Zone1,0,1,20357309,all,2850.0
Zone1,0,1,20357310,all,2790.0
Zone1,0,1,20357311,all,2760.0
Zone1,0,1,20357312,all,2790.0
Zone1,0,1,20357313,all,2850.0
Zone1,0,1,20357314,all,3000.0
Zone1,0,1,20357315,all,3060.0
Zone1,0,1,20357316,all,3090.0
Zone1,0,1,20357317,all,3030.0
Zone1,0,1,20357318,all,2880.0
Zone1,0,1,20357319,all,2640.0
Zone1,0,1,20357320,all,2400.0
Zone1,0,1,20357321,all,2250.0
Zone1,0,1,20357322,all,2160.0
Zone1,0,1,20357323,all,2100.0
Zone1,0,1,20357324,all,2040.0
Zone1,0,1,20357325,all,2070.0
Zone1,0,1,20357326,all,2160.0
Zone1,0,1,20357327,all,2400.0
Zone1,0,1,20357328,all,2700.0
Zone1,0,1,20357329,all,2940.0
Zone1,0,1,20357330,all,3000.0
Zone1,0,1,20357331,all,2970.0
Zone1,0,1,20357332,all,2910.0
Zone1,0,1,20357333,all,2850.0
Zone1,0,1,20357334,all,2790.0
Zone1,0,1,20357335,all,2760.0
Zone1,0,1,20357336,all,2790.0
Zone1,0,1,20357337,all,2850.0
Zone1,0,1,20357338,all,3000.0
Zone1,0,1,20357339,all,3060.0
Zone1,0,1,20357340,all,3090.0
Zone1,0,1,20357341,all,3030.0
Zone1,0,1,20357342,all,2880.0
Zone1,0,1,20357343,all,2640.0
Zone1,0,1,20357344,all,2400.0
Zone1,0,1,20357345,all,2250.0
Zone1,0,1,20357346,all,2160.0
Zone1,0,1,20357347,all,2100.0
Zone1,0,1,20357348,all,2040.0
Zone1,0,1,20357349,all,2070.0
Zone1,0,1,20357350,all,2160.0
Zone1,0,1,20357351,all,2400.0
Zone1,0,1,20357352,all,2700.0
Zone1,0,1,20357353,all,2940.0
Zone1,0,1,20357354,all,3000.0
Zone1,0,1,20357355,all,2970.0
Zone1,0,1,20357356,all,2910.0
Zone1,0,1,20357357,all,2850.0
Zone1,0,1,20357358,all,2790.0
Zone1,0,1,20357359,all,2760.0
Zone1,0,1,20357360,all,2790.0
Zone1,0,1,20357361,all,2850.0
Zone1,0,1,20357362,all,3000.0
Zone1,0,1,20357363,all,3060.0
Zone1,0,1,20357364,all,3090.0
Zone1,0,1,20357365,all,3030.0
Zone1,0,1,20357366,all,2880.0
Zone1,0,1,20357367,all,2640.0
Zone1,0,1,20357368,all,2400.0
Zone1,0,1,20357369,all,2250.0
Zone1,0,1,20357370,all,2160.0
Zone1,0,1,20357371,all,2100.0
Zone1,0,1,20357372,all,2040.0
Zone1,0,1,20357373,all,2070.0
Zone1,0,1,20357374,all,2160.0
Zone1,0,1,20357375,all,2400.0
Zone1,0,1,20357376,all,2700.0
Zone1,0,1,20357377,all,2940.0
Zone1,0,1,20357378,all,3000.0
Zone1,0,1,20357379,all,2970.0
Zone1,0,1,20357380,all,2910.0
Zone1,0,1,20357381,all,2850.0
Zone1,0,1,20357382,all,2790.0
Zone1,0,1,20357383,all,2760.0
Zone1,0,1,20357384,all,2790.0
Zone1,0,1,20357385,all,2850.0
Zone1,0,1,20357386,all,3000.0
Zone1,0,1,20357387,all,3060.0
Zone1,0,1,20357388,all,3090.0
Zone1,0,1,20357389,all,3030.0
Zone1,0,1,20357390,all,2880.0
Zone1,0,1,20357391,all,2640.0
Zone1,0,1,20357392,all,2400.0
Zone1,0,1,20357393,all,2250.0
Zone1,0,1,20357394,all,2160.0
Zone1,0,1,20357395,all,2100.0
Zone1,0,1,20357396,all,2040.0
Zone1,0,1,20357397,all,2070.0
Zone1,0,1,20357398,all,2160.0
Zone1,0,1,20357399,all,2400.0
Zone1,0,1,20357400,all,2700.0
Zone1,0,1,20357401,all,2940.0
Zone1,0,1,20357402,all,3000.0
Zone1,0,1,20357403,all,2970.0
Zone1,0,1,20357404,all,2910.0
Zone1,0,1,20357405,all,2850.0
Zone1,0,1,20357406,all,2790.0
Zone1,0,1,20357407,all,2760.0
Zone1,0,1,20357408,all,2790.0
Zone1,0,1,20357409,all,2850.0
Zone1,0,1,20357410,all,3000.0
Zone1,0,1,20357411,all,3060.0
Zone1,0,1,20357412,all,3090.0
Zone1,0,1,20357413,all,3030.0
Zone1,0,1,20357414,all,2880.0
Zone1,0,1,20357415,all,2640.0
Zone1,0,1,20357416,all,2400.0
Zone1,0,1,20357417,all,2250.0
Zone1,0,1,20357418,all,2160.0
Zone1,0,1,20357419,all,2100.0
Zone1,0,1,20357420,all,2040.0
Zone1,0,1,20357421,all,2070.0
Zone1,0,1,20357422,all,2160.0
Zone1,0,1,20357423,all,2400.0
Zone1,0,1,20357424,all,2700.0
Zone1,0,1,20357425,all,2940.0
Zone1,0,1,20357426,all,3000.0
Zone1,0,1,20357427,all,2970.0
Zone1,0,1,20357428,all,2910.0
Zone1,0,1,20357429,all,2850.0
Zone1,0,1,20357430,all,2790.0
Zone1,0,1,20357431,all,2760.0
Zone1,0,1,20357432,all,2790.0
Zone1,0,1,20357433,all,2850.0
Zone1,0,1,20357434,all,3000.0
Zone1,0,1,20357435,all,3060.0
Zone1,0,1,20357436,all,3090.0
Zone1,0,1,20357437,all,3030.0
Zone1,0,1,20357438,all,2880.0
Zone1,0,1,20357439,all,2640.0
Zone1,0,1,20357440,all,2400.0
Zone1,0,1,20357441,all,2250.0
Zone1,0,1,20357442,all,2160.0
Zone1,0,1,20357443,all,2100.0
Zone1,0,1,20357444,all,2040.0
Zone1,0,1,20357445,all,2070.0
Zone1,0,1,20357446,all,2160.0
Zone1,0,1,20357447,all,2400.0
Zone1,0,1,20357448,all,2700.0
Zone1,0,1,20357449,all,2940.0
Zone1,0,1,20357450,all,3000.0
Zone1,0,1,20357451,all,2970.0
Zone1,0,1,20357452,all,2910.0
Zone1,0,1,20357453,all,2850.0
Zone1,0,1,20357454,all,2790.0
Zone1,0,1,20357455,all,2760.0
Zone1,0,1,20357456,all,2790.0
Zone1,0,1,20357457,all,2850.0
Zone1,0,1,20357458,all,3000.0
Zone1,0,1,20357459,all,3060.0
Zone1,0,1,20357460,all,3090.0
Zone1,0,1,20357461,all,3030.0
Zone1,0,1,20357462,all,2880.0
Zone1,0,1,20357463,all,2640.0
Zone1,0,1,20357464,all,2400.0
Zone1,0,1,20357465,all,2250.0
Zone1,0,1,20357466,all,2160.0
Zone1,0,1,20357467,all,2100.0
Zone1,0,1,20357468,all,2040.0
Zone1,0,1,20357469,all,2070.0
Zone1,0,1,20357470,all,2160.0
Zone1,0,1,20357471,all,2400.0
Zone1,0,1,20357472,all,2700.0
Zone1,0,1,20357473,all,2940.0
Zone1,0,1,20357474,all,3000.0
Zone1,0,1,20357475,all,2970.0
Zone1,0,1,20357476,all,2910.0
Zone1,0,1,20357477,all,2850.0
Zone1,0,1,20357478,all,2790.0
Zone1,0,1,20357479,all,2760.0
Zone1,0,1,20357480,all,2790.0
Zone1,0,1,20357481,all,2850.0
Zone1,0,1,20357482,all,3000.0
Zone1,0,1,20357483,all,3060.0
Zone1,0,1,20357484,all,3090.0
Zone1,0,1,20357485,all,3030.0
Zone1,0,1,20357486,all,2880.0
Zone1,0,1,20357487,all,2640.0
Zone1,0,1,20357488,all,2400.0
Zone1,0,1,20357489,all,2250.0
Zone1,0,1,20357490,all,2160.0
Zone1,0,1,20357491,all,2100.0
Zone1,0,1,20357492,all,2040.0
Zone1,0,1,20357493,all,2070.0
Zone1,0,1,20357494,all,2160.0
Zone1,0,1,20357495,all,2400.0
Zone1,0,1,20357496,all,2700.0
Zone1,0,1,20357497,all,2940.0
Zone1,0,1,20357498,all,3000.0
Zone1,0,1,20357499,all,2970.0
Zone1,0,1,20357500,all,2910.0
Zone1,0,1,20357501,all,2850.0
Zone1,0,1,20357502,all,2790.0
Zone1,0,1,20357503,all,2760.0
Zone1,0,1,20357504,all,2790.0
Zone1,0,1,20357505,all,2850.0
Zone1,0,1,20357506,all,3000.0
Zone1,0,1,20357507,all,3060.0
Zone1,0,1,20357508,all,3090.0
Zone1,0,1,20357509,all,3030.0
Zone1,0,1,20357510,all,2880.0
Zone1,0,1,20357511,all,2640.0
Zone1,0,1,20357512,all,2400.0
Zone1,0,1,20357513,all,2250.0
Zone1,0,1,20357514,all,2160.0
Zone1,0,1,20357515,all,2100.0
Zone1,0,1,20357516,all,2040.0
Zone1,0,1,20357517,all,2070.0
Zone1,0,1,20357518,all,2160.0
Zone1,0,1,20357519,all,2400.0
Zone1,0,1,20357520,all,2700.0
Zone1,0,1,20357521,all,2940.0
Zone1,0,1,20357522,all,3000.0
Zone1,0,1,20357523,all,2970.0
Zone1,0,1,20357524,all,2910.0
Zone1,0,1,20357525,all,2850.0
Zone1,0,1,20357526,all,2790.0
Zone1,0,1,20357527,all,2760.0
Zone1,0,1,20357528,all,2790.0
Zone1,0,1,20357529,all,2850.0
Zone1,0,1,20357530,all,3000.0
Zone1,0,1,20357531,all,3060.0
Zone1,0,1,20357532,all,3090.0
Zone1,0,1,20357533,all,3030.0
Zone1,0,1,20357534,all,2880.0
Zone1,0,1,20357535,all,2640.0
Zone1,0,1,20357536,all,2400.0
Zone1,0,1,20357537,all,2250.0
Zone1,0,1,20357538,all,2160.0
Zone1,0,1,20357539,all,2100.0
Zone1,0,1,20357540,all,2040.0
Zone1,0,1,20357541,all,2070.0
Zone1,0,1,20357542,all,2160.0
Zone1,0,1,20357543,all,2400.0
Zone1,0,1,20357544,all,2700.0
Zone1,0,1,20357545,all,2940.0
Zone1,0,1,20357546,all,3000.0
Zone1,0,1,20357547,all,2970.0
Zone1,0,1,20357548,all,2910.0
Zone1,0,1,20357549,all,2850.0
Zone1,0,1,20357550,all,2790.0
Zone1,0,1,20357551,all,2760.0
Zone1,0,1,20357552,all,2790.0
Zone1,0,1,20357553,all,2850.0
Zone1,0,1,20357554,all,3000.0
Zone1,0,1,20357555,all,3060.0
Zone1,0,1,20357556,all,3090.0
Zone1,0,1,20357557,all,3030.0
Zone1,0,1,20357558,all,2880.0
Zone1,0,1,20357559,all,2640.0
Zone1,0,1,20357560,all,2400.0
Zone1,0,1,20357561,all,2250.0
Zone1,0,1,20357562,all,2160.0
Zone1,0,1,20357563,all,2100.0
Zone1,0,1,20357564,all,2040.0
Zone1,0,1,20357565,all,2070.0
Zone1,0,1,20357566,all,2160.0
Zone1,0,1,20357567,all,2400.0
Zone1,0,1,20357568,all,2700.0
Zone1,0,1,20357569,all,2940.0
Zone1,0,1,20357570,all,3000.0
Zone1,0,1,20357571,all,2970.0
Zone1,0,1,20357572,all,2910.0
Zone1,0,1,20357573,all,2850.0
Zone1,0,1,20357574,all,2790.0
Zone1,0,1,20357575,all,2760.0
Zone1,0,1,20357576,all,2790.0
Zone1,0,1,20357577,all,2850.0
Zone1,0,1,20357578,all,3000.0
Zone1,0,1,20357579,all,3060.0
Zone1,0,1,20357580,all,3090.0
Zone1,0,1,20357581,all,3030.0
Zone1,0,1,20357582,all,2880.0
Zone1,0,1,20357583,all,2640.0
Zone1,0,1,20357584,all,2400.0
Zone1,0,1,20357585,all,2250.0
Zone1,0,1,20357586,all,2160.0
Zone1,0,1,20357587,all,2100.0
Zone1,0,1,20357588,all,2040.0
Zone1,0,1,20357589,all,2070.0
Zone1,0,1,20357590,all,2160.0
Zone1,0,1,20357591,all,2400.0
Zone1,0,1,20357592,all,2700.0
Zone1,0,1,20357593,all,2940.0
Zone1,0,1,20357594,all,3000.0
Zone1,0,1,20357595,all,2970.0
Zone1,0,1,20357596,all,2910.0
Zone1,0,1,20357597,all,2850.0
Zone1,0,1,20357598,all,2790.0
Zone1,0,1,20357599,all,2760.0
Zone1,0,1,20357600,all,2790.0
Zone1,0,1,20357601,all,2850.0
Zone1,0,1,20357602,all,3000.0
Zone1,0,1,20357603,all,3060.0
Zone1,0,1,20357604,all,3090.0
Zone1,0,1,20357605,all,3030.0
Zone1,0,1,20357606,all,2880.0
Zone1,0,1,20357607,all,2640.0
Zone1,0,1,20357608,all,2400.0
Zone1,0,1,20357609,all,2250.0
Zone1,0,1,20357610,all,2160.0
Zone1,0,1,20357611,all,2100.0
Zone1,0,1,20357612,all,2040.0
Zone1,0,1,20357613,all,2070.0
Zone1,0,1,20357614,all,2160.0
Zone1,0,1,20357615,all,2400.0
Zone1,0,1,20357616,all,2700.0
Zone1,0,1,20357617,all,2940.0
Zone1,0,1,20357618,all,3000.0
Zone1,0,1,20357619,all,2970.0
Zone1,0,1,20357620,all,2910.0
Zone1,0,1,20357621,all,2850.0
Zone1,0,1,20357622,all,2790.0
Zone1,0,1,20357623,all,2760.0
Zone1,0,1,20357624,all,2790.0
Zone1,0,1,20357625,all,2850.0
Zone1,0,1,20357626,all,3000.0
Zone1,0,1,20357627,all,3060.0
Zone1,0,1,20357628,all,3090.0
Zone1,0,1,20357629,all,3030.0
Zone1,0,1,20357630,all,2880.0
Zone1,0,1,20357631,all,2640.0
Zone1,0,1,20357632,all,2400.0
Zone1,0,1,20357633,all,2250.0
Zone1,0,1,20357634,all,2160.0
Zone1,0,1,20357635,all,2100.0
Zone1,0,1,20357636,all,2040.0
Zone1,0,1,20357637,all,2070.0
Zone1,0,1,20357638,all,2160.0
Zone1,0,1,20357639,all,2400.0
Zone1,0,1,20357640,all,2700.0
Zone1,0,1,20357641,all,2940.0
Zone1,0,1,20357642,all,3000.0
Zone1,0,1,20357643,all,2970.0
Zone1,0,1,20357644,all,2910.0
Zone1,0,1,20357645,all,2850.0
Zone1,0,1,20357646,all,2790.0
Zone1,0,1,20357647,all,2760.0
Zone1,0,1,20357648,all,2790.0
Zone1,0,1,20357649,all,2850.0
Zone1,0,1,20357650,all,3000.0
Zone1,0,1,20357651,all,3060.0
Zone1,0,1,20357652,all,3090.0
Zone1,0,1,20357653,all,3030.0
Zone1,0,1,20357654,all,2880.0
Zone1,0,1,20357655,all,2640.0
Zone1,0,1,20357656,all,2400.0
Zone1,0,1,20357657,all,2250.0
Zone1,0,1,20357658,all,2160.0
Zone1,0,1,20357659,all,2100.0
Zone1,0,1,20357660,all,2040.0
Zone1,0,1,20357661,all,2070.0
Zone1,0,1,20357662,all,2160.0
Zone1,0,1,20357663,all,2400.0
Zone1,0,1,20357664,all,2700.0
Zone1,0,1,20357665,all,2940.0
Zone1,0,1,20357666,all,3000.0
Zone1,0,1,20357667,all,2970.0
Zone1,0,1,20357668,all,2910.0
Zone1,0,1,20357669,all,2850.0
Zone1,0,1,20357670,all,2790.0
Zone1,0,1,20357671,all,2760.0
Zone1,0,1,20357672,all,2790.0
Zone1,0,1,20357673,all,2850.0
Zone1,0,1,20357674,all,3000.0
Zone1,0,1,20357675,all,3060.0
Zone1,0,1,20357676,all,3090.0
Zone1,0,1,20357677,all,3030.0
Zone1,0,1,20357678,all,2880.0
Zone1,0,1,20357679,all,2640.0
Zone1,0,1,20357680,all,2400.0
Zone1,0,1,20357681,all,2250.0
Zone1,0,1,20357682,all,2160.0
Zone1,0,1,20357683,all,2100.0
Zone1,0,1,20357684,all,2040.0
Zone1,0,1,20357685,all,2070.0
Zone1,0,1,20357686,all,2160.0
Zone1,0,1,20357687,all,2400.0
Zone1,0,1,20357688,all,2700.0
Zone1,0,1,20357689,all,2940.0
Zone1,0,1,20357690,all,3000.0
Zone1,0,1,20357691,all,2970.0
Zone1,0,1,20357692,all,2910.0
Zone1,0,1,20357693,all,2850.0
Zone1,0,1,20357694,all,2790.0
Zone1,0,1,20357695,all,2760.0
Zone1,0,1,20357696,all,2790.0
Zone1,0,1,20357697,all,2850.0
Zone1,0,1,20357698,all,3000.0
Zone1,0,1,20357699,all,3060.0
Zone1,0,1,20357700,all,3090.0
Zone1,0,1,20357701,all,3030.0
Zone1,0,1,20357702,all,2880.0
Zone1,0,1,20357703,all,2640.0
Zone1,0,1,20357704,all,2400.0
Zone1,0,1,20357705,all,2250.0
Zone1,0,1,20357706,all,2160.0
Zone1,0,1,20357707,all,2100.0
Zone1,0,1,20357708,all,2040.0
Zone1,0,1,20357709,all,2070.0
Zone1,0,1,20357710,all,2160.0
Zone1,0,1,20357711,all,2400.0
Zone1,0,1,20357712,all,2700.0
Zone1,0,1,20357713,all,2940.0
Zone1,0,1,20357714,all,3000.0
Zone1,0,1,20357715,all,2970.0
Zone1,0,1,20357716,all,2910.0
Zone1,0,1,20357717,all,2850.0
Zone1,0,1,20357718,all,2790.0
Zone1,0,1,20357719,all,2760.0
Zone1,0,1,20357720,all,2790.0
Zone1,0,1,20357721,all,2850.0
Zone1,0,1,20357722,all,3000.0
Zone1,0,1,20357723,all,3060.0
Zone1,0,1,20357724,all,3090.0
Zone1,0,1,20357725,all,3030.0
Zone1,0,1,20357726,all,2880.0
Zone1,0,1,20357727,all,2640.0
Zone1,0,1,20357728,all,2400.0
Zone1,0,1,20357729,all,2250.0
Zone1,0,1,20357730,all,2160.0
Zone1,0,1,20357731,all,2100.0
Zone1,0,1,20357732,all,2040.0
Zone1,0,1,20357733,all,2070.0
Zone1,0,1,20357734,all,2160.0
Zone1,0,1,20357735,all,2400.0
Zone1,0,1,20357736,all,2700.0
Zone1,0,1,20357737,all,2940.0
Zone1,0,1,20357738,all,3000.0
Zone1,0,1,20357739,all,2970.0
Zone1,0,1,20357740,all,2910.0
Zone1,0,1,20357741,all,2850.0
Zone1,0,1,20357742,all,2790.0
Zone1,0,1,20357743,all,2760.0
Zone1,0,1,20357744,all,2790.0
Zone1,0,1,20357745,all,2850.0
Zone1,0,1,20357746,all,3000.0
Zone1,0,1,20357747,all,3060.0
Zone1,0,1,20357748,all,3090.0
Zone1,0,1,20357749,all,3030.0
Zone1,0,1,20357750,all,2880.0
Zone1,0,1,20357751,all,2640.0
Zone1,0,1,20357752,all,2400.0
Zone1,0,1,20357753,all,2250.0
Zone1,0,1,20357754,all,2160.0
Zone1,0,1,20357755,all,2100.0
Zone1,0,1,20357756,all,2040.0
Zone1,0,1,20357757,all,2070.0
Zone1,0,1,20357758,all,2160.0
Zone1,0,1,20357759,all,2400.0
Zone1,0,1,20357760,all,2700.0
Zone1,0,1,20357761,all,2940.0
Zone1,0,1,20357762,all,3000.0
Zone1,0,1,20357763,all,2970.0
Zone1,0,1,20357764,all,2910.0
Zone1,0,1,20357765,all,2850.0
Zone1,0,1,20357766,all,2790.0
Zone1,0,1,20357767,all,2760.0
Zone1,0,1,20357768,all,2790.0
Zone1,0,1,20357769,all,2850.0
Zone1,0,1,20357770,all,3000.0
Zone1,0,1,20357771,all,3060.0
Zone1,0,1,20357772,all,3090.0
Zone1,0,1,20357773,all,3030.0
Zone1,0,1,20357774,all,2880.0
Zone1,0,1,20357775,all,2640.0
Zone1,0,1,20357776,all,2400.0
Zone1,0,1,20357777,all,2250.0
Zone1,0,1,20357778,all,2160.0
Zone1,0,1,20357779,all,2100.0
Zone1,0,1,20357780,all,2040.0
Zone1,0,1,20357781,all,2070.0
Zone1,0,1,20357782,all,2160.0
Zone1,0,1,20357783,all,2400.0
Zone1,0,1,20357784,all,2700.0
Zone1,0,1,20357785,all,2940.0
Zone1,0,1,20357786,all,3000.0
Zone1,0,1,20357787,all,2970.0
Zone1,0,1,20357788,all,2910.0
Zone1,0,1,20357789,all,2850.0
Zone1,0,1,20357790,all,2790.0
Zone1,0,1,20357791,all,2760.0
Zone1,0,1,20357792,all,2790.0
Zone1,0,1,20357793,all,2850.0
Zone1,0,1,20357794,all,3000.0
Zone1,0,1,20357795,all,3060.0
Zone1,0,1,20357796,all,3090.0
Zone1,0,1,20357797,all,3030.0
Zone1,0,1,20357798,all,2880.0
Zone1,0,1,20357799,all,2640.0
Zone1,0,1,20357800,all,2400.0
Zone1,0,1,20357801,all,2250.0
Zone1,0,1,20357802,all,2160.0
Zone1,0,1,20357803,all,2100.0
Zone1,0,1,20357804,all,2040.0
Zone1,0,1,20357805,all,2070.0
Zone1,0,1,20357806,all,2160.0
Zone1,0,1,20357807,all,2400.0
Zone1,0,1,20357808,all,2700.0
Zone1,0,1,20357809,all,2940.0
Zone1,0,1,20357810,all,3000.0
Zone1,0,1,20357811,all,2970.0
Zone1,0,1,20357812,all,2910.0
Zone1,0,1,20357813,all,2850.0
Zone1,0,1,20357814,all,2790.0
Zone1,0,1,20357815,all,2760.0
Zone1,0,1,20357816,all,2790.0
Zone1,0,1,20357817,all,2850.0
Zone1,0,1,20357818,all,3000.0
Zone1,0,1,20357819,all,3060.0
Zone1,0,1,20357820,all,3090.0
Zone1,0,1,20357821,all,3030.0
Zone1,0,1,20357822,all,2880.0
Zone1,0,1,20357823,all,2640.0
Zone1,0,1,20357824,all,2400.0
Zone1,0,1,20357825,all,2250.0
Zone1,0,1,20357826,all,2160.0
Zone1,0,1,20357827,all,2100.0
Zone1,0,1,20357828,all,2040.0
Zone1,0,1,20357829,all,2070.0
Zone1,0,1,20357830,all,2160.0
Zone1,0,1,20357831,all,2400.0
Zone1,0,1,20357832,all,2700.0
Zone1,0,1,20357833,all,2940.0
Zone1,0,1,20357834,all,3000.0
Zone1,0,1,20357835,all,2970.0
Zone1,0,1,20357836,all,2910.0
Zone1,0,1,20357837,all,2850.0
Zone1,0,1,20357838,all,2790.0
Zone1,0,1,20357839,all,2760.0
Zone1,0,1,20357840,all,2790.0
Zone1,0,1,20357841,all,2850.0
Zone1,0,1,20357842,all,3000.0
Zone1,0,1,20357843,all,3060.0
Zone1,0,1,20357844,all,3090.0
Zone1,0,1,20357845,all,3030.0
Zone1,0,1,20357846,all,2880.0
Zone1,0,1,20357847,all,2640.0
Zone1,0,1,20357848,all,2400.0
Zone1,0,1,20357849,all,2250.0
Zone1,0,1,20357850,all,2160.0
Zone1,0,1,20357851,all,2100.0
Zone1,0,1,20357852,all,2040.0
Zone1,0,1,20357853,all,2070.0
Zone1,0,1,20357854,all,2160.0
Zone1,0,1,20357855,all,2400.0
Zone1,0,1,20357856,all,2700.0
Zone1,0,1,20357857,all,2940.0
Zone1,0,1,20357858,all,3000.0
Zone1,0,1,20357859,all,2970.0
Zone1,0,1,20357860,all,2910.0
Zone1,0,1,20357861,all,2850.0
Zone1,0,1,20357862,all,2790.0
Zone1,0,1,20357863,all,2760.0
Zone1,0,1,20357864,all,2790.0
Zone1,0,1,20357865,all,2850.0
Zone1,0,1,20357866,all,3000.0
Zone1,0,1,20357867,all,3060.0
Zone1,0,1,20357868,all,3090.0
Zone1,0,1,20357869,all,3030.0
Zone1,0,1,20357870,all,2880.0
Zone1,0,1,20357871,all,2640.0
Zone1,0,1,20357872,all,2400.0
Zone1,0,1,20357873,all,2250.0
Zone1,0,1,20357874,all,2160.0
Zone1,0,1,20357875,all,2100.0
Zone1,0,1,20357876,all,2040.0
Zone1,0,1,20357877,all,2070.0
Zone1,0,1,20357878,all,2160.0
Zone1,0,1,20357879,all,2400.0
Zone1,0,1,20357880,all,2700.0
Zone1,0,1,20357881,all,2940.0
Zone1,0,1,20357882,all,3000.0
Zone1,0,1,20357883,all,2970.0
Zone1,0,1,20357884,all,2910.0
Zone1,0,1,20357885,all,2850.0
Zone1,0,1,20357886,all,2790.0
Zone1,0,1,20357887,all,2760.0
Zone1,0,1,20357888,all,2790.0
Zone1,0,1,20357889,all,2850.0
Zone1,0,1,20357890,all,3000.0
Zone1,0,1,20357891,all,3060.0
Zone1,0,1,20357892,all,3090.0
Zone1,0,1,20357893,all,3030.0
Zone1,0,1,20357894,all,2880.0
Zone1,0,1,20357895,all,2640.0
Zone1,0,1,20357896,all,2400.0
Zone1,0,1,20357897,all,2250.0
Zone1,0,1,20357898,all,2160.0
Zone1,0,1,20357899,all,2100.0
Zone1,0,1,20357900,all,2040.0
Zone1,0,1,20357901,all,2070.0
Zone1,0,1,20357902,all,2160.0
Zone1,0,1,20357903,all,2400.0
Zone1,0,1,20357904,all,2700.0
Zone1,0,1,20357905,all,2940.0
Zone1,0,1,20357906,all,3000.0
Zone1,0,1,20357907,all,2970.0
Zone1,0,1,20357908,all,2910.0
Zone1,0,1,20357909,all,2850.0
Zone1,0,1,20357910,all,2790.0
Zone1,0,1,20357911,all,2760.0
Zone1,0,1,20357912,all,2790.0
Zone1,0,1,20357913,all,2850.0
Zone1,0,1,20357914,all,3000.0
Zone1,0,1,20357915,all,3060.0
Zone1,0,1,20357916,all,3090.0
Zone1,0,1,20357917,all,3030.0
Zone1,0,1,20357918,all,2880.0
Zone1,0,1,20357919,all,2640.0
Zone1,0,1,20357920,all,2400.0
Zone1,0,1,20357921,all,2250.0
Zone1,0,1,20357922,all,2160.0
Zone1,0,1,20357923,all,2100.0
Zone1,0,1,20357924,all,2040.0
Zone1,0,1,20357925,all,2070.0
Zone1,0,1,20357926,all,2160.0
Zone1,0,1,20357927,all,2400.0
Zone1,0,1,20357928,all,2700.0
Zone1,0,1,20357929,all,2940.0
Zone1,0,1,20357930,all,3000.0
Zone1,0,1,20357931,all,2970.0
Zone1,0,1,20357932,all,2910.0
Zone1,0,1,20357933,all,2850.0
Zone1,0,1,20357934,all,2790.0
Zone1,0,1,20357935,all,2760.0
Zone1,0,1,20357936,all,2790.0
Zone1,0,1,20357937,all,2850.0
Zone1,0,1,20357938,all,3000.0
Zone1,0,1,20357939,all,3060.0
Zone1,0,1,20357940,all,3090.0
Zone1,0,1,20357941,all,3030.0
Zone1,0,1,20357942,all,2880.0
Zone1,0,1,20357943,all,2640.0
Zone1,0,1,20357944,all,2400.0
Zone1,0,1,20357945,all,2250.0
Zone1,0,1,20357946,all,2160.0
Zone1,0,1,20357947,all,2100.0
Zone1,0,1,20357948,all,2040.0
Zone1,0,1,20357949,all,2070.0
Zone1,0,1,20357950,all,2160.0
Zone1,0,1,20357951,all,2400.0
Zone1,0,1,20357952,all,2700.0
Zone1,0,1,20357953,all,2940.0
Zone1,0,1,20357954,all,3000.0
Zone1,0,1,20357955,all,2970.0
Zone1,0,1,20357956,all,2910.0
Zone1,0,1,20357957,all,2850.0
Zone1,0,1,20357958,all,2790.0
Zone1,0,1,20357959,all,2760.0
Zone1,0,1,20357960,all,2790.0
Zone1,0,1,20357961,all,2850.0
Zone1,0,1,20357962,all,3000.0
Zone1,0,1,20357963,all,3060.0
Zone1,0,1,20357964,all,3090.0
Zone1,0,1,20357965,all,3030.0
Zone1,0,1,20357966,all,2880.0
Zone1,0,1,20357967,all,2640.0
Zone1,0,1,20357968,all,2400.0
Zone1,0,1,20357969,all,2250.0
Zone1,0,1,20357970,all,2160.0
Zone1,0,1,20357971,all,2100.0
Zone1,0,1,20357972,all,2040.0
Zone1,0,1,20357973,all,2070.0
Zone1,0,1,20357974,all,2160.0
Zone1,0,1,20357975,all,2400.0
Zone1,0,1,20357976,all,2700.0
Zone1,0,1,20357977,all,2940.0
Zone1,0,1,20357978,all,3000.0
Zone1,0,1,20357979,all,2970.0
Zone1,0,1,20357980,all,2910.0
Zone1,0,1,20357981,all,2850.0
Zone1,0,1,20357982,all,2790.0
Zone1,0,1,20357983,all,2760.0
Zone1,0,1,20357984,all,2790.0
Zone1,0,1,20357985,all,2850.0
Zone1,0,1,20357986,all,3000.0
Zone1,0,1,20357987,all,3060.0
Zone1,0,1,20357988,all,3090.0
Zone1,0,1,20357989,all,3030.0
Zone1,0,1,20357990,all,2880.0
Zone1,0,1,20357991,all,2640.0
Zone1,0,1,20357992,all,2400.0
Zone1,0,1,20357993,all,2250.0
Zone1,0,1,20357994,all,2160.0
Zone1,0,1,20357995,all,2100.0
Zone1,0,1,20357996,all,2040.0
Zone1,0,1,20357997,all,2070.0
Zone1,0,1,20357998,all,2160.0
Zone1,0,1,20357999,all,2400.0
Zone1,0,1,20358000,all,2700.0
Zone1,0,1,20358001,all,2940.0
Zone1,0,1,20358002,all,3000.0
Zone1,0,1,20358003,all,2970.0
Zone1,0,1,20358004,all,2910.0
Zone1,0,1,20358005,all,2850.0
Zone1,0,1,20358006,all,2790.0
Zone1,0,1,20358007,all,2760.0
Zone1,0,1,20358008,all,2790.0
Zone1,0,1,20358009,all,2850.0
Zone1,0,1,20358010,all,3000.0
Zone1,0,1,20358011,all,3060.0
Zone1,0,1,20358012,all,3090.0
Zone1,0,1,20358013,all,3030.0
Zone1,0,1,20358014,all,2880.0
Zone1,0,1,20358015,all,2640.0
Zone1,0,1,20358016,all,2400.0
Zone1,0,1,20358017,all,2520.0
Zone1,0,1,20358018,all,2419.2
Zone1,0,1,20358019,all,2352.0
Zone1,0,1,20358020,all,2284.8
Zone1,0,1,20358021,all,2318.4
Zone1,0,1,20358022,all,2419.2
Zone1,0,1,20358023,all,2688.0
Zone1,0,1,20358024,all,3024.0
Zone1,0,1,20358025,all,3292.8
Zone1,0,1,20358026,all,3360.0
Zone1,0,1,20358027,all,3326.4
Zone1,0,1,20358028,all,3259.2
Zone1,0,1,20358029,all,3192.0
Zone1,0,1,20358030,all,3124.8
Zone1,0,1,20358031,all,3091.2
Zone1,0,1,20358032,all,3124.8
Zone1,0,1,20358033,all,3192.0
Zone1,0,1,20358034,all,3360.0
Zone1,0,1,20358035,all,3427.2
Zone1,0,1,20358036,all,3460.8
Zone1,0,1,20358037,all,3393.6
Zone1,0,1,20358038,all,3225.6
Zone1,0,1,20358039,all,2956.8
Zone1,0,1,20358040,all,2688.0
Zone1,0,1,20358041,all,2520.0
Zone1,0,1,20358042,all,2419.2
Zone1,0,1,20358043,all,2352.0
Zone1,0,1,20358044,all,2284.8
Zone1,0,1,20358045,all,2318.4
Zone1,0,1,20358046,all,2419.2
Zone1,0,1,20358047,all,2688.0
Zone1,0,1,20358048,all,3024.0
Zone1,0,1,20358049,all,3292.8
Zone1,0,1,20358050,all,3360.0
Zone1,0,1,20358051,all,3326.4
Zone1,0,1,20358052,all,3259.2
Zone1,0,1,20358053,all,3192.0
Zone1,0,1,20358054,all,3124.8
Zone1,0,1,20358055,all,3091.2
Zone1,0,1,20358056,all,3124.8
Zone1,0,1,20358057,all,3192.0
Zone1,0,1,20358058,all,3360.0
Zone1,0,1,20358059,all,3427.2
Zone1,0,1,20358060,all,3460.8
Zone1,0,1,20358061,all,3393.6
Zone1,0,1,20358062,all,3225.6
Zone1,0,1,20358063,all,2956.8
Zone1,0,1,20358064,all,2688.0
Zone1,0,1,20358065,all,2520.0
Zone1,0,1,20358066,all,2419.2
Zone1,0,1,20358067,all,2352.0
Zone1,0,1,20358068,all,2284.8
Zone1,0,1,20358069,all,2318.4
Zone1,0,1,20358070,all,2419.2
Zone1,0,1,20358071,all,2688.0
Zone1,0,1,20358072,all,3024.0
Zone1,0,1,20358073,all,3292.8
Zone1,0,1,20358074,all,3360.0
Zone1,0,1,20358075,all,3326.4
Zone1,0,1,20358076,all,3259.2
Zone1,0,1,20358077,all,3192.0
Zone1,0,1,20358078,all,3124.8
Zone1,0,1,20358079,all,3091.2
Zone1,0,1,20358080,all,3124.8
Zone1,0,1,20358081,all,3192.0
Zone1,0,1,20358082,all,3360.0
Zone1,0,1,20358083,all,3427.2
Zone1,0,1,20358084,all,3460.8
Zone1,0,1,20358085,all,3393.6
Zone1,0,1,20358086,all,3225.6
Zone1,0,1,20358087,all,2956.8
Zone1,0,1,20358088,all,2688.0
Zone1,0,1,20358089,all,2520.0
Zone1,0,1,20358090,all,2419.2
Zone1,0,1,20358091,all,2352.0
Zone1,0,1,20358092,all,2284.8
Zone1,0,1,20358093,all,2318.4
Zone1,0,1,20358094,all,2419.2
Zone1,0,1,20358095,all,2688.0
Zone1,0,1,20358096,all,3024.0
Zone1,0,1,20358097,all,3292.8
Zone1,0,1,20358098,all,3360.0
Zone1,0,1,20358099,all,3326.4
Zone1,0,1,20358100,all,3259.2
Zone1,0,1,20358101,all,3192.0
Zone1,0,1,20358102,all,3124.8
Zone1,0,1,20358103,all,3091.2
Zone1,0,1,20358104,all,3124.8
Zone1,0,1,20358105,all,3192.0
Zone1,0,1,20358106,all,3360.0
Zone1,0,1,20358107,all,3427.2
Zone1,0,1,20358108,all,3460.8
Zone1,0,1,20358109,all,3393.6
Zone1,0,1,20358110,all,3225.6
Zone1,0,1,20358111,all,2956.8
Zone1,0,1,20358112,all,2688.0
Zone1,0,1,20358113,all,2520.0
Zone1,0,1,20358114,all,2419.2
Zone1,0,1,20358115,all,2352.0
Zone1,0,1,20358116,all,2284.8
Zone1,0,1,20358117,all,2318.4
Zone1,0,1,20358118,all,2419.2
Zone1,0,1,20358119,all,2688.0
Zone1,0,1,20358120,all,3024.0
Zone1,0,1,20358121,all,3292.8
Zone1,0,1,20358122,all,3360.0
Zone1,0,1,20358123,all,3326.4
Zone1,0,1,20358124,all,3259.2
Zone1,0,1,20358125,all,3192.0
Zone1,0,1,20358126,all,3124.8
Zone1,0,1,20358127,all,3091.2
Zone1,0,1,20358128,all,3124.8
Zone1,0,1,20358129,all,3192.0
Zone1,0,1,20358130,all,3360.0
Zone1,0,1,20358131,all,3427.2
Zone1,0,1,20358132,all,3460.8
Zone1,0,1,20358133,all,3393.6
Zone1,0,1,20358134,all,3225.6
Zone1,0,1,20358135,all,2956.8
Zone1,0,1,20358136,all,2688.0
Zone1,0,1,20358137,all,2520.0
Zone1,0,1,20358138,all,2419.2
Zone1,0,1,20358139,all,2352.0
Zone1,0,1,20358140,all,2284.8
Zone1,0,1,20358141,all,2318.4
Zone1,0,1,20358142,all,2419.2
Zone1,0,1,20358143,all,2688.0
Zone1,0,1,20358144,all,3024.0
Zone1,0,1,20358145,all,3292.8
Zone1,0,1,20358146,all,3360.0
Zone1,0,1,20358147,all,3326.4
Zone1,0,1,20358148,all,3259.2
Zone1,0,1,20358149,all,3192.0
Zone1,0,1,20358150,all,3124.8
Zone1,0,1,20358151,all,3091.2
Zone1,0,1,20358152,all,3124.8
Zone1,0,1,20358153,all,3192.0
Zone1,0,1,20358154,all,3360.0
Zone1,0,1,20358155,all,3427.2
Zone1,0,1,20358156,all,3460.8
Zone1,0,1,20358157,all,3393.6
Zone1,0,1,20358158,all,3225.6
Zone1,0,1,20358159,all,2956.8
Zone1,0,1,20358160,all,2688.0
Zone1,0,1,20358161,all,2520.0
Zone1,0,1,20358162,all,2419.2
Zone1,0,1,20358163,all,2352.0
Zone1,0,1,20358164,all,2284.8
Zone1,0,1,20358165,all,2318.4
Zone1,0,1,20358166,all,2419.2
Zone1,0,1,20358167,all,2688.0
Zone1,0,1,20358168,all,3024.0
Zone1,0,1,20358169,all,3292.8
Zone1,0,1,20358170,all,3360.0
Zone1,0,1,20358171,all,3326.4
Zone1,0,1,20358172,all,3259.2
Zone1,0,1,20358173,all,3192.0
Zone1,0,1,20358174,all,3124.8
Zone1,0,1,20358175,all,3091.2
Zone1,0,1,20358176,all,3124.8
Zone1,0,1,20358177,all,3192.0
Zone1,0,1,20358178,all,3360.0
Zone1,0,1,20358179,all,3427.2
Zone1,0,1,20358180,all,3460.8
Zone1,0,1,20358181,all,3393.6
Zone1,0,1,20358182,all,3225.6
Zone1,0,1,20358183,all,2956.8
Zone1,0,1,20358184,all,2688.0
Zone1,0,1,20358185,all,2520.0
Zone1,0,1,20358186,all,2419.2
Zone1,0,1,20358187,all,2352.0
Zone1,0,1,20358188,all,2284.8
Zone1,0,1,20358189,all,2318.4
Zone1,0,1,20358190,all,2419.2
Zone1,0,1,20358191,all,2688.0
Zone1,0,1,20358192,all,3024.0
Zone1,0,1,20358193,all,3292.8
Zone1,0,1,20358194,all,3360.0
Zone1,0,1,20358195,all,3326.4
Zone1,0,1,20358196,all,3259.2
Zone1,0,1,20358197,all,3192.0
Zone1,0,1,20358198,all,3124.8
Zone1,0,1,20358199,all,3091.2
Zone1,0,1,20358200,all,3124.8
Zone1,0,1,20358201,all,3192.0
Zone1,0,1,20358202,all,3360.0
Zone1,0,1,20358203,all,3427.2
Zone1,0,1,20358204,all,3460.8
Zone1,0,1,20358205,all,3393.6
Zone1,0,1,20358206,all,3225.6
Zone1,0,1,20358207,all,2956.8
Zone1,0,1,20358208,all,2688.0
Zone1,0,1,20358209,all,2520.0
Zone1,0,1,20358210,all,2419.2
Zone1,0,1,20358211,all,2352.0
Zone1,0,1,20358212,all,2284.8
Zone1,0,1,20358213,all,2318.4
Zone1,0,1,20358214,all,2419.2
Zone1,0,1,20358215,all,2688.0
Zone1,0,1,20358216,all,3024.0
Zone1,0,1,20358217,all,3292.8
Zone1,0,1,20358218,all,3360.0
Zone1,0,1,20358219,all,3326.4
Zone1,0,1,20358220,all,3259.2
Zone1,0,1,20358221,all,3192.0
Zone1,0,1,20358222,all,3124.8
Zone1,0,1,20358223,all,3091.2
Zone1,0,1,20358224,all,3124.8
Zone1,0,1,20358225,all,3192.0
Zone1,0,1,20358226,all,3360.0
Zone1,0,1,20358227,all,3427.2
Zone1,0,1,20358228,all,3460.8
Zone1,0,1,20358229,all,3393.6
Zone1,0,1,20358230,all,3225.6
Zone1,0,1,20358231,all,2956.8
Zone1,0,1,20358232,all,2688.0
Zone1,0,1,20358233,all,2520.0
Zone1,0,1,20358234,all,2419.2
Zone1,0,1,20358235,all,2352.0
Zone1,0,1,20358236,all,2284.8
Zone1,0,1,20358237,all,2318.4
Zone1,0,1,20358238,all,2419.2
Zone1,0,1,20358239,all,2688.0
Zone1,0,1,20358240,all,3024.0
Zone1,0,1,20358241,all,3292.8
Zone1,0,1,20358242,all,3360.0
Zone1,0,1,20358243,all,3326.4
Zone1,0,1,20358244,all,3259.2
Zone1,0,1,20358245,all,3192.0
Zone1,0,1,20358246,all,3124.8
Zone1,0,1,20358247,all,3091.2
Zone1,0,1,20358248,all,3124.8
Zone1,0,1,20358249,all,3192.0
Zone1,0,1,20358250,all,3360.0
Zone1,0,1,20358251,all,3427.2
Zone1,0,1,20358252,all,3460.8
Zone1,0,1,20358253,all,3393.6
Zone1,0,1,20358254,all,3225.6
Zone1,0,1,20358255,all,2956.8
Zone1,0,1,20358256,all,2688.0
Zone1,0,1,20358257,all,2520.0
Zone1,0,1,20358258,all,2419.2
Zone1,0,1,20358259,all,2352.0
Zone1,0,1,20358260,all,2284.8
Zone1,0,1,20358261,all,2318.4
Zone1,0,1,20358262,all,2419.2
Zone1,0,1,20358263,all,2688.0
Zone1,0,1,20358264,all,3024.0
Zone1,0,1,20358265,all,3292.8
Zone1,0,1,20358266,all,3360.0
Zone1,0,1,20358267,all,3326.4
Zone1,0,1,20358268,all,3259.2
Zone1,0,1,20358269,all,3192.0
Zone1,0,1,20358270,all,3124.8
Zone1,0,1,20358271,all,3091.2
Zone1,0,1,20358272,all,3124.8
Zone1,0,1,20358273,all,3192.0
Zone1,0,1,20358274,all,3360.0
Zone1,0,1,20358275,all,3427.2
Zone1,0,1,20358276,all,3460.8
Zone1,0,1,20358277,all,3393.6
Zone1,0,1,20358278,all,3225.6
Zone1,0,1,20358279,all,2956.8
Zone1,0,1,20358280,all,2688.0
Zone1,0,1,20358281,all,2520.0
Zone1,0,1,20358282,all,2419.2
Zone1,0,1,20358283,all,2352.0
Zone1,0,1,20358284,all,2284.8
Zone1,0,1,20358285,all,2318.4
Zone1,0,1,20358286,all,2419.2
Zone1,0,1,20358287,all,2688.0
Zone1,0,1,20358288,all,3024.0
Zone1,0,1,20358289,all,3292.8
Zone1,0,1,20358290,all,3360.0
Zone1,0,1,20358291,all,3326.4
Zone1,0,1,20358292,all,3259.2
Zone1,0,1,20358293,all,3192.0
Zone1,0,1,20358294,all,3124.8
Zone1,0,1,20358295,all,3091.2
Zone1,0,1,20358296,all,3124.8
Zone1,0,1,20358297,all,3192.0
Zone1,0,1,20358298,all,3360.0
Zone1,0,1,20358299,all,3427.2
Zone1,0,1,20358300,all,3460.8
Zone1,0,1,20358301,all,3393.6
Zone1,0,1,20358302,all,3225.6
Zone1,0,1,20358303,all,2956.8
Zone1,0,1,20358304,all,2688.0
Zone1,0,1,20358305,all,2520.0
Zone1,0,1,20358306,all,2419.2
Zone1,0,1,20358307,all,2352.0
Zone1,0,1,20358308,all,2284.8
Zone1,0,1,20358309,all,2318.4
Zone1,0,1,20358310,all,2419.2
Zone1,0,1,20358311,all,2688.0
Zone1,0,1,20358312,all,3024.0
Zone1,0,1,20358313,all,3292.8
Zone1,0,1,20358314,all,3360.0
Zone1,0,1,20358315,all,3326.4
Zone1,0,1,20358316,all,3259.2
Zone1,0,1,20358317,all,3192.0
Zone1,0,1,20358318,all,3124.8
Zone1,0,1,20358319,all,3091.2
Zone1,0,1,20358320,all,3124.8
Zone1,0,1,20358321,all,3192.0
Zone1,0,1,20358322,all,3360.0
Zone1,0,1,20358323,all,3427.2
Zone1,0,1,20358324,all,3460.8
Zone1,0,1,20358325,all,3393.6
Zone1,0,1,20358326,all,3225.6
Zone1,0,1,20358327,all,2956.8
Zone1,0,1,20358328,all,2688.0
Zone1,0,1,20358329,all,2520.0
Zone1,0,1,20358330,all,2419.2
Zone1,0,1,20358331,all,2352.0
Zone1,0,1,20358332,all,2284.8
Zone1,0,1,20358333,all,2318.4
Zone1,0,1,20358334,all,2419.2
Zone1,0,1,20358335,all,2688.0
Zone1,0,1,20358336,all,3024.0
Zone1,0,1,20358337,all,3292.8
Zone1,0,1,20358338,all,3360.0
Zone1,0,1,20358339,all,3326.4
Zone1,0,1,20358340,all,3259.2
Zone1,0,1,20358341,all,3192.0
Zone1,0,1,20358342,all,3124.8
Zone1,0,1,20358343,all,3091.2
Zone1,0,1,20358344,all,3124.8
Zone1,0,1,20358345,all,3192.0
Zone1,0,1,20358346,all,3360.0
Zone1,0,1,20358347,all,3427.2
Zone1,0,1,20358348,all,3460.8
Zone1,0,1,20358349,all,3393.6
Zone1,0,1,20358350,all,3225.6
Zone1,0,1,20358351,all,2956.8
Zone1,0,1,20358352,all,2688.0
Zone1,0,1,20358353,all,2520.0
Zone1,0,1,20358354,all,2419.2
Zone1,0,1,20358355,all,2352.0
Zone1,0,1,20358356,all,2284.8
Zone1,0,1,20358357,all,2318.4
Zone1,0,1,20358358,all,2419.2
Zone1,0,1,20358359,all,2688.0
Zone1,0,1,20358360,all,3024.0
Zone1,0,1,20358361,all,3292.8
Zone1,0,1,20358362,all,3360.0
Zone1,0,1,20358363,all,3326.4
Zone1,0,1,20358364,all,3259.2
Zone1,0,1,20358365,all,3192.0
Zone1,0,1,20358366,all,3124.8
Zone1,0,1,20358367,all,3091.2
Zone1,0,1,20358368,all,3124.8
Zone1,0,1,20358369,all,3192.0
Zone1,0,1,20358370,all,3360.0
Zone1,0,1,20358371,all,3427.2
Zone1,0,1,20358372,all,3460.8
Zone1,0,1,20358373,all,3393.6
Zone1,0,1,20358374,all,3225.6
Zone1,0,1,20358375,all,2956.8
Zone1,0,1,20358376,all,2688.0
Zone1,0,1,20358377,all,2520.0
Zone1,0,1,20358378,all,2419.2
Zone1,0,1,20358379,all,2352.0
Zone1,0,1,20358380,all,2284.8
Zone1,0,1,20358381,all,2318.4
Zone1,0,1,20358382,all,2419.2
Zone1,0,1,20358383,all,2688.0
Zone1,0,1,20358384,all,3024.0
Zone1,0,1,20358385,all,3292.8
Zone1,0,1,20358386,all,3360.0
Zone1,0,1,20358387,all,3326.4
Zone1,0,1,20358388,all,3259.2
Zone1,0,1,20358389,all,3192.0
Zone1,0,1,20358390,all,3124.8
Zone1,0,1,20358391,all,3091.2
Zone1,0,1,20358392,all,3124.8
Zone1,0,1,20358393,all,3192.0
Zone1,0,1,20358394,all,3360.0
Zone1,0,1,20358395,all,3427.2
Zone1,0,1,20358396,all,3460.8
Zone1,0,1,20358397,all,3393.6
Zone1,0,1,20358398,all,3225.6
Zone1,0,1,20358399,all,2956.8
Zone1,0,1,20358400,all,2688.0
Zone1,0,1,20358401,all,2520.0
Zone1,0,1,20358402,all,2419.2
Zone1,0,1,20358403,all,2352.0
Zone1,0,1,20358404,all,2284.8
Zone1,0,1,20358405,all,2318.4
Zone1,0,1,20358406,all,2419.2
Zone1,0,1,20358407,all,2688.0
Zone1,0,1,20358408,all,3024.0
Zone1,0,1,20358409,all,3292.8
Zone1,0,1,20358410,all,3360.0
Zone1,0,1,20358411,all,3326.4
Zone1,0,1,20358412,all,3259.2
Zone1,0,1,20358413,all,3192.0
Zone1,0,1,20358414,all,3124.8
Zone1,0,1,20358415,all,3091.2
Zone1,0,1,20358416,all,3124.8
Zone1,0,1,20358417,all,3192.0
Zone1,0,1,20358418,all,3360.0
Zone1,0,1,20358419,all,3427.2
Zone1,0,1,20358420,all,3460.8
Zone1,0,1,20358421,all,3393.6
Zone1,0,1,20358422,all,3225.6
Zone1,0,1,20358423,all,2956.8
Zone1,0,1,20358424,all,2688.0
Zone1,0,1,20358425,all,2520.0
Zone1,0,1,20358426,all,2419.2
Zone1,0,1,20358427,all,2352.0
Zone1,0,1,20358428,all,2284.8
Zone1,0,1,20358429,all,2318.4
Zone1,0,1,20358430,all,2419.2
Zone1,0,1,20358431,all,2688.0
Zone1,0,1,20358432,all,3024.0
Zone1,0,1,20358433,all,3292.8
Zone1,0,1,20358434,all,3360.0
Zone1,0,1,20358435,all,3326.4
Zone1,0,1,20358436,all,3259.2
Zone1,0,1,20358437,all,3192.0
Zone1,0,1,20358438,all,3124.8
Zone1,0,1,20358439,all,3091.2
Zone1,0,1,20358440,all,3124.8
Zone1,0,1,20358441,all,3192.0
Zone1,0,1,20358442,all,3360.0
Zone1,0,1,20358443,all,3427.2
Zone1,0,1,20358444,all,3460.8
Zone1,0,1,20358445,all,3393.6
Zone1,0,1,20358446,all,3225.6
Zone1,0,1,20358447,all,2956.8
Zone1,0,1,20358448,all,2688.0
Zone1,0,1,20358449,all,2520.0
Zone1,0,1,20358450,all,2419.2
Zone1,0,1,20358451,all,2352.0
Zone1,0,1,20358452,all,2284.8
Zone1,0,1,20358453,all,2318.4
Zone1,0,1,20358454,all,2419.2
Zone1,0,1,20358455,all,2688.0
Zone1,0,1,20358456,all,3024.0
Zone1,0,1,20358457,all,3292.8
Zone1,0,1,20358458,all,3360.0
Zone1,0,1,20358459,all,3326.4
Zone1,0,1,20358460,all,3259.2
Zone1,0,1,20358461,all,3192.0
Zone1,0,1,20358462,all,3124.8
Zone1,0,1,20358463,all,3091.2
Zone1,0,1,20358464,all,3124.8
Zone1,0,1,20358465,all,3192.0
Zone1,0,1,20358466,all,3360.0
Zone1,0,1,20358467,all,3427.2
Zone1,0,1,20358468,all,3460.8
Zone1,0,1,20358469,all,3393.6
Zone1,0,1,20358470,all,3225.6
Zone1,0,1,20358471,all,2956.8
Zone1,0,1,20358472,all,2688.0
Zone1,0,1,20358473,all,2520.0
Zone1,0,1,20358474,all,2419.2
Zone1,0,1,20358475,all,2352.0
Zone1,0,1,20358476,all,2284.8
Zone1,0,1,20358477,all,2318.4
Zone1,0,1,20358478,all,2419.2
Zone1,0,1,20358479,all,2688.0
Zone1,0,1,20358480,all,3024.0
Zone1,0,1,20358481,all,3292.8
Zone1,0,1,20358482,all,3360.0
Zone1,0,1,20358483,all,3326.4
Zone1,0,1,20358484,all,3259.2
Zone1,0,1,20358485,all,3192.0
Zone1,0,1,20358486,all,3124.8
Zone1,0,1,20358487,all,3091.2
Zone1,0,1,20358488,all,3124.8
Zone1,0,1,20358489,all,3192.0
Zone1,0,1,20358490,all,3360.0
Zone1,0,1,20358491,all,3427.2
Zone1,0,1,20358492,all,3460.8
Zone1,0,1,20358493,all,3393.6
Zone1,0,1,20358494,all,3225.6
Zone1,0,1,20358495,all,2956.8
Zone1,0,1,20358496,all,2688.0
Zone1,0,1,20358497,all,2520.0
Zone1,0,1,20358498,all,2419.2
Zone1,0,1,20358499,all,2352.0
Zone1,0,1,20358500,all,2284.8
Zone1,0,1,20358501,all,2318.4
Zone1,0,1,20358502,all,2419.2
Zone1,0,1,20358503,all,2688.0
Zone1,0,1,20358504,all,3024.0
Zone1,0,1,20358505,all,3292.8
Zone1,0,1,20358506,all,3360.0
Zone1,0,1,20358507,all,3326.4
Zone1,0,1,20358508,all,3259.2
Zone1,0,1,20358509,all,3192.0
Zone1,0,1,20358510,all,3124.8
Zone1,0,1,20358511,all,3091.2
Zone1,0,1,20358512,all,3124.8
Zone1,0,1,20358513,all,3192.0
Zone1,0,1,20358514,all,3360.0
Zone1,0,1,20358515,all,3427.2
Zone1,0,1,20358516,all,3460.8
Zone1,0,1,20358517,all,3393.6
Zone1,0,1,20358518,all,3225.6
Zone1,0,1,20358519,all,2956.8
Zone1,0,1,20358520,all,2688.0
Zone1,0,1,20358521,all,2520.0
Zone1,0,1,20358522,all,2419.2
Zone1,0,1,20358523,all,2352.0
Zone1,0,1,20358524,all,2284.8
Zone1,0,1,20358525,all,2318.4
Zone1,0,1,20358526,all,2419.2
Zone1,0,1,20358527,all,2688.0
Zone1,0,1,20358528,all,3024.0
Zone1,0,1,20358529,all,3292.8
Zone1,0,1,20358530,all,3360.0
Zone1,0,1,20358531,all,3326.4
Zone1,0,1,20358532,all,3259.2
Zone1,0,1,20358533,all,3192.0
Zone1,0,1,20358534,all,3124.8
Zone1,0,1,20358535,all,3091.2
Zone1,0,1,20358536,all,3124.8
Zone1,0,1,20358537,all,3192.0
Zone1,0,1,20358538,all,3360.0
Zone1,0,1,20358539,all,3427.2
Zone1,0,1,20358540,all,3460.8
Zone1,0,1,20358541,all,3393.6
Zone1,0,1,20358542,all,3225.6
Zone1,0,1,20358543,all,2956.8
Zone1,0,1,20358544,all,2688.0
Zone1,0,1,20358545,all,2520.0
Zone1,0,1,20358546,all,2419.2
Zone1,0,1,20358547,all,2352.0
Zone1,0,1,20358548,all,2284.8
Zone1,0,1,20358549,all,2318.4
Zone1,0,1,20358550,all,2419.2
Zone1,0,1,20358551,all,2688.0
Zone1,0,1,20358552,all,3024.0
Zone1,0,1,20358553,all,3292.8
Zone1,0,1,20358554,all,3360.0
Zone1,0,1,20358555,all,3326.4
Zone1,0,1,20358556,all,3259.2
Zone1,0,1,20358557,all,3192.0
Zone1,0,1,20358558,all,3124.8
Zone1,0,1,20358559,all,3091.2
Zone1,0,1,20358560,all,3124.8
Zone1,0,1,20358561,all,3192.0
Zone1,0,1,20358562,all,3360.0
Zone1,0,1,20358563,all,3427.2
Zone1,0,1,20358564,all,3460.8
Zone1,0,1,20358565,all,3393.6
Zone1,0,1,20358566,all,3225.6
Zone1,0,1,20358567,all,2956.8
Zone1,0,1,20358568,all,2688.0
Zone1,0,1,20358569,all,2520.0
Zone1,0,1,20358570,all,2419.2
Zone1,0,1,20358571,all,2352.0
Zone1,0,1,20358572,all,2284.8
Zone1,0,1,20358573,all,2318.4
Zone1,0,1,20358574,all,2419.2
Zone1,0,1,20358575,all,2688.0
Zone1,0,1,20358576,all,3024.0
Zone1,0,1,20358577,all,3292.8
Zone1,0,1,20358578,all,3360.0
Zone1,0,1,20358579,all,3326.4
Zone1,0,1,20358580,all,3259.2
Zone1,0,1,20358581,all,3192.0
Zone1,0,1,20358582,all,3124.8
Zone1,0,1,20358583,all,3091.2
Zone1,0,1,20358584,all,3124.8
Zone1,0,1,20358585,all,3192.0
Zone1,0,1,20358586,all,3360.0
Zone1,0,1,20358587,all,3427.2
Zone1,0,1,20358588,all,3460.8
Zone1,0,1,20358589,all,3393.6
Zone1,0,1,20358590,all,3225.6
Zone1,0,1,20358591,all,2956.8
Zone1,0,1,20358592,all,2688.0
Zone1,0,1,20358593,all,2520.0
Zone1,0,1,20358594,all,2419.2
Zone1,0,1,20358595,all,2352.0
Zone1,0,1,20358596,all,2284.8
Zone1,0,1,20358597,all,2318.4
Zone1,0,1,20358598,all,2419.2
Zone1,0,1,20358599,all,2688.0
Zone1,0,1,20358600,all,3024.0
Zone1,0,1,20358601,all,3292.8
Zone1,0,1,20358602,all,3360.0
Zone1,0,1,20358603,all,3326.4
Zone1,0,1,20358604,all,3259.2
Zone1,0,1,20358605,all,3192.0
Zone1,0,1,20358606,all,3124.8
Zone1,0,1,20358607,all,3091.2
Zone1,0,1,20358608,all,3124.8
Zone1,0,1,20358609,all,3192.0
Zone1,0,1,20358610,all,3360.0
Zone1,0,1,20358611,all,3427.2
Zone1,0,1,20358612,all,3460.8
Zone1,0,1,20358613,all,3393.6
Zone1,0,1,20358614,all,3225.6
Zone1,0,1,20358615,all,2956.8
Zone1,0,1,20358616,all,2688.0
Zone1,0,1,20358617,all,2520.0
Zone1,0,1,20358618,all,2419.2
Zone1,0,1,20358619,all,2352.0
Zone1,0,1,20358620,all,2284.8
Zone1,0,1,20358621,all,2318.4
Zone1,0,1,20358622,all,2419.2
Zone1,0,1,20358623,all,2688.0
Zone1,0,1,20358624,all,3024.0
Zone1,0,1,20358625,all,3292.8
Zone1,0,1,20358626,all,3360.0
Zone1,0,1,20358627,all,3326.4
Zone1,0,1,20358628,all,3259.2
Zone1,0,1,20358629,all,3192.0
Zone1,0,1,20358630,all,3124.8
Zone1,0,1,20358631,all,3091.2
Zone1,0,1,20358632,all,3124.8
Zone1,0,1,20358633,all,3192.0
Zone1,0,1,20358634,all,3360.0
Zone1,0,1,20358635,all,3427.2
Zone1,0,1,20358636,all,3460.8
Zone1,0,1,20358637,all,3393.6
Zone1,0,1,20358638,all,3225.6
Zone1,0,1,20358639,all,2956.8
Zone1,0,1,20358640,all,2688.0
Zone1,0,1,20358641,all,2520.0
Zone1,0,1,20358642,all,2419.2
Zone1,0,1,20358643,all,2352.0
Zone1,0,1,20358644,all,2284.8
Zone1,0,1,20358645,all,2318.4
Zone1,0,1,20358646,all,2419.2
Zone1,0,1,20358647,all,2688.0
Zone1,0,1,20358648,all,3024.0
Zone1,0,1,20358649,all,3292.8
Zone1,0,1,20358650,all,3360.0
Zone1,0,1,20358651,all,3326.4
Zone1,0,1,20358652,all,3259.2
Zone1,0,1,20358653,all,3192.0
Zone1,0,1,20358654,all,3124.8
Zone1,0,1,20358655,all,3091.2
Zone1,0,1,20358656,all,3124.8
Zone1,0,1,20358657,all,3192.0
Zone1,0,1,20358658,all,3360.0
Zone1,0,1,20358659,all,3427.2
Zone1,0,1,20358660,all,3460.8
Zone1,0,1,20358661,all,3393.6
Zone1,0,1,20358662,all,3225.6
Zone1,0,1,20358663,all,2956.8
Zone1,0,1,20358664,all,2688.0
Zone1,0,1,20358665,all,2520.0
Zone1,0,1,20358666,all,2419.2
Zone1,0,1,20358667,all,2352.0
Zone1,0,1,20358668,all,2284.8
Zone1,0,1,20358669,all,2318.4
Zone1,0,1,20358670,all,2419.2
Zone1,0,1,20358671,all,2688.0
Zone1,0,1,20358672,all,3024.0
Zone1,0,1,20358673,all,3292.8
Zone1,0,1,20358674,all,3360.0
Zone1,0,1,20358675,all,3326.4
Zone1,0,1,20358676,all,3259.2
Zone1,0,1,20358677,all,3192.0
Zone1,0,1,20358678,all,3124.8
Zone1,0,1,20358679,all,3091.2
Zone1,0,1,20358680,all,3124.8
Zone1,0,1,20358681,all,3192.0
Zone1,0,1,20358682,all,3360.0
Zone1,0,1,20358683,all,3427.2
Zone1,0,1,20358684,all,3460.8
Zone1,0,1,20358685,all,3393.6
Zone1,0,1,20358686,all,3225.6
Zone1,0,1,20358687,all,2956.8
Zone1,0,1,20358688,all,2688.0
Zone1,0,1,20358689,all,2520.0
Zone1,0,1,20358690,all,2419.2
Zone1,0,1,20358691,all,2352.0
Zone1,0,1,20358692,all,2284.8
Zone1,0,1,20358693,all,2318.4
Zone1,0,1,20358694,all,2419.2
Zone1,0,1,20358695,all,2688.0
Zone1,0,1,20358696,all,3024.0
Zone1,0,1,20358697,all,3292.8
Zone1,0,1,20358698,all,3360.0
Zone1,0,1,20358699,all,3326.4
Zone1,0,1,20358700,all,3259.2
Zone1,0,1,20358701,all,3192.0
Zone1,0,1,20358702,all,3124.8
Zone1,0,1,20358703,all,3091.2
Zone1,0,1,20358704,all,3124.8
Zone1,0,1,20358705,all,3192.0
Zone1,0,1,20358706,all,3360.0
Zone1,0,1,20358707,all,3427.2
Zone1,0,1,20358708,all,3460.8
Zone1,0,1,20358709,all,3393.6
Zone1,0,1,20358710,all,3225.6
Zone1,0,1,20358711,all,2956.8
Zone1,0,1,20358712,all,2688.0
Zone1,0,1,20358713,all,2520.0
Zone1,0,1,20358714,all,2419.2
Zone1,0,1,20358715,all,2352.0
Zone1,0,1,20358716,all,2284.8
Zone1,0,1,20358717,all,2318.4
Zone1,0,1,20358718,all,2419.2
Zone1,0,1,20358719,all,2688.0
Zone1,0,1,20358720,all,3024.0
Zone1,0,1,20358721,all,3292.8
Zone1,0,1,20358722,all,3360.0
Zone1,0,1,20358723,all,3326.4
Zone1,0,1,20358724,all,3259.2
Zone1,0,1,20358725,all,3192.0
Zone1,0,1,20358726,all,3124.8
Zone1,0,1,20358727,all,3091.2
Zone1,0,1,20358728,all,3124.8
Zone1,0,1,20358729,all,3192.0
Zone1,0,1,20358730,all,3360.0
Zone1,0,1,20358731,all,3427.2
Zone1,0,1,20358732,all,3460.8
Zone1,0,1,20358733,all,3393.6
Zone1,0,1,20358734,all,3225.6
Zone1,0,1,20358735,all,2956.8
Zone1,0,1,20358736,all,2688.0
Zone1,0,1,20358737,all,2520.0
Zone1,0,1,20358738,all,2419.2
Zone1,0,1,20358739,all,2352.0
Zone1,0,1,20358740,all,2284.8
Zone1,0,1,20358741,all,2318.4
Zone1,0,1,20358742,all,2419.2
Zone1,0,1,20358743,all,2688.0
Zone1,0,1,20358744,all,3024.0
Zone1,0,1,20358745,all,3292.8
Zone1,0,1,20358746,all,3360.0
Zone1,0,1,20358747,all,3326.4
Zone1,0,1,20358748,all,3259.2
Zone1,0,1,20358749,all,3192.0
Zone1,0,1,20358750,all,3124.8
Zone1,0,1,20358751,all,3091.2
Zone1,0,1,20358752,all,3124.8
Zone1,0,1,20358753,all,3192.0
Zone1,0,1,20358754,all,3360.0
Zone1,0,1,20358755,all,3427.2
Zone1,0,1,20358756,all,3460.8
Zone1,0,1,20358757,all,3393.6
Zone1,0,1,20358758,all,3225.6
Zone1,0,1,20358759,all,2956.8
Zone1,0,1,20358760,all,2688.0
