weather_iteration,hydro_iteration,stage_id,timepoint,cap_factor
0,0,1,20300001,0.0
0,0,1,20300002,0.0
0,0,1,20300003,0.0
0,0,1,20300004,0.0
0,0,1,20300005,0.0
0,0,1,20300006,0.0
0,0,1,20300007,0.028
0,0,1,20300008,0.098
0,0,1,20300009,0.21
0,0,1,20300010,0.322
0,0,1,20300011,0.42
0,0,1,20300012,0.497
0,0,1,20300013,0.56
0,0,1,20300014,0.56
0,0,1,20300015,0.525
0,0,1,20300016,0.455
0,0,1,20300017,0.35
0,0,1,20300018,0.21
0,0,1,20300019,0.07
0,0,1,20300020,0.014
0,0,1,20300021,0.0
0,0,1,20300022,0.0
0,0,1,20300023,0.0
0,0,1,20300024,0.0
0,0,1,20300025,0.0
0,0,1,20300026,0.0
0,0,1,20300027,0.0
0,0,1,20300028,0.0
0,0,1,20300029,0.0
0,0,1,20300030,0.0
0,0,1,20300031,0.028
0,0,1,20300032,0.098
0,0,1,20300033,0.21
0,0,1,20300034,0.322
0,0,1,20300035,0.42
0,0,1,20300036,0.497
0,0,1,20300037,0.56
0,0,1,20300038,0.56
0,0,1,20300039,0.525
0,0,1,20300040,0.455
0,0,1,20300041,0.35
0,0,1,20300042,0.21
0,0,1,20300043,0.07
0,0,1,20300044,0.014
0,0,1,20300045,0.0
0,0,1,20300046,0.0
0,0,1,20300047,0.0
0,0,1,20300048,0.0
0,0,1,20300049,0.0
0,0,1,20300050,0.0
0,0,1,20300051,0.0
0,0,1,20300052,0.0
0,0,1,20300053,0.0
0,0,1,20300054,0.0
0,0,1,20300055,0.028
0,0,1,20300056,0.098
0,0,1,20300057,0.21
0,0,1,20300058,0.322
0,0,1,20300059,0.42
0,0,1,20300060,0.497
0,0,1,20300061,0.56
0,0,1,20300062,0.56
0,0,1,20300063,0.525
0,0,1,20300064,0.455
0,0,1,20300065,0.35
0,0,1,20300066,0.21
0,0,1,20300067,0.07
0,0,1,20300068,0.014
0,0,1,20300069,0.0
0,0,1,20300070,0.0
0,0,1,20300071,0.0
0,0,1,20300072,0.0
0,0,1,20300073,0.0
0,0,1,20300074,0.0
0,0,1,20300075,0.0
0,0,1,20300076,0.0
0,0,1,20300077,0.0
0,0,1,20300078,0.0
0,0,1,20300079,0.028
0,0,1,20300080,0.098
0,0,1,20300081,0.21
0,0,1,20300082,0.322
0,0,1,20300083,0.42
0,0,1,20300084,0.497
0,0,1,20300085,0.56
0,0,1,20300086,0.56
0,0,1,20300087,0.525
0,0,1,20300088,0.455
0,0,1,20300089,0.35
0,0,1,20300090,0.21
0,0,1,20300091,0.07
0,0,1,20300092,0.014
0,0,1,20300093,0.0
0,0,1,20300094,0.0
0,0,1,20300095,0.0
0,0,1,20300096,0.0
0,0,1,20300097,0.0
0,0,1,20300098,0.0
0,0,1,20300099,0.0
0,0,1,20300100,0.0
0,0,1,20300101,0.0
0,0,1,20300102,0.0
0,0,1,20300103,0.028
0,0,1,20300104,0.098
0,0,1,20300105,0.21
0,0,1,20300106,0.322
0,0,1,20300107,0.42
0,0,1,20300108,0.497
0,0,1,20300109,0.56
0,0,1,20300110,0.56
0,0,1,20300111,0.525
0,0,1,20300112,0.455
0,0,1,20300113,0.35
0,0,1,20300114,0.21
0,0,1,20300115,0.07
0,0,1,20300116,0.014
0,0,1,20300117,0.0
0,0,1,20300118,0.0
0,0,1,20300119,0.0
0,0,1,20300120,0.0
0,0,1,20300121,0.0
0,0,1,20300122,0.0
0,0,1,20300123,0.0
0,0,1,20300124,0.0
0,0,1,20300125,0.0
0,0,1,20300126,0.0
0,0,1,20300127,0.028
0,0,1,20300128,0.098
0,0,1,20300129,0.21
0,0,1,20300130,0.322
0,0,1,20300131,0.42
0,0,1,20300132,0.497
0,0,1,20300133,0.56
0,0,1,20300134,0.56
0,0,1,20300135,0.525
0,0,1,20300136,0.455
0,0,1,20300137,0.35
0,0,1,20300138,0.21
0,0,1,20300139,0.07
0,0,1,20300140,0.014
0,0,1,20300141,0.0
0,0,1,20300142,0.0
0,0,1,20300143,0.0
0,0,1,20300144,0.0
0,0,1,20300145,0.0
0,0,1,20300146,0.0
0,0,1,20300147,0.0
0,0,1,20300148,0.0
0,0,1,20300149,0.0
0,0,1,20300150,0.0
0,0,1,20300151,0.028
0,0,1,20300152,0.098
0,0,1,20300153,0.21
0,0,1,20300154,0.322
0,0,1,20300155,0.42
0,0,1,20300156,0.497
0,0,1,20300157,0.56
0,0,1,20300158,0.56
0,0,1,20300159,0.525
0,0,1,20300160,0.455
0,0,1,20300161,0.35
0,0,1,20300162,0.21
0,0,1,20300163,0.07
0,0,1,20300164,0.014
0,0,1,20300165,0.0
0,0,1,20300166,0.0
0,0,1,20300167,0.0
0,0,1,20300168,0.0
0,0,1,20300169,0.0
0,0,1,20300170,0.0
0,0,1,20300171,0.0
0,0,1,20300172,0.0
0,0,1,20300173,0.0
0,0,1,20300174,0.0
0,0,1,20300175,0.028
0,0,1,20300176,0.098
0,0,1,20300177,0.21
0,0,1,20300178,0.322
0,0,1,20300179,0.42
0,0,1,20300180,0.497
0,0,1,20300181,0.56
0,0,1,20300182,0.56
0,0,1,20300183,0.525
0,0,1,20300184,0.455
0,0,1,20300185,0.35
0,0,1,20300186,0.21
0,0,1,20300187,0.07
0,0,1,20300188,0.014
0,0,1,20300189,0.0
0,0,1,20300190,0.0
0,0,1,20300191,0.0
0,0,1,20300192,0.0
0,0,1,20300193,0.0
0,0,1,20300194,0.0
0,0,1,20300195,0.0
0,0,1,20300196,0.0
0,0,1,20300197,0.0
0,0,1,20300198,0.0
0,0,1,20300199,0.028
0,0,1,20300200,0.098
0,0,1,20300201,0.21
0,0,1,20300202,0.322
0,0,1,20300203,0.42
0,0,1,20300204,0.497
0,0,1,20300205,0.56
0,0,1,20300206,0.56
0,0,1,20300207,0.525
0,0,1,20300208,0.455
0,0,1,20300209,0.35
0,0,1,20300210,0.21
0,0,1,20300211,0.07
0,0,1,20300212,0.014
0,0,1,20300213,0.0
0,0,1,20300214,0.0
0,0,1,20300215,0.0
0,0,1,20300216,0.0
0,0,1,20300217,0.0
0,0,1,20300218,0.0
0,0,1,20300219,0.0
0,0,1,20300220,0.0
0,0,1,20300221,0.0
0,0,1,20300222,0.0
0,0,1,20300223,0.028
0,0,1,20300224,0.098
0,0,1,20300225,0.21
0,0,1,20300226,0.322
0,0,1,20300227,0.42
0,0,1,20300228,0.497
0,0,1,20300229,0.56
0,0,1,20300230,0.56
0,0,1,20300231,0.525
0,0,1,20300232,0.455
0,0,1,20300233,0.35
0,0,1,20300234,0.21
0,0,1,20300235,0.07
0,0,1,20300236,0.014
0,0,1,20300237,0.0
0,0,1,20300238,0.0
0,0,1,20300239,0.0
0,0,1,20300240,0.0
0,0,1,20300241,0.0
0,0,1,20300242,0.0
0,0,1,20300243,0.0
0,0,1,20300244,0.0
0,0,1,20300245,0.0
0,0,1,20300246,0.0
0,0,1,20300247,0.028
0,0,1,20300248,0.098
0,0,1,20300249,0.21
0,0,1,20300250,0.322
0,0,1,20300251,0.42
0,0,1,20300252,0.497
0,0,1,20300253,0.56
0,0,1,20300254,0.56
0,0,1,20300255,0.525
0,0,1,20300256,0.455
0,0,1,20300257,0.35
0,0,1,20300258,0.21
0,0,1,20300259,0.07
0,0,1,20300260,0.014
0,0,1,20300261,0.0
0,0,1,20300262,0.0
0,0,1,20300263,0.0
0,0,1,20300264,0.0
0,0,1,20300265,0.0
0,0,1,20300266,0.0
0,0,1,20300267,0.0
0,0,1,20300268,0.0
0,0,1,20300269,0.0
0,0,1,20300270,0.0
0,0,1,20300271,0.028
0,0,1,20300272,0.098
0,0,1,20300273,0.21
0,0,1,20300274,0.322
0,0,1,20300275,0.42
0,0,1,20300276,0.497
0,0,1,20300277,0.56
0,0,1,20300278,0.56
0,0,1,20300279,0.525
0,0,1,20300280,0.455
0,0,1,20300281,0.35
0,0,1,20300282,0.21
0,0,1,20300283,0.07
0,0,1,20300284,0.014
0,0,1,20300285,0.0
0,0,1,20300286,0.0
0,0,1,20300287,0.0
0,0,1,20300288,0.0
0,0,1,20300289,0.0
0,0,1,20300290,0.0
0,0,1,20300291,0.0
0,0,1,20300292,0.0
0,0,1,20300293,0.0
0,0,1,20300294,0.0
0,0,1,20300295,0.028
0,0,1,20300296,0.098
0,0,1,20300297,0.21
0,0,1,20300298,0.322
0,0,1,20300299,0.42
0,0,1,20300300,0.497
0,0,1,20300301,0.56
0,0,1,20300302,0.56
0,0,1,20300303,0.525
0,0,1,20300304,0.455
0,0,1,20300305,0.35
0,0,1,20300306,0.21
0,0,1,20300307,0.07
0,0,1,20300308,0.014
0,0,1,20300309,0.0
0,0,1,20300310,0.0
0,0,1,20300311,0.0
0,0,1,20300312,0.0
0,0,1,20300313,0.0
0,0,1,20300314,0.0
0,0,1,20300315,0.0
0,0,1,20300316,0.0
0,0,1,20300317,0.0
0,0,1,20300318,0.0
0,0,1,20300319,0.028
0,0,1,20300320,0.098
0,0,1,20300321,0.21
0,0,1,20300322,0.322
0,0,1,20300323,0.42
0,0,1,20300324,0.497
0,0,1,20300325,0.56
0,0,1,20300326,0.56
0,0,1,20300327,0.525
0,0,1,20300328,0.455
0,0,1,20300329,0.35
0,0,1,20300330,0.21
0,0,1,20300331,0.07
0,0,1,20300332,0.014
0,0,1,20300333,0.0
0,0,1,20300334,0.0
0,0,1,20300335,0.0
0,0,1,20300336,0.0
0,0,1,20300337,0.0
0,0,1,20300338,0.0
0,0,1,20300339,0.0
0,0,1,20300340,0.0
0,0,1,20300341,0.0
0,0,1,20300342,0.0
0,0,1,20300343,0.028
0,0,1,20300344,0.098
0,0,1,20300345,0.21
0,0,1,20300346,0.322
0,0,1,20300347,0.42
0,0,1,20300348,0.497
0,0,1,20300349,0.56
0,0,1,20300350,0.56
0,0,1,20300351,0.525
0,0,1,20300352,0.455
0,0,1,20300353,0.35
0,0,1,20300354,0.21
0,0,1,20300355,0.07
0,0,1,20300356,0.014
0,0,1,20300357,0.0
0,0,1,20300358,0.0
0,0,1,20300359,0.0
0,0,1,20300360,0.0
0,0,1,20300361,0.0
0,0,1,20300362,0.0
0,0,1,20300363,0.0
0,0,1,20300364,0.0
0,0,1,20300365,0.0
0,0,1,20300366,0.0
0,0,1,20300367,0.028
0,0,1,20300368,0.098
0,0,1,20300369,0.21
0,0,1,20300370,0.322
0,0,1,20300371,0.42
0,0,1,20300372,0.497
0,0,1,20300373,0.56
0,0,1,20300374,0.56
0,0,1,20300375,0.525
0,0,1,20300376,0.455
0,0,1,20300377,0.35
0,0,1,20300378,0.21
0,0,1,20300379,0.07
0,0,1,20300380,0.014
0,0,1,20300381,0.0
0,0,1,20300382,0.0
0,0,1,20300383,0.0
0,0,1,20300384,0.0
0,0,1,20300385,0.0
0,0,1,20300386,0.0
0,0,1,20300387,0.0
0,0,1,20300388,0.0
0,0,1,20300389,0.0
0,0,1,20300390,0.0
0,0,1,20300391,0.028
0,0,1,20300392,0.098
0,0,1,20300393,0.21
0,0,1,20300394,0.322
0,0,1,20300395,0.42
0,0,1,20300396,0.497
0,0,1,20300397,0.56
0,0,1,20300398,0.56
0,0,1,20300399,0.525
0,0,1,20300400,0.455
0,0,1,20300401,0.35
0,0,1,20300402,0.21
0,0,1,20300403,0.07
0,0,1,20300404,0.014
0,0,1,20300405,0.0
0,0,1,20300406,0.0
0,0,1,20300407,0.0
0,0,1,20300408,0.0
0,0,1,20300409,0.0
0,0,1,20300410,0.0
0,0,1,20300411,0.0
0,0,1,20300412,0.0
0,0,1,20300413,0.0
0,0,1,20300414,0.0
0,0,1,20300415,0.028
0,0,1,20300416,0.098
0,0,1,20300417,0.21
0,0,1,20300418,0.322
0,0,1,20300419,0.42
0,0,1,20300420,0.497
0,0,1,20300421,0.56
0,0,1,20300422,0.56
0,0,1,20300423,0.525
0,0,1,20300424,0.455
0,0,1,20300425,0.35
0,0,1,20300426,0.21
0,0,1,20300427,0.07
0,0,1,20300428,0.014
0,0,1,20300429,0.0
0,0,1,20300430,0.0
0,0,1,20300431,0.0
0,0,1,20300432,0.0
0,0,1,20300433,0.0
0,0,1,20300434,0.0
0,0,1,20300435,0.0
0,0,1,20300436,0.0
0,0,1,20300437,0.0
0,0,1,20300438,0.0
0,0,1,20300439,0.028
0,0,1,20300440,0.098
0,0,1,20300441,0.21
0,0,1,20300442,0.322
0,0,1,20300443,0.42
0,0,1,20300444,0.497
0,0,1,20300445,0.56
0,0,1,20300446,0.56
0,0,1,20300447,0.525
0,0,1,20300448,0.455
0,0,1,20300449,0.35
0,0,1,20300450,0.21
0,0,1,20300451,0.07
0,0,1,20300452,0.014
0,0,1,20300453,0.0
0,0,1,20300454,0.0
0,0,1,20300455,0.0
0,0,1,20300456,0.0
0,0,1,20300457,0.0
0,0,1,20300458,0.0
0,0,1,20300459,0.0
0,0,1,20300460,0.0
0,0,1,20300461,0.0
0,0,1,20300462,0.0
0,0,1,20300463,0.028
0,0,1,20300464,0.098
0,0,1,20300465,0.21
0,0,1,20300466,0.322
0,0,1,20300467,0.42
0,0,1,20300468,0.497
0,0,1,20300469,0.56
0,0,1,20300470,0.56
0,0,1,20300471,0.525
0,0,1,20300472,0.455
0,0,1,20300473,0.35
0,0,1,20300474,0.21
0,0,1,20300475,0.07
0,0,1,20300476,0.014
0,0,1,20300477,0.0
0,0,1,20300478,0.0
0,0,1,20300479,0.0
0,0,1,20300480,0.0
0,0,1,20300481,0.0
0,0,1,20300482,0.0
0,0,1,20300483,0.0
0,0,1,20300484,0.0
0,0,1,20300485,0.0
0,0,1,20300486,0.0
0,0,1,20300487,0.028
0,0,1,20300488,0.098
0,0,1,20300489,0.21
0,0,1,20300490,0.322
0,0,1,20300491,0.42
0,0,1,20300492,0.497
0,0,1,20300493,0.56
0,0,1,20300494,0.56
0,0,1,20300495,0.525
0,0,1,20300496,0.455
0,0,1,20300497,0.35
0,0,1,20300498,0.21
0,0,1,20300499,0.07
0,0,1,20300500,0.014
0,0,1,20300501,0.0
0,0,1,20300502,0.0
0,0,1,20300503,0.0
0,0,1,20300504,0.0
0,0,1,20300505,0.0
0,0,1,20300506,0.0
0,0,1,20300507,0.0
0,0,1,20300508,0.0
0,0,1,20300509,0.0
0,0,1,20300510,0.0
0,0,1,20300511,0.028
0,0,1,20300512,0.098
0,0,1,20300513,0.21
0,0,1,20300514,0.322
0,0,1,20300515,0.42
0,0,1,20300516,0.497
0,0,1,20300517,0.56
0,0,1,20300518,0.56
0,0,1,20300519,0.525
0,0,1,20300520,0.455
0,0,1,20300521,0.35
0,0,1,20300522,0.21
0,0,1,20300523,0.07
0,0,1,20300524,0.014
0,0,1,20300525,0.0
0,0,1,20300526,0.0
0,0,1,20300527,0.0
0,0,1,20300528,0.0
0,0,1,20300529,0.0
0,0,1,20300530,0.0
0,0,1,20300531,0.0
0,0,1,20300532,0.0
0,0,1,20300533,0.0
0,0,1,20300534,0.0
0,0,1,20300535,0.028
0,0,1,20300536,0.098
0,0,1,20300537,0.21
0,0,1,20300538,0.322
0,0,1,20300539,0.42
0,0,1,20300540,0.497
0,0,1,20300541,0.56
0,0,1,20300542,0.56
0,0,1,20300543,0.525
0,0,1,20300544,0.455
0,0,1,20300545,0.35
0,0,1,20300546,0.21
0,0,1,20300547,0.07
0,0,1,20300548,0.014
0,0,1,20300549,0.0
0,0,1,20300550,0.0
0,0,1,20300551,0.0
0,0,1,20300552,0.0
0,0,1,20300553,0.0
0,0,1,20300554,0.0
0,0,1,20300555,0.0
0,0,1,20300556,0.0
0,0,1,20300557,0.0
0,0,1,20300558,0.0
0,0,1,20300559,0.028
0,0,1,20300560,0.098
0,0,1,20300561,0.21
0,0,1,20300562,0.322
0,0,1,20300563,0.42
0,0,1,20300564,0.497
0,0,1,20300565,0.56
0,0,1,20300566,0.56
0,0,1,20300567,0.525
0,0,1,20300568,0.455
0,0,1,20300569,0.35
0,0,1,20300570,0.21
0,0,1,20300571,0.07
0,0,1,20300572,0.014
0,0,1,20300573,0.0
0,0,1,20300574,0.0
0,0,1,20300575,0.0
0,0,1,20300576,0.0
0,0,1,20300577,0.0
0,0,1,20300578,0.0
0,0,1,20300579,0.0
0,0,1,20300580,0.0
0,0,1,20300581,0.0
0,0,1,20300582,0.0
0,0,1,20300583,0.028
0,0,1,20300584,0.098
0,0,1,20300585,0.21
0,0,1,20300586,0.322
0,0,1,20300587,0.42
0,0,1,20300588,0.497
0,0,1,20300589,0.56
0,0,1,20300590,0.56
0,0,1,20300591,0.525
0,0,1,20300592,0.455
0,0,1,20300593,0.35
0,0,1,20300594,0.21
0,0,1,20300595,0.07
0,0,1,20300596,0.014
0,0,1,20300597,0.0
0,0,1,20300598,0.0
0,0,1,20300599,0.0
0,0,1,20300600,0.0
0,0,1,20300601,0.0
0,0,1,20300602,0.0
0,0,1,20300603,0.0
0,0,1,20300604,0.0
0,0,1,20300605,0.0
0,0,1,20300606,0.0
0,0,1,20300607,0.028
0,0,1,20300608,0.098
0,0,1,20300609,0.21
0,0,1,20300610,0.322
0,0,1,20300611,0.42
0,0,1,20300612,0.497
0,0,1,20300613,0.56
0,0,1,20300614,0.56
0,0,1,20300615,0.525
0,0,1,20300616,0.455
0,0,1,20300617,0.35
0,0,1,20300618,0.21
0,0,1,20300619,0.07
0,0,1,20300620,0.014
0,0,1,20300621,0.0
0,0,1,20300622,0.0
0,0,1,20300623,0.0
0,0,1,20300624,0.0
0,0,1,20300625,0.0
0,0,1,20300626,0.0
0,0,1,20300627,0.0
0,0,1,20300628,0.0
0,0,1,20300629,0.0
0,0,1,20300630,0.0
0,0,1,20300631,0.028
0,0,1,20300632,0.098
0,0,1,20300633,0.21
0,0,1,20300634,0.322
0,0,1,20300635,0.42
0,0,1,20300636,0.497
0,0,1,20300637,0.56
0,0,1,20300638,0.56
0,0,1,20300639,0.525
0,0,1,20300640,0.455
0,0,1,20300641,0.35
0,0,1,20300642,0.21
0,0,1,20300643,0.07
0,0,1,20300644,0.014
0,0,1,20300645,0.0
0,0,1,20300646,0.0
0,0,1,20300647,0.0
0,0,1,20300648,0.0
0,0,1,20300649,0.0
0,0,1,20300650,0.0
0,0,1,20300651,0.0
0,0,1,20300652,0.0
0,0,1,20300653,0.0
0,0,1,20300654,0.0
0,0,1,20300655,0.028
0,0,1,20300656,0.098
0,0,1,20300657,0.21
0,0,1,20300658,0.322
0,0,1,20300659,0.42
0,0,1,20300660,0.497
0,0,1,20300661,0.56
0,0,1,20300662,0.56
0,0,1,20300663,0.525
0,0,1,20300664,0.455
0,0,1,20300665,0.35
0,0,1,20300666,0.21
0,0,1,20300667,0.07
0,0,1,20300668,0.014
0,0,1,20300669,0.0
0,0,1,20300670,0.0
0,0,1,20300671,0.0
0,0,1,20300672,0.0
0,0,1,20300673,0.0
0,0,1,20300674,0.0
0,0,1,20300675,0.0
0,0,1,20300676,0.0
0,0,1,20300677,0.0
0,0,1,20300678,0.0
0,0,1,20300679,0.028
0,0,1,20300680,0.098
0,0,1,20300681,0.21
0,0,1,20300682,0.322
0,0,1,20300683,0.42
0,0,1,20300684,0.497
0,0,1,20300685,0.56
0,0,1,20300686,0.56
0,0,1,20300687,0.525
0,0,1,20300688,0.455
0,0,1,20300689,0.35
0,0,1,20300690,0.21
0,0,1,20300691,0.07
0,0,1,20300692,0.014
0,0,1,20300693,0.0
0,0,1,20300694,0.0
0,0,1,20300695,0.0
0,0,1,20300696,0.0
0,0,1,20300697,0.0
0,0,1,20300698,0.0
0,0,1,20300699,0.0
0,0,1,20300700,0.0
0,0,1,20300701,0.0
0,0,1,20300702,0.0
0,0,1,20300703,0.028
0,0,1,20300704,0.098
0,0,1,20300705,0.21
0,0,1,20300706,0.322
0,0,1,20300707,0.42
0,0,1,20300708,0.497
0,0,1,20300709,0.56
0,0,1,20300710,0.56
0,0,1,20300711,0.525
0,0,1,20300712,0.455
0,0,1,20300713,0.35
0,0,1,20300714,0.21
0,0,1,20300715,0.07
0,0,1,20300716,0.014
0,0,1,20300717,0.0
0,0,1,20300718,0.0
0,0,1,20300719,0.0
0,0,1,20300720,0.0
0,0,1,20300721,0.0
0,0,1,20300722,0.0
0,0,1,20300723,0.0
0,0,1,20300724,0.0
0,0,1,20300725,0.0
0,0,1,20300726,0.0
0,0,1,20300727,0.028
0,0,1,20300728,0.098
0,0,1,20300729,0.21
0,0,1,20300730,0.322
0,0,1,20300731,0.42
0,0,1,20300732,0.497
0,0,1,20300733,0.56
0,0,1,20300734,0.56
0,0,1,20300735,0.525
0,0,1,20300736,0.455
0,0,1,20300737,0.35
0,0,1,20300738,0.21
0,0,1,20300739,0.07
0,0,1,20300740,0.014
0,0,1,20300741,0.0
0,0,1,20300742,0.0
0,0,1,20300743,0.0
0,0,1,20300744,0.0
0,0,1,20300745,0.0
0,0,1,20300746,0.0
0,0,1,20300747,0.0
0,0,1,20300748,0.0
0,0,1,20300749,0.0
0,0,1,20300750,0.0
0,0,1,20300751,0.03
0,0,1,20300752,0.105
0,0,1,20300753,0.225
0,0,1,20300754,0.345
0,0,1,20300755,0.45
0,0,1,20300756,0.5325
0,0,1,20300757,0.6
0,0,1,20300758,0.6
0,0,1,20300759,0.5625
0,0,1,20300760,0.4875
0,0,1,20300761,0.375
0,0,1,20300762,0.225
0,0,1,20300763,0.075
0,0,1,20300764,0.015
0,0,1,20300765,0.0
0,0,1,20300766,0.0
0,0,1,20300767,0.0
0,0,1,20300768,0.0
0,0,1,20300769,0.0
0,0,1,20300770,0.0
0,0,1,20300771,0.0
0,0,1,20300772,0.0
0,0,1,20300773,0.0
0,0,1,20300774,0.0
0,0,1,20300775,0.03
0,0,1,20300776,0.105
0,0,1,20300777,0.225
0,0,1,20300778,0.345
0,0,1,20300779,0.45
0,0,1,20300780,0.5325
0,0,1,20300781,0.6
0,0,1,20300782,0.6
0,0,1,20300783,0.5625
0,0,1,20300784,0.4875
0,0,1,20300785,0.375
0,0,1,20300786,0.225
0,0,1,20300787,0.075
0,0,1,20300788,0.015
0,0,1,20300789,0.0
0,0,1,20300790,0.0
0,0,1,20300791,0.0
0,0,1,20300792,0.0
0,0,1,20300793,0.0
0,0,1,20300794,0.0
0,0,1,20300795,0.0
0,0,1,20300796,0.0
0,0,1,20300797,0.0
0,0,1,20300798,0.0
0,0,1,20300799,0.03
0,0,1,20300800,0.105
0,0,1,20300801,0.225
0,0,1,20300802,0.345
0,0,1,20300803,0.45
0,0,1,20300804,0.5325
0,0,1,20300805,0.6
0,0,1,20300806,0.6
0,0,1,20300807,0.5625
0,0,1,20300808,0.4875
0,0,1,20300809,0.375
0,0,1,20300810,0.225
0,0,1,20300811,0.075
0,0,1,20300812,0.015
0,0,1,20300813,0.0
0,0,1,20300814,0.0
0,0,1,20300815,0.0
0,0,1,20300816,0.0
0,0,1,20300817,0.0
0,0,1,20300818,0.0
0,0,1,20300819,0.0
0,0,1,20300820,0.0
0,0,1,20300821,0.0
0,0,1,20300822,0.0
0,0,1,20300823,0.03
0,0,1,20300824,0.105
0,0,1,20300825,0.225
0,0,1,20300826,0.345
0,0,1,20300827,0.45
0,0,1,20300828,0.5325
0,0,1,20300829,0.6
0,0,1,20300830,0.6
0,0,1,20300831,0.5625
0,0,1,20300832,0.4875
0,0,1,20300833,0.375
0,0,1,20300834,0.225
0,0,1,20300835,0.075
0,0,1,20300836,0.015
0,0,1,20300837,0.0
0,0,1,20300838,0.0
0,0,1,20300839,0.0
0,0,1,20300840,0.0
0,0,1,20300841,0.0
0,0,1,20300842,0.0
0,0,1,20300843,0.0
0,0,1,20300844,0.0
0,0,1,20300845,0.0
0,0,1,20300846,0.0
0,0,1,20300847,0.03
0,0,1,20300848,0.105
0,0,1,20300849,0.225
0,0,1,20300850,0.345
0,0,1,20300851,0.45
0,0,1,20300852,0.5325
0,0,1,20300853,0.6
0,0,1,20300854,0.6
0,0,1,20300855,0.5625
0,0,1,20300856,0.4875
0,0,1,20300857,0.375
0,0,1,20300858,0.225
0,0,1,20300859,0.075
0,0,1,20300860,0.015
0,0,1,20300861,0.0
0,0,1,20300862,0.0
0,0,1,20300863,0.0
0,0,1,20300864,0.0
0,0,1,20300865,0.0
0,0,1,20300866,0.0
0,0,1,20300867,0.0
0,0,1,20300868,0.0
0,0,1,20300869,0.0
0,0,1,20300870,0.0
0,0,1,20300871,0.03
0,0,1,20300872,0.105
0,0,1,20300873,0.225
0,0,1,20300874,0.345
0,0,1,20300875,0.45
0,0,1,20300876,0.5325
0,0,1,20300877,0.6
0,0,1,20300878,0.6
0,0,1,20300879,0.5625
0,0,1,20300880,0.4875
0,0,1,20300881,0.375
0,0,1,20300882,0.225
0,0,1,20300883,0.075
0,0,1,20300884,0.015
0,0,1,20300885,0.0
0,0,1,20300886,0.0
0,0,1,20300887,0.0
0,0,1,20300888,0.0
0,0,1,20300889,0.0
0,0,1,20300890,0.0
0,0,1,20300891,0.0
0,0,1,20300892,0.0
0,0,1,20300893,0.0
0,0,1,20300894,0.0
0,0,1,20300895,0.03
0,0,1,20300896,0.105
0,0,1,20300897,0.225
0,0,1,20300898,0.345
0,0,1,20300899,0.45
0,0,1,20300900,0.5325
0,0,1,20300901,0.6
0,0,1,20300902,0.6
0,0,1,20300903,0.5625
0,0,1,20300904,0.4875
0,0,1,20300905,0.375
0,0,1,20300906,0.225
0,0,1,20300907,0.075
0,0,1,20300908,0.015
0,0,1,20300909,0.0
0,0,1,20300910,0.0
0,0,1,20300911,0.0
0,0,1,20300912,0.0
0,0,1,20300913,0.0
0,0,1,20300914,0.0
0,0,1,20300915,0.0
0,0,1,20300916,0.0
0,0,1,20300917,0.0
0,0,1,20300918,0.0
0,0,1,20300919,0.03
0,0,1,20300920,0.105
0,0,1,20300921,0.225
0,0,1,20300922,0.345
0,0,1,20300923,0.45
0,0,1,20300924,0.5325
0,0,1,20300925,0.6
0,0,1,20300926,0.6
0,0,1,20300927,0.5625
0,0,1,20300928,0.4875
0,0,1,20300929,0.375
0,0,1,20300930,0.225
0,0,1,20300931,0.075
0,0,1,20300932,0.015
0,0,1,20300933,0.0
0,0,1,20300934,0.0
0,0,1,20300935,0.0
0,0,1,20300936,0.0
0,0,1,20300937,0.0
0,0,1,20300938,0.0
0,0,1,20300939,0.0
0,0,1,20300940,0.0
0,0,1,20300941,0.0
0,0,1,20300942,0.0
0,0,1,20300943,0.03
0,0,1,20300944,0.105
0,0,1,20300945,0.225
0,0,1,20300946,0.345
0,0,1,20300947,0.45
0,0,1,20300948,0.5325
0,0,1,20300949,0.6
0,0,1,20300950,0.6
0,0,1,20300951,0.5625
0,0,1,20300952,0.4875
0,0,1,20300953,0.375
0,0,1,20300954,0.225
0,0,1,20300955,0.075
0,0,1,20300956,0.015
0,0,1,20300957,0.0
0,0,1,20300958,0.0
0,0,1,20300959,0.0
0,0,1,20300960,0.0
0,0,1,20300961,0.0
0,0,1,20300962,0.0
0,0,1,20300963,0.0
0,0,1,20300964,0.0
0,0,1,20300965,0.0
0,0,1,20300966,0.0
0,0,1,20300967,0.03
0,0,1,20300968,0.105
0,0,1,20300969,0.225
0,0,1,20300970,0.345
0,0,1,20300971,0.45
0,0,1,20300972,0.5325
0,0,1,20300973,0.6
0,0,1,20300974,0.6
0,0,1,20300975,0.5625
0,0,1,20300976,0.4875
0,0,1,20300977,0.375
0,0,1,20300978,0.225
0,0,1,20300979,0.075
0,0,1,20300980,0.015
0,0,1,20300981,0.0
0,0,1,20300982,0.0
0,0,1,20300983,0.0
0,0,1,20300984,0.0
0,0,1,20300985,0.0
0,0,1,20300986,0.0
0,0,1,20300987,0.0
0,0,1,20300988,0.0
0,0,1,20300989,0.0
0,0,1,20300990,0.0
0,0,1,20300991,0.03
0,0,1,20300992,0.105
0,0,1,20300993,0.225
0,0,1,20300994,0.345
0,0,1,20300995,0.45
0,0,1,20300996,0.5325
0,0,1,20300997,0.6
0,0,1,20300998,0.6
0,0,1,20300999,0.5625
0,0,1,20301000,0.4875
0,0,1,20301001,0.375
0,0,1,20301002,0.225
0,0,1,20301003,0.075
0,0,1,20301004,0.015
0,0,1,20301005,0.0
0,0,1,20301006,0.0
0,0,1,20301007,0.0
0,0,1,20301008,0.0
0,0,1,20301009,0.0
0,0,1,20301010,0.0
0,0,1,20301011,0.0
0,0,1,20301012,0.0
0,0,1,20301013,0.0
0,0,1,20301014,0.0
0,0,1,20301015,0.03
0,0,1,20301016,0.105
0,0,1,20301017,0.225
0,0,1,20301018,0.345
0,0,1,20301019,0.45
0,0,1,20301020,0.5325
0,0,1,20301021,0.6
0,0,1,20301022,0.6
0,0,1,20301023,0.5625
0,0,1,20301024,0.4875
0,0,1,20301025,0.375
0,0,1,20301026,0.225
0,0,1,20301027,0.075
0,0,1,20301028,0.015
0,0,1,20301029,0.0
0,0,1,20301030,0.0
0,0,1,20301031,0.0
0,0,1,20301032,0.0
0,0,1,20301033,0.0
0,0,1,20301034,0.0
0,0,1,20301035,0.0
0,0,1,20301036,0.0
0,0,1,20301037,0.0
0,0,1,20301038,0.0
0,0,1,20301039,0.03
0,0,1,20301040,0.105
0,0,1,20301041,0.225
0,0,1,20301042,0.345
0,0,1,20301043,0.45
0,0,1,20301044,0.5325
0,0,1,20301045,0.6
0,0,1,20301046,0.6
0,0,1,20301047,0.5625
0,0,1,20301048,0.4875
0,0,1,20301049,0.375
0,0,1,20301050,0.225
0,0,1,20301051,0.075
0,0,1,20301052,0.015
0,0,1,20301053,0.0
0,0,1,20301054,0.0
0,0,1,20301055,0.0
0,0,1,20301056,0.0
0,0,1,20301057,0.0
0,0,1,20301058,0.0
0,0,1,20301059,0.0
0,0,1,20301060,0.0
0,0,1,20301061,0.0
0,0,1,20301062,0.0
0,0,1,20301063,0.03
0,0,1,20301064,0.105
0,0,1,20301065,0.225
0,0,1,20301066,0.345
0,0,1,20301067,0.45
0,0,1,20301068,0.5325
0,0,1,20301069,0.6
0,0,1,20301070,0.6
0,0,1,20301071,0.5625
0,0,1,20301072,0.4875
0,0,1,20301073,0.375
0,0,1,20301074,0.225
0,0,1,20301075,0.075
0,0,1,20301076,0.015
0,0,1,20301077,0.0
0,0,1,20301078,0.0
0,0,1,20301079,0.0
0,0,1,20301080,0.0
0,0,1,20301081,0.0
0,0,1,20301082,0.0
0,0,1,20301083,0.0
0,0,1,20301084,0.0
0,0,1,20301085,0.0
0,0,1,20301086,0.0
0,0,1,20301087,0.03
0,0,1,20301088,0.105
0,0,1,20301089,0.225
0,0,1,20301090,0.345
0,0,1,20301091,0.45
0,0,1,20301092,0.5325
0,0,1,20301093,0.6
0,0,1,20301094,0.6
0,0,1,20301095,0.5625
0,0,1,20301096,0.4875
0,0,1,20301097,0.375
0,0,1,20301098,0.225
0,0,1,20301099,0.075
0,0,1,20301100,0.015
0,0,1,20301101,0.0
0,0,1,20301102,0.0
0,0,1,20301103,0.0
0,0,1,20301104,0.0
0,0,1,20301105,0.0
0,0,1,20301106,0.0
0,0,1,20301107,0.0
0,0,1,20301108,0.0
0,0,1,20301109,0.0
0,0,1,20301110,0.0
0,0,1,20301111,0.03
0,0,1,20301112,0.105
0,0,1,20301113,0.225
0,0,1,20301114,0.345
0,0,1,20301115,0.45
0,0,1,20301116,0.5325
0,0,1,20301117,0.6
0,0,1,20301118,0.6
0,0,1,20301119,0.5625
0,0,1,20301120,0.4875
0,0,1,20301121,0.375
0,0,1,20301122,0.225
0,0,1,20301123,0.075
0,0,1,20301124,0.015
0,0,1,20301125,0.0
0,0,1,20301126,0.0
0,0,1,20301127,0.0
0,0,1,20301128,0.0
0,0,1,20301129,0.0
0,0,1,20301130,0.0
0,0,1,20301131,0.0
0,0,1,20301132,0.0
0,0,1,20301133,0.0
0,0,1,20301134,0.0
0,0,1,20301135,0.03
0,0,1,20301136,0.105
0,0,1,20301137,0.225
0,0,1,20301138,0.345
0,0,1,20301139,0.45
0,0,1,20301140,0.5325
0,0,1,20301141,0.6
0,0,1,20301142,0.6
0,0,1,20301143,0.5625
0,0,1,20301144,0.4875
0,0,1,20301145,0.375
0,0,1,20301146,0.225
0,0,1,20301147,0.075
0,0,1,20301148,0.015
0,0,1,20301149,0.0
0,0,1,20301150,0.0
0,0,1,20301151,0.0
0,0,1,20301152,0.0
0,0,1,20301153,0.0
0,0,1,20301154,0.0
0,0,1,20301155,0.0
0,0,1,20301156,0.0
0,0,1,20301157,0.0
0,0,1,20301158,0.0
0,0,1,20301159,0.03
0,0,1,20301160,0.105
0,0,1,20301161,0.225
0,0,1,20301162,0.345
0,0,1,20301163,0.45
0,0,1,20301164,0.5325
0,0,1,20301165,0.6
0,0,1,20301166,0.6
0,0,1,20301167,0.5625
0,0,1,20301168,0.4875
0,0,1,20301169,0.375
0,0,1,20301170,0.225
0,0,1,20301171,0.075
0,0,1,20301172,0.015
0,0,1,20301173,0.0
0,0,1,20301174,0.0
0,0,1,20301175,0.0
0,0,1,20301176,0.0
0,0,1,20301177,0.0
0,0,1,20301178,0.0
0,0,1,20301179,0.0
0,0,1,20301180,0.0
0,0,1,20301181,0.0
0,0,1,20301182,0.0
0,0,1,20301183,0.03
0,0,1,20301184,0.105
0,0,1,20301185,0.225
0,0,1,20301186,0.345
0,0,1,20301187,0.45
0,0,1,20301188,0.5325
0,0,1,20301189,0.6
0,0,1,20301190,0.6
0,0,1,20301191,0.5625
0,0,1,20301192,0.4875
0,0,1,20301193,0.375
0,0,1,20301194,0.225
0,0,1,20301195,0.075
0,0,1,20301196,0.015
0,0,1,20301197,0.0
0,0,1,20301198,0.0
0,0,1,20301199,0.0
0,0,1,20301200,0.0
0,0,1,20301201,0.0
0,0,1,20301202,0.0
0,0,1,20301203,0.0
0,0,1,20301204,0.0
0,0,1,20301205,0.0
0,0,1,20301206,0.0
0,0,1,20301207,0.03
0,0,1,20301208,0.105
0,0,1,20301209,0.225
0,0,1,20301210,0.345
0,0,1,20301211,0.45
0,0,1,20301212,0.5325
0,0,1,20301213,0.6
0,0,1,20301214,0.6
0,0,1,20301215,0.5625
0,0,1,20301216,0.4875
0,0,1,20301217,0.375
0,0,1,20301218,0.225
0,0,1,20301219,0.075
0,0,1,20301220,0.015
0,0,1,20301221,0.0
0,0,1,20301222,0.0
0,0,1,20301223,0.0
0,0,1,20301224,0.0
0,0,1,20301225,0.0
0,0,1,20301226,0.0
0,0,1,20301227,0.0
0,0,1,20301228,0.0
0,0,1,20301229,0.0
0,0,1,20301230,0.0
0,0,1,20301231,0.03
0,0,1,20301232,0.105
0,0,1,20301233,0.225
0,0,1,20301234,0.345
0,0,1,20301235,0.45
0,0,1,20301236,0.5325
0,0,1,20301237,0.6
0,0,1,20301238,0.6
0,0,1,20301239,0.5625
0,0,1,20301240,0.4875
0,0,1,20301241,0.375
0,0,1,20301242,0.225
0,0,1,20301243,0.075
0,0,1,20301244,0.015
0,0,1,20301245,0.0
0,0,1,20301246,0.0
0,0,1,20301247,0.0
0,0,1,20301248,0.0
0,0,1,20301249,0.0
0,0,1,20301250,0.0
0,0,1,20301251,0.0
0,0,1,20301252,0.0
0,0,1,20301253,0.0
0,0,1,20301254,0.0
0,0,1,20301255,0.03
0,0,1,20301256,0.105
0,0,1,20301257,0.225
0,0,1,20301258,0.345
0,0,1,20301259,0.45
0,0,1,20301260,0.5325
0,0,1,20301261,0.6
0,0,1,20301262,0.6
0,0,1,20301263,0.5625
0,0,1,20301264,0.4875
0,0,1,20301265,0.375
0,0,1,20301266,0.225
0,0,1,20301267,0.075
0,0,1,20301268,0.015
0,0,1,20301269,0.0
0,0,1,20301270,0.0
0,0,1,20301271,0.0
0,0,1,20301272,0.0
0,0,1,20301273,0.0
0,0,1,20301274,0.0
0,0,1,20301275,0.0
0,0,1,20301276,0.0
0,0,1,20301277,0.0
0,0,1,20301278,0.0
0,0,1,20301279,0.03
0,0,1,20301280,0.105
0,0,1,20301281,0.225
0,0,1,20301282,0.345
0,0,1,20301283,0.45
0,0,1,20301284,0.5325
0,0,1,20301285,0.6
0,0,1,20301286,0.6
0,0,1,20301287,0.5625
0,0,1,20301288,0.4875
0,0,1,20301289,0.375
0,0,1,20301290,0.225
0,0,1,20301291,0.075
0,0,1,20301292,0.015
0,0,1,20301293,0.0
0,0,1,20301294,0.0
0,0,1,20301295,0.0
0,0,1,20301296,0.0
0,0,1,20301297,0.0
0,0,1,20301298,0.0
0,0,1,20301299,0.0
0,0,1,20301300,0.0
0,0,1,20301301,0.0
0,0,1,20301302,0.0
0,0,1,20301303,0.03
0,0,1,20301304,0.105
0,0,1,20301305,0.225
0,0,1,20301306,0.345
0,0,1,20301307,0.45
0,0,1,20301308,0.5325
0,0,1,20301309,0.6
0,0,1,20301310,0.6
0,0,1,20301311,0.5625
0,0,1,20301312,0.4875
0,0,1,20301313,0.375
0,0,1,20301314,0.225
0,0,1,20301315,0.075
0,0,1,20301316,0.015
0,0,1,20301317,0.0
0,0,1,20301318,0.0
0,0,1,20301319,0.0
0,0,1,20301320,0.0
0,0,1,20301321,0.0
0,0,1,20301322,0.0
0,0,1,20301323,0.0
0,0,1,20301324,0.0
0,0,1,20301325,0.0
0,0,1,20301326,0.0
0,0,1,20301327,0.03
0,0,1,20301328,0.105
0,0,1,20301329,0.225
0,0,1,20301330,0.345
0,0,1,20301331,0.45
0,0,1,20301332,0.5325
0,0,1,20301333,0.6
0,0,1,20301334,0.6
0,0,1,20301335,0.5625
0,0,1,20301336,0.4875
0,0,1,20301337,0.375
0,0,1,20301338,0.225
0,0,1,20301339,0.075
0,0,1,20301340,0.015
0,0,1,20301341,0.0
0,0,1,20301342,0.0
0,0,1,20301343,0.0
0,0,1,20301344,0.0
0,0,1,20301345,0.0
0,0,1,20301346,0.0
0,0,1,20301347,0.0
0,0,1,20301348,0.0
0,0,1,20301349,0.0
0,0,1,20301350,0.0
0,0,1,20301351,0.03
0,0,1,20301352,0.105
0,0,1,20301353,0.225
0,0,1,20301354,0.345
0,0,1,20301355,0.45
0,0,1,20301356,0.5325
0,0,1,20301357,0.6
0,0,1,20301358,0.6
0,0,1,20301359,0.5625
0,0,1,20301360,0.4875
0,0,1,20301361,0.375
0,0,1,20301362,0.225
0,0,1,20301363,0.075
0,0,1,20301364,0.015
0,0,1,20301365,0.0
0,0,1,20301366,0.0
0,0,1,20301367,0.0
0,0,1,20301368,0.0
0,0,1,20301369,0.0
0,0,1,20301370,0.0
0,0,1,20301371,0.0
0,0,1,20301372,0.0
0,0,1,20301373,0.0
0,0,1,20301374,0.0
0,0,1,20301375,0.03
0,0,1,20301376,0.105
0,0,1,20301377,0.225
0,0,1,20301378,0.345
0,0,1,20301379,0.45
0,0,1,20301380,0.5325
0,0,1,20301381,0.6
0,0,1,20301382,0.6
0,0,1,20301383,0.5625
0,0,1,20301384,0.4875
0,0,1,20301385,0.375
0,0,1,20301386,0.225
0,0,1,20301387,0.075
0,0,1,20301388,0.015
0,0,1,20301389,0.0
0,0,1,20301390,0.0
0,0,1,20301391,0.0
0,0,1,20301392,0.0
0,0,1,20301393,0.0
0,0,1,20301394,0.0
0,0,1,20301395,0.0
0,0,1,20301396,0.0
0,0,1,20301397,0.0
0,0,1,20301398,0.0
0,0,1,20301399,0.03
0,0,1,20301400,0.105
0,0,1,20301401,0.225
0,0,1,20301402,0.345
0,0,1,20301403,0.45
0,0,1,20301404,0.5325
0,0,1,20301405,0.6
0,0,1,20301406,0.6
0,0,1,20301407,0.5625
0,0,1,20301408,0.4875
0,0,1,20301409,0.375
0,0,1,20301410,0.225
0,0,1,20301411,0.075
0,0,1,20301412,0.015
0,0,1,20301413,0.0
0,0,1,20301414,0.0
0,0,1,20301415,0.0
0,0,1,20301416,0.0
0,0,1,20301417,0.0
0,0,1,20301418,0.0
0,0,1,20301419,0.0
0,0,1,20301420,0.0
0,0,1,20301421,0.0
0,0,1,20301422,0.0
0,0,1,20301423,0.034
0,0,1,20301424,0.119
0,0,1,20301425,0.255
0,0,1,20301426,0.391
0,0,1,20301427,0.51
0,0,1,20301428,0.6035
0,0,1,20301429,0.68
0,0,1,20301430,0.68
0,0,1,20301431,0.6375
0,0,1,20301432,0.5525
0,0,1,20301433,0.425
0,0,1,20301434,0.255
0,0,1,20301435,0.085
0,0,1,20301436,0.017
0,0,1,20301437,0.0
0,0,1,20301438,0.0
0,0,1,20301439,0.0
0,0,1,20301440,0.0
0,0,1,20301441,0.0
0,0,1,20301442,0.0
0,0,1,20301443,0.0
0,0,1,20301444,0.0
0,0,1,20301445,0.0
0,0,1,20301446,0.0
0,0,1,20301447,0.034
0,0,1,20301448,0.119
0,0,1,20301449,0.255
0,0,1,20301450,0.391
0,0,1,20301451,0.51
0,0,1,20301452,0.6035
0,0,1,20301453,0.68
0,0,1,20301454,0.68
0,0,1,20301455,0.6375
0,0,1,20301456,0.5525
0,0,1,20301457,0.425
0,0,1,20301458,0.255
0,0,1,20301459,0.085
0,0,1,20301460,0.017
0,0,1,20301461,0.0
0,0,1,20301462,0.0
0,0,1,20301463,0.0
0,0,1,20301464,0.0
0,0,1,20301465,0.0
0,0,1,20301466,0.0
0,0,1,20301467,0.0
0,0,1,20301468,0.0
0,0,1,20301469,0.0
0,0,1,20301470,0.0
0,0,1,20301471,0.034
0,0,1,20301472,0.119
0,0,1,20301473,0.255
0,0,1,20301474,0.391
0,0,1,20301475,0.51
0,0,1,20301476,0.6035
0,0,1,20301477,0.68
0,0,1,20301478,0.68
0,0,1,20301479,0.6375
0,0,1,20301480,0.5525
0,0,1,20301481,0.425
0,0,1,20301482,0.255
0,0,1,20301483,0.085
0,0,1,20301484,0.017
0,0,1,20301485,0.0
0,0,1,20301486,0.0
0,0,1,20301487,0.0
0,0,1,20301488,0.0
0,0,1,20301489,0.0
0,0,1,20301490,0.0
0,0,1,20301491,0.0
0,0,1,20301492,0.0
0,0,1,20301493,0.0
0,0,1,20301494,0.0
0,0,1,20301495,0.034
0,0,1,20301496,0.119
0,0,1,20301497,0.255
0,0,1,20301498,0.391
0,0,1,20301499,0.51
0,0,1,20301500,0.6035
0,0,1,20301501,0.68
0,0,1,20301502,0.68
0,0,1,20301503,0.6375
0,0,1,20301504,0.5525
0,0,1,20301505,0.425
0,0,1,20301506,0.255
0,0,1,20301507,0.085
0,0,1,20301508,0.017
0,0,1,20301509,0.0
0,0,1,20301510,0.0
0,0,1,20301511,0.0
0,0,1,20301512,0.0
0,0,1,20301513,0.0
0,0,1,20301514,0.0
0,0,1,20301515,0.0
0,0,1,20301516,0.0
0,0,1,20301517,0.0
0,0,1,20301518,0.0
0,0,1,20301519,0.034
0,0,1,20301520,0.119
0,0,1,20301521,0.255
0,0,1,20301522,0.391
0,0,1,20301523,0.51
0,0,1,20301524,0.6035
0,0,1,20301525,0.68
0,0,1,20301526,0.68
0,0,1,20301527,0.6375
0,0,1,20301528,0.5525
0,0,1,20301529,0.425
0,0,1,20301530,0.255
0,0,1,20301531,0.085
0,0,1,20301532,0.017
0,0,1,20301533,0.0
0,0,1,20301534,0.0
0,0,1,20301535,0.0
0,0,1,20301536,0.0
0,0,1,20301537,0.0
0,0,1,20301538,0.0
0,0,1,20301539,0.0
0,0,1,20301540,0.0
0,0,1,20301541,0.0
0,0,1,20301542,0.0
0,0,1,20301543,0.034
0,0,1,20301544,0.119
0,0,1,20301545,0.255
0,0,1,20301546,0.391
0,0,1,20301547,0.51
0,0,1,20301548,0.6035
0,0,1,20301549,0.68
0,0,1,20301550,0.68
0,0,1,20301551,0.6375
0,0,1,20301552,0.5525
0,0,1,20301553,0.425
0,0,1,20301554,0.255
0,0,1,20301555,0.085
0,0,1,20301556,0.017
0,0,1,20301557,0.0
0,0,1,20301558,0.0
0,0,1,20301559,0.0
0,0,1,20301560,0.0
0,0,1,20301561,0.0
0,0,1,20301562,0.0
0,0,1,20301563,0.0
0,0,1,20301564,0.0
0,0,1,20301565,0.0
0,0,1,20301566,0.0
0,0,1,20301567,0.034
0,0,1,20301568,0.119
0,0,1,20301569,0.255
0,0,1,20301570,0.391
0,0,1,20301571,0.51
0,0,1,20301572,0.6035
0,0,1,20301573,0.68
0,0,1,20301574,0.68
0,0,1,20301575,0.6375
0,0,1,20301576,0.5525
0,0,1,20301577,0.425
0,0,1,20301578,0.255
0,0,1,20301579,0.085
0,0,1,20301580,0.017
0,0,1,20301581,0.0
0,0,1,20301582,0.0
0,0,1,20301583,0.0
0,0,1,20301584,0.0
0,0,1,20301585,0.0
0,0,1,20301586,0.0
0,0,1,20301587,0.0
0,0,1,20301588,0.0
0,0,1,20301589,0.0
0,0,1,20301590,0.0
0,0,1,20301591,0.034
0,0,1,20301592,0.119
0,0,1,20301593,0.255
0,0,1,20301594,0.391
0,0,1,20301595,0.51
0,0,1,20301596,0.6035
0,0,1,20301597,0.68
0,0,1,20301598,0.68
0,0,1,20301599,0.6375
0,0,1,20301600,0.5525
0,0,1,20301601,0.425
0,0,1,20301602,0.255
0,0,1,20301603,0.085
0,0,1,20301604,0.017
0,0,1,20301605,0.0
0,0,1,20301606,0.0
0,0,1,20301607,0.0
0,0,1,20301608,0.0
0,0,1,20301609,0.0
0,0,1,20301610,0.0
0,0,1,20301611,0.0
0,0,1,20301612,0.0
0,0,1,20301613,0.0
0,0,1,20301614,0.0
0,0,1,20301615,0.034
0,0,1,20301616,0.119
0,0,1,20301617,0.255
0,0,1,20301618,0.391
0,0,1,20301619,0.51
0,0,1,20301620,0.6035
0,0,1,20301621,0.68
0,0,1,20301622,0.68
0,0,1,20301623,0.6375
0,0,1,20301624,0.5525
0,0,1,20301625,0.425
0,0,1,20301626,0.255
0,0,1,20301627,0.085
0,0,1,20301628,0.017
0,0,1,20301629,0.0
0,0,1,20301630,0.0
0,0,1,20301631,0.0
0,0,1,20301632,0.0
0,0,1,20301633,0.0
0,0,1,20301634,0.0
0,0,1,20301635,0.0
0,0,1,20301636,0.0
0,0,1,20301637,0.0
0,0,1,20301638,0.0
0,0,1,20301639,0.034
0,0,1,20301640,0.119
0,0,1,20301641,0.255
0,0,1,20301642,0.391
0,0,1,20301643,0.51
0,0,1,20301644,0.6035
0,0,1,20301645,0.68
0,0,1,20301646,0.68
0,0,1,20301647,0.6375
0,0,1,20301648,0.5525
0,0,1,20301649,0.425
0,0,1,20301650,0.255
0,0,1,20301651,0.085
0,0,1,20301652,0.017
0,0,1,20301653,0.0
0,0,1,20301654,0.0
0,0,1,20301655,0.0
0,0,1,20301656,0.0
0,0,1,20301657,0.0
0,0,1,20301658,0.0
0,0,1,20301659,0.0
0,0,1,20301660,0.0
0,0,1,20301661,0.0
0,0,1,20301662,0.0
0,0,1,20301663,0.034
0,0,1,20301664,0.119
0,0,1,20301665,0.255
0,0,1,20301666,0.391
0,0,1,20301667,0.51
0,0,1,20301668,0.6035
0,0,1,20301669,0.68
0,0,1,20301670,0.68
0,0,1,20301671,0.6375
0,0,1,20301672,0.5525
0,0,1,20301673,0.425
0,0,1,20301674,0.255
0,0,1,20301675,0.085
0,0,1,20301676,0.017
0,0,1,20301677,0.0
0,0,1,20301678,0.0
0,0,1,20301679,0.0
0,0,1,20301680,0.0
0,0,1,20301681,0.0
0,0,1,20301682,0.0
0,0,1,20301683,0.0
0,0,1,20301684,0.0
0,0,1,20301685,0.0
0,0,1,20301686,0.0
0,0,1,20301687,0.034
0,0,1,20301688,0.119
0,0,1,20301689,0.255
0,0,1,20301690,0.391
0,0,1,20301691,0.51
0,0,1,20301692,0.6035
0,0,1,20301693,0.68
0,0,1,20301694,0.68
0,0,1,20301695,0.6375
0,0,1,20301696,0.5525
0,0,1,20301697,0.425
0,0,1,20301698,0.255
0,0,1,20301699,0.085
0,0,1,20301700,0.017
0,0,1,20301701,0.0
0,0,1,20301702,0.0
0,0,1,20301703,0.0
0,0,1,20301704,0.0
0,0,1,20301705,0.0
0,0,1,20301706,0.0
0,0,1,20301707,0.0
0,0,1,20301708,0.0
0,0,1,20301709,0.0
0,0,1,20301710,0.0
0,0,1,20301711,0.034
0,0,1,20301712,0.119
0,0,1,20301713,0.255
0,0,1,20301714,0.391
0,0,1,20301715,0.51
0,0,1,20301716,0.6035
0,0,1,20301717,0.68
0,0,1,20301718,0.68
0,0,1,20301719,0.6375
0,0,1,20301720,0.5525
0,0,1,20301721,0.425
0,0,1,20301722,0.255
0,0,1,20301723,0.085
0,0,1,20301724,0.017
0,0,1,20301725,0.0
0,0,1,20301726,0.0
0,0,1,20301727,0.0
0,0,1,20301728,0.0
0,0,1,20301729,0.0
0,0,1,20301730,0.0
0,0,1,20301731,0.0
0,0,1,20301732,0.0
0,0,1,20301733,0.0
0,0,1,20301734,0.0
0,0,1,20301735,0.034
0,0,1,20301736,0.119
0,0,1,20301737,0.255
0,0,1,20301738,0.391
0,0,1,20301739,0.51
0,0,1,20301740,0.6035
0,0,1,20301741,0.68
0,0,1,20301742,0.68
0,0,1,20301743,0.6375
0,0,1,20301744,0.5525
0,0,1,20301745,0.425
0,0,1,20301746,0.255
0,0,1,20301747,0.085
0,0,1,20301748,0.017
0,0,1,20301749,0.0
0,0,1,20301750,0.0
0,0,1,20301751,0.0
0,0,1,20301752,0.0
0,0,1,20301753,0.0
0,0,1,20301754,0.0
0,0,1,20301755,0.0
0,0,1,20301756,0.0
0,0,1,20301757,0.0
0,0,1,20301758,0.0
0,0,1,20301759,0.034
0,0,1,20301760,0.119
0,0,1,20301761,0.255
0,0,1,20301762,0.391
0,0,1,20301763,0.51
0,0,1,20301764,0.6035
0,0,1,20301765,0.68
0,0,1,20301766,0.68
0,0,1,20301767,0.6375
0,0,1,20301768,0.5525
0,0,1,20301769,0.425
0,0,1,20301770,0.255
0,0,1,20301771,0.085
0,0,1,20301772,0.017
0,0,1,20301773,0.0
0,0,1,20301774,0.0
0,0,1,20301775,0.0
0,0,1,20301776,0.0
0,0,1,20301777,0.0
0,0,1,20301778,0.0
0,0,1,20301779,0.0
0,0,1,20301780,0.0
0,0,1,20301781,0.0
0,0,1,20301782,0.0
0,0,1,20301783,0.034
0,0,1,20301784,0.119
0,0,1,20301785,0.255
0,0,1,20301786,0.391
0,0,1,20301787,0.51
0,0,1,20301788,0.6035
0,0,1,20301789,0.68
0,0,1,20301790,0.68
0,0,1,20301791,0.6375
0,0,1,20301792,0.5525
0,0,1,20301793,0.425
0,0,1,20301794,0.255
0,0,1,20301795,0.085
0,0,1,20301796,0.017
0,0,1,20301797,0.0
0,0,1,20301798,0.0
0,0,1,20301799,0.0
0,0,1,20301800,0.0
0,0,1,20301801,0.0
0,0,1,20301802,0.0
0,0,1,20301803,0.0
0,0,1,20301804,0.0
0,0,1,20301805,0.0
0,0,1,20301806,0.0
0,0,1,20301807,0.034
0,0,1,20301808,0.119
0,0,1,20301809,0.255
0,0,1,20301810,0.391
0,0,1,20301811,0.51
0,0,1,20301812,0.6035
0,0,1,20301813,0.68
0,0,1,20301814,0.68
0,0,1,20301815,0.6375
0,0,1,20301816,0.5525
0,0,1,20301817,0.425
0,0,1,20301818,0.255
0,0,1,20301819,0.085
0,0,1,20301820,0.017
0,0,1,20301821,0.0
0,0,1,20301822,0.0
0,0,1,20301823,0.0
0,0,1,20301824,0.0
0,0,1,20301825,0.0
0,0,1,20301826,0.0
0,0,1,20301827,0.0
0,0,1,20301828,0.0
0,0,1,20301829,0.0
0,0,1,20301830,0.0
0,0,1,20301831,0.034
0,0,1,20301832,0.119
0,0,1,20301833,0.255
0,0,1,20301834,0.391
0,0,1,20301835,0.51
0,0,1,20301836,0.6035
0,0,1,20301837,0.68
0,0,1,20301838,0.68
0,0,1,20301839,0.6375
0,0,1,20301840,0.5525
0,0,1,20301841,0.425
0,0,1,20301842,0.255
0,0,1,20301843,0.085
0,0,1,20301844,0.017
0,0,1,20301845,0.0
0,0,1,20301846,0.0
0,0,1,20301847,0.0
0,0,1,20301848,0.0
0,0,1,20301849,0.0
0,0,1,20301850,0.0
0,0,1,20301851,0.0
0,0,1,20301852,0.0
0,0,1,20301853,0.0
0,0,1,20301854,0.0
0,0,1,20301855,0.034
0,0,1,20301856,0.119
0,0,1,20301857,0.255
0,0,1,20301858,0.391
0,0,1,20301859,0.51
0,0,1,20301860,0.6035
0,0,1,20301861,0.68
0,0,1,20301862,0.68
0,0,1,20301863,0.6375
0,0,1,20301864,0.5525
0,0,1,20301865,0.425
0,0,1,20301866,0.255
0,0,1,20301867,0.085
0,0,1,20301868,0.017
0,0,1,20301869,0.0
0,0,1,20301870,0.0
0,0,1,20301871,0.0
0,0,1,20301872,0.0
0,0,1,20301873,0.0
0,0,1,20301874,0.0
0,0,1,20301875,0.0
0,0,1,20301876,0.0
0,0,1,20301877,0.0
0,0,1,20301878,0.0
0,0,1,20301879,0.034
0,0,1,20301880,0.119
0,0,1,20301881,0.255
0,0,1,20301882,0.391
0,0,1,20301883,0.51
0,0,1,20301884,0.6035
0,0,1,20301885,0.68
0,0,1,20301886,0.68
0,0,1,20301887,0.6375
0,0,1,20301888,0.5525
0,0,1,20301889,0.425
0,0,1,20301890,0.255
0,0,1,20301891,0.085
0,0,1,20301892,0.017
0,0,1,20301893,0.0
0,0,1,20301894,0.0
0,0,1,20301895,0.0
0,0,1,20301896,0.0
0,0,1,20301897,0.0
0,0,1,20301898,0.0
0,0,1,20301899,0.0
0,0,1,20301900,0.0
0,0,1,20301901,0.0
0,0,1,20301902,0.0
0,0,1,20301903,0.034
0,0,1,20301904,0.119
0,0,1,20301905,0.255
0,0,1,20301906,0.391
0,0,1,20301907,0.51
0,0,1,20301908,0.6035
0,0,1,20301909,0.68
0,0,1,20301910,0.68
0,0,1,20301911,0.6375
0,0,1,20301912,0.5525
0,0,1,20301913,0.425
0,0,1,20301914,0.255
0,0,1,20301915,0.085
0,0,1,20301916,0.017
0,0,1,20301917,0.0
0,0,1,20301918,0.0
0,0,1,20301919,0.0
0,0,1,20301920,0.0
0,0,1,20301921,0.0
0,0,1,20301922,0.0
0,0,1,20301923,0.0
0,0,1,20301924,0.0
0,0,1,20301925,0.0
0,0,1,20301926,0.0
0,0,1,20301927,0.034
0,0,1,20301928,0.119
0,0,1,20301929,0.255
0,0,1,20301930,0.391
0,0,1,20301931,0.51
0,0,1,20301932,0.6035
0,0,1,20301933,0.68
0,0,1,20301934,0.68
0,0,1,20301935,0.6375
0,0,1,20301936,0.5525
0,0,1,20301937,0.425
0,0,1,20301938,0.255
0,0,1,20301939,0.085
0,0,1,20301940,0.017
0,0,1,20301941,0.0
0,0,1,20301942,0.0
0,0,1,20301943,0.0
0,0,1,20301944,0.0
0,0,1,20301945,0.0
0,0,1,20301946,0.0
0,0,1,20301947,0.0
0,0,1,20301948,0.0
0,0,1,20301949,0.0
0,0,1,20301950,0.0
0,0,1,20301951,0.034
0,0,1,20301952,0.119
0,0,1,20301953,0.255
0,0,1,20301954,0.391
0,0,1,20301955,0.51
0,0,1,20301956,0.6035
0,0,1,20301957,0.68
0,0,1,20301958,0.68
0,0,1,20301959,0.6375
0,0,1,20301960,0.5525
0,0,1,20301961,0.425
0,0,1,20301962,0.255
0,0,1,20301963,0.085
0,0,1,20301964,0.017
0,0,1,20301965,0.0
0,0,1,20301966,0.0
0,0,1,20301967,0.0
0,0,1,20301968,0.0
0,0,1,20301969,0.0
0,0,1,20301970,0.0
0,0,1,20301971,0.0
0,0,1,20301972,0.0
0,0,1,20301973,0.0
0,0,1,20301974,0.0
0,0,1,20301975,0.034
0,0,1,20301976,0.119
0,0,1,20301977,0.255
0,0,1,20301978,0.391
0,0,1,20301979,0.51
0,0,1,20301980,0.6035
0,0,1,20301981,0.68
0,0,1,20301982,0.68
0,0,1,20301983,0.6375
0,0,1,20301984,0.5525
0,0,1,20301985,0.425
0,0,1,20301986,0.255
0,0,1,20301987,0.085
0,0,1,20301988,0.017
0,0,1,20301989,0.0
0,0,1,20301990,0.0
0,0,1,20301991,0.0
0,0,1,20301992,0.0
0,0,1,20301993,0.0
0,0,1,20301994,0.0
0,0,1,20301995,0.0
0,0,1,20301996,0.0
0,0,1,20301997,0.0
0,0,1,20301998,0.0
0,0,1,20301999,0.034
0,0,1,20302000,0.119
0,0,1,20302001,0.255
0,0,1,20302002,0.391
0,0,1,20302003,0.51
0,0,1,20302004,0.6035
0,0,1,20302005,0.68
0,0,1,20302006,0.68
0,0,1,20302007,0.6375
0,0,1,20302008,0.5525
0,0,1,20302009,0.425
0,0,1,20302010,0.255
0,0,1,20302011,0.085
0,0,1,20302012,0.017
0,0,1,20302013,0.0
0,0,1,20302014,0.0
0,0,1,20302015,0.0
0,0,1,20302016,0.0
0,0,1,20302017,0.0
0,0,1,20302018,0.0
0,0,1,20302019,0.0
0,0,1,20302020,0.0
0,0,1,20302021,0.0
0,0,1,20302022,0.0
0,0,1,20302023,0.034
0,0,1,20302024,0.119
0,0,1,20302025,0.255
0,0,1,20302026,0.391
0,0,1,20302027,0.51
0,0,1,20302028,0.6035
0,0,1,20302029,0.68
0,0,1,20302030,0.68
0,0,1,20302031,0.6375
0,0,1,20302032,0.5525
0,0,1,20302033,0.425
0,0,1,20302034,0.255
0,0,1,20302035,0.085
0,0,1,20302036,0.017
0,0,1,20302037,0.0
0,0,1,20302038,0.0
0,0,1,20302039,0.0
0,0,1,20302040,0.0
0,0,1,20302041,0.0
0,0,1,20302042,0.0
0,0,1,20302043,0.0
0,0,1,20302044,0.0
0,0,1,20302045,0.0
0,0,1,20302046,0.0
0,0,1,20302047,0.034
0,0,1,20302048,0.119
0,0,1,20302049,0.255
0,0,1,20302050,0.391
0,0,1,20302051,0.51
0,0,1,20302052,0.6035
0,0,1,20302053,0.68
0,0,1,20302054,0.68
0,0,1,20302055,0.6375
0,0,1,20302056,0.5525
0,0,1,20302057,0.425
0,0,1,20302058,0.255
0,0,1,20302059,0.085
0,0,1,20302060,0.017
0,0,1,20302061,0.0
0,0,1,20302062,0.0
0,0,1,20302063,0.0
0,0,1,20302064,0.0
0,0,1,20302065,0.0
0,0,1,20302066,0.0
0,0,1,20302067,0.0
0,0,1,20302068,0.0
0,0,1,20302069,0.0
0,0,1,20302070,0.0
0,0,1,20302071,0.034
0,0,1,20302072,0.119
0,0,1,20302073,0.255
0,0,1,20302074,0.391
0,0,1,20302075,0.51
0,0,1,20302076,0.6035
0,0,1,20302077,0.68
0,0,1,20302078,0.68
0,0,1,20302079,0.6375
0,0,1,20302080,0.5525
0,0,1,20302081,0.425
0,0,1,20302082,0.255
0,0,1,20302083,0.085
0,0,1,20302084,0.017
0,0,1,20302085,0.0
0,0,1,20302086,0.0
0,0,1,20302087,0.0
0,0,1,20302088,0.0
0,0,1,20302089,0.0
0,0,1,20302090,0.0
0,0,1,20302091,0.0
0,0,1,20302092,0.0
0,0,1,20302093,0.0
0,0,1,20302094,0.0
0,0,1,20302095,0.034
0,0,1,20302096,0.119
0,0,1,20302097,0.255
0,0,1,20302098,0.391
0,0,1,20302099,0.51
0,0,1,20302100,0.6035
0,0,1,20302101,0.68
0,0,1,20302102,0.68
0,0,1,20302103,0.6375
0,0,1,20302104,0.5525
0,0,1,20302105,0.425
0,0,1,20302106,0.255
0,0,1,20302107,0.085
0,0,1,20302108,0.017
0,0,1,20302109,0.0
0,0,1,20302110,0.0
0,0,1,20302111,0.0
0,0,1,20302112,0.0
0,0,1,20302113,0.0
0,0,1,20302114,0.0
0,0,1,20302115,0.0
0,0,1,20302116,0.0
0,0,1,20302117,0.0
0,0,1,20302118,0.0
0,0,1,20302119,0.034
0,0,1,20302120,0.119
0,0,1,20302121,0.255
0,0,1,20302122,0.391
0,0,1,20302123,0.51
0,0,1,20302124,0.6035
0,0,1,20302125,0.68
0,0,1,20302126,0.68
0,0,1,20302127,0.6375
0,0,1,20302128,0.5525
0,0,1,20302129,0.425
0,0,1,20302130,0.255
0,0,1,20302131,0.085
0,0,1,20302132,0.017
0,0,1,20302133,0.0
0,0,1,20302134,0.0
0,0,1,20302135,0.0
0,0,1,20302136,0.0
0,0,1,20302137,0.0
0,0,1,20302138,0.0
0,0,1,20302139,0.0
0,0,1,20302140,0.0
0,0,1,20302141,0.0
0,0,1,20302142,0.0
0,0,1,20302143,0.034
0,0,1,20302144,0.119
0,0,1,20302145,0.255
0,0,1,20302146,0.391
0,0,1,20302147,0.51
0,0,1,20302148,0.6035
0,0,1,20302149,0.68
0,0,1,20302150,0.68
0,0,1,20302151,0.6375
0,0,1,20302152,0.5525
0,0,1,20302153,0.425
0,0,1,20302154,0.255
0,0,1,20302155,0.085
0,0,1,20302156,0.017
0,0,1,20302157,0.0
0,0,1,20302158,0.0
0,0,1,20302159,0.0
0,0,1,20302160,0.0
0,0,1,20302161,0.0
0,0,1,20302162,0.0
0,0,1,20302163,0.0
0,0,1,20302164,0.0
0,0,1,20302165,0.0
0,0,1,20302166,0.0
0,0,1,20302167,0.036
0,0,1,20302168,0.126
0,0,1,20302169,0.27
0,0,1,20302170,0.414
0,0,1,20302171,0.54
0,0,1,20302172,0.639
0,0,1,20302173,0.72
0,0,1,20302174,0.72
0,0,1,20302175,0.675
0,0,1,20302176,0.585
0,0,1,20302177,0.45
0,0,1,20302178,0.27
0,0,1,20302179,0.09
0,0,1,20302180,0.018
0,0,1,20302181,0.0
0,0,1,20302182,0.0
0,0,1,20302183,0.0
0,0,1,20302184,0.0
0,0,1,20302185,0.0
0,0,1,20302186,0.0
0,0,1,20302187,0.0
0,0,1,20302188,0.0
0,0,1,20302189,0.0
0,0,1,20302190,0.0
0,0,1,20302191,0.036
0,0,1,20302192,0.126
0,0,1,20302193,0.27
0,0,1,20302194,0.414
0,0,1,20302195,0.54
0,0,1,20302196,0.639
0,0,1,20302197,0.72
0,0,1,20302198,0.72
0,0,1,20302199,0.675
0,0,1,20302200,0.585
0,0,1,20302201,0.45
0,0,1,20302202,0.27
0,0,1,20302203,0.09
0,0,1,20302204,0.018
0,0,1,20302205,0.0
0,0,1,20302206,0.0
0,0,1,20302207,0.0
0,0,1,20302208,0.0
0,0,1,20302209,0.0
0,0,1,20302210,0.0
0,0,1,20302211,0.0
0,0,1,20302212,0.0
0,0,1,20302213,0.0
0,0,1,20302214,0.0
0,0,1,20302215,0.036
0,0,1,20302216,0.126
0,0,1,20302217,0.27
0,0,1,20302218,0.414
0,0,1,20302219,0.54
0,0,1,20302220,0.639
0,0,1,20302221,0.72
0,0,1,20302222,0.72
0,0,1,20302223,0.675
0,0,1,20302224,0.585
0,0,1,20302225,0.45
0,0,1,20302226,0.27
0,0,1,20302227,0.09
0,0,1,20302228,0.018
0,0,1,20302229,0.0
0,0,1,20302230,0.0
0,0,1,20302231,0.0
0,0,1,20302232,0.0
0,0,1,20302233,0.0
0,0,1,20302234,0.0
0,0,1,20302235,0.0
0,0,1,20302236,0.0
0,0,1,20302237,0.0
0,0,1,20302238,0.0
0,0,1,20302239,0.036
0,0,1,20302240,0.126
0,0,1,20302241,0.27
0,0,1,20302242,0.414
0,0,1,20302243,0.54
0,0,1,20302244,0.639
0,0,1,20302245,0.72
0,0,1,20302246,0.72
0,0,1,20302247,0.675
0,0,1,20302248,0.585
0,0,1,20302249,0.45
0,0,1,20302250,0.27
0,0,1,20302251,0.09
0,0,1,20302252,0.018
0,0,1,20302253,0.0
0,0,1,20302254,0.0
0,0,1,20302255,0.0
0,0,1,20302256,0.0
0,0,1,20302257,0.0
0,0,1,20302258,0.0
0,0,1,20302259,0.0
0,0,1,20302260,0.0
0,0,1,20302261,0.0
0,0,1,20302262,0.0
0,0,1,20302263,0.036
0,0,1,20302264,0.126
0,0,1,20302265,0.27
0,0,1,20302266,0.414
0,0,1,20302267,0.54
0,0,1,20302268,0.639
0,0,1,20302269,0.72
0,0,1,20302270,0.72
0,0,1,20302271,0.675
0,0,1,20302272,0.585
0,0,1,20302273,0.45
0,0,1,20302274,0.27
0,0,1,20302275,0.09
0,0,1,20302276,0.018
0,0,1,20302277,0.0
0,0,1,20302278,0.0
0,0,1,20302279,0.0
0,0,1,20302280,0.0
0,0,1,20302281,0.0
0,0,1,20302282,0.0
0,0,1,20302283,0.0
0,0,1,20302284,0.0
0,0,1,20302285,0.0
0,0,1,20302286,0.0
0,0,1,20302287,0.036
0,0,1,20302288,0.126
0,0,1,20302289,0.27
0,0,1,20302290,0.414
0,0,1,20302291,0.54
0,0,1,20302292,0.639
0,0,1,20302293,0.72
0,0,1,20302294,0.72
0,0,1,20302295,0.675
0,0,1,20302296,0.585
0,0,1,20302297,0.45
0,0,1,20302298,0.27
0,0,1,20302299,0.09
0,0,1,20302300,0.018
0,0,1,20302301,0.0
0,0,1,20302302,0.0
0,0,1,20302303,0.0
0,0,1,20302304,0.0
0,0,1,20302305,0.0
0,0,1,20302306,0.0
0,0,1,20302307,0.0
0,0,1,20302308,0.0
0,0,1,20302309,0.0
0,0,1,20302310,0.0
0,0,1,20302311,0.036
0,0,1,20302312,0.126
0,0,1,20302313,0.27
0,0,1,20302314,0.414
0,0,1,20302315,0.54
0,0,1,20302316,0.639
0,0,1,20302317,0.72
0,0,1,20302318,0.72
0,0,1,20302319,0.675
0,0,1,20302320,0.585
0,0,1,20302321,0.45
0,0,1,20302322,0.27
0,0,1,20302323,0.09
0,0,1,20302324,0.018
0,0,1,20302325,0.0
0,0,1,20302326,0.0
0,0,1,20302327,0.0
0,0,1,20302328,0.0
0,0,1,20302329,0.0
0,0,1,20302330,0.0
0,0,1,20302331,0.0
0,0,1,20302332,0.0
0,0,1,20302333,0.0
0,0,1,20302334,0.0
0,0,1,20302335,0.036
0,0,1,20302336,0.126
0,0,1,20302337,0.27
0,0,1,20302338,0.414
0,0,1,20302339,0.54
0,0,1,20302340,0.639
0,0,1,20302341,0.72
0,0,1,20302342,0.72
0,0,1,20302343,0.675
0,0,1,20302344,0.585
0,0,1,20302345,0.45
0,0,1,20302346,0.27
0,0,1,20302347,0.09
0,0,1,20302348,0.018
0,0,1,20302349,0.0
0,0,1,20302350,0.0
0,0,1,20302351,0.0
0,0,1,20302352,0.0
0,0,1,20302353,0.0
0,0,1,20302354,0.0
0,0,1,20302355,0.0
0,0,1,20302356,0.0
0,0,1,20302357,0.0
0,0,1,20302358,0.0
0,0,1,20302359,0.036
0,0,1,20302360,0.126
0,0,1,20302361,0.27
0,0,1,20302362,0.414
0,0,1,20302363,0.54
0,0,1,20302364,0.639
0,0,1,20302365,0.72
0,0,1,20302366,0.72
0,0,1,20302367,0.675
0,0,1,20302368,0.585
0,0,1,20302369,0.45
0,0,1,20302370,0.27
0,0,1,20302371,0.09
0,0,1,20302372,0.018
0,0,1,20302373,0.0
0,0,1,20302374,0.0
0,0,1,20302375,0.0
0,0,1,20302376,0.0
0,0,1,20302377,0.0
0,0,1,20302378,0.0
0,0,1,20302379,0.0
0,0,1,20302380,0.0
0,0,1,20302381,0.0
0,0,1,20302382,0.0
0,0,1,20302383,0.036
0,0,1,20302384,0.126
0,0,1,20302385,0.27
0,0,1,20302386,0.414
0,0,1,20302387,0.54
0,0,1,20302388,0.639
0,0,1,20302389,0.72
0,0,1,20302390,0.72
0,0,1,20302391,0.675
0,0,1,20302392,0.585
0,0,1,20302393,0.45
0,0,1,20302394,0.27
0,0,1,20302395,0.09
0,0,1,20302396,0.018
0,0,1,20302397,0.0
0,0,1,20302398,0.0
0,0,1,20302399,0.0
0,0,1,20302400,0.0
0,0,1,20302401,0.0
0,0,1,20302402,0.0
0,0,1,20302403,0.0
0,0,1,20302404,0.0
0,0,1,20302405,0.0
0,0,1,20302406,0.0
0,0,1,20302407,0.036
0,0,1,20302408,0.126
0,0,1,20302409,0.27
0,0,1,20302410,0.414
0,0,1,20302411,0.54
0,0,1,20302412,0.639
0,0,1,20302413,0.72
0,0,1,20302414,0.72
0,0,1,20302415,0.675
0,0,1,20302416,0.585
0,0,1,20302417,0.45
0,0,1,20302418,0.27
0,0,1,20302419,0.09
0,0,1,20302420,0.018
0,0,1,20302421,0.0
0,0,1,20302422,0.0
0,0,1,20302423,0.0
0,0,1,20302424,0.0
0,0,1,20302425,0.0
0,0,1,20302426,0.0
0,0,1,20302427,0.0
0,0,1,20302428,0.0
0,0,1,20302429,0.0
0,0,1,20302430,0.0
0,0,1,20302431,0.036
0,0,1,20302432,0.126
0,0,1,20302433,0.27
0,0,1,20302434,0.414
0,0,1,20302435,0.54
0,0,1,20302436,0.639
0,0,1,20302437,0.72
0,0,1,20302438,0.72
0,0,1,20302439,0.675
0,0,1,20302440,0.585
0,0,1,20302441,0.45
0,0,1,20302442,0.27
0,0,1,20302443,0.09
0,0,1,20302444,0.018
0,0,1,20302445,0.0
0,0,1,20302446,0.0
0,0,1,20302447,0.0
0,0,1,20302448,0.0
0,0,1,20302449,0.0
0,0,1,20302450,0.0
0,0,1,20302451,0.0
0,0,1,20302452,0.0
0,0,1,20302453,0.0
0,0,1,20302454,0.0
0,0,1,20302455,0.036
0,0,1,20302456,0.126
0,0,1,20302457,0.27
0,0,1,20302458,0.414
0,0,1,20302459,0.54
0,0,1,20302460,0.639
0,0,1,20302461,0.72
0,0,1,20302462,0.72
0,0,1,20302463,0.675
0,0,1,20302464,0.585
0,0,1,20302465,0.45
0,0,1,20302466,0.27
0,0,1,20302467,0.09
0,0,1,20302468,0.018
0,0,1,20302469,0.0
0,0,1,20302470,0.0
0,0,1,20302471,0.0
0,0,1,20302472,0.0
0,0,1,20302473,0.0
0,0,1,20302474,0.0
0,0,1,20302475,0.0
0,0,1,20302476,0.0
0,0,1,20302477,0.0
0,0,1,20302478,0.0
0,0,1,20302479,0.036
0,0,1,20302480,0.126
0,0,1,20302481,0.27
0,0,1,20302482,0.414
0,0,1,20302483,0.54
0,0,1,20302484,0.639
0,0,1,20302485,0.72
0,0,1,20302486,0.72
0,0,1,20302487,0.675
0,0,1,20302488,0.585
0,0,1,20302489,0.45
0,0,1,20302490,0.27
0,0,1,20302491,0.09
0,0,1,20302492,0.018
0,0,1,20302493,0.0
0,0,1,20302494,0.0
0,0,1,20302495,0.0
0,0,1,20302496,0.0
0,0,1,20302497,0.0
0,0,1,20302498,0.0
0,0,1,20302499,0.0
0,0,1,20302500,0.0
0,0,1,20302501,0.0
0,0,1,20302502,0.0
0,0,1,20302503,0.036
0,0,1,20302504,0.126
0,0,1,20302505,0.27
0,0,1,20302506,0.414
0,0,1,20302507,0.54
0,0,1,20302508,0.639
0,0,1,20302509,0.72
0,0,1,20302510,0.72
0,0,1,20302511,0.675
0,0,1,20302512,0.585
0,0,1,20302513,0.45
0,0,1,20302514,0.27
0,0,1,20302515,0.09
0,0,1,20302516,0.018
0,0,1,20302517,0.0
0,0,1,20302518,0.0
0,0,1,20302519,0.0
0,0,1,20302520,0.0
0,0,1,20302521,0.0
0,0,1,20302522,0.0
0,0,1,20302523,0.0
0,0,1,20302524,0.0
0,0,1,20302525,0.0
0,0,1,20302526,0.0
0,0,1,20302527,0.036
0,0,1,20302528,0.126
0,0,1,20302529,0.27
0,0,1,20302530,0.414
0,0,1,20302531,0.54
0,0,1,20302532,0.639
0,0,1,20302533,0.72
0,0,1,20302534,0.72
0,0,1,20302535,0.675
0,0,1,20302536,0.585
0,0,1,20302537,0.45
0,0,1,20302538,0.27
0,0,1,20302539,0.09
0,0,1,20302540,0.018
0,0,1,20302541,0.0
0,0,1,20302542,0.0
0,0,1,20302543,0.0
0,0,1,20302544,0.0
0,0,1,20302545,0.0
0,0,1,20302546,0.0
0,0,1,20302547,0.0
0,0,1,20302548,0.0
0,0,1,20302549,0.0
0,0,1,20302550,0.0
0,0,1,20302551,0.036
0,0,1,20302552,0.126
0,0,1,20302553,0.27
0,0,1,20302554,0.414
0,0,1,20302555,0.54
0,0,1,20302556,0.639
0,0,1,20302557,0.72
0,0,1,20302558,0.72
0,0,1,20302559,0.675
0,0,1,20302560,0.585
0,0,1,20302561,0.45
0,0,1,20302562,0.27
0,0,1,20302563,0.09
0,0,1,20302564,0.018
0,0,1,20302565,0.0
0,0,1,20302566,0.0
0,0,1,20302567,0.0
0,0,1,20302568,0.0
0,0,1,20302569,0.0
0,0,1,20302570,0.0
0,0,1,20302571,0.0
0,0,1,20302572,0.0
0,0,1,20302573,0.0
0,0,1,20302574,0.0
0,0,1,20302575,0.036
0,0,1,20302576,0.126
0,0,1,20302577,0.27
0,0,1,20302578,0.414
0,0,1,20302579,0.54
0,0,1,20302580,0.639
0,0,1,20302581,0.72
0,0,1,20302582,0.72
0,0,1,20302583,0.675
0,0,1,20302584,0.585
0,0,1,20302585,0.45
0,0,1,20302586,0.27
0,0,1,20302587,0.09
0,0,1,20302588,0.018
0,0,1,20302589,0.0
0,0,1,20302590,0.0
0,0,1,20302591,0.0
0,0,1,20302592,0.0
0,0,1,20302593,0.0
0,0,1,20302594,0.0
0,0,1,20302595,0.0
0,0,1,20302596,0.0
0,0,1,20302597,0.0
0,0,1,20302598,0.0
0,0,1,20302599,0.036
0,0,1,20302600,0.126
0,0,1,20302601,0.27
0,0,1,20302602,0.414
0,0,1,20302603,0.54
0,0,1,20302604,0.639
0,0,1,20302605,0.72
0,0,1,20302606,0.72
0,0,1,20302607,0.675
0,0,1,20302608,0.585
0,0,1,20302609,0.45
0,0,1,20302610,0.27
0,0,1,20302611,0.09
0,0,1,20302612,0.018
0,0,1,20302613,0.0
0,0,1,20302614,0.0
0,0,1,20302615,0.0
0,0,1,20302616,0.0
0,0,1,20302617,0.0
0,0,1,20302618,0.0
0,0,1,20302619,0.0
0,0,1,20302620,0.0
0,0,1,20302621,0.0
0,0,1,20302622,0.0
0,0,1,20302623,0.036
0,0,1,20302624,0.126
0,0,1,20302625,0.27
0,0,1,20302626,0.414
0,0,1,20302627,0.54
0,0,1,20302628,0.639
0,0,1,20302629,0.72
0,0,1,20302630,0.72
0,0,1,20302631,0.675
0,0,1,20302632,0.585
0,0,1,20302633,0.45
0,0,1,20302634,0.27
0,0,1,20302635,0.09
0,0,1,20302636,0.018
0,0,1,20302637,0.0
0,0,1,20302638,0.0
0,0,1,20302639,0.0
0,0,1,20302640,0.0
0,0,1,20302641,0.0
0,0,1,20302642,0.0
0,0,1,20302643,0.0
0,0,1,20302644,0.0
0,0,1,20302645,0.0
0,0,1,20302646,0.0
0,0,1,20302647,0.036
0,0,1,20302648,0.126
0,0,1,20302649,0.27
0,0,1,20302650,0.414
0,0,1,20302651,0.54
0,0,1,20302652,0.639
0,0,1,20302653,0.72
0,0,1,20302654,0.72
0,0,1,20302655,0.675
0,0,1,20302656,0.585
0,0,1,20302657,0.45
0,0,1,20302658,0.27
0,0,1,20302659,0.09
0,0,1,20302660,0.018
0,0,1,20302661,0.0
0,0,1,20302662,0.0
0,0,1,20302663,0.0
0,0,1,20302664,0.0
0,0,1,20302665,0.0
0,0,1,20302666,0.0
0,0,1,20302667,0.0
0,0,1,20302668,0.0
0,0,1,20302669,0.0
0,0,1,20302670,0.0
0,0,1,20302671,0.036
0,0,1,20302672,0.126
0,0,1,20302673,0.27
0,0,1,20302674,0.414
0,0,1,20302675,0.54
0,0,1,20302676,0.639
0,0,1,20302677,0.72
0,0,1,20302678,0.72
0,0,1,20302679,0.675
0,0,1,20302680,0.585
0,0,1,20302681,0.45
0,0,1,20302682,0.27
0,0,1,20302683,0.09
0,0,1,20302684,0.018
0,0,1,20302685,0.0
0,0,1,20302686,0.0
0,0,1,20302687,0.0
0,0,1,20302688,0.0
0,0,1,20302689,0.0
0,0,1,20302690,0.0
0,0,1,20302691,0.0
0,0,1,20302692,0.0
0,0,1,20302693,0.0
0,0,1,20302694,0.0
0,0,1,20302695,0.036
0,0,1,20302696,0.126
0,0,1,20302697,0.27
0,0,1,20302698,0.414
0,0,1,20302699,0.54
0,0,1,20302700,0.639
0,0,1,20302701,0.72
0,0,1,20302702,0.72
0,0,1,20302703,0.675
0,0,1,20302704,0.585
0,0,1,20302705,0.45
0,0,1,20302706,0.27
0,0,1,20302707,0.09
0,0,1,20302708,0.018
0,0,1,20302709,0.0
0,0,1,20302710,0.0
0,0,1,20302711,0.0
0,0,1,20302712,0.0
0,0,1,20302713,0.0
0,0,1,20302714,0.0
0,0,1,20302715,0.0
0,0,1,20302716,0.0
0,0,1,20302717,0.0
0,0,1,20302718,0.0
0,0,1,20302719,0.036
0,0,1,20302720,0.126
0,0,1,20302721,0.27
0,0,1,20302722,0.414
0,0,1,20302723,0.54
0,0,1,20302724,0.639
0,0,1,20302725,0.72
0,0,1,20302726,0.72
0,0,1,20302727,0.675
0,0,1,20302728,0.585
0,0,1,20302729,0.45
0,0,1,20302730,0.27
0,0,1,20302731,0.09
0,0,1,20302732,0.018
0,0,1,20302733,0.0
0,0,1,20302734,0.0
0,0,1,20302735,0.0
0,0,1,20302736,0.0
0,0,1,20302737,0.0
0,0,1,20302738,0.0
0,0,1,20302739,0.0
0,0,1,20302740,0.0
0,0,1,20302741,0.0
0,0,1,20302742,0.0
0,0,1,20302743,0.036
0,0,1,20302744,0.126
0,0,1,20302745,0.27
0,0,1,20302746,0.414
0,0,1,20302747,0.54
0,0,1,20302748,0.639
0,0,1,20302749,0.72
0,0,1,20302750,0.72
0,0,1,20302751,0.675
0,0,1,20302752,0.585
0,0,1,20302753,0.45
0,0,1,20302754,0.27
0,0,1,20302755,0.09
0,0,1,20302756,0.018
0,0,1,20302757,0.0
0,0,1,20302758,0.0
0,0,1,20302759,0.0
0,0,1,20302760,0.0
0,0,1,20302761,0.0
0,0,1,20302762,0.0
0,0,1,20302763,0.0
0,0,1,20302764,0.0
0,0,1,20302765,0.0
0,0,1,20302766,0.0
0,0,1,20302767,0.036
0,0,1,20302768,0.126
0,0,1,20302769,0.27
0,0,1,20302770,0.414
0,0,1,20302771,0.54
0,0,1,20302772,0.639
0,0,1,20302773,0.72
0,0,1,20302774,0.72
0,0,1,20302775,0.675
0,0,1,20302776,0.585
0,0,1,20302777,0.45
0,0,1,20302778,0.27
0,0,1,20302779,0.09
0,0,1,20302780,0.018
0,0,1,20302781,0.0
0,0,1,20302782,0.0
0,0,1,20302783,0.0
0,0,1,20302784,0.0
0,0,1,20302785,0.0
0,0,1,20302786,0.0
0,0,1,20302787,0.0
0,0,1,20302788,0.0
0,0,1,20302789,0.0
0,0,1,20302790,0.0
0,0,1,20302791,0.036
0,0,1,20302792,0.126
0,0,1,20302793,0.27
0,0,1,20302794,0.414
0,0,1,20302795,0.54
0,0,1,20302796,0.639
0,0,1,20302797,0.72
0,0,1,20302798,0.72
0,0,1,20302799,0.675
0,0,1,20302800,0.585
0,0,1,20302801,0.45
0,0,1,20302802,0.27
0,0,1,20302803,0.09
0,0,1,20302804,0.018
0,0,1,20302805,0.0
0,0,1,20302806,0.0
0,0,1,20302807,0.0
0,0,1,20302808,0.0
0,0,1,20302809,0.0
0,0,1,20302810,0.0
0,0,1,20302811,0.0
0,0,1,20302812,0.0
0,0,1,20302813,0.0
0,0,1,20302814,0.0
0,0,1,20302815,0.036
0,0,1,20302816,0.126
0,0,1,20302817,0.27
0,0,1,20302818,0.414
0,0,1,20302819,0.54
0,0,1,20302820,0.639
0,0,1,20302821,0.72
0,0,1,20302822,0.72
0,0,1,20302823,0.675
0,0,1,20302824,0.585
0,0,1,20302825,0.45
0,0,1,20302826,0.27
0,0,1,20302827,0.09
0,0,1,20302828,0.018
0,0,1,20302829,0.0
0,0,1,20302830,0.0
0,0,1,20302831,0.0
0,0,1,20302832,0.0
0,0,1,20302833,0.0
0,0,1,20302834,0.0
0,0,1,20302835,0.0
0,0,1,20302836,0.0
0,0,1,20302837,0.0
0,0,1,20302838,0.0
0,0,1,20302839,0.036
0,0,1,20302840,0.126
0,0,1,20302841,0.27
0,0,1,20302842,0.414
0,0,1,20302843,0.54
0,0,1,20302844,0.639
0,0,1,20302845,0.72
0,0,1,20302846,0.72
0,0,1,20302847,0.675
0,0,1,20302848,0.585
0,0,1,20302849,0.45
0,0,1,20302850,0.27
0,0,1,20302851,0.09
0,0,1,20302852,0.018
0,0,1,20302853,0.0
0,0,1,20302854,0.0
0,0,1,20302855,0.0
0,0,1,20302856,0.0
0,0,1,20302857,0.0
0,0,1,20302858,0.0
0,0,1,20302859,0.0
0,0,1,20302860,0.0
0,0,1,20302861,0.0
0,0,1,20302862,0.0
0,0,1,20302863,0.036
0,0,1,20302864,0.126
0,0,1,20302865,0.27
0,0,1,20302866,0.414
0,0,1,20302867,0.54
0,0,1,20302868,0.639
0,0,1,20302869,0.72
0,0,1,20302870,0.72
0,0,1,20302871,0.675
0,0,1,20302872,0.585
0,0,1,20302873,0.45
0,0,1,20302874,0.27
0,0,1,20302875,0.09
0,0,1,20302876,0.018
0,0,1,20302877,0.0
0,0,1,20302878,0.0
0,0,1,20302879,0.0
0,0,1,20302880,0.0
0,0,1,20302881,0.0
0,0,1,20302882,0.0
0,0,1,20302883,0.0
0,0,1,20302884,0.0
0,0,1,20302885,0.0
0,0,1,20302886,0.0
0,0,1,20302887,0.038
0,0,1,20302888,0.133
0,0,1,20302889,0.285
0,0,1,20302890,0.437
0,0,1,20302891,0.57
0,0,1,20302892,0.6745
0,0,1,20302893,0.76
0,0,1,20302894,0.76
0,0,1,20302895,0.7125
0,0,1,20302896,0.6175
0,0,1,20302897,0.475
0,0,1,20302898,0.285
0,0,1,20302899,0.095
0,0,1,20302900,0.019
0,0,1,20302901,0.0
0,0,1,20302902,0.0
0,0,1,20302903,0.0
0,0,1,20302904,0.0
0,0,1,20302905,0.0
0,0,1,20302906,0.0
0,0,1,20302907,0.0
0,0,1,20302908,0.0
0,0,1,20302909,0.0
0,0,1,20302910,0.0
0,0,1,20302911,0.038
0,0,1,20302912,0.133
0,0,1,20302913,0.285
0,0,1,20302914,0.437
0,0,1,20302915,0.57
0,0,1,20302916,0.6745
0,0,1,20302917,0.76
0,0,1,20302918,0.76
0,0,1,20302919,0.7125
0,0,1,20302920,0.6175
0,0,1,20302921,0.475
0,0,1,20302922,0.285
0,0,1,20302923,0.095
0,0,1,20302924,0.019
0,0,1,20302925,0.0
0,0,1,20302926,0.0
0,0,1,20302927,0.0
0,0,1,20302928,0.0
0,0,1,20302929,0.0
0,0,1,20302930,0.0
0,0,1,20302931,0.0
0,0,1,20302932,0.0
0,0,1,20302933,0.0
0,0,1,20302934,0.0
0,0,1,20302935,0.038
0,0,1,20302936,0.133
0,0,1,20302937,0.285
0,0,1,20302938,0.437
0,0,1,20302939,0.57
0,0,1,20302940,0.6745
0,0,1,20302941,0.76
0,0,1,20302942,0.76
0,0,1,20302943,0.7125
0,0,1,20302944,0.6175
0,0,1,20302945,0.475
0,0,1,20302946,0.285
0,0,1,20302947,0.095
0,0,1,20302948,0.019
0,0,1,20302949,0.0
0,0,1,20302950,0.0
0,0,1,20302951,0.0
0,0,1,20302952,0.0
0,0,1,20302953,0.0
0,0,1,20302954,0.0
0,0,1,20302955,0.0
0,0,1,20302956,0.0
0,0,1,20302957,0.0
0,0,1,20302958,0.0
0,0,1,20302959,0.038
0,0,1,20302960,0.133
0,0,1,20302961,0.285
0,0,1,20302962,0.437
0,0,1,20302963,0.57
0,0,1,20302964,0.6745
0,0,1,20302965,0.76
0,0,1,20302966,0.76
0,0,1,20302967,0.7125
0,0,1,20302968,0.6175
0,0,1,20302969,0.475
0,0,1,20302970,0.285
0,0,1,20302971,0.095
0,0,1,20302972,0.019
0,0,1,20302973,0.0
0,0,1,20302974,0.0
0,0,1,20302975,0.0
0,0,1,20302976,0.0
0,0,1,20302977,0.0
0,0,1,20302978,0.0
0,0,1,20302979,0.0
0,0,1,20302980,0.0
0,0,1,20302981,0.0
0,0,1,20302982,0.0
0,0,1,20302983,0.038
0,0,1,20302984,0.133
0,0,1,20302985,0.285
0,0,1,20302986,0.437
0,0,1,20302987,0.57
0,0,1,20302988,0.6745
0,0,1,20302989,0.76
0,0,1,20302990,0.76
0,0,1,20302991,0.7125
0,0,1,20302992,0.6175
0,0,1,20302993,0.475
0,0,1,20302994,0.285
0,0,1,20302995,0.095
0,0,1,20302996,0.019
0,0,1,20302997,0.0
0,0,1,20302998,0.0
0,0,1,20302999,0.0
0,0,1,20303000,0.0
0,0,1,20303001,0.0
0,0,1,20303002,0.0
0,0,1,20303003,0.0
0,0,1,20303004,0.0
0,0,1,20303005,0.0
0,0,1,20303006,0.0
0,0,1,20303007,0.038
0,0,1,20303008,0.133
0,0,1,20303009,0.285
0,0,1,20303010,0.437
0,0,1,20303011,0.57
0,0,1,20303012,0.6745
0,0,1,20303013,0.76
0,0,1,20303014,0.76
0,0,1,20303015,0.7125
0,0,1,20303016,0.6175
0,0,1,20303017,0.475
0,0,1,20303018,0.285
0,0,1,20303019,0.095
0,0,1,20303020,0.019
0,0,1,20303021,0.0
0,0,1,20303022,0.0
0,0,1,20303023,0.0
0,0,1,20303024,0.0
0,0,1,20303025,0.0
0,0,1,20303026,0.0
0,0,1,20303027,0.0
0,0,1,20303028,0.0
0,0,1,20303029,0.0
0,0,1,20303030,0.0
0,0,1,20303031,0.038
0,0,1,20303032,0.133
0,0,1,20303033,0.285
0,0,1,20303034,0.437
0,0,1,20303035,0.57
0,0,1,20303036,0.6745
0,0,1,20303037,0.76
0,0,1,20303038,0.76
0,0,1,20303039,0.7125
0,0,1,20303040,0.6175
0,0,1,20303041,0.475
0,0,1,20303042,0.285
0,0,1,20303043,0.095
0,0,1,20303044,0.019
0,0,1,20303045,0.0
0,0,1,20303046,0.0
0,0,1,20303047,0.0
0,0,1,20303048,0.0
0,0,1,20303049,0.0
0,0,1,20303050,0.0
0,0,1,20303051,0.0
0,0,1,20303052,0.0
0,0,1,20303053,0.0
0,0,1,20303054,0.0
0,0,1,20303055,0.038
0,0,1,20303056,0.133
0,0,1,20303057,0.285
0,0,1,20303058,0.437
0,0,1,20303059,0.57
0,0,1,20303060,0.6745
0,0,1,20303061,0.76
0,0,1,20303062,0.76
0,0,1,20303063,0.7125
0,0,1,20303064,0.6175
0,0,1,20303065,0.475
0,0,1,20303066,0.285
0,0,1,20303067,0.095
0,0,1,20303068,0.019
0,0,1,20303069,0.0
0,0,1,20303070,0.0
0,0,1,20303071,0.0
0,0,1,20303072,0.0
0,0,1,20303073,0.0
0,0,1,20303074,0.0
0,0,1,20303075,0.0
0,0,1,20303076,0.0
0,0,1,20303077,0.0
0,0,1,20303078,0.0
0,0,1,20303079,0.038
0,0,1,20303080,0.133
0,0,1,20303081,0.285
0,0,1,20303082,0.437
0,0,1,20303083,0.57
0,0,1,20303084,0.6745
0,0,1,20303085,0.76
0,0,1,20303086,0.76
0,0,1,20303087,0.7125
0,0,1,20303088,0.6175
0,0,1,20303089,0.475
0,0,1,20303090,0.285
0,0,1,20303091,0.095
0,0,1,20303092,0.019
0,0,1,20303093,0.0
0,0,1,20303094,0.0
0,0,1,20303095,0.0
0,0,1,20303096,0.0
0,0,1,20303097,0.0
0,0,1,20303098,0.0
0,0,1,20303099,0.0
0,0,1,20303100,0.0
0,0,1,20303101,0.0
0,0,1,20303102,0.0
0,0,1,20303103,0.038
0,0,1,20303104,0.133
0,0,1,20303105,0.285
0,0,1,20303106,0.437
0,0,1,20303107,0.57
0,0,1,20303108,0.6745
0,0,1,20303109,0.76
0,0,1,20303110,0.76
0,0,1,20303111,0.7125
0,0,1,20303112,0.6175
0,0,1,20303113,0.475
0,0,1,20303114,0.285
0,0,1,20303115,0.095
0,0,1,20303116,0.019
0,0,1,20303117,0.0
0,0,1,20303118,0.0
0,0,1,20303119,0.0
0,0,1,20303120,0.0
0,0,1,20303121,0.0
0,0,1,20303122,0.0
0,0,1,20303123,0.0
0,0,1,20303124,0.0
0,0,1,20303125,0.0
0,0,1,20303126,0.0
0,0,1,20303127,0.038
0,0,1,20303128,0.133
0,0,1,20303129,0.285
0,0,1,20303130,0.437
0,0,1,20303131,0.57
0,0,1,20303132,0.6745
0,0,1,20303133,0.76
0,0,1,20303134,0.76
0,0,1,20303135,0.7125
0,0,1,20303136,0.6175
0,0,1,20303137,0.475
0,0,1,20303138,0.285
0,0,1,20303139,0.095
0,0,1,20303140,0.019
0,0,1,20303141,0.0
0,0,1,20303142,0.0
0,0,1,20303143,0.0
0,0,1,20303144,0.0
0,0,1,20303145,0.0
0,0,1,20303146,0.0
0,0,1,20303147,0.0
0,0,1,20303148,0.0
0,0,1,20303149,0.0
0,0,1,20303150,0.0
0,0,1,20303151,0.038
0,0,1,20303152,0.133
0,0,1,20303153,0.285
0,0,1,20303154,0.437
0,0,1,20303155,0.57
0,0,1,20303156,0.6745
0,0,1,20303157,0.76
0,0,1,20303158,0.76
0,0,1,20303159,0.7125
0,0,1,20303160,0.6175
0,0,1,20303161,0.475
0,0,1,20303162,0.285
0,0,1,20303163,0.095
0,0,1,20303164,0.019
0,0,1,20303165,0.0
0,0,1,20303166,0.0
0,0,1,20303167,0.0
0,0,1,20303168,0.0
0,0,1,20303169,0.0
0,0,1,20303170,0.0
0,0,1,20303171,0.0
0,0,1,20303172,0.0
0,0,1,20303173,0.0
0,0,1,20303174,0.0
0,0,1,20303175,0.038
0,0,1,20303176,0.133
0,0,1,20303177,0.285
0,0,1,20303178,0.437
0,0,1,20303179,0.57
0,0,1,20303180,0.6745
0,0,1,20303181,0.76
0,0,1,20303182,0.76
0,0,1,20303183,0.7125
0,0,1,20303184,0.6175
0,0,1,20303185,0.475
0,0,1,20303186,0.285
0,0,1,20303187,0.095
0,0,1,20303188,0.019
0,0,1,20303189,0.0
0,0,1,20303190,0.0
0,0,1,20303191,0.0
0,0,1,20303192,0.0
0,0,1,20303193,0.0
0,0,1,20303194,0.0
0,0,1,20303195,0.0
0,0,1,20303196,0.0
0,0,1,20303197,0.0
0,0,1,20303198,0.0
0,0,1,20303199,0.038
0,0,1,20303200,0.133
0,0,1,20303201,0.285
0,0,1,20303202,0.437
0,0,1,20303203,0.57
0,0,1,20303204,0.6745
0,0,1,20303205,0.76
0,0,1,20303206,0.76
0,0,1,20303207,0.7125
0,0,1,20303208,0.6175
0,0,1,20303209,0.475
0,0,1,20303210,0.285
0,0,1,20303211,0.095
0,0,1,20303212,0.019
0,0,1,20303213,0.0
0,0,1,20303214,0.0
0,0,1,20303215,0.0
0,0,1,20303216,0.0
0,0,1,20303217,0.0
0,0,1,20303218,0.0
0,0,1,20303219,0.0
0,0,1,20303220,0.0
0,0,1,20303221,0.0
0,0,1,20303222,0.0
0,0,1,20303223,0.038
0,0,1,20303224,0.133
0,0,1,20303225,0.285
0,0,1,20303226,0.437
0,0,1,20303227,0.57
0,0,1,20303228,0.6745
0,0,1,20303229,0.76
0,0,1,20303230,0.76
0,0,1,20303231,0.7125
0,0,1,20303232,0.6175
0,0,1,20303233,0.475
0,0,1,20303234,0.285
0,0,1,20303235,0.095
0,0,1,20303236,0.019
0,0,1,20303237,0.0
0,0,1,20303238,0.0
0,0,1,20303239,0.0
0,0,1,20303240,0.0
0,0,1,20303241,0.0
0,0,1,20303242,0.0
0,0,1,20303243,0.0
0,0,1,20303244,0.0
0,0,1,20303245,0.0
0,0,1,20303246,0.0
0,0,1,20303247,0.038
0,0,1,20303248,0.133
0,0,1,20303249,0.285
0,0,1,20303250,0.437
0,0,1,20303251,0.57
0,0,1,20303252,0.6745
0,0,1,20303253,0.76
0,0,1,20303254,0.76
0,0,1,20303255,0.7125
0,0,1,20303256,0.6175
0,0,1,20303257,0.475
0,0,1,20303258,0.285
0,0,1,20303259,0.095
0,0,1,20303260,0.019
0,0,1,20303261,0.0
0,0,1,20303262,0.0
0,0,1,20303263,0.0
0,0,1,20303264,0.0
0,0,1,20303265,0.0
0,0,1,20303266,0.0
0,0,1,20303267,0.0
0,0,1,20303268,0.0
0,0,1,20303269,0.0
0,0,1,20303270,0.0
0,0,1,20303271,0.038
0,0,1,20303272,0.133
0,0,1,20303273,0.285
0,0,1,20303274,0.437
0,0,1,20303275,0.57
0,0,1,20303276,0.6745
0,0,1,20303277,0.76
0,0,1,20303278,0.76
0,0,1,20303279,0.7125
0,0,1,20303280,0.6175
0,0,1,20303281,0.475
0,0,1,20303282,0.285
0,0,1,20303283,0.095
0,0,1,20303284,0.019
0,0,1,20303285,0.0
0,0,1,20303286,0.0
0,0,1,20303287,0.0
0,0,1,20303288,0.0
0,0,1,20303289,0.0
0,0,1,20303290,0.0
0,0,1,20303291,0.0
0,0,1,20303292,0.0
0,0,1,20303293,0.0
0,0,1,20303294,0.0
0,0,1,20303295,0.038
0,0,1,20303296,0.133
0,0,1,20303297,0.285
0,0,1,20303298,0.437
0,0,1,20303299,0.57
0,0,1,20303300,0.6745
0,0,1,20303301,0.76
0,0,1,20303302,0.76
0,0,1,20303303,0.7125
0,0,1,20303304,0.6175
0,0,1,20303305,0.475
0,0,1,20303306,0.285
0,0,1,20303307,0.095
0,0,1,20303308,0.019
0,0,1,20303309,0.0
0,0,1,20303310,0.0
0,0,1,20303311,0.0
0,0,1,20303312,0.0
0,0,1,20303313,0.0
0,0,1,20303314,0.0
0,0,1,20303315,0.0
0,0,1,20303316,0.0
0,0,1,20303317,0.0
0,0,1,20303318,0.0
0,0,1,20303319,0.038
0,0,1,20303320,0.133
0,0,1,20303321,0.285
0,0,1,20303322,0.437
0,0,1,20303323,0.57
0,0,1,20303324,0.6745
0,0,1,20303325,0.76
0,0,1,20303326,0.76
0,0,1,20303327,0.7125
0,0,1,20303328,0.6175
0,0,1,20303329,0.475
0,0,1,20303330,0.285
0,0,1,20303331,0.095
0,0,1,20303332,0.019
0,0,1,20303333,0.0
0,0,1,20303334,0.0
0,0,1,20303335,0.0
0,0,1,20303336,0.0
0,0,1,20303337,0.0
0,0,1,20303338,0.0
0,0,1,20303339,0.0
0,0,1,20303340,0.0
0,0,1,20303341,0.0
0,0,1,20303342,0.0
0,0,1,20303343,0.038
0,0,1,20303344,0.133
0,0,1,20303345,0.285
0,0,1,20303346,0.437
0,0,1,20303347,0.57
0,0,1,20303348,0.6745
0,0,1,20303349,0.76
0,0,1,20303350,0.76
0,0,1,20303351,0.7125
0,0,1,20303352,0.6175
0,0,1,20303353,0.475
0,0,1,20303354,0.285
0,0,1,20303355,0.095
0,0,1,20303356,0.019
0,0,1,20303357,0.0
0,0,1,20303358,0.0
0,0,1,20303359,0.0
0,0,1,20303360,0.0
0,0,1,20303361,0.0
0,0,1,20303362,0.0
0,0,1,20303363,0.0
0,0,1,20303364,0.0
0,0,1,20303365,0.0
0,0,1,20303366,0.0
0,0,1,20303367,0.038
0,0,1,20303368,0.133
0,0,1,20303369,0.285
0,0,1,20303370,0.437
0,0,1,20303371,0.57
0,0,1,20303372,0.6745
0,0,1,20303373,0.76
0,0,1,20303374,0.76
0,0,1,20303375,0.7125
0,0,1,20303376,0.6175
0,0,1,20303377,0.475
0,0,1,20303378,0.285
0,0,1,20303379,0.095
0,0,1,20303380,0.019
0,0,1,20303381,0.0
0,0,1,20303382,0.0
0,0,1,20303383,0.0
0,0,1,20303384,0.0
0,0,1,20303385,0.0
0,0,1,20303386,0.0
0,0,1,20303387,0.0
0,0,1,20303388,0.0
0,0,1,20303389,0.0
0,0,1,20303390,0.0
0,0,1,20303391,0.038
0,0,1,20303392,0.133
0,0,1,20303393,0.285
0,0,1,20303394,0.437
0,0,1,20303395,0.57
0,0,1,20303396,0.6745
0,0,1,20303397,0.76
0,0,1,20303398,0.76
0,0,1,20303399,0.7125
0,0,1,20303400,0.6175
0,0,1,20303401,0.475
0,0,1,20303402,0.285
0,0,1,20303403,0.095
0,0,1,20303404,0.019
0,0,1,20303405,0.0
0,0,1,20303406,0.0
0,0,1,20303407,0.0
0,0,1,20303408,0.0
0,0,1,20303409,0.0
0,0,1,20303410,0.0
0,0,1,20303411,0.0
0,0,1,20303412,0.0
0,0,1,20303413,0.0
0,0,1,20303414,0.0
0,0,1,20303415,0.038
0,0,1,20303416,0.133
0,0,1,20303417,0.285
0,0,1,20303418,0.437
0,0,1,20303419,0.57
0,0,1,20303420,0.6745
0,0,1,20303421,0.76
0,0,1,20303422,0.76
0,0,1,20303423,0.7125
0,0,1,20303424,0.6175
0,0,1,20303425,0.475
0,0,1,20303426,0.285
0,0,1,20303427,0.095
0,0,1,20303428,0.019
0,0,1,20303429,0.0
0,0,1,20303430,0.0
0,0,1,20303431,0.0
0,0,1,20303432,0.0
0,0,1,20303433,0.0
0,0,1,20303434,0.0
0,0,1,20303435,0.0
0,0,1,20303436,0.0
0,0,1,20303437,0.0
0,0,1,20303438,0.0
0,0,1,20303439,0.038
0,0,1,20303440,0.133
0,0,1,20303441,0.285
0,0,1,20303442,0.437
0,0,1,20303443,0.57
0,0,1,20303444,0.6745
0,0,1,20303445,0.76
0,0,1,20303446,0.76
0,0,1,20303447,0.7125
0,0,1,20303448,0.6175
0,0,1,20303449,0.475
0,0,1,20303450,0.285
0,0,1,20303451,0.095
0,0,1,20303452,0.019
0,0,1,20303453,0.0
0,0,1,20303454,0.0
0,0,1,20303455,0.0
0,0,1,20303456,0.0
0,0,1,20303457,0.0
0,0,1,20303458,0.0
0,0,1,20303459,0.0
0,0,1,20303460,0.0
0,0,1,20303461,0.0
0,0,1,20303462,0.0
0,0,1,20303463,0.038
0,0,1,20303464,0.133
0,0,1,20303465,0.285
0,0,1,20303466,0.437
0,0,1,20303467,0.57
0,0,1,20303468,0.6745
0,0,1,20303469,0.76
0,0,1,20303470,0.76
0,0,1,20303471,0.7125
0,0,1,20303472,0.6175
0,0,1,20303473,0.475
0,0,1,20303474,0.285
0,0,1,20303475,0.095
0,0,1,20303476,0.019
0,0,1,20303477,0.0
0,0,1,20303478,0.0
0,0,1,20303479,0.0
0,0,1,20303480,0.0
0,0,1,20303481,0.0
0,0,1,20303482,0.0
0,0,1,20303483,0.0
0,0,1,20303484,0.0
0,0,1,20303485,0.0
0,0,1,20303486,0.0
0,0,1,20303487,0.038
0,0,1,20303488,0.133
0,0,1,20303489,0.285
0,0,1,20303490,0.437
0,0,1,20303491,0.57
0,0,1,20303492,0.6745
0,0,1,20303493,0.76
0,0,1,20303494,0.76
0,0,1,20303495,0.7125
0,0,1,20303496,0.6175
0,0,1,20303497,0.475
0,0,1,20303498,0.285
0,0,1,20303499,0.095
0,0,1,20303500,0.019
0,0,1,20303501,0.0
0,0,1,20303502,0.0
0,0,1,20303503,0.0
0,0,1,20303504,0.0
0,0,1,20303505,0.0
0,0,1,20303506,0.0
0,0,1,20303507,0.0
0,0,1,20303508,0.0
0,0,1,20303509,0.0
0,0,1,20303510,0.0
0,0,1,20303511,0.038
0,0,1,20303512,0.133
0,0,1,20303513,0.285
0,0,1,20303514,0.437
0,0,1,20303515,0.57
0,0,1,20303516,0.6745
0,0,1,20303517,0.76
0,0,1,20303518,0.76
0,0,1,20303519,0.7125
0,0,1,20303520,0.6175
0,0,1,20303521,0.475
0,0,1,20303522,0.285
0,0,1,20303523,0.095
0,0,1,20303524,0.019
0,0,1,20303525,0.0
0,0,1,20303526,0.0
0,0,1,20303527,0.0
0,0,1,20303528,0.0
0,0,1,20303529,0.0
0,0,1,20303530,0.0
0,0,1,20303531,0.0
0,0,1,20303532,0.0
0,0,1,20303533,0.0
0,0,1,20303534,0.0
0,0,1,20303535,0.038
0,0,1,20303536,0.133
0,0,1,20303537,0.285
0,0,1,20303538,0.437
0,0,1,20303539,0.57
0,0,1,20303540,0.6745
0,0,1,20303541,0.76
0,0,1,20303542,0.76
0,0,1,20303543,0.7125
0,0,1,20303544,0.6175
0,0,1,20303545,0.475
0,0,1,20303546,0.285
0,0,1,20303547,0.095
0,0,1,20303548,0.019
0,0,1,20303549,0.0
0,0,1,20303550,0.0
0,0,1,20303551,0.0
0,0,1,20303552,0.0
0,0,1,20303553,0.0
0,0,1,20303554,0.0
0,0,1,20303555,0.0
0,0,1,20303556,0.0
0,0,1,20303557,0.0
0,0,1,20303558,0.0
0,0,1,20303559,0.038
0,0,1,20303560,0.133
0,0,1,20303561,0.285
0,0,1,20303562,0.437
0,0,1,20303563,0.57
0,0,1,20303564,0.6745
0,0,1,20303565,0.76
0,0,1,20303566,0.76
0,0,1,20303567,0.7125
0,0,1,20303568,0.6175
0,0,1,20303569,0.475
0,0,1,20303570,0.285
0,0,1,20303571,0.095
0,0,1,20303572,0.019
0,0,1,20303573,0.0
0,0,1,20303574,0.0
0,0,1,20303575,0.0
0,0,1,20303576,0.0
0,0,1,20303577,0.0
0,0,1,20303578,0.0
0,0,1,20303579,0.0
0,0,1,20303580,0.0
0,0,1,20303581,0.0
0,0,1,20303582,0.0
0,0,1,20303583,0.038
0,0,1,20303584,0.133
0,0,1,20303585,0.285
0,0,1,20303586,0.437
0,0,1,20303587,0.57
0,0,1,20303588,0.6745
0,0,1,20303589,0.76
0,0,1,20303590,0.76
0,0,1,20303591,0.7125
0,0,1,20303592,0.6175
0,0,1,20303593,0.475
0,0,1,20303594,0.285
0,0,1,20303595,0.095
0,0,1,20303596,0.019
0,0,1,20303597,0.0
0,0,1,20303598,0.0
0,0,1,20303599,0.0
0,0,1,20303600,0.0
0,0,1,20303601,0.0
0,0,1,20303602,0.0
0,0,1,20303603,0.0
0,0,1,20303604,0.0
0,0,1,20303605,0.0
0,0,1,20303606,0.0
0,0,1,20303607,0.038
0,0,1,20303608,0.133
0,0,1,20303609,0.285
0,0,1,20303610,0.437
0,0,1,20303611,0.57
0,0,1,20303612,0.6745
0,0,1,20303613,0.76
0,0,1,20303614,0.76
0,0,1,20303615,0.7125
0,0,1,20303616,0.6175
0,0,1,20303617,0.475
0,0,1,20303618,0.285
0,0,1,20303619,0.095
0,0,1,20303620,0.019
0,0,1,20303621,0.0
0,0,1,20303622,0.0
0,0,1,20303623,0.0
0,0,1,20303624,0.0
0,0,1,20303625,0.0
0,0,1,20303626,0.0
0,0,1,20303627,0.0
0,0,1,20303628,0.0
0,0,1,20303629,0.0
0,0,1,20303630,0.0
0,0,1,20303631,0.04
0,0,1,20303632,0.14
0,0,1,20303633,0.3
0,0,1,20303634,0.46
0,0,1,20303635,0.6
0,0,1,20303636,0.71
0,0,1,20303637,0.8
0,0,1,20303638,0.8
0,0,1,20303639,0.75
0,0,1,20303640,0.65
0,0,1,20303641,0.5
0,0,1,20303642,0.3
0,0,1,20303643,0.1
0,0,1,20303644,0.02
0,0,1,20303645,0.0
0,0,1,20303646,0.0
0,0,1,20303647,0.0
0,0,1,20303648,0.0
0,0,1,20303649,0.0
0,0,1,20303650,0.0
0,0,1,20303651,0.0
0,0,1,20303652,0.0
0,0,1,20303653,0.0
0,0,1,20303654,0.0
0,0,1,20303655,0.04
0,0,1,20303656,0.14
0,0,1,20303657,0.3
0,0,1,20303658,0.46
0,0,1,20303659,0.6
0,0,1,20303660,0.71
0,0,1,20303661,0.8
0,0,1,20303662,0.8
0,0,1,20303663,0.75
0,0,1,20303664,0.65
0,0,1,20303665,0.5
0,0,1,20303666,0.3
0,0,1,20303667,0.1
0,0,1,20303668,0.02
0,0,1,20303669,0.0
0,0,1,20303670,0.0
0,0,1,20303671,0.0
0,0,1,20303672,0.0
0,0,1,20303673,0.0
0,0,1,20303674,0.0
0,0,1,20303675,0.0
0,0,1,20303676,0.0
0,0,1,20303677,0.0
0,0,1,20303678,0.0
0,0,1,20303679,0.04
0,0,1,20303680,0.14
0,0,1,20303681,0.3
0,0,1,20303682,0.46
0,0,1,20303683,0.6
0,0,1,20303684,0.71
0,0,1,20303685,0.8
0,0,1,20303686,0.8
0,0,1,20303687,0.75
0,0,1,20303688,0.65
0,0,1,20303689,0.5
0,0,1,20303690,0.3
0,0,1,20303691,0.1
0,0,1,20303692,0.02
0,0,1,20303693,0.0
0,0,1,20303694,0.0
0,0,1,20303695,0.0
0,0,1,20303696,0.0
0,0,1,20303697,0.0
0,0,1,20303698,0.0
0,0,1,20303699,0.0
0,0,1,20303700,0.0
0,0,1,20303701,0.0
0,0,1,20303702,0.0
0,0,1,20303703,0.04
0,0,1,20303704,0.14
0,0,1,20303705,0.3
0,0,1,20303706,0.46
0,0,1,20303707,0.6
0,0,1,20303708,0.71
0,0,1,20303709,0.8
0,0,1,20303710,0.8
0,0,1,20303711,0.75
0,0,1,20303712,0.65
0,0,1,20303713,0.5
0,0,1,20303714,0.3
0,0,1,20303715,0.1
0,0,1,20303716,0.02
0,0,1,20303717,0.0
0,0,1,20303718,0.0
0,0,1,20303719,0.0
0,0,1,20303720,0.0
0,0,1,20303721,0.0
0,0,1,20303722,0.0
0,0,1,20303723,0.0
0,0,1,20303724,0.0
0,0,1,20303725,0.0
0,0,1,20303726,0.0
0,0,1,20303727,0.04
0,0,1,20303728,0.14
0,0,1,20303729,0.3
0,0,1,20303730,0.46
0,0,1,20303731,0.6
0,0,1,20303732,0.71
0,0,1,20303733,0.8
0,0,1,20303734,0.8
0,0,1,20303735,0.75
0,0,1,20303736,0.65
0,0,1,20303737,0.5
0,0,1,20303738,0.3
0,0,1,20303739,0.1
0,0,1,20303740,0.02
0,0,1,20303741,0.0
0,0,1,20303742,0.0
0,0,1,20303743,0.0
0,0,1,20303744,0.0
0,0,1,20303745,0.0
0,0,1,20303746,0.0
0,0,1,20303747,0.0
0,0,1,20303748,0.0
0,0,1,20303749,0.0
0,0,1,20303750,0.0
0,0,1,20303751,0.04
0,0,1,20303752,0.14
0,0,1,20303753,0.3
0,0,1,20303754,0.46
0,0,1,20303755,0.6
0,0,1,20303756,0.71
0,0,1,20303757,0.8
0,0,1,20303758,0.8
0,0,1,20303759,0.75
0,0,1,20303760,0.65
0,0,1,20303761,0.5
0,0,1,20303762,0.3
0,0,1,20303763,0.1
0,0,1,20303764,0.02
0,0,1,20303765,0.0
0,0,1,20303766,0.0
0,0,1,20303767,0.0
0,0,1,20303768,0.0
0,0,1,20303769,0.0
0,0,1,20303770,0.0
0,0,1,20303771,0.0
0,0,1,20303772,0.0
0,0,1,20303773,0.0
0,0,1,20303774,0.0
0,0,1,20303775,0.04
0,0,1,20303776,0.14
0,0,1,20303777,0.3
0,0,1,20303778,0.46
0,0,1,20303779,0.6
0,0,1,20303780,0.71
0,0,1,20303781,0.8
0,0,1,20303782,0.8
0,0,1,20303783,0.75
0,0,1,20303784,0.65
0,0,1,20303785,0.5
0,0,1,20303786,0.3
0,0,1,20303787,0.1
0,0,1,20303788,0.02
0,0,1,20303789,0.0
0,0,1,20303790,0.0
0,0,1,20303791,0.0
0,0,1,20303792,0.0
0,0,1,20303793,0.0
0,0,1,20303794,0.0
0,0,1,20303795,0.0
0,0,1,20303796,0.0
0,0,1,20303797,0.0
0,0,1,20303798,0.0
0,0,1,20303799,0.04
0,0,1,20303800,0.14
0,0,1,20303801,0.3
0,0,1,20303802,0.46
0,0,1,20303803,0.6
0,0,1,20303804,0.71
0,0,1,20303805,0.8
0,0,1,20303806,0.8
0,0,1,20303807,0.75
0,0,1,20303808,0.65
0,0,1,20303809,0.5
0,0,1,20303810,0.3
0,0,1,20303811,0.1
0,0,1,20303812,0.02
0,0,1,20303813,0.0
0,0,1,20303814,0.0
0,0,1,20303815,0.0
0,0,1,20303816,0.0
0,0,1,20303817,0.0
0,0,1,20303818,0.0
0,0,1,20303819,0.0
0,0,1,20303820,0.0
0,0,1,20303821,0.0
0,0,1,20303822,0.0
0,0,1,20303823,0.04
0,0,1,20303824,0.14
0,0,1,20303825,0.3
0,0,1,20303826,0.46
0,0,1,20303827,0.6
0,0,1,20303828,0.71
0,0,1,20303829,0.8
0,0,1,20303830,0.8
0,0,1,20303831,0.75
0,0,1,20303832,0.65
0,0,1,20303833,0.5
0,0,1,20303834,0.3
0,0,1,20303835,0.1
0,0,1,20303836,0.02
0,0,1,20303837,0.0
0,0,1,20303838,0.0
0,0,1,20303839,0.0
0,0,1,20303840,0.0
0,0,1,20303841,0.0
0,0,1,20303842,0.0
0,0,1,20303843,0.0
0,0,1,20303844,0.0
0,0,1,20303845,0.0
0,0,1,20303846,0.0
0,0,1,20303847,0.04
0,0,1,20303848,0.14
0,0,1,20303849,0.3
0,0,1,20303850,0.46
0,0,1,20303851,0.6
0,0,1,20303852,0.71
0,0,1,20303853,0.8
0,0,1,20303854,0.8
0,0,1,20303855,0.75
0,0,1,20303856,0.65
0,0,1,20303857,0.5
0,0,1,20303858,0.3
0,0,1,20303859,0.1
0,0,1,20303860,0.02
0,0,1,20303861,0.0
0,0,1,20303862,0.0
0,0,1,20303863,0.0
0,0,1,20303864,0.0
0,0,1,20303865,0.0
0,0,1,20303866,0.0
0,0,1,20303867,0.0
0,0,1,20303868,0.0
0,0,1,20303869,0.0
0,0,1,20303870,0.0
0,0,1,20303871,0.04
0,0,1,20303872,0.14
0,0,1,20303873,0.3
0,0,1,20303874,0.46
0,0,1,20303875,0.6
0,0,1,20303876,0.71
0,0,1,20303877,0.8
0,0,1,20303878,0.8
0,0,1,20303879,0.75
0,0,1,20303880,0.65
0,0,1,20303881,0.5
0,0,1,20303882,0.3
0,0,1,20303883,0.1
0,0,1,20303884,0.02
0,0,1,20303885,0.0
0,0,1,20303886,0.0
0,0,1,20303887,0.0
0,0,1,20303888,0.0
0,0,1,20303889,0.0
0,0,1,20303890,0.0
0,0,1,20303891,0.0
0,0,1,20303892,0.0
0,0,1,20303893,0.0
0,0,1,20303894,0.0
0,0,1,20303895,0.04
0,0,1,20303896,0.14
0,0,1,20303897,0.3
0,0,1,20303898,0.46
0,0,1,20303899,0.6
0,0,1,20303900,0.71
0,0,1,20303901,0.8
0,0,1,20303902,0.8
0,0,1,20303903,0.75
0,0,1,20303904,0.65
0,0,1,20303905,0.5
0,0,1,20303906,0.3
0,0,1,20303907,0.1
0,0,1,20303908,0.02
0,0,1,20303909,0.0
0,0,1,20303910,0.0
0,0,1,20303911,0.0
0,0,1,20303912,0.0
0,0,1,20303913,0.0
0,0,1,20303914,0.0
0,0,1,20303915,0.0
0,0,1,20303916,0.0
0,0,1,20303917,0.0
0,0,1,20303918,0.0
0,0,1,20303919,0.04
0,0,1,20303920,0.14
0,0,1,20303921,0.3
0,0,1,20303922,0.46
0,0,1,20303923,0.6
0,0,1,20303924,0.71
0,0,1,20303925,0.8
0,0,1,20303926,0.8
0,0,1,20303927,0.75
0,0,1,20303928,0.65
0,0,1,20303929,0.5
0,0,1,20303930,0.3
0,0,1,20303931,0.1
0,0,1,20303932,0.02
0,0,1,20303933,0.0
0,0,1,20303934,0.0
0,0,1,20303935,0.0
0,0,1,20303936,0.0
0,0,1,20303937,0.0
0,0,1,20303938,0.0
0,0,1,20303939,0.0
0,0,1,20303940,0.0
0,0,1,20303941,0.0
0,0,1,20303942,0.0
0,0,1,20303943,0.04
0,0,1,20303944,0.14
0,0,1,20303945,0.3
0,0,1,20303946,0.46
0,0,1,20303947,0.6
0,0,1,20303948,0.71
0,0,1,20303949,0.8
0,0,1,20303950,0.8
0,0,1,20303951,0.75
0,0,1,20303952,0.65
0,0,1,20303953,0.5
0,0,1,20303954,0.3
0,0,1,20303955,0.1
0,0,1,20303956,0.02
0,0,1,20303957,0.0
0,0,1,20303958,0.0
0,0,1,20303959,0.0
0,0,1,20303960,0.0
0,0,1,20303961,0.0
0,0,1,20303962,0.0
0,0,1,20303963,0.0
0,0,1,20303964,0.0
0,0,1,20303965,0.0
0,0,1,20303966,0.0
0,0,1,20303967,0.04
0,0,1,20303968,0.14
0,0,1,20303969,0.3
0,0,1,20303970,0.46
0,0,1,20303971,0.6
0,0,1,20303972,0.71
0,0,1,20303973,0.8
0,0,1,20303974,0.8
0,0,1,20303975,0.75
0,0,1,20303976,0.65
0,0,1,20303977,0.5
0,0,1,20303978,0.3
0,0,1,20303979,0.1
0,0,1,20303980,0.02
0,0,1,20303981,0.0
0,0,1,20303982,0.0
0,0,1,20303983,0.0
0,0,1,20303984,0.0
0,0,1,20303985,0.0
0,0,1,20303986,0.0
0,0,1,20303987,0.0
0,0,1,20303988,0.0
0,0,1,20303989,0.0
0,0,1,20303990,0.0
0,0,1,20303991,0.04
0,0,1,20303992,0.14
0,0,1,20303993,0.3
0,0,1,20303994,0.46
0,0,1,20303995,0.6
0,0,1,20303996,0.71
0,0,1,20303997,0.8
0,0,1,20303998,0.8
0,0,1,20303999,0.75
0,0,1,20304000,0.65
0,0,1,20304001,0.5
0,0,1,20304002,0.3
0,0,1,20304003,0.1
0,0,1,20304004,0.02
0,0,1,20304005,0.0
0,0,1,20304006,0.0
0,0,1,20304007,0.0
0,0,1,20304008,0.0
0,0,1,20304009,0.0
0,0,1,20304010,0.0
0,0,1,20304011,0.0
0,0,1,20304012,0.0
0,0,1,20304013,0.0
0,0,1,20304014,0.0
0,0,1,20304015,0.04
0,0,1,20304016,0.14
0,0,1,20304017,0.3
0,0,1,20304018,0.46
0,0,1,20304019,0.6
0,0,1,20304020,0.71
0,0,1,20304021,0.8
0,0,1,20304022,0.8
0,0,1,20304023,0.75
0,0,1,20304024,0.65
0,0,1,20304025,0.5
0,0,1,20304026,0.3
0,0,1,20304027,0.1
0,0,1,20304028,0.02
0,0,1,20304029,0.0
0,0,1,20304030,0.0
0,0,1,20304031,0.0
0,0,1,20304032,0.0
0,0,1,20304033,0.0
0,0,1,20304034,0.0
0,0,1,20304035,0.0
0,0,1,20304036,0.0
0,0,1,20304037,0.0
0,0,1,20304038,0.0
0,0,1,20304039,0.04
0,0,1,20304040,0.14
0,0,1,20304041,0.3
0,0,1,20304042,0.46
0,0,1,20304043,0.6
0,0,1,20304044,0.71
0,0,1,20304045,0.8
0,0,1,20304046,0.8
0,0,1,20304047,0.75
0,0,1,20304048,0.65
0,0,1,20304049,0.5
0,0,1,20304050,0.3
0,0,1,20304051,0.1
0,0,1,20304052,0.02
0,0,1,20304053,0.0
0,0,1,20304054,0.0
0,0,1,20304055,0.0
0,0,1,20304056,0.0
0,0,1,20304057,0.0
0,0,1,20304058,0.0
0,0,1,20304059,0.0
0,0,1,20304060,0.0
0,0,1,20304061,0.0
0,0,1,20304062,0.0
0,0,1,20304063,0.04
0,0,1,20304064,0.14
0,0,1,20304065,0.3
0,0,1,20304066,0.46
0,0,1,20304067,0.6
0,0,1,20304068,0.71
0,0,1,20304069,0.8
0,0,1,20304070,0.8
0,0,1,20304071,0.75
0,0,1,20304072,0.65
0,0,1,20304073,0.5
0,0,1,20304074,0.3
0,0,1,20304075,0.1
0,0,1,20304076,0.02
0,0,1,20304077,0.0
0,0,1,20304078,0.0
0,0,1,20304079,0.0
0,0,1,20304080,0.0
0,0,1,20304081,0.0
0,0,1,20304082,0.0
0,0,1,20304083,0.0
0,0,1,20304084,0.0
0,0,1,20304085,0.0
0,0,1,20304086,0.0
0,0,1,20304087,0.04
0,0,1,20304088,0.14
0,0,1,20304089,0.3
0,0,1,20304090,0.46
0,0,1,20304091,0.6
0,0,1,20304092,0.71
0,0,1,20304093,0.8
0,0,1,20304094,0.8
0,0,1,20304095,0.75
0,0,1,20304096,0.65
0,0,1,20304097,0.5
0,0,1,20304098,0.3
0,0,1,20304099,0.1
0,0,1,20304100,0.02
0,0,1,20304101,0.0
0,0,1,20304102,0.0
0,0,1,20304103,0.0
0,0,1,20304104,0.0
0,0,1,20304105,0.0
0,0,1,20304106,0.0
0,0,1,20304107,0.0
0,0,1,20304108,0.0
0,0,1,20304109,0.0
0,0,1,20304110,0.0
0,0,1,20304111,0.04
0,0,1,20304112,0.14
0,0,1,20304113,0.3
0,0,1,20304114,0.46
0,0,1,20304115,0.6
0,0,1,20304116,0.71
0,0,1,20304117,0.8
0,0,1,20304118,0.8
0,0,1,20304119,0.75
0,0,1,20304120,0.65
0,0,1,20304121,0.5
0,0,1,20304122,0.3
0,0,1,20304123,0.1
0,0,1,20304124,0.02
0,0,1,20304125,0.0
0,0,1,20304126,0.0
0,0,1,20304127,0.0
0,0,1,20304128,0.0
0,0,1,20304129,0.0
0,0,1,20304130,0.0
0,0,1,20304131,0.0
0,0,1,20304132,0.0
0,0,1,20304133,0.0
0,0,1,20304134,0.0
0,0,1,20304135,0.04
0,0,1,20304136,0.14
0,0,1,20304137,0.3
0,0,1,20304138,0.46
0,0,1,20304139,0.6
0,0,1,20304140,0.71
0,0,1,20304141,0.8
0,0,1,20304142,0.8
0,0,1,20304143,0.75
0,0,1,20304144,0.65
0,0,1,20304145,0.5
0,0,1,20304146,0.3
0,0,1,20304147,0.1
0,0,1,20304148,0.02
0,0,1,20304149,0.0
0,0,1,20304150,0.0
0,0,1,20304151,0.0
0,0,1,20304152,0.0
0,0,1,20304153,0.0
0,0,1,20304154,0.0
0,0,1,20304155,0.0
0,0,1,20304156,0.0
0,0,1,20304157,0.0
0,0,1,20304158,0.0
0,0,1,20304159,0.04
0,0,1,20304160,0.14
0,0,1,20304161,0.3
0,0,1,20304162,0.46
0,0,1,20304163,0.6
0,0,1,20304164,0.71
0,0,1,20304165,0.8
0,0,1,20304166,0.8
0,0,1,20304167,0.75
0,0,1,20304168,0.65
0,0,1,20304169,0.5
0,0,1,20304170,0.3
0,0,1,20304171,0.1
0,0,1,20304172,0.02
0,0,1,20304173,0.0
0,0,1,20304174,0.0
0,0,1,20304175,0.0
0,0,1,20304176,0.0
0,0,1,20304177,0.0
0,0,1,20304178,0.0
0,0,1,20304179,0.0
0,0,1,20304180,0.0
0,0,1,20304181,0.0
0,0,1,20304182,0.0
0,0,1,20304183,0.04
0,0,1,20304184,0.14
0,0,1,20304185,0.3
0,0,1,20304186,0.46
0,0,1,20304187,0.6
0,0,1,20304188,0.71
0,0,1,20304189,0.8
0,0,1,20304190,0.8
0,0,1,20304191,0.75
0,0,1,20304192,0.65
0,0,1,20304193,0.5
0,0,1,20304194,0.3
0,0,1,20304195,0.1
0,0,1,20304196,0.02
0,0,1,20304197,0.0
0,0,1,20304198,0.0
0,0,1,20304199,0.0
0,0,1,20304200,0.0
0,0,1,20304201,0.0
0,0,1,20304202,0.0
0,0,1,20304203,0.0
0,0,1,20304204,0.0
0,0,1,20304205,0.0
0,0,1,20304206,0.0
0,0,1,20304207,0.04
0,0,1,20304208,0.14
0,0,1,20304209,0.3
0,0,1,20304210,0.46
0,0,1,20304211,0.6
0,0,1,20304212,0.71
0,0,1,20304213,0.8
0,0,1,20304214,0.8
0,0,1,20304215,0.75
0,0,1,20304216,0.65
0,0,1,20304217,0.5
0,0,1,20304218,0.3
0,0,1,20304219,0.1
0,0,1,20304220,0.02
0,0,1,20304221,0.0
0,0,1,20304222,0.0
0,0,1,20304223,0.0
0,0,1,20304224,0.0
0,0,1,20304225,0.0
0,0,1,20304226,0.0
0,0,1,20304227,0.0
0,0,1,20304228,0.0
0,0,1,20304229,0.0
0,0,1,20304230,0.0
0,0,1,20304231,0.04
0,0,1,20304232,0.14
0,0,1,20304233,0.3
0,0,1,20304234,0.46
0,0,1,20304235,0.6
0,0,1,20304236,0.71
0,0,1,20304237,0.8
0,0,1,20304238,0.8
0,0,1,20304239,0.75
0,0,1,20304240,0.65
0,0,1,20304241,0.5
0,0,1,20304242,0.3
0,0,1,20304243,0.1
0,0,1,20304244,0.02
0,0,1,20304245,0.0
0,0,1,20304246,0.0
0,0,1,20304247,0.0
0,0,1,20304248,0.0
0,0,1,20304249,0.0
0,0,1,20304250,0.0
0,0,1,20304251,0.0
0,0,1,20304252,0.0
0,0,1,20304253,0.0
0,0,1,20304254,0.0
0,0,1,20304255,0.04
0,0,1,20304256,0.14
0,0,1,20304257,0.3
0,0,1,20304258,0.46
0,0,1,20304259,0.6
0,0,1,20304260,0.71
0,0,1,20304261,0.8
0,0,1,20304262,0.8
0,0,1,20304263,0.75
0,0,1,20304264,0.65
0,0,1,20304265,0.5
0,0,1,20304266,0.3
0,0,1,20304267,0.1
0,0,1,20304268,0.02
0,0,1,20304269,0.0
0,0,1,20304270,0.0
0,0,1,20304271,0.0
0,0,1,20304272,0.0
0,0,1,20304273,0.0
0,0,1,20304274,0.0
0,0,1,20304275,0.0
0,0,1,20304276,0.0
0,0,1,20304277,0.0
0,0,1,20304278,0.0
0,0,1,20304279,0.04
0,0,1,20304280,0.14
0,0,1,20304281,0.3
0,0,1,20304282,0.46
0,0,1,20304283,0.6
0,0,1,20304284,0.71
0,0,1,20304285,0.8
0,0,1,20304286,0.8
0,0,1,20304287,0.75
0,0,1,20304288,0.65
0,0,1,20304289,0.5
0,0,1,20304290,0.3
0,0,1,20304291,0.1
0,0,1,20304292,0.02
0,0,1,20304293,0.0
0,0,1,20304294,0.0
0,0,1,20304295,0.0
0,0,1,20304296,0.0
0,0,1,20304297,0.0
0,0,1,20304298,0.0
0,0,1,20304299,0.0
0,0,1,20304300,0.0
0,0,1,20304301,0.0
0,0,1,20304302,0.0
0,0,1,20304303,0.04
0,0,1,20304304,0.14
0,0,1,20304305,0.3
0,0,1,20304306,0.46
0,0,1,20304307,0.6
0,0,1,20304308,0.71
0,0,1,20304309,0.8
0,0,1,20304310,0.8
0,0,1,20304311,0.75
0,0,1,20304312,0.65
0,0,1,20304313,0.5
0,0,1,20304314,0.3
0,0,1,20304315,0.1
0,0,1,20304316,0.02
0,0,1,20304317,0.0
0,0,1,20304318,0.0
0,0,1,20304319,0.0
0,0,1,20304320,0.0
0,0,1,20304321,0.0
0,0,1,20304322,0.0
0,0,1,20304323,0.0
0,0,1,20304324,0.0
0,0,1,20304325,0.0
0,0,1,20304326,0.0
0,0,1,20304327,0.04
0,0,1,20304328,0.14
0,0,1,20304329,0.3
0,0,1,20304330,0.46
0,0,1,20304331,0.6
0,0,1,20304332,0.71
0,0,1,20304333,0.8
0,0,1,20304334,0.8
0,0,1,20304335,0.75
0,0,1,20304336,0.65
0,0,1,20304337,0.5
0,0,1,20304338,0.3
0,0,1,20304339,0.1
0,0,1,20304340,0.02
0,0,1,20304341,0.0
0,0,1,20304342,0.0
0,0,1,20304343,0.0
0,0,1,20304344,0.0
0,0,1,20304345,0.0
0,0,1,20304346,0.0
0,0,1,20304347,0.0
0,0,1,20304348,0.0
0,0,1,20304349,0.0
0,0,1,20304350,0.0
0,0,1,20304351,0.04
0,0,1,20304352,0.14
0,0,1,20304353,0.3
0,0,1,20304354,0.46
0,0,1,20304355,0.6
0,0,1,20304356,0.71
0,0,1,20304357,0.8
0,0,1,20304358,0.8
0,0,1,20304359,0.75
0,0,1,20304360,0.65
0,0,1,20304361,0.5
0,0,1,20304362,0.3
0,0,1,20304363,0.1
0,0,1,20304364,0.02
0,0,1,20304365,0.0
0,0,1,20304366,0.0
0,0,1,20304367,0.0
0,0,1,20304368,0.0
0,0,1,20304369,0.0
0,0,1,20304370,0.0
0,0,1,20304371,0.0
0,0,1,20304372,0.0
0,0,1,20304373,0.0
0,0,1,20304374,0.0
0,0,1,20304375,0.04
0,0,1,20304376,0.14
0,0,1,20304377,0.3
0,0,1,20304378,0.46
0,0,1,20304379,0.6
0,0,1,20304380,0.71
0,0,1,20304381,0.8
0,0,1,20304382,0.8
0,0,1,20304383,0.75
0,0,1,20304384,0.65
0,0,1,20304385,0.5
0,0,1,20304386,0.3
0,0,1,20304387,0.1
0,0,1,20304388,0.02
0,0,1,20304389,0.0
0,0,1,20304390,0.0
0,0,1,20304391,0.0
0,0,1,20304392,0.0
0,0,1,20304393,0.0
0,0,1,20304394,0.0
0,0,1,20304395,0.0
0,0,1,20304396,0.0
0,0,1,20304397,0.0
0,0,1,20304398,0.0
0,0,1,20304399,0.04
0,0,1,20304400,0.14
0,0,1,20304401,0.3
0,0,1,20304402,0.46
0,0,1,20304403,0.6
0,0,1,20304404,0.71
0,0,1,20304405,0.8
0,0,1,20304406,0.8
0,0,1,20304407,0.75
0,0,1,20304408,0.65
0,0,1,20304409,0.5
0,0,1,20304410,0.3
0,0,1,20304411,0.1
0,0,1,20304412,0.02
0,0,1,20304413,0.0
0,0,1,20304414,0.0
0,0,1,20304415,0.0
0,0,1,20304416,0.0
0,0,1,20304417,0.0
0,0,1,20304418,0.0
0,0,1,20304419,0.0
0,0,1,20304420,0.0
0,0,1,20304421,0.0
0,0,1,20304422,0.0
0,0,1,20304423,0.04
0,0,1,20304424,0.14
0,0,1,20304425,0.3
0,0,1,20304426,0.46
0,0,1,20304427,0.6
0,0,1,20304428,0.71
0,0,1,20304429,0.8
0,0,1,20304430,0.8
0,0,1,20304431,0.75
0,0,1,20304432,0.65
0,0,1,20304433,0.5
0,0,1,20304434,0.3
0,0,1,20304435,0.1
0,0,1,20304436,0.02
0,0,1,20304437,0.0
0,0,1,20304438,0.0
0,0,1,20304439,0.0
0,0,1,20304440,0.0
0,0,1,20304441,0.0
0,0,1,20304442,0.0
0,0,1,20304443,0.0
0,0,1,20304444,0.0
0,0,1,20304445,0.0
0,0,1,20304446,0.0
0,0,1,20304447,0.04
0,0,1,20304448,0.14
0,0,1,20304449,0.3
0,0,1,20304450,0.46
0,0,1,20304451,0.6
0,0,1,20304452,0.71
0,0,1,20304453,0.8
0,0,1,20304454,0.8
0,0,1,20304455,0.75
0,0,1,20304456,0.65
0,0,1,20304457,0.5
0,0,1,20304458,0.3
0,0,1,20304459,0.1
0,0,1,20304460,0.02
0,0,1,20304461,0.0
0,0,1,20304462,0.0
0,0,1,20304463,0.0
0,0,1,20304464,0.0
0,0,1,20304465,0.0
0,0,1,20304466,0.0
0,0,1,20304467,0.0
0,0,1,20304468,0.0
0,0,1,20304469,0.0
0,0,1,20304470,0.0
0,0,1,20304471,0.04
0,0,1,20304472,0.14
0,0,1,20304473,0.3
0,0,1,20304474,0.46
0,0,1,20304475,0.6
0,0,1,20304476,0.71
0,0,1,20304477,0.8
0,0,1,20304478,0.8
0,0,1,20304479,0.75
0,0,1,20304480,0.65
0,0,1,20304481,0.5
0,0,1,20304482,0.3
0,0,1,20304483,0.1
0,0,1,20304484,0.02
0,0,1,20304485,0.0
0,0,1,20304486,0.0
0,0,1,20304487,0.0
0,0,1,20304488,0.0
0,0,1,20304489,0.0
0,0,1,20304490,0.0
0,0,1,20304491,0.0
0,0,1,20304492,0.0
0,0,1,20304493,0.0
0,0,1,20304494,0.0
0,0,1,20304495,0.04
0,0,1,20304496,0.14
0,0,1,20304497,0.3
0,0,1,20304498,0.46
0,0,1,20304499,0.6
0,0,1,20304500,0.71
0,0,1,20304501,0.8
0,0,1,20304502,0.8
0,0,1,20304503,0.75
0,0,1,20304504,0.65
0,0,1,20304505,0.5
0,0,1,20304506,0.3
0,0,1,20304507,0.1
0,0,1,20304508,0.02
0,0,1,20304509,0.0
0,0,1,20304510,0.0
0,0,1,20304511,0.0
0,0,1,20304512,0.0
0,0,1,20304513,0.0
0,0,1,20304514,0.0
0,0,1,20304515,0.0
0,0,1,20304516,0.0
0,0,1,20304517,0.0
0,0,1,20304518,0.0
0,0,1,20304519,0.04
0,0,1,20304520,0.14
0,0,1,20304521,0.3
0,0,1,20304522,0.46
0,0,1,20304523,0.6
0,0,1,20304524,0.71
0,0,1,20304525,0.8
0,0,1,20304526,0.8
0,0,1,20304527,0.75
0,0,1,20304528,0.65
0,0,1,20304529,0.5
0,0,1,20304530,0.3
0,0,1,20304531,0.1
0,0,1,20304532,0.02
0,0,1,20304533,0.0
0,0,1,20304534,0.0
0,0,1,20304535,0.0
0,0,1,20304536,0.0
0,0,1,20304537,0.0
0,0,1,20304538,0.0
0,0,1,20304539,0.0
0,0,1,20304540,0.0
0,0,1,20304541,0.0
0,0,1,20304542,0.0
0,0,1,20304543,0.04
0,0,1,20304544,0.14
0,0,1,20304545,0.3
0,0,1,20304546,0.46
0,0,1,20304547,0.6
0,0,1,20304548,0.71
0,0,1,20304549,0.8
0,0,1,20304550,0.8
0,0,1,20304551,0.75
0,0,1,20304552,0.65
0,0,1,20304553,0.5
0,0,1,20304554,0.3
0,0,1,20304555,0.1
0,0,1,20304556,0.02
0,0,1,20304557,0.0
0,0,1,20304558,0.0
0,0,1,20304559,0.0
0,0,1,20304560,0.0
0,0,1,20304561,0.0
0,0,1,20304562,0.0
0,0,1,20304563,0.0
0,0,1,20304564,0.0
0,0,1,20304565,0.0
0,0,1,20304566,0.0
0,0,1,20304567,0.04
0,0,1,20304568,0.14
0,0,1,20304569,0.3
0,0,1,20304570,0.46
0,0,1,20304571,0.6
0,0,1,20304572,0.71
0,0,1,20304573,0.8
0,0,1,20304574,0.8
0,0,1,20304575,0.75
0,0,1,20304576,0.65
0,0,1,20304577,0.5
0,0,1,20304578,0.3
0,0,1,20304579,0.1
0,0,1,20304580,0.02
0,0,1,20304581,0.0
0,0,1,20304582,0.0
0,0,1,20304583,0.0
0,0,1,20304584,0.0
0,0,1,20304585,0.0
0,0,1,20304586,0.0
0,0,1,20304587,0.0
0,0,1,20304588,0.0
0,0,1,20304589,0.0
0,0,1,20304590,0.0
0,0,1,20304591,0.04
0,0,1,20304592,0.14
0,0,1,20304593,0.3
0,0,1,20304594,0.46
0,0,1,20304595,0.6
0,0,1,20304596,0.71
0,0,1,20304597,0.8
0,0,1,20304598,0.8
0,0,1,20304599,0.75
0,0,1,20304600,0.65
0,0,1,20304601,0.5
0,0,1,20304602,0.3
0,0,1,20304603,0.1
0,0,1,20304604,0.02
0,0,1,20304605,0.0
0,0,1,20304606,0.0
0,0,1,20304607,0.0
0,0,1,20304608,0.0
0,0,1,20304609,0.0
0,0,1,20304610,0.0
0,0,1,20304611,0.0
0,0,1,20304612,0.0
0,0,1,20304613,0.0
0,0,1,20304614,0.0
0,0,1,20304615,0.04
0,0,1,20304616,0.14
0,0,1,20304617,0.3
0,0,1,20304618,0.46
0,0,1,20304619,0.6
0,0,1,20304620,0.71
0,0,1,20304621,0.8
0,0,1,20304622,0.8
0,0,1,20304623,0.75
0,0,1,20304624,0.65
0,0,1,20304625,0.5
0,0,1,20304626,0.3
0,0,1,20304627,0.1
0,0,1,20304628,0.02
0,0,1,20304629,0.0
0,0,1,20304630,0.0
0,0,1,20304631,0.0
0,0,1,20304632,0.0
0,0,1,20304633,0.0
0,0,1,20304634,0.0
0,0,1,20304635,0.0
0,0,1,20304636,0.0
0,0,1,20304637,0.0
0,0,1,20304638,0.0
0,0,1,20304639,0.04
0,0,1,20304640,0.14
0,0,1,20304641,0.3
0,0,1,20304642,0.46
0,0,1,20304643,0.6
0,0,1,20304644,0.71
0,0,1,20304645,0.8
0,0,1,20304646,0.8
0,0,1,20304647,0.75
0,0,1,20304648,0.65
0,0,1,20304649,0.5
0,0,1,20304650,0.3
0,0,1,20304651,0.1
0,0,1,20304652,0.02
0,0,1,20304653,0.0
0,0,1,20304654,0.0
0,0,1,20304655,0.0
0,0,1,20304656,0.0
0,0,1,20304657,0.0
0,0,1,20304658,0.0
0,0,1,20304659,0.0
0,0,1,20304660,0.0
0,0,1,20304661,0.0
0,0,1,20304662,0.0
0,0,1,20304663,0.04
0,0,1,20304664,0.14
0,0,1,20304665,0.3
0,0,1,20304666,0.46
0,0,1,20304667,0.6
0,0,1,20304668,0.71
0,0,1,20304669,0.8
0,0,1,20304670,0.8
0,0,1,20304671,0.75
0,0,1,20304672,0.65
0,0,1,20304673,0.5
0,0,1,20304674,0.3
0,0,1,20304675,0.1
0,0,1,20304676,0.02
0,0,1,20304677,0.0
0,0,1,20304678,0.0
0,0,1,20304679,0.0
0,0,1,20304680,0.0
0,0,1,20304681,0.0
0,0,1,20304682,0.0
0,0,1,20304683,0.0
0,0,1,20304684,0.0
0,0,1,20304685,0.0
0,0,1,20304686,0.0
0,0,1,20304687,0.04
0,0,1,20304688,0.14
0,0,1,20304689,0.3
0,0,1,20304690,0.46
0,0,1,20304691,0.6
0,0,1,20304692,0.71
0,0,1,20304693,0.8
0,0,1,20304694,0.8
0,0,1,20304695,0.75
0,0,1,20304696,0.65
0,0,1,20304697,0.5
0,0,1,20304698,0.3
0,0,1,20304699,0.1
0,0,1,20304700,0.02
0,0,1,20304701,0.0
0,0,1,20304702,0.0
0,0,1,20304703,0.0
0,0,1,20304704,0.0
0,0,1,20304705,0.0
0,0,1,20304706,0.0
0,0,1,20304707,0.0
0,0,1,20304708,0.0
0,0,1,20304709,0.0
0,0,1,20304710,0.0
0,0,1,20304711,0.04
0,0,1,20304712,0.14
0,0,1,20304713,0.3
0,0,1,20304714,0.46
0,0,1,20304715,0.6
0,0,1,20304716,0.71
0,0,1,20304717,0.8
0,0,1,20304718,0.8
0,0,1,20304719,0.75
0,0,1,20304720,0.65
0,0,1,20304721,0.5
0,0,1,20304722,0.3
0,0,1,20304723,0.1
0,0,1,20304724,0.02
0,0,1,20304725,0.0
0,0,1,20304726,0.0
0,0,1,20304727,0.0
0,0,1,20304728,0.0
0,0,1,20304729,0.0
0,0,1,20304730,0.0
0,0,1,20304731,0.0
0,0,1,20304732,0.0
0,0,1,20304733,0.0
0,0,1,20304734,0.0
0,0,1,20304735,0.04
0,0,1,20304736,0.14
0,0,1,20304737,0.3
0,0,1,20304738,0.46
0,0,1,20304739,0.6
0,0,1,20304740,0.71
0,0,1,20304741,0.8
0,0,1,20304742,0.8
0,0,1,20304743,0.75
0,0,1,20304744,0.65
0,0,1,20304745,0.5
0,0,1,20304746,0.3
0,0,1,20304747,0.1
0,0,1,20304748,0.02
0,0,1,20304749,0.0
0,0,1,20304750,0.0
0,0,1,20304751,0.0
0,0,1,20304752,0.0
0,0,1,20304753,0.0
0,0,1,20304754,0.0
0,0,1,20304755,0.0
0,0,1,20304756,0.0
0,0,1,20304757,0.0
0,0,1,20304758,0.0
0,0,1,20304759,0.04
0,0,1,20304760,0.14
0,0,1,20304761,0.3
0,0,1,20304762,0.46
0,0,1,20304763,0.6
0,0,1,20304764,0.71
0,0,1,20304765,0.8
0,0,1,20304766,0.8
0,0,1,20304767,0.75
0,0,1,20304768,0.65
0,0,1,20304769,0.5
0,0,1,20304770,0.3
0,0,1,20304771,0.1
0,0,1,20304772,0.02
0,0,1,20304773,0.0
0,0,1,20304774,0.0
0,0,1,20304775,0.0
0,0,1,20304776,0.0
0,0,1,20304777,0.0
0,0,1,20304778,0.0
0,0,1,20304779,0.0
0,0,1,20304780,0.0
0,0,1,20304781,0.0
0,0,1,20304782,0.0
0,0,1,20304783,0.04
0,0,1,20304784,0.14
0,0,1,20304785,0.3
0,0,1,20304786,0.46
0,0,1,20304787,0.6
0,0,1,20304788,0.71
0,0,1,20304789,0.8
0,0,1,20304790,0.8
0,0,1,20304791,0.75
0,0,1,20304792,0.65
0,0,1,20304793,0.5
0,0,1,20304794,0.3
0,0,1,20304795,0.1
0,0,1,20304796,0.02
0,0,1,20304797,0.0
0,0,1,20304798,0.0
0,0,1,20304799,0.0
0,0,1,20304800,0.0
0,0,1,20304801,0.0
0,0,1,20304802,0.0
0,0,1,20304803,0.0
0,0,1,20304804,0.0
0,0,1,20304805,0.0
0,0,1,20304806,0.0
0,0,1,20304807,0.04
0,0,1,20304808,0.14
0,0,1,20304809,0.3
0,0,1,20304810,0.46
0,0,1,20304811,0.6
0,0,1,20304812,0.71
0,0,1,20304813,0.8
0,0,1,20304814,0.8
0,0,1,20304815,0.75
0,0,1,20304816,0.65
0,0,1,20304817,0.5
0,0,1,20304818,0.3
0,0,1,20304819,0.1
0,0,1,20304820,0.02
0,0,1,20304821,0.0
0,0,1,20304822,0.0
0,0,1,20304823,0.0
0,0,1,20304824,0.0
0,0,1,20304825,0.0
0,0,1,20304826,0.0
0,0,1,20304827,0.0
0,0,1,20304828,0.0
0,0,1,20304829,0.0
0,0,1,20304830,0.0
0,0,1,20304831,0.04
0,0,1,20304832,0.14
0,0,1,20304833,0.3
0,0,1,20304834,0.46
0,0,1,20304835,0.6
0,0,1,20304836,0.71
0,0,1,20304837,0.8
0,0,1,20304838,0.8
0,0,1,20304839,0.75
0,0,1,20304840,0.65
0,0,1,20304841,0.5
0,0,1,20304842,0.3
0,0,1,20304843,0.1
0,0,1,20304844,0.02
0,0,1,20304845,0.0
0,0,1,20304846,0.0
0,0,1,20304847,0.0
0,0,1,20304848,0.0
0,0,1,20304849,0.0
0,0,1,20304850,0.0
0,0,1,20304851,0.0
0,0,1,20304852,0.0
0,0,1,20304853,0.0
0,0,1,20304854,0.0
0,0,1,20304855,0.04
0,0,1,20304856,0.14
0,0,1,20304857,0.3
0,0,1,20304858,0.46
0,0,1,20304859,0.6
0,0,1,20304860,0.71
0,0,1,20304861,0.8
0,0,1,20304862,0.8
0,0,1,20304863,0.75
0,0,1,20304864,0.65
0,0,1,20304865,0.5
0,0,1,20304866,0.3
0,0,1,20304867,0.1
0,0,1,20304868,0.02
0,0,1,20304869,0.0
0,0,1,20304870,0.0
0,0,1,20304871,0.0
0,0,1,20304872,0.0
0,0,1,20304873,0.0
0,0,1,20304874,0.0
0,0,1,20304875,0.0
0,0,1,20304876,0.0
0,0,1,20304877,0.0
0,0,1,20304878,0.0
0,0,1,20304879,0.04
0,0,1,20304880,0.14
0,0,1,20304881,0.3
0,0,1,20304882,0.46
0,0,1,20304883,0.6
0,0,1,20304884,0.71
0,0,1,20304885,0.8
0,0,1,20304886,0.8
0,0,1,20304887,0.75
0,0,1,20304888,0.65
0,0,1,20304889,0.5
0,0,1,20304890,0.3
0,0,1,20304891,0.1
0,0,1,20304892,0.02
0,0,1,20304893,0.0
0,0,1,20304894,0.0
0,0,1,20304895,0.0
0,0,1,20304896,0.0
0,0,1,20304897,0.0
0,0,1,20304898,0.0
0,0,1,20304899,0.0
0,0,1,20304900,0.0
0,0,1,20304901,0.0
0,0,1,20304902,0.0
0,0,1,20304903,0.04
0,0,1,20304904,0.14
0,0,1,20304905,0.3
0,0,1,20304906,0.46
0,0,1,20304907,0.6
0,0,1,20304908,0.71
0,0,1,20304909,0.8
0,0,1,20304910,0.8
0,0,1,20304911,0.75
0,0,1,20304912,0.65
0,0,1,20304913,0.5
0,0,1,20304914,0.3
0,0,1,20304915,0.1
0,0,1,20304916,0.02
0,0,1,20304917,0.0
0,0,1,20304918,0.0
0,0,1,20304919,0.0
0,0,1,20304920,0.0
0,0,1,20304921,0.0
0,0,1,20304922,0.0
0,0,1,20304923,0.0
0,0,1,20304924,0.0
0,0,1,20304925,0.0
0,0,1,20304926,0.0
0,0,1,20304927,0.04
0,0,1,20304928,0.14
0,0,1,20304929,0.3
0,0,1,20304930,0.46
0,0,1,20304931,0.6
0,0,1,20304932,0.71
0,0,1,20304933,0.8
0,0,1,20304934,0.8
0,0,1,20304935,0.75
0,0,1,20304936,0.65
0,0,1,20304937,0.5
0,0,1,20304938,0.3
0,0,1,20304939,0.1
0,0,1,20304940,0.02
0,0,1,20304941,0.0
0,0,1,20304942,0.0
0,0,1,20304943,0.0
0,0,1,20304944,0.0
0,0,1,20304945,0.0
0,0,1,20304946,0.0
0,0,1,20304947,0.0
0,0,1,20304948,0.0
0,0,1,20304949,0.0
0,0,1,20304950,0.0
0,0,1,20304951,0.04
0,0,1,20304952,0.14
0,0,1,20304953,0.3
0,0,1,20304954,0.46
0,0,1,20304955,0.6
0,0,1,20304956,0.71
0,0,1,20304957,0.8
0,0,1,20304958,0.8
0,0,1,20304959,0.75
0,0,1,20304960,0.65
0,0,1,20304961,0.5
0,0,1,20304962,0.3
0,0,1,20304963,0.1
0,0,1,20304964,0.02
0,0,1,20304965,0.0
0,0,1,20304966,0.0
0,0,1,20304967,0.0
0,0,1,20304968,0.0
0,0,1,20304969,0.0
0,0,1,20304970,0.0
0,0,1,20304971,0.0
0,0,1,20304972,0.0
0,0,1,20304973,0.0
0,0,1,20304974,0.0
0,0,1,20304975,0.04
0,0,1,20304976,0.14
0,0,1,20304977,0.3
0,0,1,20304978,0.46
0,0,1,20304979,0.6
0,0,1,20304980,0.71
0,0,1,20304981,0.8
0,0,1,20304982,0.8
0,0,1,20304983,0.75
0,0,1,20304984,0.65
0,0,1,20304985,0.5
0,0,1,20304986,0.3
0,0,1,20304987,0.1
0,0,1,20304988,0.02
0,0,1,20304989,0.0
0,0,1,20304990,0.0
0,0,1,20304991,0.0
0,0,1,20304992,0.0
0,0,1,20304993,0.0
0,0,1,20304994,0.0
0,0,1,20304995,0.0
0,0,1,20304996,0.0
0,0,1,20304997,0.0
0,0,1,20304998,0.0
0,0,1,20304999,0.04
0,0,1,20305000,0.14
0,0,1,20305001,0.3
0,0,1,20305002,0.46
0,0,1,20305003,0.6
0,0,1,20305004,0.71
0,0,1,20305005,0.8
0,0,1,20305006,0.8
0,0,1,20305007,0.75
0,0,1,20305008,0.65
0,0,1,20305009,0.5
0,0,1,20305010,0.3
0,0,1,20305011,0.1
0,0,1,20305012,0.02
0,0,1,20305013,0.0
0,0,1,20305014,0.0
0,0,1,20305015,0.0
0,0,1,20305016,0.0
0,0,1,20305017,0.0
0,0,1,20305018,0.0
0,0,1,20305019,0.0
0,0,1,20305020,0.0
0,0,1,20305021,0.0
0,0,1,20305022,0.0
0,0,1,20305023,0.04
0,0,1,20305024,0.14
0,0,1,20305025,0.3
0,0,1,20305026,0.46
0,0,1,20305027,0.6
0,0,1,20305028,0.71
0,0,1,20305029,0.8
0,0,1,20305030,0.8
0,0,1,20305031,0.75
0,0,1,20305032,0.65
0,0,1,20305033,0.5
0,0,1,20305034,0.3
0,0,1,20305035,0.1
0,0,1,20305036,0.02
0,0,1,20305037,0.0
0,0,1,20305038,0.0
0,0,1,20305039,0.0
0,0,1,20305040,0.0
0,0,1,20305041,0.0
0,0,1,20305042,0.0
0,0,1,20305043,0.0
0,0,1,20305044,0.0
0,0,1,20305045,0.0
0,0,1,20305046,0.0
0,0,1,20305047,0.04
0,0,1,20305048,0.14
0,0,1,20305049,0.3
0,0,1,20305050,0.46
0,0,1,20305051,0.6
0,0,1,20305052,0.71
0,0,1,20305053,0.8
0,0,1,20305054,0.8
0,0,1,20305055,0.75
0,0,1,20305056,0.65
0,0,1,20305057,0.5
0,0,1,20305058,0.3
0,0,1,20305059,0.1
0,0,1,20305060,0.02
0,0,1,20305061,0.0
0,0,1,20305062,0.0
0,0,1,20305063,0.0
0,0,1,20305064,0.0
0,0,1,20305065,0.0
0,0,1,20305066,0.0
0,0,1,20305067,0.0
0,0,1,20305068,0.0
0,0,1,20305069,0.0
0,0,1,20305070,0.0
0,0,1,20305071,0.04
0,0,1,20305072,0.14
0,0,1,20305073,0.3
0,0,1,20305074,0.46
0,0,1,20305075,0.6
0,0,1,20305076,0.71
0,0,1,20305077,0.8
0,0,1,20305078,0.8
0,0,1,20305079,0.75
0,0,1,20305080,0.65
0,0,1,20305081,0.5
0,0,1,20305082,0.3
0,0,1,20305083,0.1
0,0,1,20305084,0.02
0,0,1,20305085,0.0
0,0,1,20305086,0.0
0,0,1,20305087,0.0
0,0,1,20305088,0.0
0,0,1,20305089,0.0
0,0,1,20305090,0.0
0,0,1,20305091,0.0
0,0,1,20305092,0.0
0,0,1,20305093,0.0
0,0,1,20305094,0.0
0,0,1,20305095,0.038
0,0,1,20305096,0.133
0,0,1,20305097,0.285
0,0,1,20305098,0.437
0,0,1,20305099,0.57
0,0,1,20305100,0.6745
0,0,1,20305101,0.76
0,0,1,20305102,0.76
0,0,1,20305103,0.7125
0,0,1,20305104,0.6175
0,0,1,20305105,0.475
0,0,1,20305106,0.285
0,0,1,20305107,0.095
0,0,1,20305108,0.019
0,0,1,20305109,0.0
0,0,1,20305110,0.0
0,0,1,20305111,0.0
0,0,1,20305112,0.0
0,0,1,20305113,0.0
0,0,1,20305114,0.0
0,0,1,20305115,0.0
0,0,1,20305116,0.0
0,0,1,20305117,0.0
0,0,1,20305118,0.0
0,0,1,20305119,0.038
0,0,1,20305120,0.133
0,0,1,20305121,0.285
0,0,1,20305122,0.437
0,0,1,20305123,0.57
0,0,1,20305124,0.6745
0,0,1,20305125,0.76
0,0,1,20305126,0.76
0,0,1,20305127,0.7125
0,0,1,20305128,0.6175
0,0,1,20305129,0.475
0,0,1,20305130,0.285
0,0,1,20305131,0.095
0,0,1,20305132,0.019
0,0,1,20305133,0.0
0,0,1,20305134,0.0
0,0,1,20305135,0.0
0,0,1,20305136,0.0
0,0,1,20305137,0.0
0,0,1,20305138,0.0
0,0,1,20305139,0.0
0,0,1,20305140,0.0
0,0,1,20305141,0.0
0,0,1,20305142,0.0
0,0,1,20305143,0.038
0,0,1,20305144,0.133
0,0,1,20305145,0.285
0,0,1,20305146,0.437
0,0,1,20305147,0.57
0,0,1,20305148,0.6745
0,0,1,20305149,0.76
0,0,1,20305150,0.76
0,0,1,20305151,0.7125
0,0,1,20305152,0.6175
0,0,1,20305153,0.475
0,0,1,20305154,0.285
0,0,1,20305155,0.095
0,0,1,20305156,0.019
0,0,1,20305157,0.0
0,0,1,20305158,0.0
0,0,1,20305159,0.0
0,0,1,20305160,0.0
0,0,1,20305161,0.0
0,0,1,20305162,0.0
0,0,1,20305163,0.0
0,0,1,20305164,0.0
0,0,1,20305165,0.0
0,0,1,20305166,0.0
0,0,1,20305167,0.038
0,0,1,20305168,0.133
0,0,1,20305169,0.285
0,0,1,20305170,0.437
0,0,1,20305171,0.57
0,0,1,20305172,0.6745
0,0,1,20305173,0.76
0,0,1,20305174,0.76
0,0,1,20305175,0.7125
0,0,1,20305176,0.6175
0,0,1,20305177,0.475
0,0,1,20305178,0.285
0,0,1,20305179,0.095
0,0,1,20305180,0.019
0,0,1,20305181,0.0
0,0,1,20305182,0.0
0,0,1,20305183,0.0
0,0,1,20305184,0.0
0,0,1,20305185,0.0
0,0,1,20305186,0.0
0,0,1,20305187,0.0
0,0,1,20305188,0.0
0,0,1,20305189,0.0
0,0,1,20305190,0.0
0,0,1,20305191,0.038
0,0,1,20305192,0.133
0,0,1,20305193,0.285
0,0,1,20305194,0.437
0,0,1,20305195,0.57
0,0,1,20305196,0.6745
0,0,1,20305197,0.76
0,0,1,20305198,0.76
0,0,1,20305199,0.7125
0,0,1,20305200,0.6175
0,0,1,20305201,0.475
0,0,1,20305202,0.285
0,0,1,20305203,0.095
0,0,1,20305204,0.019
0,0,1,20305205,0.0
0,0,1,20305206,0.0
0,0,1,20305207,0.0
0,0,1,20305208,0.0
0,0,1,20305209,0.0
0,0,1,20305210,0.0
0,0,1,20305211,0.0
0,0,1,20305212,0.0
0,0,1,20305213,0.0
0,0,1,20305214,0.0
0,0,1,20305215,0.038
0,0,1,20305216,0.133
0,0,1,20305217,0.285
0,0,1,20305218,0.437
0,0,1,20305219,0.57
0,0,1,20305220,0.6745
0,0,1,20305221,0.76
0,0,1,20305222,0.76
0,0,1,20305223,0.7125
0,0,1,20305224,0.6175
0,0,1,20305225,0.475
0,0,1,20305226,0.285
0,0,1,20305227,0.095
0,0,1,20305228,0.019
0,0,1,20305229,0.0
0,0,1,20305230,0.0
0,0,1,20305231,0.0
0,0,1,20305232,0.0
0,0,1,20305233,0.0
0,0,1,20305234,0.0
0,0,1,20305235,0.0
0,0,1,20305236,0.0
0,0,1,20305237,0.0
0,0,1,20305238,0.0
0,0,1,20305239,0.038
0,0,1,20305240,0.133
0,0,1,20305241,0.285
0,0,1,20305242,0.437
0,0,1,20305243,0.57
0,0,1,20305244,0.6745
0,0,1,20305245,0.76
0,0,1,20305246,0.76
0,0,1,20305247,0.7125
0,0,1,20305248,0.6175
0,0,1,20305249,0.475
0,0,1,20305250,0.285
0,0,1,20305251,0.095
0,0,1,20305252,0.019
0,0,1,20305253,0.0
0,0,1,20305254,0.0
0,0,1,20305255,0.0
0,0,1,20305256,0.0
0,0,1,20305257,0.0
0,0,1,20305258,0.0
0,0,1,20305259,0.0
0,0,1,20305260,0.0
0,0,1,20305261,0.0
0,0,1,20305262,0.0
0,0,1,20305263,0.038
0,0,1,20305264,0.133
0,0,1,20305265,0.285
0,0,1,20305266,0.437
0,0,1,20305267,0.57
0,0,1,20305268,0.6745
0,0,1,20305269,0.76
0,0,1,20305270,0.76
0,0,1,20305271,0.7125
0,0,1,20305272,0.6175
0,0,1,20305273,0.475
0,0,1,20305274,0.285
0,0,1,20305275,0.095
0,0,1,20305276,0.019
0,0,1,20305277,0.0
0,0,1,20305278,0.0
0,0,1,20305279,0.0
0,0,1,20305280,0.0
0,0,1,20305281,0.0
0,0,1,20305282,0.0
0,0,1,20305283,0.0
0,0,1,20305284,0.0
0,0,1,20305285,0.0
0,0,1,20305286,0.0
0,0,1,20305287,0.038
0,0,1,20305288,0.133
0,0,1,20305289,0.285
0,0,1,20305290,0.437
0,0,1,20305291,0.57
0,0,1,20305292,0.6745
0,0,1,20305293,0.76
0,0,1,20305294,0.76
0,0,1,20305295,0.7125
0,0,1,20305296,0.6175
0,0,1,20305297,0.475
0,0,1,20305298,0.285
0,0,1,20305299,0.095
0,0,1,20305300,0.019
0,0,1,20305301,0.0
0,0,1,20305302,0.0
0,0,1,20305303,0.0
0,0,1,20305304,0.0
0,0,1,20305305,0.0
0,0,1,20305306,0.0
0,0,1,20305307,0.0
0,0,1,20305308,0.0
0,0,1,20305309,0.0
0,0,1,20305310,0.0
0,0,1,20305311,0.038
0,0,1,20305312,0.133
0,0,1,20305313,0.285
0,0,1,20305314,0.437
0,0,1,20305315,0.57
0,0,1,20305316,0.6745
0,0,1,20305317,0.76
0,0,1,20305318,0.76
0,0,1,20305319,0.7125
0,0,1,20305320,0.6175
0,0,1,20305321,0.475
0,0,1,20305322,0.285
0,0,1,20305323,0.095
0,0,1,20305324,0.019
0,0,1,20305325,0.0
0,0,1,20305326,0.0
0,0,1,20305327,0.0
0,0,1,20305328,0.0
0,0,1,20305329,0.0
0,0,1,20305330,0.0
0,0,1,20305331,0.0
0,0,1,20305332,0.0
0,0,1,20305333,0.0
0,0,1,20305334,0.0
0,0,1,20305335,0.038
0,0,1,20305336,0.133
0,0,1,20305337,0.285
0,0,1,20305338,0.437
0,0,1,20305339,0.57
0,0,1,20305340,0.6745
0,0,1,20305341,0.76
0,0,1,20305342,0.76
0,0,1,20305343,0.7125
0,0,1,20305344,0.6175
0,0,1,20305345,0.475
0,0,1,20305346,0.285
0,0,1,20305347,0.095
0,0,1,20305348,0.019
0,0,1,20305349,0.0
0,0,1,20305350,0.0
0,0,1,20305351,0.0
0,0,1,20305352,0.0
0,0,1,20305353,0.0
0,0,1,20305354,0.0
0,0,1,20305355,0.0
0,0,1,20305356,0.0
0,0,1,20305357,0.0
0,0,1,20305358,0.0
0,0,1,20305359,0.038
0,0,1,20305360,0.133
0,0,1,20305361,0.285
0,0,1,20305362,0.437
0,0,1,20305363,0.57
0,0,1,20305364,0.6745
0,0,1,20305365,0.76
0,0,1,20305366,0.76
0,0,1,20305367,0.7125
0,0,1,20305368,0.6175
0,0,1,20305369,0.475
0,0,1,20305370,0.285
0,0,1,20305371,0.095
0,0,1,20305372,0.019
0,0,1,20305373,0.0
0,0,1,20305374,0.0
0,0,1,20305375,0.0
0,0,1,20305376,0.0
0,0,1,20305377,0.0
0,0,1,20305378,0.0
0,0,1,20305379,0.0
0,0,1,20305380,0.0
0,0,1,20305381,0.0
0,0,1,20305382,0.0
0,0,1,20305383,0.038
0,0,1,20305384,0.133
0,0,1,20305385,0.285
0,0,1,20305386,0.437
0,0,1,20305387,0.57
0,0,1,20305388,0.6745
0,0,1,20305389,0.76
0,0,1,20305390,0.76
0,0,1,20305391,0.7125
0,0,1,20305392,0.6175
0,0,1,20305393,0.475
0,0,1,20305394,0.285
0,0,1,20305395,0.095
0,0,1,20305396,0.019
0,0,1,20305397,0.0
0,0,1,20305398,0.0
0,0,1,20305399,0.0
0,0,1,20305400,0.0
0,0,1,20305401,0.0
0,0,1,20305402,0.0
0,0,1,20305403,0.0
0,0,1,20305404,0.0
0,0,1,20305405,0.0
0,0,1,20305406,0.0
0,0,1,20305407,0.038
0,0,1,20305408,0.133
0,0,1,20305409,0.285
0,0,1,20305410,0.437
0,0,1,20305411,0.57
0,0,1,20305412,0.6745
0,0,1,20305413,0.76
0,0,1,20305414,0.76
0,0,1,20305415,0.7125
0,0,1,20305416,0.6175
0,0,1,20305417,0.475
0,0,1,20305418,0.285
0,0,1,20305419,0.095
0,0,1,20305420,0.019
0,0,1,20305421,0.0
0,0,1,20305422,0.0
0,0,1,20305423,0.0
0,0,1,20305424,0.0
0,0,1,20305425,0.0
0,0,1,20305426,0.0
0,0,1,20305427,0.0
0,0,1,20305428,0.0
0,0,1,20305429,0.0
0,0,1,20305430,0.0
0,0,1,20305431,0.038
0,0,1,20305432,0.133
0,0,1,20305433,0.285
0,0,1,20305434,0.437
0,0,1,20305435,0.57
0,0,1,20305436,0.6745
0,0,1,20305437,0.76
0,0,1,20305438,0.76
0,0,1,20305439,0.7125
0,0,1,20305440,0.6175
0,0,1,20305441,0.475
0,0,1,20305442,0.285
0,0,1,20305443,0.095
0,0,1,20305444,0.019
0,0,1,20305445,0.0
0,0,1,20305446,0.0
0,0,1,20305447,0.0
0,0,1,20305448,0.0
0,0,1,20305449,0.0
0,0,1,20305450,0.0
0,0,1,20305451,0.0
0,0,1,20305452,0.0
0,0,1,20305453,0.0
0,0,1,20305454,0.0
0,0,1,20305455,0.038
0,0,1,20305456,0.133
0,0,1,20305457,0.285
0,0,1,20305458,0.437
0,0,1,20305459,0.57
0,0,1,20305460,0.6745
0,0,1,20305461,0.76
0,0,1,20305462,0.76
0,0,1,20305463,0.7125
0,0,1,20305464,0.6175
0,0,1,20305465,0.475
0,0,1,20305466,0.285
0,0,1,20305467,0.095
0,0,1,20305468,0.019
0,0,1,20305469,0.0
0,0,1,20305470,0.0
0,0,1,20305471,0.0
0,0,1,20305472,0.0
0,0,1,20305473,0.0
0,0,1,20305474,0.0
0,0,1,20305475,0.0
0,0,1,20305476,0.0
0,0,1,20305477,0.0
0,0,1,20305478,0.0
0,0,1,20305479,0.038
0,0,1,20305480,0.133
0,0,1,20305481,0.285
0,0,1,20305482,0.437
0,0,1,20305483,0.57
0,0,1,20305484,0.6745
0,0,1,20305485,0.76
0,0,1,20305486,0.76
0,0,1,20305487,0.7125
0,0,1,20305488,0.6175
0,0,1,20305489,0.475
0,0,1,20305490,0.285
0,0,1,20305491,0.095
0,0,1,20305492,0.019
0,0,1,20305493,0.0
0,0,1,20305494,0.0
0,0,1,20305495,0.0
0,0,1,20305496,0.0
0,0,1,20305497,0.0
0,0,1,20305498,0.0
0,0,1,20305499,0.0
0,0,1,20305500,0.0
0,0,1,20305501,0.0
0,0,1,20305502,0.0
0,0,1,20305503,0.038
0,0,1,20305504,0.133
0,0,1,20305505,0.285
0,0,1,20305506,0.437
0,0,1,20305507,0.57
0,0,1,20305508,0.6745
0,0,1,20305509,0.76
0,0,1,20305510,0.76
0,0,1,20305511,0.7125
0,0,1,20305512,0.6175
0,0,1,20305513,0.475
0,0,1,20305514,0.285
0,0,1,20305515,0.095
0,0,1,20305516,0.019
0,0,1,20305517,0.0
0,0,1,20305518,0.0
0,0,1,20305519,0.0
0,0,1,20305520,0.0
0,0,1,20305521,0.0
0,0,1,20305522,0.0
0,0,1,20305523,0.0
0,0,1,20305524,0.0
0,0,1,20305525,0.0
0,0,1,20305526,0.0
0,0,1,20305527,0.038
0,0,1,20305528,0.133
0,0,1,20305529,0.285
0,0,1,20305530,0.437
0,0,1,20305531,0.57
0,0,1,20305532,0.6745
0,0,1,20305533,0.76
0,0,1,20305534,0.76
0,0,1,20305535,0.7125
0,0,1,20305536,0.6175
0,0,1,20305537,0.475
0,0,1,20305538,0.285
0,0,1,20305539,0.095
0,0,1,20305540,0.019
0,0,1,20305541,0.0
0,0,1,20305542,0.0
0,0,1,20305543,0.0
0,0,1,20305544,0.0
0,0,1,20305545,0.0
0,0,1,20305546,0.0
0,0,1,20305547,0.0
0,0,1,20305548,0.0
0,0,1,20305549,0.0
0,0,1,20305550,0.0
0,0,1,20305551,0.038
0,0,1,20305552,0.133
0,0,1,20305553,0.285
0,0,1,20305554,0.437
0,0,1,20305555,0.57
0,0,1,20305556,0.6745
0,0,1,20305557,0.76
0,0,1,20305558,0.76
0,0,1,20305559,0.7125
0,0,1,20305560,0.6175
0,0,1,20305561,0.475
0,0,1,20305562,0.285
0,0,1,20305563,0.095
0,0,1,20305564,0.019
0,0,1,20305565,0.0
0,0,1,20305566,0.0
0,0,1,20305567,0.0
0,0,1,20305568,0.0
0,0,1,20305569,0.0
0,0,1,20305570,0.0
0,0,1,20305571,0.0
0,0,1,20305572,0.0
0,0,1,20305573,0.0
0,0,1,20305574,0.0
0,0,1,20305575,0.038
0,0,1,20305576,0.133
0,0,1,20305577,0.285
0,0,1,20305578,0.437
0,0,1,20305579,0.57
0,0,1,20305580,0.6745
0,0,1,20305581,0.76
0,0,1,20305582,0.76
0,0,1,20305583,0.7125
0,0,1,20305584,0.6175
0,0,1,20305585,0.475
0,0,1,20305586,0.285
0,0,1,20305587,0.095
0,0,1,20305588,0.019
0,0,1,20305589,0.0
0,0,1,20305590,0.0
0,0,1,20305591,0.0
0,0,1,20305592,0.0
0,0,1,20305593,0.0
0,0,1,20305594,0.0
0,0,1,20305595,0.0
0,0,1,20305596,0.0
0,0,1,20305597,0.0
0,0,1,20305598,0.0
0,0,1,20305599,0.038
0,0,1,20305600,0.133
0,0,1,20305601,0.285
0,0,1,20305602,0.437
0,0,1,20305603,0.57
0,0,1,20305604,0.6745
0,0,1,20305605,0.76
0,0,1,20305606,0.76
0,0,1,20305607,0.7125
0,0,1,20305608,0.6175
0,0,1,20305609,0.475
0,0,1,20305610,0.285
0,0,1,20305611,0.095
0,0,1,20305612,0.019
0,0,1,20305613,0.0
0,0,1,20305614,0.0
0,0,1,20305615,0.0
0,0,1,20305616,0.0
0,0,1,20305617,0.0
0,0,1,20305618,0.0
0,0,1,20305619,0.0
0,0,1,20305620,0.0
0,0,1,20305621,0.0
0,0,1,20305622,0.0
0,0,1,20305623,0.038
0,0,1,20305624,0.133
0,0,1,20305625,0.285
0,0,1,20305626,0.437
0,0,1,20305627,0.57
0,0,1,20305628,0.6745
0,0,1,20305629,0.76
0,0,1,20305630,0.76
0,0,1,20305631,0.7125
0,0,1,20305632,0.6175
0,0,1,20305633,0.475
0,0,1,20305634,0.285
0,0,1,20305635,0.095
0,0,1,20305636,0.019
0,0,1,20305637,0.0
0,0,1,20305638,0.0
0,0,1,20305639,0.0
0,0,1,20305640,0.0
0,0,1,20305641,0.0
0,0,1,20305642,0.0
0,0,1,20305643,0.0
0,0,1,20305644,0.0
0,0,1,20305645,0.0
0,0,1,20305646,0.0
0,0,1,20305647,0.038
0,0,1,20305648,0.133
0,0,1,20305649,0.285
0,0,1,20305650,0.437
0,0,1,20305651,0.57
0,0,1,20305652,0.6745
0,0,1,20305653,0.76
0,0,1,20305654,0.76
0,0,1,20305655,0.7125
0,0,1,20305656,0.6175
0,0,1,20305657,0.475
0,0,1,20305658,0.285
0,0,1,20305659,0.095
0,0,1,20305660,0.019
0,0,1,20305661,0.0
0,0,1,20305662,0.0
0,0,1,20305663,0.0
0,0,1,20305664,0.0
0,0,1,20305665,0.0
0,0,1,20305666,0.0
0,0,1,20305667,0.0
0,0,1,20305668,0.0
0,0,1,20305669,0.0
0,0,1,20305670,0.0
0,0,1,20305671,0.038
0,0,1,20305672,0.133
0,0,1,20305673,0.285
0,0,1,20305674,0.437
0,0,1,20305675,0.57
0,0,1,20305676,0.6745
0,0,1,20305677,0.76
0,0,1,20305678,0.76
0,0,1,20305679,0.7125
0,0,1,20305680,0.6175
0,0,1,20305681,0.475
0,0,1,20305682,0.285
0,0,1,20305683,0.095
0,0,1,20305684,0.019
0,0,1,20305685,0.0
0,0,1,20305686,0.0
0,0,1,20305687,0.0
0,0,1,20305688,0.0
0,0,1,20305689,0.0
0,0,1,20305690,0.0
0,0,1,20305691,0.0
0,0,1,20305692,0.0
0,0,1,20305693,0.0
0,0,1,20305694,0.0
0,0,1,20305695,0.038
0,0,1,20305696,0.133
0,0,1,20305697,0.285
0,0,1,20305698,0.437
0,0,1,20305699,0.57
0,0,1,20305700,0.6745
0,0,1,20305701,0.76
0,0,1,20305702,0.76
0,0,1,20305703,0.7125
0,0,1,20305704,0.6175
0,0,1,20305705,0.475
0,0,1,20305706,0.285
0,0,1,20305707,0.095
0,0,1,20305708,0.019
0,0,1,20305709,0.0
0,0,1,20305710,0.0
0,0,1,20305711,0.0
0,0,1,20305712,0.0
0,0,1,20305713,0.0
0,0,1,20305714,0.0
0,0,1,20305715,0.0
0,0,1,20305716,0.0
0,0,1,20305717,0.0
0,0,1,20305718,0.0
0,0,1,20305719,0.038
0,0,1,20305720,0.133
0,0,1,20305721,0.285
0,0,1,20305722,0.437
0,0,1,20305723,0.57
0,0,1,20305724,0.6745
0,0,1,20305725,0.76
0,0,1,20305726,0.76
0,0,1,20305727,0.7125
0,0,1,20305728,0.6175
0,0,1,20305729,0.475
0,0,1,20305730,0.285
0,0,1,20305731,0.095
0,0,1,20305732,0.019
0,0,1,20305733,0.0
0,0,1,20305734,0.0
0,0,1,20305735,0.0
0,0,1,20305736,0.0
0,0,1,20305737,0.0
0,0,1,20305738,0.0
0,0,1,20305739,0.0
0,0,1,20305740,0.0
0,0,1,20305741,0.0
0,0,1,20305742,0.0
0,0,1,20305743,0.038
0,0,1,20305744,0.133
0,0,1,20305745,0.285
0,0,1,20305746,0.437
0,0,1,20305747,0.57
0,0,1,20305748,0.6745
0,0,1,20305749,0.76
0,0,1,20305750,0.76
0,0,1,20305751,0.7125
0,0,1,20305752,0.6175
0,0,1,20305753,0.475
0,0,1,20305754,0.285
0,0,1,20305755,0.095
0,0,1,20305756,0.019
0,0,1,20305757,0.0
0,0,1,20305758,0.0
0,0,1,20305759,0.0
0,0,1,20305760,0.0
0,0,1,20305761,0.0
0,0,1,20305762,0.0
0,0,1,20305763,0.0
0,0,1,20305764,0.0
0,0,1,20305765,0.0
0,0,1,20305766,0.0
0,0,1,20305767,0.038
0,0,1,20305768,0.133
0,0,1,20305769,0.285
0,0,1,20305770,0.437
0,0,1,20305771,0.57
0,0,1,20305772,0.6745
0,0,1,20305773,0.76
0,0,1,20305774,0.76
0,0,1,20305775,0.7125
0,0,1,20305776,0.6175
0,0,1,20305777,0.475
0,0,1,20305778,0.285
0,0,1,20305779,0.095
0,0,1,20305780,0.019
0,0,1,20305781,0.0
0,0,1,20305782,0.0
0,0,1,20305783,0.0
0,0,1,20305784,0.0
0,0,1,20305785,0.0
0,0,1,20305786,0.0
0,0,1,20305787,0.0
0,0,1,20305788,0.0
0,0,1,20305789,0.0
0,0,1,20305790,0.0
0,0,1,20305791,0.038
0,0,1,20305792,0.133
0,0,1,20305793,0.285
0,0,1,20305794,0.437
0,0,1,20305795,0.57
0,0,1,20305796,0.6745
0,0,1,20305797,0.76
0,0,1,20305798,0.76
0,0,1,20305799,0.7125
0,0,1,20305800,0.6175
0,0,1,20305801,0.475
0,0,1,20305802,0.285
0,0,1,20305803,0.095
0,0,1,20305804,0.019
0,0,1,20305805,0.0
0,0,1,20305806,0.0
0,0,1,20305807,0.0
0,0,1,20305808,0.0
0,0,1,20305809,0.0
0,0,1,20305810,0.0
0,0,1,20305811,0.0
0,0,1,20305812,0.0
0,0,1,20305813,0.0
0,0,1,20305814,0.0
0,0,1,20305815,0.038
0,0,1,20305816,0.133
0,0,1,20305817,0.285
0,0,1,20305818,0.437
0,0,1,20305819,0.57
0,0,1,20305820,0.6745
0,0,1,20305821,0.76
0,0,1,20305822,0.76
0,0,1,20305823,0.7125
0,0,1,20305824,0.6175
0,0,1,20305825,0.475
0,0,1,20305826,0.285
0,0,1,20305827,0.095
0,0,1,20305828,0.019
0,0,1,20305829,0.0
0,0,1,20305830,0.0
0,0,1,20305831,0.0
0,0,1,20305832,0.0
0,0,1,20305833,0.0
0,0,1,20305834,0.0
0,0,1,20305835,0.0
0,0,1,20305836,0.0
0,0,1,20305837,0.0
0,0,1,20305838,0.0
0,0,1,20305839,0.036
0,0,1,20305840,0.126
0,0,1,20305841,0.27
0,0,1,20305842,0.414
0,0,1,20305843,0.54
0,0,1,20305844,0.639
0,0,1,20305845,0.72
0,0,1,20305846,0.72
0,0,1,20305847,0.675
0,0,1,20305848,0.585
0,0,1,20305849,0.45
0,0,1,20305850,0.27
0,0,1,20305851,0.09
0,0,1,20305852,0.018
0,0,1,20305853,0.0
0,0,1,20305854,0.0
0,0,1,20305855,0.0
0,0,1,20305856,0.0
0,0,1,20305857,0.0
0,0,1,20305858,0.0
0,0,1,20305859,0.0
0,0,1,20305860,0.0
0,0,1,20305861,0.0
0,0,1,20305862,0.0
0,0,1,20305863,0.036
0,0,1,20305864,0.126
0,0,1,20305865,0.27
0,0,1,20305866,0.414
0,0,1,20305867,0.54
0,0,1,20305868,0.639
0,0,1,20305869,0.72
0,0,1,20305870,0.72
0,0,1,20305871,0.675
0,0,1,20305872,0.585
0,0,1,20305873,0.45
0,0,1,20305874,0.27
0,0,1,20305875,0.09
0,0,1,20305876,0.018
0,0,1,20305877,0.0
0,0,1,20305878,0.0
0,0,1,20305879,0.0
0,0,1,20305880,0.0
0,0,1,20305881,0.0
0,0,1,20305882,0.0
0,0,1,20305883,0.0
0,0,1,20305884,0.0
0,0,1,20305885,0.0
0,0,1,20305886,0.0
0,0,1,20305887,0.036
0,0,1,20305888,0.126
0,0,1,20305889,0.27
0,0,1,20305890,0.414
0,0,1,20305891,0.54
0,0,1,20305892,0.639
0,0,1,20305893,0.72
0,0,1,20305894,0.72
0,0,1,20305895,0.675
0,0,1,20305896,0.585
0,0,1,20305897,0.45
0,0,1,20305898,0.27
0,0,1,20305899,0.09
0,0,1,20305900,0.018
0,0,1,20305901,0.0
0,0,1,20305902,0.0
0,0,1,20305903,0.0
0,0,1,20305904,0.0
0,0,1,20305905,0.0
0,0,1,20305906,0.0
0,0,1,20305907,0.0
0,0,1,20305908,0.0
0,0,1,20305909,0.0
0,0,1,20305910,0.0
0,0,1,20305911,0.036
0,0,1,20305912,0.126
0,0,1,20305913,0.27
0,0,1,20305914,0.414
0,0,1,20305915,0.54
0,0,1,20305916,0.639
0,0,1,20305917,0.72
0,0,1,20305918,0.72
0,0,1,20305919,0.675
0,0,1,20305920,0.585
0,0,1,20305921,0.45
0,0,1,20305922,0.27
0,0,1,20305923,0.09
0,0,1,20305924,0.018
0,0,1,20305925,0.0
0,0,1,20305926,0.0
0,0,1,20305927,0.0
0,0,1,20305928,0.0
0,0,1,20305929,0.0
0,0,1,20305930,0.0
0,0,1,20305931,0.0
0,0,1,20305932,0.0
0,0,1,20305933,0.0
0,0,1,20305934,0.0
0,0,1,20305935,0.036
0,0,1,20305936,0.126
0,0,1,20305937,0.27
0,0,1,20305938,0.414
0,0,1,20305939,0.54
0,0,1,20305940,0.639
0,0,1,20305941,0.72
0,0,1,20305942,0.72
0,0,1,20305943,0.675
0,0,1,20305944,0.585
0,0,1,20305945,0.45
0,0,1,20305946,0.27
0,0,1,20305947,0.09
0,0,1,20305948,0.018
0,0,1,20305949,0.0
0,0,1,20305950,0.0
0,0,1,20305951,0.0
0,0,1,20305952,0.0
0,0,1,20305953,0.0
0,0,1,20305954,0.0
0,0,1,20305955,0.0
0,0,1,20305956,0.0
0,0,1,20305957,0.0
0,0,1,20305958,0.0
0,0,1,20305959,0.036
0,0,1,20305960,0.126
0,0,1,20305961,0.27
0,0,1,20305962,0.414
0,0,1,20305963,0.54
0,0,1,20305964,0.639
0,0,1,20305965,0.72
0,0,1,20305966,0.72
0,0,1,20305967,0.675
0,0,1,20305968,0.585
0,0,1,20305969,0.45
0,0,1,20305970,0.27
0,0,1,20305971,0.09
0,0,1,20305972,0.018
0,0,1,20305973,0.0
0,0,1,20305974,0.0
0,0,1,20305975,0.0
0,0,1,20305976,0.0
0,0,1,20305977,0.0
0,0,1,20305978,0.0
0,0,1,20305979,0.0
0,0,1,20305980,0.0
0,0,1,20305981,0.0
0,0,1,20305982,0.0
0,0,1,20305983,0.036
0,0,1,20305984,0.126
0,0,1,20305985,0.27
0,0,1,20305986,0.414
0,0,1,20305987,0.54
0,0,1,20305988,0.639
0,0,1,20305989,0.72
0,0,1,20305990,0.72
0,0,1,20305991,0.675
0,0,1,20305992,0.585
0,0,1,20305993,0.45
0,0,1,20305994,0.27
0,0,1,20305995,0.09
0,0,1,20305996,0.018
0,0,1,20305997,0.0
0,0,1,20305998,0.0
0,0,1,20305999,0.0
0,0,1,20306000,0.0
0,0,1,20306001,0.0
0,0,1,20306002,0.0
0,0,1,20306003,0.0
0,0,1,20306004,0.0
0,0,1,20306005,0.0
0,0,1,20306006,0.0
0,0,1,20306007,0.036
0,0,1,20306008,0.126
0,0,1,20306009,0.27
0,0,1,20306010,0.414
0,0,1,20306011,0.54
0,0,1,20306012,0.639
0,0,1,20306013,0.72
0,0,1,20306014,0.72
0,0,1,20306015,0.675
0,0,1,20306016,0.585
0,0,1,20306017,0.45
0,0,1,20306018,0.27
0,0,1,20306019,0.09
0,0,1,20306020,0.018
0,0,1,20306021,0.0
0,0,1,20306022,0.0
0,0,1,20306023,0.0
0,0,1,20306024,0.0
0,0,1,20306025,0.0
0,0,1,20306026,0.0
0,0,1,20306027,0.0
0,0,1,20306028,0.0
0,0,1,20306029,0.0
0,0,1,20306030,0.0
0,0,1,20306031,0.036
0,0,1,20306032,0.126
0,0,1,20306033,0.27
0,0,1,20306034,0.414
0,0,1,20306035,0.54
0,0,1,20306036,0.639
0,0,1,20306037,0.72
0,0,1,20306038,0.72
0,0,1,20306039,0.675
0,0,1,20306040,0.585
0,0,1,20306041,0.45
0,0,1,20306042,0.27
0,0,1,20306043,0.09
0,0,1,20306044,0.018
0,0,1,20306045,0.0
0,0,1,20306046,0.0
0,0,1,20306047,0.0
0,0,1,20306048,0.0
0,0,1,20306049,0.0
0,0,1,20306050,0.0
0,0,1,20306051,0.0
0,0,1,20306052,0.0
0,0,1,20306053,0.0
0,0,1,20306054,0.0
0,0,1,20306055,0.036
0,0,1,20306056,0.126
0,0,1,20306057,0.27
0,0,1,20306058,0.414
0,0,1,20306059,0.54
0,0,1,20306060,0.639
0,0,1,20306061,0.72
0,0,1,20306062,0.72
0,0,1,20306063,0.675
0,0,1,20306064,0.585
0,0,1,20306065,0.45
0,0,1,20306066,0.27
0,0,1,20306067,0.09
0,0,1,20306068,0.018
0,0,1,20306069,0.0
0,0,1,20306070,0.0
0,0,1,20306071,0.0
0,0,1,20306072,0.0
0,0,1,20306073,0.0
0,0,1,20306074,0.0
0,0,1,20306075,0.0
0,0,1,20306076,0.0
0,0,1,20306077,0.0
0,0,1,20306078,0.0
0,0,1,20306079,0.036
0,0,1,20306080,0.126
0,0,1,20306081,0.27
0,0,1,20306082,0.414
0,0,1,20306083,0.54
0,0,1,20306084,0.639
0,0,1,20306085,0.72
0,0,1,20306086,0.72
0,0,1,20306087,0.675
0,0,1,20306088,0.585
0,0,1,20306089,0.45
0,0,1,20306090,0.27
0,0,1,20306091,0.09
0,0,1,20306092,0.018
0,0,1,20306093,0.0
0,0,1,20306094,0.0
0,0,1,20306095,0.0
0,0,1,20306096,0.0
0,0,1,20306097,0.0
0,0,1,20306098,0.0
0,0,1,20306099,0.0
0,0,1,20306100,0.0
0,0,1,20306101,0.0
0,0,1,20306102,0.0
0,0,1,20306103,0.036
0,0,1,20306104,0.126
0,0,1,20306105,0.27
0,0,1,20306106,0.414
0,0,1,20306107,0.54
0,0,1,20306108,0.639
0,0,1,20306109,0.72
0,0,1,20306110,0.72
0,0,1,20306111,0.675
0,0,1,20306112,0.585
0,0,1,20306113,0.45
0,0,1,20306114,0.27
0,0,1,20306115,0.09
0,0,1,20306116,0.018
0,0,1,20306117,0.0
0,0,1,20306118,0.0
0,0,1,20306119,0.0
0,0,1,20306120,0.0
0,0,1,20306121,0.0
0,0,1,20306122,0.0
0,0,1,20306123,0.0
0,0,1,20306124,0.0
0,0,1,20306125,0.0
0,0,1,20306126,0.0
0,0,1,20306127,0.036
0,0,1,20306128,0.126
0,0,1,20306129,0.27
0,0,1,20306130,0.414
0,0,1,20306131,0.54
0,0,1,20306132,0.639
0,0,1,20306133,0.72
0,0,1,20306134,0.72
0,0,1,20306135,0.675
0,0,1,20306136,0.585
0,0,1,20306137,0.45
0,0,1,20306138,0.27
0,0,1,20306139,0.09
0,0,1,20306140,0.018
0,0,1,20306141,0.0
0,0,1,20306142,0.0
0,0,1,20306143,0.0
0,0,1,20306144,0.0
0,0,1,20306145,0.0
0,0,1,20306146,0.0
0,0,1,20306147,0.0
0,0,1,20306148,0.0
0,0,1,20306149,0.0
0,0,1,20306150,0.0
0,0,1,20306151,0.036
0,0,1,20306152,0.126
0,0,1,20306153,0.27
0,0,1,20306154,0.414
0,0,1,20306155,0.54
0,0,1,20306156,0.639
0,0,1,20306157,0.72
0,0,1,20306158,0.72
0,0,1,20306159,0.675
0,0,1,20306160,0.585
0,0,1,20306161,0.45
0,0,1,20306162,0.27
0,0,1,20306163,0.09
0,0,1,20306164,0.018
0,0,1,20306165,0.0
0,0,1,20306166,0.0
0,0,1,20306167,0.0
0,0,1,20306168,0.0
0,0,1,20306169,0.0
0,0,1,20306170,0.0
0,0,1,20306171,0.0
0,0,1,20306172,0.0
0,0,1,20306173,0.0
0,0,1,20306174,0.0
0,0,1,20306175,0.036
0,0,1,20306176,0.126
0,0,1,20306177,0.27
0,0,1,20306178,0.414
0,0,1,20306179,0.54
0,0,1,20306180,0.639
0,0,1,20306181,0.72
0,0,1,20306182,0.72
0,0,1,20306183,0.675
0,0,1,20306184,0.585
0,0,1,20306185,0.45
0,0,1,20306186,0.27
0,0,1,20306187,0.09
0,0,1,20306188,0.018
0,0,1,20306189,0.0
0,0,1,20306190,0.0
0,0,1,20306191,0.0
0,0,1,20306192,0.0
0,0,1,20306193,0.0
0,0,1,20306194,0.0
0,0,1,20306195,0.0
0,0,1,20306196,0.0
0,0,1,20306197,0.0
0,0,1,20306198,0.0
0,0,1,20306199,0.036
0,0,1,20306200,0.126
0,0,1,20306201,0.27
0,0,1,20306202,0.414
0,0,1,20306203,0.54
0,0,1,20306204,0.639
0,0,1,20306205,0.72
0,0,1,20306206,0.72
0,0,1,20306207,0.675
0,0,1,20306208,0.585
0,0,1,20306209,0.45
0,0,1,20306210,0.27
0,0,1,20306211,0.09
0,0,1,20306212,0.018
0,0,1,20306213,0.0
0,0,1,20306214,0.0
0,0,1,20306215,0.0
0,0,1,20306216,0.0
0,0,1,20306217,0.0
0,0,1,20306218,0.0
0,0,1,20306219,0.0
0,0,1,20306220,0.0
0,0,1,20306221,0.0
0,0,1,20306222,0.0
0,0,1,20306223,0.036
0,0,1,20306224,0.126
0,0,1,20306225,0.27
0,0,1,20306226,0.414
0,0,1,20306227,0.54
0,0,1,20306228,0.639
0,0,1,20306229,0.72
0,0,1,20306230,0.72
0,0,1,20306231,0.675
0,0,1,20306232,0.585
0,0,1,20306233,0.45
0,0,1,20306234,0.27
0,0,1,20306235,0.09
0,0,1,20306236,0.018
0,0,1,20306237,0.0
0,0,1,20306238,0.0
0,0,1,20306239,0.0
0,0,1,20306240,0.0
0,0,1,20306241,0.0
0,0,1,20306242,0.0
0,0,1,20306243,0.0
0,0,1,20306244,0.0
0,0,1,20306245,0.0
0,0,1,20306246,0.0
0,0,1,20306247,0.036
0,0,1,20306248,0.126
0,0,1,20306249,0.27
0,0,1,20306250,0.414
0,0,1,20306251,0.54
0,0,1,20306252,0.639
0,0,1,20306253,0.72
0,0,1,20306254,0.72
0,0,1,20306255,0.675
0,0,1,20306256,0.585
0,0,1,20306257,0.45
0,0,1,20306258,0.27
0,0,1,20306259,0.09
0,0,1,20306260,0.018
0,0,1,20306261,0.0
0,0,1,20306262,0.0
0,0,1,20306263,0.0
0,0,1,20306264,0.0
0,0,1,20306265,0.0
0,0,1,20306266,0.0
0,0,1,20306267,0.0
0,0,1,20306268,0.0
0,0,1,20306269,0.0
0,0,1,20306270,0.0
0,0,1,20306271,0.036
0,0,1,20306272,0.126
0,0,1,20306273,0.27
0,0,1,20306274,0.414
0,0,1,20306275,0.54
0,0,1,20306276,0.639
0,0,1,20306277,0.72
0,0,1,20306278,0.72
0,0,1,20306279,0.675
0,0,1,20306280,0.585
0,0,1,20306281,0.45
0,0,1,20306282,0.27
0,0,1,20306283,0.09
0,0,1,20306284,0.018
0,0,1,20306285,0.0
0,0,1,20306286,0.0
0,0,1,20306287,0.0
0,0,1,20306288,0.0
0,0,1,20306289,0.0
0,0,1,20306290,0.0
0,0,1,20306291,0.0
0,0,1,20306292,0.0
0,0,1,20306293,0.0
0,0,1,20306294,0.0
0,0,1,20306295,0.036
0,0,1,20306296,0.126
0,0,1,20306297,0.27
0,0,1,20306298,0.414
0,0,1,20306299,0.54
0,0,1,20306300,0.639
0,0,1,20306301,0.72
0,0,1,20306302,0.72
0,0,1,20306303,0.675
0,0,1,20306304,0.585
0,0,1,20306305,0.45
0,0,1,20306306,0.27
0,0,1,20306307,0.09
0,0,1,20306308,0.018
0,0,1,20306309,0.0
0,0,1,20306310,0.0
0,0,1,20306311,0.0
0,0,1,20306312,0.0
0,0,1,20306313,0.0
0,0,1,20306314,0.0
0,0,1,20306315,0.0
0,0,1,20306316,0.0
0,0,1,20306317,0.0
0,0,1,20306318,0.0
0,0,1,20306319,0.036
0,0,1,20306320,0.126
0,0,1,20306321,0.27
0,0,1,20306322,0.414
0,0,1,20306323,0.54
0,0,1,20306324,0.639
0,0,1,20306325,0.72
0,0,1,20306326,0.72
0,0,1,20306327,0.675
0,0,1,20306328,0.585
0,0,1,20306329,0.45
0,0,1,20306330,0.27
0,0,1,20306331,0.09
0,0,1,20306332,0.018
0,0,1,20306333,0.0
0,0,1,20306334,0.0
0,0,1,20306335,0.0
0,0,1,20306336,0.0
0,0,1,20306337,0.0
0,0,1,20306338,0.0
0,0,1,20306339,0.0
0,0,1,20306340,0.0
0,0,1,20306341,0.0
0,0,1,20306342,0.0
0,0,1,20306343,0.036
0,0,1,20306344,0.126
0,0,1,20306345,0.27
0,0,1,20306346,0.414
0,0,1,20306347,0.54
0,0,1,20306348,0.639
0,0,1,20306349,0.72
0,0,1,20306350,0.72
0,0,1,20306351,0.675
0,0,1,20306352,0.585
0,0,1,20306353,0.45
0,0,1,20306354,0.27
0,0,1,20306355,0.09
0,0,1,20306356,0.018
0,0,1,20306357,0.0
0,0,1,20306358,0.0
0,0,1,20306359,0.0
0,0,1,20306360,0.0
0,0,1,20306361,0.0
0,0,1,20306362,0.0
0,0,1,20306363,0.0
0,0,1,20306364,0.0
0,0,1,20306365,0.0
0,0,1,20306366,0.0
0,0,1,20306367,0.036
0,0,1,20306368,0.126
0,0,1,20306369,0.27
0,0,1,20306370,0.414
0,0,1,20306371,0.54
0,0,1,20306372,0.639
0,0,1,20306373,0.72
0,0,1,20306374,0.72
0,0,1,20306375,0.675
0,0,1,20306376,0.585
0,0,1,20306377,0.45
0,0,1,20306378,0.27
0,0,1,20306379,0.09
0,0,1,20306380,0.018
0,0,1,20306381,0.0
0,0,1,20306382,0.0
0,0,1,20306383,0.0
0,0,1,20306384,0.0
0,0,1,20306385,0.0
0,0,1,20306386,0.0
0,0,1,20306387,0.0
0,0,1,20306388,0.0
0,0,1,20306389,0.0
0,0,1,20306390,0.0
0,0,1,20306391,0.036
0,0,1,20306392,0.126
0,0,1,20306393,0.27
0,0,1,20306394,0.414
0,0,1,20306395,0.54
0,0,1,20306396,0.639
0,0,1,20306397,0.72
0,0,1,20306398,0.72
0,0,1,20306399,0.675
0,0,1,20306400,0.585
0,0,1,20306401,0.45
0,0,1,20306402,0.27
0,0,1,20306403,0.09
0,0,1,20306404,0.018
0,0,1,20306405,0.0
0,0,1,20306406,0.0
0,0,1,20306407,0.0
0,0,1,20306408,0.0
0,0,1,20306409,0.0
0,0,1,20306410,0.0
0,0,1,20306411,0.0
0,0,1,20306412,0.0
0,0,1,20306413,0.0
0,0,1,20306414,0.0
0,0,1,20306415,0.036
0,0,1,20306416,0.126
0,0,1,20306417,0.27
0,0,1,20306418,0.414
0,0,1,20306419,0.54
0,0,1,20306420,0.639
0,0,1,20306421,0.72
0,0,1,20306422,0.72
0,0,1,20306423,0.675
0,0,1,20306424,0.585
0,0,1,20306425,0.45
0,0,1,20306426,0.27
0,0,1,20306427,0.09
0,0,1,20306428,0.018
0,0,1,20306429,0.0
0,0,1,20306430,0.0
0,0,1,20306431,0.0
0,0,1,20306432,0.0
0,0,1,20306433,0.0
0,0,1,20306434,0.0
0,0,1,20306435,0.0
0,0,1,20306436,0.0
0,0,1,20306437,0.0
0,0,1,20306438,0.0
0,0,1,20306439,0.036
0,0,1,20306440,0.126
0,0,1,20306441,0.27
0,0,1,20306442,0.414
0,0,1,20306443,0.54
0,0,1,20306444,0.639
0,0,1,20306445,0.72
0,0,1,20306446,0.72
0,0,1,20306447,0.675
0,0,1,20306448,0.585
0,0,1,20306449,0.45
0,0,1,20306450,0.27
0,0,1,20306451,0.09
0,0,1,20306452,0.018
0,0,1,20306453,0.0
0,0,1,20306454,0.0
0,0,1,20306455,0.0
0,0,1,20306456,0.0
0,0,1,20306457,0.0
0,0,1,20306458,0.0
0,0,1,20306459,0.0
0,0,1,20306460,0.0
0,0,1,20306461,0.0
0,0,1,20306462,0.0
0,0,1,20306463,0.036
0,0,1,20306464,0.126
0,0,1,20306465,0.27
0,0,1,20306466,0.414
0,0,1,20306467,0.54
0,0,1,20306468,0.639
0,0,1,20306469,0.72
0,0,1,20306470,0.72
0,0,1,20306471,0.675
0,0,1,20306472,0.585
0,0,1,20306473,0.45
0,0,1,20306474,0.27
0,0,1,20306475,0.09
0,0,1,20306476,0.018
0,0,1,20306477,0.0
0,0,1,20306478,0.0
0,0,1,20306479,0.0
0,0,1,20306480,0.0
0,0,1,20306481,0.0
0,0,1,20306482,0.0
0,0,1,20306483,0.0
0,0,1,20306484,0.0
0,0,1,20306485,0.0
0,0,1,20306486,0.0
0,0,1,20306487,0.036
0,0,1,20306488,0.126
0,0,1,20306489,0.27
0,0,1,20306490,0.414
0,0,1,20306491,0.54
0,0,1,20306492,0.639
0,0,1,20306493,0.72
0,0,1,20306494,0.72
0,0,1,20306495,0.675
0,0,1,20306496,0.585
0,0,1,20306497,0.45
0,0,1,20306498,0.27
0,0,1,20306499,0.09
0,0,1,20306500,0.018
0,0,1,20306501,0.0
0,0,1,20306502,0.0
0,0,1,20306503,0.0
0,0,1,20306504,0.0
0,0,1,20306505,0.0
0,0,1,20306506,0.0
0,0,1,20306507,0.0
0,0,1,20306508,0.0
0,0,1,20306509,0.0
0,0,1,20306510,0.0
0,0,1,20306511,0.036
0,0,1,20306512,0.126
0,0,1,20306513,0.27
0,0,1,20306514,0.414
0,0,1,20306515,0.54
0,0,1,20306516,0.639
0,0,1,20306517,0.72
0,0,1,20306518,0.72
0,0,1,20306519,0.675
0,0,1,20306520,0.585
0,0,1,20306521,0.45
0,0,1,20306522,0.27
0,0,1,20306523,0.09
0,0,1,20306524,0.018
0,0,1,20306525,0.0
0,0,1,20306526,0.0
0,0,1,20306527,0.0
0,0,1,20306528,0.0
0,0,1,20306529,0.0
0,0,1,20306530,0.0
0,0,1,20306531,0.0
0,0,1,20306532,0.0
0,0,1,20306533,0.0
0,0,1,20306534,0.0
0,0,1,20306535,0.036
0,0,1,20306536,0.126
0,0,1,20306537,0.27
0,0,1,20306538,0.414
0,0,1,20306539,0.54
0,0,1,20306540,0.639
0,0,1,20306541,0.72
0,0,1,20306542,0.72
0,0,1,20306543,0.675
0,0,1,20306544,0.585
0,0,1,20306545,0.45
0,0,1,20306546,0.27
0,0,1,20306547,0.09
0,0,1,20306548,0.018
0,0,1,20306549,0.0
0,0,1,20306550,0.0
0,0,1,20306551,0.0
0,0,1,20306552,0.0
0,0,1,20306553,0.0
0,0,1,20306554,0.0
0,0,1,20306555,0.0
0,0,1,20306556,0.0
0,0,1,20306557,0.0
0,0,1,20306558,0.0
0,0,1,20306559,0.032
0,0,1,20306560,0.112
0,0,1,20306561,0.24
0,0,1,20306562,0.368
0,0,1,20306563,0.48
0,0,1,20306564,0.568
0,0,1,20306565,0.64
0,0,1,20306566,0.64
0,0,1,20306567,0.6
0,0,1,20306568,0.52
0,0,1,20306569,0.4
0,0,1,20306570,0.24
0,0,1,20306571,0.08
0,0,1,20306572,0.016
0,0,1,20306573,0.0
0,0,1,20306574,0.0
0,0,1,20306575,0.0
0,0,1,20306576,0.0
0,0,1,20306577,0.0
0,0,1,20306578,0.0
0,0,1,20306579,0.0
0,0,1,20306580,0.0
0,0,1,20306581,0.0
0,0,1,20306582,0.0
0,0,1,20306583,0.032
0,0,1,20306584,0.112
0,0,1,20306585,0.24
0,0,1,20306586,0.368
0,0,1,20306587,0.48
0,0,1,20306588,0.568
0,0,1,20306589,0.64
0,0,1,20306590,0.64
0,0,1,20306591,0.6
0,0,1,20306592,0.52
0,0,1,20306593,0.4
0,0,1,20306594,0.24
0,0,1,20306595,0.08
0,0,1,20306596,0.016
0,0,1,20306597,0.0
0,0,1,20306598,0.0
0,0,1,20306599,0.0
0,0,1,20306600,0.0
0,0,1,20306601,0.0
0,0,1,20306602,0.0
0,0,1,20306603,0.0
0,0,1,20306604,0.0
0,0,1,20306605,0.0
0,0,1,20306606,0.0
0,0,1,20306607,0.032
0,0,1,20306608,0.112
0,0,1,20306609,0.24
0,0,1,20306610,0.368
0,0,1,20306611,0.48
0,0,1,20306612,0.568
0,0,1,20306613,0.64
0,0,1,20306614,0.64
0,0,1,20306615,0.6
0,0,1,20306616,0.52
0,0,1,20306617,0.4
0,0,1,20306618,0.24
0,0,1,20306619,0.08
0,0,1,20306620,0.016
0,0,1,20306621,0.0
0,0,1,20306622,0.0
0,0,1,20306623,0.0
0,0,1,20306624,0.0
0,0,1,20306625,0.0
0,0,1,20306626,0.0
0,0,1,20306627,0.0
0,0,1,20306628,0.0
0,0,1,20306629,0.0
0,0,1,20306630,0.0
0,0,1,20306631,0.032
0,0,1,20306632,0.112
0,0,1,20306633,0.24
0,0,1,20306634,0.368
0,0,1,20306635,0.48
0,0,1,20306636,0.568
0,0,1,20306637,0.64
0,0,1,20306638,0.64
0,0,1,20306639,0.6
0,0,1,20306640,0.52
0,0,1,20306641,0.4
0,0,1,20306642,0.24
0,0,1,20306643,0.08
0,0,1,20306644,0.016
0,0,1,20306645,0.0
0,0,1,20306646,0.0
0,0,1,20306647,0.0
0,0,1,20306648,0.0
0,0,1,20306649,0.0
0,0,1,20306650,0.0
0,0,1,20306651,0.0
0,0,1,20306652,0.0
0,0,1,20306653,0.0
0,0,1,20306654,0.0
0,0,1,20306655,0.032
0,0,1,20306656,0.112
0,0,1,20306657,0.24
0,0,1,20306658,0.368
0,0,1,20306659,0.48
0,0,1,20306660,0.568
0,0,1,20306661,0.64
0,0,1,20306662,0.64
0,0,1,20306663,0.6
0,0,1,20306664,0.52
0,0,1,20306665,0.4
0,0,1,20306666,0.24
0,0,1,20306667,0.08
0,0,1,20306668,0.016
0,0,1,20306669,0.0
0,0,1,20306670,0.0
0,0,1,20306671,0.0
0,0,1,20306672,0.0
0,0,1,20306673,0.0
0,0,1,20306674,0.0
0,0,1,20306675,0.0
0,0,1,20306676,0.0
0,0,1,20306677,0.0
0,0,1,20306678,0.0
0,0,1,20306679,0.032
0,0,1,20306680,0.112
0,0,1,20306681,0.24
0,0,1,20306682,0.368
0,0,1,20306683,0.48
0,0,1,20306684,0.568
0,0,1,20306685,0.64
0,0,1,20306686,0.64
0,0,1,20306687,0.6
0,0,1,20306688,0.52
0,0,1,20306689,0.4
0,0,1,20306690,0.24
0,0,1,20306691,0.08
0,0,1,20306692,0.016
0,0,1,20306693,0.0
0,0,1,20306694,0.0
0,0,1,20306695,0.0
0,0,1,20306696,0.0
0,0,1,20306697,0.0
0,0,1,20306698,0.0
0,0,1,20306699,0.0
0,0,1,20306700,0.0
0,0,1,20306701,0.0
0,0,1,20306702,0.0
0,0,1,20306703,0.032
0,0,1,20306704,0.112
0,0,1,20306705,0.24
0,0,1,20306706,0.368
0,0,1,20306707,0.48
0,0,1,20306708,0.568
0,0,1,20306709,0.64
0,0,1,20306710,0.64
0,0,1,20306711,0.6
0,0,1,20306712,0.52
0,0,1,20306713,0.4
0,0,1,20306714,0.24
0,0,1,20306715,0.08
0,0,1,20306716,0.016
0,0,1,20306717,0.0
0,0,1,20306718,0.0
0,0,1,20306719,0.0
0,0,1,20306720,0.0
0,0,1,20306721,0.0
0,0,1,20306722,0.0
0,0,1,20306723,0.0
0,0,1,20306724,0.0
0,0,1,20306725,0.0
0,0,1,20306726,0.0
0,0,1,20306727,0.032
0,0,1,20306728,0.112
0,0,1,20306729,0.24
0,0,1,20306730,0.368
0,0,1,20306731,0.48
0,0,1,20306732,0.568
0,0,1,20306733,0.64
0,0,1,20306734,0.64
0,0,1,20306735,0.6
0,0,1,20306736,0.52
0,0,1,20306737,0.4
0,0,1,20306738,0.24
0,0,1,20306739,0.08
0,0,1,20306740,0.016
0,0,1,20306741,0.0
0,0,1,20306742,0.0
0,0,1,20306743,0.0
0,0,1,20306744,0.0
0,0,1,20306745,0.0
0,0,1,20306746,0.0
0,0,1,20306747,0.0
0,0,1,20306748,0.0
0,0,1,20306749,0.0
0,0,1,20306750,0.0
0,0,1,20306751,0.032
0,0,1,20306752,0.112
0,0,1,20306753,0.24
0,0,1,20306754,0.368
0,0,1,20306755,0.48
0,0,1,20306756,0.568
0,0,1,20306757,0.64
0,0,1,20306758,0.64
0,0,1,20306759,0.6
0,0,1,20306760,0.52
0,0,1,20306761,0.4
0,0,1,20306762,0.24
0,0,1,20306763,0.08
0,0,1,20306764,0.016
0,0,1,20306765,0.0
0,0,1,20306766,0.0
0,0,1,20306767,0.0
0,0,1,20306768,0.0
0,0,1,20306769,0.0
0,0,1,20306770,0.0
0,0,1,20306771,0.0
0,0,1,20306772,0.0
0,0,1,20306773,0.0
0,0,1,20306774,0.0
0,0,1,20306775,0.032
0,0,1,20306776,0.112
0,0,1,20306777,0.24
0,0,1,20306778,0.368
0,0,1,20306779,0.48
0,0,1,20306780,0.568
0,0,1,20306781,0.64
0,0,1,20306782,0.64
0,0,1,20306783,0.6
0,0,1,20306784,0.52
0,0,1,20306785,0.4
0,0,1,20306786,0.24
0,0,1,20306787,0.08
0,0,1,20306788,0.016
0,0,1,20306789,0.0
0,0,1,20306790,0.0
0,0,1,20306791,0.0
0,0,1,20306792,0.0
0,0,1,20306793,0.0
0,0,1,20306794,0.0
0,0,1,20306795,0.0
0,0,1,20306796,0.0
0,0,1,20306797,0.0
0,0,1,20306798,0.0
0,0,1,20306799,0.032
0,0,1,20306800,0.112
0,0,1,20306801,0.24
0,0,1,20306802,0.368
0,0,1,20306803,0.48
0,0,1,20306804,0.568
0,0,1,20306805,0.64
0,0,1,20306806,0.64
0,0,1,20306807,0.6
0,0,1,20306808,0.52
0,0,1,20306809,0.4
0,0,1,20306810,0.24
0,0,1,20306811,0.08
0,0,1,20306812,0.016
0,0,1,20306813,0.0
0,0,1,20306814,0.0
0,0,1,20306815,0.0
0,0,1,20306816,0.0
0,0,1,20306817,0.0
0,0,1,20306818,0.0
0,0,1,20306819,0.0
0,0,1,20306820,0.0
0,0,1,20306821,0.0
0,0,1,20306822,0.0
0,0,1,20306823,0.032
0,0,1,20306824,0.112
0,0,1,20306825,0.24
0,0,1,20306826,0.368
0,0,1,20306827,0.48
0,0,1,20306828,0.568
0,0,1,20306829,0.64
0,0,1,20306830,0.64
0,0,1,20306831,0.6
0,0,1,20306832,0.52
0,0,1,20306833,0.4
0,0,1,20306834,0.24
0,0,1,20306835,0.08
0,0,1,20306836,0.016
0,0,1,20306837,0.0
0,0,1,20306838,0.0
0,0,1,20306839,0.0
0,0,1,20306840,0.0
0,0,1,20306841,0.0
0,0,1,20306842,0.0
0,0,1,20306843,0.0
0,0,1,20306844,0.0
0,0,1,20306845,0.0
0,0,1,20306846,0.0
0,0,1,20306847,0.032
0,0,1,20306848,0.112
0,0,1,20306849,0.24
0,0,1,20306850,0.368
0,0,1,20306851,0.48
0,0,1,20306852,0.568
0,0,1,20306853,0.64
0,0,1,20306854,0.64
0,0,1,20306855,0.6
0,0,1,20306856,0.52
0,0,1,20306857,0.4
0,0,1,20306858,0.24
0,0,1,20306859,0.08
0,0,1,20306860,0.016
0,0,1,20306861,0.0
0,0,1,20306862,0.0
0,0,1,20306863,0.0
0,0,1,20306864,0.0
0,0,1,20306865,0.0
0,0,1,20306866,0.0
0,0,1,20306867,0.0
0,0,1,20306868,0.0
0,0,1,20306869,0.0
0,0,1,20306870,0.0
0,0,1,20306871,0.032
0,0,1,20306872,0.112
0,0,1,20306873,0.24
0,0,1,20306874,0.368
0,0,1,20306875,0.48
0,0,1,20306876,0.568
0,0,1,20306877,0.64
0,0,1,20306878,0.64
0,0,1,20306879,0.6
0,0,1,20306880,0.52
0,0,1,20306881,0.4
0,0,1,20306882,0.24
0,0,1,20306883,0.08
0,0,1,20306884,0.016
0,0,1,20306885,0.0
0,0,1,20306886,0.0
0,0,1,20306887,0.0
0,0,1,20306888,0.0
0,0,1,20306889,0.0
0,0,1,20306890,0.0
0,0,1,20306891,0.0
0,0,1,20306892,0.0
0,0,1,20306893,0.0
0,0,1,20306894,0.0
0,0,1,20306895,0.032
0,0,1,20306896,0.112
0,0,1,20306897,0.24
0,0,1,20306898,0.368
0,0,1,20306899,0.48
0,0,1,20306900,0.568
0,0,1,20306901,0.64
0,0,1,20306902,0.64
0,0,1,20306903,0.6
0,0,1,20306904,0.52
0,0,1,20306905,0.4
0,0,1,20306906,0.24
0,0,1,20306907,0.08
0,0,1,20306908,0.016
0,0,1,20306909,0.0
0,0,1,20306910,0.0
0,0,1,20306911,0.0
0,0,1,20306912,0.0
0,0,1,20306913,0.0
0,0,1,20306914,0.0
0,0,1,20306915,0.0
0,0,1,20306916,0.0
0,0,1,20306917,0.0
0,0,1,20306918,0.0
0,0,1,20306919,0.032
0,0,1,20306920,0.112
0,0,1,20306921,0.24
0,0,1,20306922,0.368
0,0,1,20306923,0.48
0,0,1,20306924,0.568
0,0,1,20306925,0.64
0,0,1,20306926,0.64
0,0,1,20306927,0.6
0,0,1,20306928,0.52
0,0,1,20306929,0.4
0,0,1,20306930,0.24
0,0,1,20306931,0.08
0,0,1,20306932,0.016
0,0,1,20306933,0.0
0,0,1,20306934,0.0
0,0,1,20306935,0.0
0,0,1,20306936,0.0
0,0,1,20306937,0.0
0,0,1,20306938,0.0
0,0,1,20306939,0.0
0,0,1,20306940,0.0
0,0,1,20306941,0.0
0,0,1,20306942,0.0
0,0,1,20306943,0.032
0,0,1,20306944,0.112
0,0,1,20306945,0.24
0,0,1,20306946,0.368
0,0,1,20306947,0.48
0,0,1,20306948,0.568
0,0,1,20306949,0.64
0,0,1,20306950,0.64
0,0,1,20306951,0.6
0,0,1,20306952,0.52
0,0,1,20306953,0.4
0,0,1,20306954,0.24
0,0,1,20306955,0.08
0,0,1,20306956,0.016
0,0,1,20306957,0.0
0,0,1,20306958,0.0
0,0,1,20306959,0.0
0,0,1,20306960,0.0
0,0,1,20306961,0.0
0,0,1,20306962,0.0
0,0,1,20306963,0.0
0,0,1,20306964,0.0
0,0,1,20306965,0.0
0,0,1,20306966,0.0
0,0,1,20306967,0.032
0,0,1,20306968,0.112
0,0,1,20306969,0.24
0,0,1,20306970,0.368
0,0,1,20306971,0.48
0,0,1,20306972,0.568
0,0,1,20306973,0.64
0,0,1,20306974,0.64
0,0,1,20306975,0.6
0,0,1,20306976,0.52
0,0,1,20306977,0.4
0,0,1,20306978,0.24
0,0,1,20306979,0.08
0,0,1,20306980,0.016
0,0,1,20306981,0.0
0,0,1,20306982,0.0
0,0,1,20306983,0.0
0,0,1,20306984,0.0
0,0,1,20306985,0.0
0,0,1,20306986,0.0
0,0,1,20306987,0.0
0,0,1,20306988,0.0
0,0,1,20306989,0.0
0,0,1,20306990,0.0
0,0,1,20306991,0.032
0,0,1,20306992,0.112
0,0,1,20306993,0.24
0,0,1,20306994,0.368
0,0,1,20306995,0.48
0,0,1,20306996,0.568
0,0,1,20306997,0.64
0,0,1,20306998,0.64
0,0,1,20306999,0.6
0,0,1,20307000,0.52
0,0,1,20307001,0.4
0,0,1,20307002,0.24
0,0,1,20307003,0.08
0,0,1,20307004,0.016
0,0,1,20307005,0.0
0,0,1,20307006,0.0
0,0,1,20307007,0.0
0,0,1,20307008,0.0
0,0,1,20307009,0.0
0,0,1,20307010,0.0
0,0,1,20307011,0.0
0,0,1,20307012,0.0
0,0,1,20307013,0.0
0,0,1,20307014,0.0
0,0,1,20307015,0.032
0,0,1,20307016,0.112
0,0,1,20307017,0.24
0,0,1,20307018,0.368
0,0,1,20307019,0.48
0,0,1,20307020,0.568
0,0,1,20307021,0.64
0,0,1,20307022,0.64
0,0,1,20307023,0.6
0,0,1,20307024,0.52
0,0,1,20307025,0.4
0,0,1,20307026,0.24
0,0,1,20307027,0.08
0,0,1,20307028,0.016
0,0,1,20307029,0.0
0,0,1,20307030,0.0
0,0,1,20307031,0.0
0,0,1,20307032,0.0
0,0,1,20307033,0.0
0,0,1,20307034,0.0
0,0,1,20307035,0.0
0,0,1,20307036,0.0
0,0,1,20307037,0.0
0,0,1,20307038,0.0
0,0,1,20307039,0.032
0,0,1,20307040,0.112
0,0,1,20307041,0.24
0,0,1,20307042,0.368
0,0,1,20307043,0.48
0,0,1,20307044,0.568
0,0,1,20307045,0.64
0,0,1,20307046,0.64
0,0,1,20307047,0.6
0,0,1,20307048,0.52
0,0,1,20307049,0.4
0,0,1,20307050,0.24
0,0,1,20307051,0.08
0,0,1,20307052,0.016
0,0,1,20307053,0.0
0,0,1,20307054,0.0
0,0,1,20307055,0.0
0,0,1,20307056,0.0
0,0,1,20307057,0.0
0,0,1,20307058,0.0
0,0,1,20307059,0.0
0,0,1,20307060,0.0
0,0,1,20307061,0.0
0,0,1,20307062,0.0
0,0,1,20307063,0.032
0,0,1,20307064,0.112
0,0,1,20307065,0.24
0,0,1,20307066,0.368
0,0,1,20307067,0.48
0,0,1,20307068,0.568
0,0,1,20307069,0.64
0,0,1,20307070,0.64
0,0,1,20307071,0.6
0,0,1,20307072,0.52
0,0,1,20307073,0.4
0,0,1,20307074,0.24
0,0,1,20307075,0.08
0,0,1,20307076,0.016
0,0,1,20307077,0.0
0,0,1,20307078,0.0
0,0,1,20307079,0.0
0,0,1,20307080,0.0
0,0,1,20307081,0.0
0,0,1,20307082,0.0
0,0,1,20307083,0.0
0,0,1,20307084,0.0
0,0,1,20307085,0.0
0,0,1,20307086,0.0
0,0,1,20307087,0.032
0,0,1,20307088,0.112
0,0,1,20307089,0.24
0,0,1,20307090,0.368
0,0,1,20307091,0.48
0,0,1,20307092,0.568
0,0,1,20307093,0.64
0,0,1,20307094,0.64
0,0,1,20307095,0.6
0,0,1,20307096,0.52
0,0,1,20307097,0.4
0,0,1,20307098,0.24
0,0,1,20307099,0.08
0,0,1,20307100,0.016
0,0,1,20307101,0.0
0,0,1,20307102,0.0
0,0,1,20307103,0.0
0,0,1,20307104,0.0
0,0,1,20307105,0.0
0,0,1,20307106,0.0
0,0,1,20307107,0.0
0,0,1,20307108,0.0
0,0,1,20307109,0.0
0,0,1,20307110,0.0
0,0,1,20307111,0.032
0,0,1,20307112,0.112
0,0,1,20307113,0.24
0,0,1,20307114,0.368
0,0,1,20307115,0.48
0,0,1,20307116,0.568
0,0,1,20307117,0.64
0,0,1,20307118,0.64
0,0,1,20307119,0.6
0,0,1,20307120,0.52
0,0,1,20307121,0.4
0,0,1,20307122,0.24
0,0,1,20307123,0.08
0,0,1,20307124,0.016
0,0,1,20307125,0.0
0,0,1,20307126,0.0
0,0,1,20307127,0.0
0,0,1,20307128,0.0
0,0,1,20307129,0.0
0,0,1,20307130,0.0
0,0,1,20307131,0.0
0,0,1,20307132,0.0
0,0,1,20307133,0.0
0,0,1,20307134,0.0
0,0,1,20307135,0.032
0,0,1,20307136,0.112
0,0,1,20307137,0.24
0,0,1,20307138,0.368
0,0,1,20307139,0.48
0,0,1,20307140,0.568
0,0,1,20307141,0.64
0,0,1,20307142,0.64
0,0,1,20307143,0.6
0,0,1,20307144,0.52
0,0,1,20307145,0.4
0,0,1,20307146,0.24
0,0,1,20307147,0.08
0,0,1,20307148,0.016
0,0,1,20307149,0.0
0,0,1,20307150,0.0
0,0,1,20307151,0.0
0,0,1,20307152,0.0
0,0,1,20307153,0.0
0,0,1,20307154,0.0
0,0,1,20307155,0.0
0,0,1,20307156,0.0
0,0,1,20307157,0.0
0,0,1,20307158,0.0
0,0,1,20307159,0.032
0,0,1,20307160,0.112
0,0,1,20307161,0.24
0,0,1,20307162,0.368
0,0,1,20307163,0.48
0,0,1,20307164,0.568
0,0,1,20307165,0.64
0,0,1,20307166,0.64
0,0,1,20307167,0.6
0,0,1,20307168,0.52
0,0,1,20307169,0.4
0,0,1,20307170,0.24
0,0,1,20307171,0.08
0,0,1,20307172,0.016
0,0,1,20307173,0.0
0,0,1,20307174,0.0
0,0,1,20307175,0.0
0,0,1,20307176,0.0
0,0,1,20307177,0.0
0,0,1,20307178,0.0
0,0,1,20307179,0.0
0,0,1,20307180,0.0
0,0,1,20307181,0.0
0,0,1,20307182,0.0
0,0,1,20307183,0.032
0,0,1,20307184,0.112
0,0,1,20307185,0.24
0,0,1,20307186,0.368
0,0,1,20307187,0.48
0,0,1,20307188,0.568
0,0,1,20307189,0.64
0,0,1,20307190,0.64
0,0,1,20307191,0.6
0,0,1,20307192,0.52
0,0,1,20307193,0.4
0,0,1,20307194,0.24
0,0,1,20307195,0.08
0,0,1,20307196,0.016
0,0,1,20307197,0.0
0,0,1,20307198,0.0
0,0,1,20307199,0.0
0,0,1,20307200,0.0
0,0,1,20307201,0.0
0,0,1,20307202,0.0
0,0,1,20307203,0.0
0,0,1,20307204,0.0
0,0,1,20307205,0.0
0,0,1,20307206,0.0
0,0,1,20307207,0.032
0,0,1,20307208,0.112
0,0,1,20307209,0.24
0,0,1,20307210,0.368
0,0,1,20307211,0.48
0,0,1,20307212,0.568
0,0,1,20307213,0.64
0,0,1,20307214,0.64
0,0,1,20307215,0.6
0,0,1,20307216,0.52
0,0,1,20307217,0.4
0,0,1,20307218,0.24
0,0,1,20307219,0.08
0,0,1,20307220,0.016
0,0,1,20307221,0.0
0,0,1,20307222,0.0
0,0,1,20307223,0.0
0,0,1,20307224,0.0
0,0,1,20307225,0.0
0,0,1,20307226,0.0
0,0,1,20307227,0.0
0,0,1,20307228,0.0
0,0,1,20307229,0.0
0,0,1,20307230,0.0
0,0,1,20307231,0.032
0,0,1,20307232,0.112
0,0,1,20307233,0.24
0,0,1,20307234,0.368
0,0,1,20307235,0.48
0,0,1,20307236,0.568
0,0,1,20307237,0.64
0,0,1,20307238,0.64
0,0,1,20307239,0.6
0,0,1,20307240,0.52
0,0,1,20307241,0.4
0,0,1,20307242,0.24
0,0,1,20307243,0.08
0,0,1,20307244,0.016
0,0,1,20307245,0.0
0,0,1,20307246,0.0
0,0,1,20307247,0.0
0,0,1,20307248,0.0
0,0,1,20307249,0.0
0,0,1,20307250,0.0
0,0,1,20307251,0.0
0,0,1,20307252,0.0
0,0,1,20307253,0.0
0,0,1,20307254,0.0
0,0,1,20307255,0.032
0,0,1,20307256,0.112
0,0,1,20307257,0.24
0,0,1,20307258,0.368
0,0,1,20307259,0.48
0,0,1,20307260,0.568
0,0,1,20307261,0.64
0,0,1,20307262,0.64
0,0,1,20307263,0.6
0,0,1,20307264,0.52
0,0,1,20307265,0.4
0,0,1,20307266,0.24
0,0,1,20307267,0.08
0,0,1,20307268,0.016
0,0,1,20307269,0.0
0,0,1,20307270,0.0
0,0,1,20307271,0.0
0,0,1,20307272,0.0
0,0,1,20307273,0.0
0,0,1,20307274,0.0
0,0,1,20307275,0.0
0,0,1,20307276,0.0
0,0,1,20307277,0.0
0,0,1,20307278,0.0
0,0,1,20307279,0.032
0,0,1,20307280,0.112
0,0,1,20307281,0.24
0,0,1,20307282,0.368
0,0,1,20307283,0.48
0,0,1,20307284,0.568
0,0,1,20307285,0.64
0,0,1,20307286,0.64
0,0,1,20307287,0.6
0,0,1,20307288,0.52
0,0,1,20307289,0.4
0,0,1,20307290,0.24
0,0,1,20307291,0.08
0,0,1,20307292,0.016
0,0,1,20307293,0.0
0,0,1,20307294,0.0
0,0,1,20307295,0.0
0,0,1,20307296,0.0
0,0,1,20307297,0.0
0,0,1,20307298,0.0
0,0,1,20307299,0.0
0,0,1,20307300,0.0
0,0,1,20307301,0.0
0,0,1,20307302,0.0
0,0,1,20307303,0.028
0,0,1,20307304,0.098
0,0,1,20307305,0.21
0,0,1,20307306,0.322
0,0,1,20307307,0.42
0,0,1,20307308,0.497
0,0,1,20307309,0.56
0,0,1,20307310,0.56
0,0,1,20307311,0.525
0,0,1,20307312,0.455
0,0,1,20307313,0.35
0,0,1,20307314,0.21
0,0,1,20307315,0.07
0,0,1,20307316,0.014
0,0,1,20307317,0.0
0,0,1,20307318,0.0
0,0,1,20307319,0.0
0,0,1,20307320,0.0
0,0,1,20307321,0.0
0,0,1,20307322,0.0
0,0,1,20307323,0.0
0,0,1,20307324,0.0
0,0,1,20307325,0.0
0,0,1,20307326,0.0
0,0,1,20307327,0.028
0,0,1,20307328,0.098
0,0,1,20307329,0.21
0,0,1,20307330,0.322
0,0,1,20307331,0.42
0,0,1,20307332,0.497
0,0,1,20307333,0.56
0,0,1,20307334,0.56
0,0,1,20307335,0.525
0,0,1,20307336,0.455
0,0,1,20307337,0.35
0,0,1,20307338,0.21
0,0,1,20307339,0.07
0,0,1,20307340,0.014
0,0,1,20307341,0.0
0,0,1,20307342,0.0
0,0,1,20307343,0.0
0,0,1,20307344,0.0
0,0,1,20307345,0.0
0,0,1,20307346,0.0
0,0,1,20307347,0.0
0,0,1,20307348,0.0
0,0,1,20307349,0.0
0,0,1,20307350,0.0
0,0,1,20307351,0.028
0,0,1,20307352,0.098
0,0,1,20307353,0.21
0,0,1,20307354,0.322
0,0,1,20307355,0.42
0,0,1,20307356,0.497
0,0,1,20307357,0.56
0,0,1,20307358,0.56
0,0,1,20307359,0.525
0,0,1,20307360,0.455
0,0,1,20307361,0.35
0,0,1,20307362,0.21
0,0,1,20307363,0.07
0,0,1,20307364,0.014
0,0,1,20307365,0.0
0,0,1,20307366,0.0
0,0,1,20307367,0.0
0,0,1,20307368,0.0
0,0,1,20307369,0.0
0,0,1,20307370,0.0
0,0,1,20307371,0.0
0,0,1,20307372,0.0
0,0,1,20307373,0.0
0,0,1,20307374,0.0
0,0,1,20307375,0.028
0,0,1,20307376,0.098
0,0,1,20307377,0.21
0,0,1,20307378,0.322
0,0,1,20307379,0.42
0,0,1,20307380,0.497
0,0,1,20307381,0.56
0,0,1,20307382,0.56
0,0,1,20307383,0.525
0,0,1,20307384,0.455
0,0,1,20307385,0.35
0,0,1,20307386,0.21
0,0,1,20307387,0.07
0,0,1,20307388,0.014
0,0,1,20307389,0.0
0,0,1,20307390,0.0
0,0,1,20307391,0.0
0,0,1,20307392,0.0
0,0,1,20307393,0.0
0,0,1,20307394,0.0
0,0,1,20307395,0.0
0,0,1,20307396,0.0
0,0,1,20307397,0.0
0,0,1,20307398,0.0
0,0,1,20307399,0.028
0,0,1,20307400,0.098
0,0,1,20307401,0.21
0,0,1,20307402,0.322
0,0,1,20307403,0.42
0,0,1,20307404,0.497
0,0,1,20307405,0.56
0,0,1,20307406,0.56
0,0,1,20307407,0.525
0,0,1,20307408,0.455
0,0,1,20307409,0.35
0,0,1,20307410,0.21
0,0,1,20307411,0.07
0,0,1,20307412,0.014
0,0,1,20307413,0.0
0,0,1,20307414,0.0
0,0,1,20307415,0.0
0,0,1,20307416,0.0
0,0,1,20307417,0.0
0,0,1,20307418,0.0
0,0,1,20307419,0.0
0,0,1,20307420,0.0
0,0,1,20307421,0.0
0,0,1,20307422,0.0
0,0,1,20307423,0.028
0,0,1,20307424,0.098
0,0,1,20307425,0.21
0,0,1,20307426,0.322
0,0,1,20307427,0.42
0,0,1,20307428,0.497
0,0,1,20307429,0.56
0,0,1,20307430,0.56
0,0,1,20307431,0.525
0,0,1,20307432,0.455
0,0,1,20307433,0.35
0,0,1,20307434,0.21
0,0,1,20307435,0.07
0,0,1,20307436,0.014
0,0,1,20307437,0.0
0,0,1,20307438,0.0
0,0,1,20307439,0.0
0,0,1,20307440,0.0
0,0,1,20307441,0.0
0,0,1,20307442,0.0
0,0,1,20307443,0.0
0,0,1,20307444,0.0
0,0,1,20307445,0.0
0,0,1,20307446,0.0
0,0,1,20307447,0.028
0,0,1,20307448,0.098
0,0,1,20307449,0.21
0,0,1,20307450,0.322
0,0,1,20307451,0.42
0,0,1,20307452,0.497
0,0,1,20307453,0.56
0,0,1,20307454,0.56
0,0,1,20307455,0.525
0,0,1,20307456,0.455
0,0,1,20307457,0.35
0,0,1,20307458,0.21
0,0,1,20307459,0.07
0,0,1,20307460,0.014
0,0,1,20307461,0.0
0,0,1,20307462,0.0
0,0,1,20307463,0.0
0,0,1,20307464,0.0
0,0,1,20307465,0.0
0,0,1,20307466,0.0
0,0,1,20307467,0.0
0,0,1,20307468,0.0
0,0,1,20307469,0.0
0,0,1,20307470,0.0
0,0,1,20307471,0.028
0,0,1,20307472,0.098
0,0,1,20307473,0.21
0,0,1,20307474,0.322
0,0,1,20307475,0.42
0,0,1,20307476,0.497
0,0,1,20307477,0.56
0,0,1,20307478,0.56
0,0,1,20307479,0.525
0,0,1,20307480,0.455
0,0,1,20307481,0.35
0,0,1,20307482,0.21
0,0,1,20307483,0.07
0,0,1,20307484,0.014
0,0,1,20307485,0.0
0,0,1,20307486,0.0
0,0,1,20307487,0.0
0,0,1,20307488,0.0
0,0,1,20307489,0.0
0,0,1,20307490,0.0
0,0,1,20307491,0.0
0,0,1,20307492,0.0
0,0,1,20307493,0.0
0,0,1,20307494,0.0
0,0,1,20307495,0.028
0,0,1,20307496,0.098
0,0,1,20307497,0.21
0,0,1,20307498,0.322
0,0,1,20307499,0.42
0,0,1,20307500,0.497
0,0,1,20307501,0.56
0,0,1,20307502,0.56
0,0,1,20307503,0.525
0,0,1,20307504,0.455
0,0,1,20307505,0.35
0,0,1,20307506,0.21
0,0,1,20307507,0.07
0,0,1,20307508,0.014
0,0,1,20307509,0.0
0,0,1,20307510,0.0
0,0,1,20307511,0.0
0,0,1,20307512,0.0
0,0,1,20307513,0.0
0,0,1,20307514,0.0
0,0,1,20307515,0.0
0,0,1,20307516,0.0
0,0,1,20307517,0.0
0,0,1,20307518,0.0
0,0,1,20307519,0.028
0,0,1,20307520,0.098
0,0,1,20307521,0.21
0,0,1,20307522,0.322
0,0,1,20307523,0.42
0,0,1,20307524,0.497
0,0,1,20307525,0.56
0,0,1,20307526,0.56
0,0,1,20307527,0.525
0,0,1,20307528,0.455
0,0,1,20307529,0.35
0,0,1,20307530,0.21
0,0,1,20307531,0.07
0,0,1,20307532,0.014
0,0,1,20307533,0.0
0,0,1,20307534,0.0
0,0,1,20307535,0.0
0,0,1,20307536,0.0
0,0,1,20307537,0.0
0,0,1,20307538,0.0
0,0,1,20307539,0.0
0,0,1,20307540,0.0
0,0,1,20307541,0.0
0,0,1,20307542,0.0
0,0,1,20307543,0.028
0,0,1,20307544,0.098
0,0,1,20307545,0.21
0,0,1,20307546,0.322
0,0,1,20307547,0.42
0,0,1,20307548,0.497
0,0,1,20307549,0.56
0,0,1,20307550,0.56
0,0,1,20307551,0.525
0,0,1,20307552,0.455
0,0,1,20307553,0.35
0,0,1,20307554,0.21
0,0,1,20307555,0.07
0,0,1,20307556,0.014
0,0,1,20307557,0.0
0,0,1,20307558,0.0
0,0,1,20307559,0.0
0,0,1,20307560,0.0
0,0,1,20307561,0.0
0,0,1,20307562,0.0
0,0,1,20307563,0.0
0,0,1,20307564,0.0
0,0,1,20307565,0.0
0,0,1,20307566,0.0
0,0,1,20307567,0.028
0,0,1,20307568,0.098
0,0,1,20307569,0.21
0,0,1,20307570,0.322
0,0,1,20307571,0.42
0,0,1,20307572,0.497
0,0,1,20307573,0.56
0,0,1,20307574,0.56
0,0,1,20307575,0.525
0,0,1,20307576,0.455
0,0,1,20307577,0.35
0,0,1,20307578,0.21
0,0,1,20307579,0.07
0,0,1,20307580,0.014
0,0,1,20307581,0.0
0,0,1,20307582,0.0
0,0,1,20307583,0.0
0,0,1,20307584,0.0
0,0,1,20307585,0.0
0,0,1,20307586,0.0
0,0,1,20307587,0.0
0,0,1,20307588,0.0
0,0,1,20307589,0.0
0,0,1,20307590,0.0
0,0,1,20307591,0.028
0,0,1,20307592,0.098
0,0,1,20307593,0.21
0,0,1,20307594,0.322
0,0,1,20307595,0.42
0,0,1,20307596,0.497
0,0,1,20307597,0.56
0,0,1,20307598,0.56
0,0,1,20307599,0.525
0,0,1,20307600,0.455
0,0,1,20307601,0.35
0,0,1,20307602,0.21
0,0,1,20307603,0.07
0,0,1,20307604,0.014
0,0,1,20307605,0.0
0,0,1,20307606,0.0
0,0,1,20307607,0.0
0,0,1,20307608,0.0
0,0,1,20307609,0.0
0,0,1,20307610,0.0
0,0,1,20307611,0.0
0,0,1,20307612,0.0
0,0,1,20307613,0.0
0,0,1,20307614,0.0
0,0,1,20307615,0.028
0,0,1,20307616,0.098
0,0,1,20307617,0.21
0,0,1,20307618,0.322
0,0,1,20307619,0.42
0,0,1,20307620,0.497
0,0,1,20307621,0.56
0,0,1,20307622,0.56
0,0,1,20307623,0.525
0,0,1,20307624,0.455
0,0,1,20307625,0.35
0,0,1,20307626,0.21
0,0,1,20307627,0.07
0,0,1,20307628,0.014
0,0,1,20307629,0.0
0,0,1,20307630,0.0
0,0,1,20307631,0.0
0,0,1,20307632,0.0
0,0,1,20307633,0.0
0,0,1,20307634,0.0
0,0,1,20307635,0.0
0,0,1,20307636,0.0
0,0,1,20307637,0.0
0,0,1,20307638,0.0
0,0,1,20307639,0.028
0,0,1,20307640,0.098
0,0,1,20307641,0.21
0,0,1,20307642,0.322
0,0,1,20307643,0.42
0,0,1,20307644,0.497
0,0,1,20307645,0.56
0,0,1,20307646,0.56
0,0,1,20307647,0.525
0,0,1,20307648,0.455
0,0,1,20307649,0.35
0,0,1,20307650,0.21
0,0,1,20307651,0.07
0,0,1,20307652,0.014
0,0,1,20307653,0.0
0,0,1,20307654,0.0
0,0,1,20307655,0.0
0,0,1,20307656,0.0
0,0,1,20307657,0.0
0,0,1,20307658,0.0
0,0,1,20307659,0.0
0,0,1,20307660,0.0
0,0,1,20307661,0.0
0,0,1,20307662,0.0
0,0,1,20307663,0.028
0,0,1,20307664,0.098
0,0,1,20307665,0.21
0,0,1,20307666,0.322
0,0,1,20307667,0.42
0,0,1,20307668,0.497
0,0,1,20307669,0.56
0,0,1,20307670,0.56
0,0,1,20307671,0.525
0,0,1,20307672,0.455
0,0,1,20307673,0.35
0,0,1,20307674,0.21
0,0,1,20307675,0.07
0,0,1,20307676,0.014
0,0,1,20307677,0.0
0,0,1,20307678,0.0
0,0,1,20307679,0.0
0,0,1,20307680,0.0
0,0,1,20307681,0.0
0,0,1,20307682,0.0
0,0,1,20307683,0.0
0,0,1,20307684,0.0
0,0,1,20307685,0.0
0,0,1,20307686,0.0
0,0,1,20307687,0.028
0,0,1,20307688,0.098
0,0,1,20307689,0.21
0,0,1,20307690,0.322
0,0,1,20307691,0.42
0,0,1,20307692,0.497
0,0,1,20307693,0.56
0,0,1,20307694,0.56
0,0,1,20307695,0.525
0,0,1,20307696,0.455
0,0,1,20307697,0.35
0,0,1,20307698,0.21
0,0,1,20307699,0.07
0,0,1,20307700,0.014
0,0,1,20307701,0.0
0,0,1,20307702,0.0
0,0,1,20307703,0.0
0,0,1,20307704,0.0
0,0,1,20307705,0.0
0,0,1,20307706,0.0
0,0,1,20307707,0.0
0,0,1,20307708,0.0
0,0,1,20307709,0.0
0,0,1,20307710,0.0
0,0,1,20307711,0.028
0,0,1,20307712,0.098
0,0,1,20307713,0.21
0,0,1,20307714,0.322
0,0,1,20307715,0.42
0,0,1,20307716,0.497
0,0,1,20307717,0.56
0,0,1,20307718,0.56
0,0,1,20307719,0.525
0,0,1,20307720,0.455
0,0,1,20307721,0.35
0,0,1,20307722,0.21
0,0,1,20307723,0.07
0,0,1,20307724,0.014
0,0,1,20307725,0.0
0,0,1,20307726,0.0
0,0,1,20307727,0.0
0,0,1,20307728,0.0
0,0,1,20307729,0.0
0,0,1,20307730,0.0
0,0,1,20307731,0.0
0,0,1,20307732,0.0
0,0,1,20307733,0.0
0,0,1,20307734,0.0
0,0,1,20307735,0.028
0,0,1,20307736,0.098
0,0,1,20307737,0.21
0,0,1,20307738,0.322
0,0,1,20307739,0.42
0,0,1,20307740,0.497
0,0,1,20307741,0.56
0,0,1,20307742,0.56
0,0,1,20307743,0.525
0,0,1,20307744,0.455
0,0,1,20307745,0.35
0,0,1,20307746,0.21
0,0,1,20307747,0.07
0,0,1,20307748,0.014
0,0,1,20307749,0.0
0,0,1,20307750,0.0
0,0,1,20307751,0.0
0,0,1,20307752,0.0
0,0,1,20307753,0.0
0,0,1,20307754,0.0
0,0,1,20307755,0.0
0,0,1,20307756,0.0
0,0,1,20307757,0.0
0,0,1,20307758,0.0
0,0,1,20307759,0.028
0,0,1,20307760,0.098
0,0,1,20307761,0.21
0,0,1,20307762,0.322
0,0,1,20307763,0.42
0,0,1,20307764,0.497
0,0,1,20307765,0.56
0,0,1,20307766,0.56
0,0,1,20307767,0.525
0,0,1,20307768,0.455
0,0,1,20307769,0.35
0,0,1,20307770,0.21
0,0,1,20307771,0.07
0,0,1,20307772,0.014
0,0,1,20307773,0.0
0,0,1,20307774,0.0
0,0,1,20307775,0.0
0,0,1,20307776,0.0
0,0,1,20307777,0.0
0,0,1,20307778,0.0
0,0,1,20307779,0.0
0,0,1,20307780,0.0
0,0,1,20307781,0.0
0,0,1,20307782,0.0
0,0,1,20307783,0.028
0,0,1,20307784,0.098
0,0,1,20307785,0.21
0,0,1,20307786,0.322
0,0,1,20307787,0.42
0,0,1,20307788,0.497
0,0,1,20307789,0.56
0,0,1,20307790,0.56
0,0,1,20307791,0.525
0,0,1,20307792,0.455
0,0,1,20307793,0.35
0,0,1,20307794,0.21
0,0,1,20307795,0.07
0,0,1,20307796,0.014
0,0,1,20307797,0.0
0,0,1,20307798,0.0
0,0,1,20307799,0.0
0,0,1,20307800,0.0
0,0,1,20307801,0.0
0,0,1,20307802,0.0
0,0,1,20307803,0.0
0,0,1,20307804,0.0
0,0,1,20307805,0.0
0,0,1,20307806,0.0
0,0,1,20307807,0.028
0,0,1,20307808,0.098
0,0,1,20307809,0.21
0,0,1,20307810,0.322
0,0,1,20307811,0.42
0,0,1,20307812,0.497
0,0,1,20307813,0.56
0,0,1,20307814,0.56
0,0,1,20307815,0.525
0,0,1,20307816,0.455
0,0,1,20307817,0.35
0,0,1,20307818,0.21
0,0,1,20307819,0.07
0,0,1,20307820,0.014
0,0,1,20307821,0.0
0,0,1,20307822,0.0
0,0,1,20307823,0.0
0,0,1,20307824,0.0
0,0,1,20307825,0.0
0,0,1,20307826,0.0
0,0,1,20307827,0.0
0,0,1,20307828,0.0
0,0,1,20307829,0.0
0,0,1,20307830,0.0
0,0,1,20307831,0.028
0,0,1,20307832,0.098
0,0,1,20307833,0.21
0,0,1,20307834,0.322
0,0,1,20307835,0.42
0,0,1,20307836,0.497
0,0,1,20307837,0.56
0,0,1,20307838,0.56
0,0,1,20307839,0.525
0,0,1,20307840,0.455
0,0,1,20307841,0.35
0,0,1,20307842,0.21
0,0,1,20307843,0.07
0,0,1,20307844,0.014
0,0,1,20307845,0.0
0,0,1,20307846,0.0
0,0,1,20307847,0.0
0,0,1,20307848,0.0
0,0,1,20307849,0.0
0,0,1,20307850,0.0
0,0,1,20307851,0.0
0,0,1,20307852,0.0
0,0,1,20307853,0.0
0,0,1,20307854,0.0
0,0,1,20307855,0.028
0,0,1,20307856,0.098
0,0,1,20307857,0.21
0,0,1,20307858,0.322
0,0,1,20307859,0.42
0,0,1,20307860,0.497
0,0,1,20307861,0.56
0,0,1,20307862,0.56
0,0,1,20307863,0.525
0,0,1,20307864,0.455
0,0,1,20307865,0.35
0,0,1,20307866,0.21
0,0,1,20307867,0.07
0,0,1,20307868,0.014
0,0,1,20307869,0.0
0,0,1,20307870,0.0
0,0,1,20307871,0.0
0,0,1,20307872,0.0
0,0,1,20307873,0.0
0,0,1,20307874,0.0
0,0,1,20307875,0.0
0,0,1,20307876,0.0
0,0,1,20307877,0.0
0,0,1,20307878,0.0
0,0,1,20307879,0.028
0,0,1,20307880,0.098
0,0,1,20307881,0.21
0,0,1,20307882,0.322
0,0,1,20307883,0.42
0,0,1,20307884,0.497
0,0,1,20307885,0.56
0,0,1,20307886,0.56
0,0,1,20307887,0.525
0,0,1,20307888,0.455
0,0,1,20307889,0.35
0,0,1,20307890,0.21
0,0,1,20307891,0.07
0,0,1,20307892,0.014
0,0,1,20307893,0.0
0,0,1,20307894,0.0
0,0,1,20307895,0.0
0,0,1,20307896,0.0
0,0,1,20307897,0.0
0,0,1,20307898,0.0
0,0,1,20307899,0.0
0,0,1,20307900,0.0
0,0,1,20307901,0.0
0,0,1,20307902,0.0
0,0,1,20307903,0.028
0,0,1,20307904,0.098
0,0,1,20307905,0.21
0,0,1,20307906,0.322
0,0,1,20307907,0.42
0,0,1,20307908,0.497
0,0,1,20307909,0.56
0,0,1,20307910,0.56
0,0,1,20307911,0.525
0,0,1,20307912,0.455
0,0,1,20307913,0.35
0,0,1,20307914,0.21
0,0,1,20307915,0.07
0,0,1,20307916,0.014
0,0,1,20307917,0.0
0,0,1,20307918,0.0
0,0,1,20307919,0.0
0,0,1,20307920,0.0
0,0,1,20307921,0.0
0,0,1,20307922,0.0
0,0,1,20307923,0.0
0,0,1,20307924,0.0
0,0,1,20307925,0.0
0,0,1,20307926,0.0
0,0,1,20307927,0.028
0,0,1,20307928,0.098
0,0,1,20307929,0.21
0,0,1,20307930,0.322
0,0,1,20307931,0.42
0,0,1,20307932,0.497
0,0,1,20307933,0.56
0,0,1,20307934,0.56
0,0,1,20307935,0.525
0,0,1,20307936,0.455
0,0,1,20307937,0.35
0,0,1,20307938,0.21
0,0,1,20307939,0.07
0,0,1,20307940,0.014
0,0,1,20307941,0.0
0,0,1,20307942,0.0
0,0,1,20307943,0.0
0,0,1,20307944,0.0
0,0,1,20307945,0.0
0,0,1,20307946,0.0
0,0,1,20307947,0.0
0,0,1,20307948,0.0
0,0,1,20307949,0.0
0,0,1,20307950,0.0
0,0,1,20307951,0.028
0,0,1,20307952,0.098
0,0,1,20307953,0.21
0,0,1,20307954,0.322
0,0,1,20307955,0.42
0,0,1,20307956,0.497
0,0,1,20307957,0.56
0,0,1,20307958,0.56
0,0,1,20307959,0.525
0,0,1,20307960,0.455
0,0,1,20307961,0.35
0,0,1,20307962,0.21
0,0,1,20307963,0.07
0,0,1,20307964,0.014
0,0,1,20307965,0.0
0,0,1,20307966,0.0
0,0,1,20307967,0.0
0,0,1,20307968,0.0
0,0,1,20307969,0.0
0,0,1,20307970,0.0
0,0,1,20307971,0.0
0,0,1,20307972,0.0
0,0,1,20307973,0.0
0,0,1,20307974,0.0
0,0,1,20307975,0.028
0,0,1,20307976,0.098
0,0,1,20307977,0.21
0,0,1,20307978,0.322
0,0,1,20307979,0.42
0,0,1,20307980,0.497
0,0,1,20307981,0.56
0,0,1,20307982,0.56
0,0,1,20307983,0.525
0,0,1,20307984,0.455
0,0,1,20307985,0.35
0,0,1,20307986,0.21
0,0,1,20307987,0.07
0,0,1,20307988,0.014
0,0,1,20307989,0.0
0,0,1,20307990,0.0
0,0,1,20307991,0.0
0,0,1,20307992,0.0
0,0,1,20307993,0.0
0,0,1,20307994,0.0
0,0,1,20307995,0.0
0,0,1,20307996,0.0
0,0,1,20307997,0.0
0,0,1,20307998,0.0
0,0,1,20307999,0.028
0,0,1,20308000,0.098
0,0,1,20308001,0.21
0,0,1,20308002,0.322
0,0,1,20308003,0.42
0,0,1,20308004,0.497
0,0,1,20308005,0.56
0,0,1,20308006,0.56
0,0,1,20308007,0.525
0,0,1,20308008,0.455
0,0,1,20308009,0.35
0,0,1,20308010,0.21
0,0,1,20308011,0.07
0,0,1,20308012,0.014
0,0,1,20308013,0.0
0,0,1,20308014,0.0
0,0,1,20308015,0.0
0,0,1,20308016,0.0
0,0,1,20308017,0.0
0,0,1,20308018,0.0
0,0,1,20308019,0.0
0,0,1,20308020,0.0
0,0,1,20308021,0.0
0,0,1,20308022,0.0
0,0,1,20308023,0.026
0,0,1,20308024,0.091
0,0,1,20308025,0.195
0,0,1,20308026,0.299
0,0,1,20308027,0.39
0,0,1,20308028,0.4615
0,0,1,20308029,0.52
0,0,1,20308030,0.52
0,0,1,20308031,0.4875
0,0,1,20308032,0.4225
0,0,1,20308033,0.325
0,0,1,20308034,0.195
0,0,1,20308035,0.065
0,0,1,20308036,0.013
0,0,1,20308037,0.0
0,0,1,20308038,0.0
0,0,1,20308039,0.0
0,0,1,20308040,0.0
0,0,1,20308041,0.0
0,0,1,20308042,0.0
0,0,1,20308043,0.0
0,0,1,20308044,0.0
0,0,1,20308045,0.0
0,0,1,20308046,0.0
0,0,1,20308047,0.026
0,0,1,20308048,0.091
0,0,1,20308049,0.195
0,0,1,20308050,0.299
0,0,1,20308051,0.39
0,0,1,20308052,0.4615
0,0,1,20308053,0.52
0,0,1,20308054,0.52
0,0,1,20308055,0.4875
0,0,1,20308056,0.4225
0,0,1,20308057,0.325
0,0,1,20308058,0.195
0,0,1,20308059,0.065
0,0,1,20308060,0.013
0,0,1,20308061,0.0
0,0,1,20308062,0.0
0,0,1,20308063,0.0
0,0,1,20308064,0.0
0,0,1,20308065,0.0
0,0,1,20308066,0.0
0,0,1,20308067,0.0
0,0,1,20308068,0.0
0,0,1,20308069,0.0
0,0,1,20308070,0.0
0,0,1,20308071,0.026
0,0,1,20308072,0.091
0,0,1,20308073,0.195
0,0,1,20308074,0.299
0,0,1,20308075,0.39
0,0,1,20308076,0.4615
0,0,1,20308077,0.52
0,0,1,20308078,0.52
0,0,1,20308079,0.4875
0,0,1,20308080,0.4225
0,0,1,20308081,0.325
0,0,1,20308082,0.195
0,0,1,20308083,0.065
0,0,1,20308084,0.013
0,0,1,20308085,0.0
0,0,1,20308086,0.0
0,0,1,20308087,0.0
0,0,1,20308088,0.0
0,0,1,20308089,0.0
0,0,1,20308090,0.0
0,0,1,20308091,0.0
0,0,1,20308092,0.0
0,0,1,20308093,0.0
0,0,1,20308094,0.0
0,0,1,20308095,0.026
0,0,1,20308096,0.091
0,0,1,20308097,0.195
0,0,1,20308098,0.299
0,0,1,20308099,0.39
0,0,1,20308100,0.4615
0,0,1,20308101,0.52
0,0,1,20308102,0.52
0,0,1,20308103,0.4875
0,0,1,20308104,0.4225
0,0,1,20308105,0.325
0,0,1,20308106,0.195
0,0,1,20308107,0.065
0,0,1,20308108,0.013
0,0,1,20308109,0.0
0,0,1,20308110,0.0
0,0,1,20308111,0.0
0,0,1,20308112,0.0
0,0,1,20308113,0.0
0,0,1,20308114,0.0
0,0,1,20308115,0.0
0,0,1,20308116,0.0
0,0,1,20308117,0.0
0,0,1,20308118,0.0
0,0,1,20308119,0.026
0,0,1,20308120,0.091
0,0,1,20308121,0.195
0,0,1,20308122,0.299
0,0,1,20308123,0.39
0,0,1,20308124,0.4615
0,0,1,20308125,0.52
0,0,1,20308126,0.52
0,0,1,20308127,0.4875
0,0,1,20308128,0.4225
0,0,1,20308129,0.325
0,0,1,20308130,0.195
0,0,1,20308131,0.065
0,0,1,20308132,0.013
0,0,1,20308133,0.0
0,0,1,20308134,0.0
0,0,1,20308135,0.0
0,0,1,20308136,0.0
0,0,1,20308137,0.0
0,0,1,20308138,0.0
0,0,1,20308139,0.0
0,0,1,20308140,0.0
0,0,1,20308141,0.0
0,0,1,20308142,0.0
0,0,1,20308143,0.026
0,0,1,20308144,0.091
0,0,1,20308145,0.195
0,0,1,20308146,0.299
0,0,1,20308147,0.39
0,0,1,20308148,0.4615
0,0,1,20308149,0.52
0,0,1,20308150,0.52
0,0,1,20308151,0.4875
0,0,1,20308152,0.4225
0,0,1,20308153,0.325
0,0,1,20308154,0.195
0,0,1,20308155,0.065
0,0,1,20308156,0.013
0,0,1,20308157,0.0
0,0,1,20308158,0.0
0,0,1,20308159,0.0
0,0,1,20308160,0.0
0,0,1,20308161,0.0
0,0,1,20308162,0.0
0,0,1,20308163,0.0
0,0,1,20308164,0.0
0,0,1,20308165,0.0
0,0,1,20308166,0.0
0,0,1,20308167,0.026
0,0,1,20308168,0.091
0,0,1,20308169,0.195
0,0,1,20308170,0.299
0,0,1,20308171,0.39
0,0,1,20308172,0.4615
0,0,1,20308173,0.52
0,0,1,20308174,0.52
0,0,1,20308175,0.4875
0,0,1,20308176,0.4225
0,0,1,20308177,0.325
0,0,1,20308178,0.195
0,0,1,20308179,0.065
0,0,1,20308180,0.013
0,0,1,20308181,0.0
0,0,1,20308182,0.0
0,0,1,20308183,0.0
0,0,1,20308184,0.0
0,0,1,20308185,0.0
0,0,1,20308186,0.0
0,0,1,20308187,0.0
0,0,1,20308188,0.0
0,0,1,20308189,0.0
0,0,1,20308190,0.0
0,0,1,20308191,0.026
0,0,1,20308192,0.091
0,0,1,20308193,0.195
0,0,1,20308194,0.299
0,0,1,20308195,0.39
0,0,1,20308196,0.4615
0,0,1,20308197,0.52
0,0,1,20308198,0.52
0,0,1,20308199,0.4875
0,0,1,20308200,0.4225
0,0,1,20308201,0.325
0,0,1,20308202,0.195
0,0,1,20308203,0.065
0,0,1,20308204,0.013
0,0,1,20308205,0.0
0,0,1,20308206,0.0
0,0,1,20308207,0.0
0,0,1,20308208,0.0
0,0,1,20308209,0.0
0,0,1,20308210,0.0
0,0,1,20308211,0.0
0,0,1,20308212,0.0
0,0,1,20308213,0.0
0,0,1,20308214,0.0
0,0,1,20308215,0.026
0,0,1,20308216,0.091
0,0,1,20308217,0.195
0,0,1,20308218,0.299
0,0,1,20308219,0.39
0,0,1,20308220,0.4615
0,0,1,20308221,0.52
0,0,1,20308222,0.52
0,0,1,20308223,0.4875
0,0,1,20308224,0.4225
0,0,1,20308225,0.325
0,0,1,20308226,0.195
0,0,1,20308227,0.065
0,0,1,20308228,0.013
0,0,1,20308229,0.0
0,0,1,20308230,0.0
0,0,1,20308231,0.0
0,0,1,20308232,0.0
0,0,1,20308233,0.0
0,0,1,20308234,0.0
0,0,1,20308235,0.0
0,0,1,20308236,0.0
0,0,1,20308237,0.0
0,0,1,20308238,0.0
0,0,1,20308239,0.026
0,0,1,20308240,0.091
0,0,1,20308241,0.195
0,0,1,20308242,0.299
0,0,1,20308243,0.39
0,0,1,20308244,0.4615
0,0,1,20308245,0.52
0,0,1,20308246,0.52
0,0,1,20308247,0.4875
0,0,1,20308248,0.4225
0,0,1,20308249,0.325
0,0,1,20308250,0.195
0,0,1,20308251,0.065
0,0,1,20308252,0.013
0,0,1,20308253,0.0
0,0,1,20308254,0.0
0,0,1,20308255,0.0
0,0,1,20308256,0.0
0,0,1,20308257,0.0
0,0,1,20308258,0.0
0,0,1,20308259,0.0
0,0,1,20308260,0.0
0,0,1,20308261,0.0
0,0,1,20308262,0.0
0,0,1,20308263,0.026
0,0,1,20308264,0.091
0,0,1,20308265,0.195
0,0,1,20308266,0.299
0,0,1,20308267,0.39
0,0,1,20308268,0.4615
0,0,1,20308269,0.52
0,0,1,20308270,0.52
0,0,1,20308271,0.4875
0,0,1,20308272,0.4225
0,0,1,20308273,0.325
0,0,1,20308274,0.195
0,0,1,20308275,0.065
0,0,1,20308276,0.013
0,0,1,20308277,0.0
0,0,1,20308278,0.0
0,0,1,20308279,0.0
0,0,1,20308280,0.0
0,0,1,20308281,0.0
0,0,1,20308282,0.0
0,0,1,20308283,0.0
0,0,1,20308284,0.0
0,0,1,20308285,0.0
0,0,1,20308286,0.0
0,0,1,20308287,0.026
0,0,1,20308288,0.091
0,0,1,20308289,0.195
0,0,1,20308290,0.299
0,0,1,20308291,0.39
0,0,1,20308292,0.4615
0,0,1,20308293,0.52
0,0,1,20308294,0.52
0,0,1,20308295,0.4875
0,0,1,20308296,0.4225
0,0,1,20308297,0.325
0,0,1,20308298,0.195
0,0,1,20308299,0.065
0,0,1,20308300,0.013
0,0,1,20308301,0.0
0,0,1,20308302,0.0
0,0,1,20308303,0.0
0,0,1,20308304,0.0
0,0,1,20308305,0.0
0,0,1,20308306,0.0
0,0,1,20308307,0.0
0,0,1,20308308,0.0
0,0,1,20308309,0.0
0,0,1,20308310,0.0
0,0,1,20308311,0.026
0,0,1,20308312,0.091
0,0,1,20308313,0.195
0,0,1,20308314,0.299
0,0,1,20308315,0.39
0,0,1,20308316,0.4615
0,0,1,20308317,0.52
0,0,1,20308318,0.52
0,0,1,20308319,0.4875
0,0,1,20308320,0.4225
0,0,1,20308321,0.325
0,0,1,20308322,0.195
0,0,1,20308323,0.065
0,0,1,20308324,0.013
0,0,1,20308325,0.0
0,0,1,20308326,0.0
0,0,1,20308327,0.0
0,0,1,20308328,0.0
0,0,1,20308329,0.0
0,0,1,20308330,0.0
0,0,1,20308331,0.0
0,0,1,20308332,0.0
0,0,1,20308333,0.0
0,0,1,20308334,0.0
0,0,1,20308335,0.026
0,0,1,20308336,0.091
0,0,1,20308337,0.195
0,0,1,20308338,0.299
0,0,1,20308339,0.39
0,0,1,20308340,0.4615
0,0,1,20308341,0.52
0,0,1,20308342,0.52
0,0,1,20308343,0.4875
0,0,1,20308344,0.4225
0,0,1,20308345,0.325
0,0,1,20308346,0.195
0,0,1,20308347,0.065
0,0,1,20308348,0.013
0,0,1,20308349,0.0
0,0,1,20308350,0.0
0,0,1,20308351,0.0
0,0,1,20308352,0.0
0,0,1,20308353,0.0
0,0,1,20308354,0.0
0,0,1,20308355,0.0
0,0,1,20308356,0.0
0,0,1,20308357,0.0
0,0,1,20308358,0.0
0,0,1,20308359,0.026
0,0,1,20308360,0.091
0,0,1,20308361,0.195
0,0,1,20308362,0.299
0,0,1,20308363,0.39
0,0,1,20308364,0.4615
0,0,1,20308365,0.52
0,0,1,20308366,0.52
0,0,1,20308367,0.4875
0,0,1,20308368,0.4225
0,0,1,20308369,0.325
0,0,1,20308370,0.195
0,0,1,20308371,0.065
0,0,1,20308372,0.013
0,0,1,20308373,0.0
0,0,1,20308374,0.0
0,0,1,20308375,0.0
0,0,1,20308376,0.0
0,0,1,20308377,0.0
0,0,1,20308378,0.0
0,0,1,20308379,0.0
0,0,1,20308380,0.0
0,0,1,20308381,0.0
0,0,1,20308382,0.0
0,0,1,20308383,0.026
0,0,1,20308384,0.091
0,0,1,20308385,0.195
0,0,1,20308386,0.299
0,0,1,20308387,0.39
0,0,1,20308388,0.4615
0,0,1,20308389,0.52
0,0,1,20308390,0.52
0,0,1,20308391,0.4875
0,0,1,20308392,0.4225
0,0,1,20308393,0.325
0,0,1,20308394,0.195
0,0,1,20308395,0.065
0,0,1,20308396,0.013
0,0,1,20308397,0.0
0,0,1,20308398,0.0
0,0,1,20308399,0.0
0,0,1,20308400,0.0
0,0,1,20308401,0.0
0,0,1,20308402,0.0
0,0,1,20308403,0.0
0,0,1,20308404,0.0
0,0,1,20308405,0.0
0,0,1,20308406,0.0
0,0,1,20308407,0.026
0,0,1,20308408,0.091
0,0,1,20308409,0.195
0,0,1,20308410,0.299
0,0,1,20308411,0.39
0,0,1,20308412,0.4615
0,0,1,20308413,0.52
0,0,1,20308414,0.52
0,0,1,20308415,0.4875
0,0,1,20308416,0.4225
0,0,1,20308417,0.325
0,0,1,20308418,0.195
0,0,1,20308419,0.065
0,0,1,20308420,0.013
0,0,1,20308421,0.0
0,0,1,20308422,0.0
0,0,1,20308423,0.0
0,0,1,20308424,0.0
0,0,1,20308425,0.0
0,0,1,20308426,0.0
0,0,1,20308427,0.0
0,0,1,20308428,0.0
0,0,1,20308429,0.0
0,0,1,20308430,0.0
0,0,1,20308431,0.026
0,0,1,20308432,0.091
0,0,1,20308433,0.195
0,0,1,20308434,0.299
0,0,1,20308435,0.39
0,0,1,20308436,0.4615
0,0,1,20308437,0.52
0,0,1,20308438,0.52
0,0,1,20308439,0.4875
0,0,1,20308440,0.4225
0,0,1,20308441,0.325
0,0,1,20308442,0.195
0,0,1,20308443,0.065
0,0,1,20308444,0.013
0,0,1,20308445,0.0
0,0,1,20308446,0.0
0,0,1,20308447,0.0
0,0,1,20308448,0.0
0,0,1,20308449,0.0
0,0,1,20308450,0.0
0,0,1,20308451,0.0
0,0,1,20308452,0.0
0,0,1,20308453,0.0
0,0,1,20308454,0.0
0,0,1,20308455,0.026
0,0,1,20308456,0.091
0,0,1,20308457,0.195
0,0,1,20308458,0.299
0,0,1,20308459,0.39
0,0,1,20308460,0.4615
0,0,1,20308461,0.52
0,0,1,20308462,0.52
0,0,1,20308463,0.4875
0,0,1,20308464,0.4225
0,0,1,20308465,0.325
0,0,1,20308466,0.195
0,0,1,20308467,0.065
0,0,1,20308468,0.013
0,0,1,20308469,0.0
0,0,1,20308470,0.0
0,0,1,20308471,0.0
0,0,1,20308472,0.0
0,0,1,20308473,0.0
0,0,1,20308474,0.0
0,0,1,20308475,0.0
0,0,1,20308476,0.0
0,0,1,20308477,0.0
0,0,1,20308478,0.0
0,0,1,20308479,0.026
0,0,1,20308480,0.091
0,0,1,20308481,0.195
0,0,1,20308482,0.299
0,0,1,20308483,0.39
0,0,1,20308484,0.4615
0,0,1,20308485,0.52
0,0,1,20308486,0.52
0,0,1,20308487,0.4875
0,0,1,20308488,0.4225
0,0,1,20308489,0.325
0,0,1,20308490,0.195
0,0,1,20308491,0.065
0,0,1,20308492,0.013
0,0,1,20308493,0.0
0,0,1,20308494,0.0
0,0,1,20308495,0.0
0,0,1,20308496,0.0
0,0,1,20308497,0.0
0,0,1,20308498,0.0
0,0,1,20308499,0.0
0,0,1,20308500,0.0
0,0,1,20308501,0.0
0,0,1,20308502,0.0
0,0,1,20308503,0.026
0,0,1,20308504,0.091
0,0,1,20308505,0.195
0,0,1,20308506,0.299
0,0,1,20308507,0.39
0,0,1,20308508,0.4615
0,0,1,20308509,0.52
0,0,1,20308510,0.52
0,0,1,20308511,0.4875
0,0,1,20308512,0.4225
0,0,1,20308513,0.325
0,0,1,20308514,0.195
0,0,1,20308515,0.065
0,0,1,20308516,0.013
0,0,1,20308517,0.0
0,0,1,20308518,0.0
0,0,1,20308519,0.0
0,0,1,20308520,0.0
0,0,1,20308521,0.0
0,0,1,20308522,0.0
0,0,1,20308523,0.0
0,0,1,20308524,0.0
0,0,1,20308525,0.0
0,0,1,20308526,0.0
0,0,1,20308527,0.026
0,0,1,20308528,0.091
0,0,1,20308529,0.195
0,0,1,20308530,0.299
0,0,1,20308531,0.39
0,0,1,20308532,0.4615
0,0,1,20308533,0.52
0,0,1,20308534,0.52
0,0,1,20308535,0.4875
0,0,1,20308536,0.4225
0,0,1,20308537,0.325
0,0,1,20308538,0.195
0,0,1,20308539,0.065
0,0,1,20308540,0.013
0,0,1,20308541,0.0
0,0,1,20308542,0.0
0,0,1,20308543,0.0
0,0,1,20308544,0.0
0,0,1,20308545,0.0
0,0,1,20308546,0.0
0,0,1,20308547,0.0
0,0,1,20308548,0.0
0,0,1,20308549,0.0
0,0,1,20308550,0.0
0,0,1,20308551,0.026
0,0,1,20308552,0.091
0,0,1,20308553,0.195
0,0,1,20308554,0.299
0,0,1,20308555,0.39
0,0,1,20308556,0.4615
0,0,1,20308557,0.52
0,0,1,20308558,0.52
0,0,1,20308559,0.4875
0,0,1,20308560,0.4225
0,0,1,20308561,0.325
0,0,1,20308562,0.195
0,0,1,20308563,0.065
0,0,1,20308564,0.013
0,0,1,20308565,0.0
0,0,1,20308566,0.0
0,0,1,20308567,0.0
0,0,1,20308568,0.0
0,0,1,20308569,0.0
0,0,1,20308570,0.0
0,0,1,20308571,0.0
0,0,1,20308572,0.0
0,0,1,20308573,0.0
0,0,1,20308574,0.0
0,0,1,20308575,0.026
0,0,1,20308576,0.091
0,0,1,20308577,0.195
0,0,1,20308578,0.299
0,0,1,20308579,0.39
0,0,1,20308580,0.4615
0,0,1,20308581,0.52
0,0,1,20308582,0.52
0,0,1,20308583,0.4875
0,0,1,20308584,0.4225
0,0,1,20308585,0.325
0,0,1,20308586,0.195
0,0,1,20308587,0.065
0,0,1,20308588,0.013
0,0,1,20308589,0.0
0,0,1,20308590,0.0
0,0,1,20308591,0.0
0,0,1,20308592,0.0
0,0,1,20308593,0.0
0,0,1,20308594,0.0
0,0,1,20308595,0.0
0,0,1,20308596,0.0
0,0,1,20308597,0.0
0,0,1,20308598,0.0
0,0,1,20308599,0.026
0,0,1,20308600,0.091
0,0,1,20308601,0.195
0,0,1,20308602,0.299
0,0,1,20308603,0.39
0,0,1,20308604,0.4615
0,0,1,20308605,0.52
0,0,1,20308606,0.52
0,0,1,20308607,0.4875
0,0,1,20308608,0.4225
0,0,1,20308609,0.325
0,0,1,20308610,0.195
0,0,1,20308611,0.065
0,0,1,20308612,0.013
0,0,1,20308613,0.0
0,0,1,20308614,0.0
0,0,1,20308615,0.0
0,0,1,20308616,0.0
0,0,1,20308617,0.0
0,0,1,20308618,0.0
0,0,1,20308619,0.0
0,0,1,20308620,0.0
0,0,1,20308621,0.0
0,0,1,20308622,0.0
0,0,1,20308623,0.026
0,0,1,20308624,0.091
0,0,1,20308625,0.195
0,0,1,20308626,0.299
0,0,1,20308627,0.39
0,0,1,20308628,0.4615
0,0,1,20308629,0.52
0,0,1,20308630,0.52
0,0,1,20308631,0.4875
0,0,1,20308632,0.4225
0,0,1,20308633,0.325
0,0,1,20308634,0.195
0,0,1,20308635,0.065
0,0,1,20308636,0.013
0,0,1,20308637,0.0
0,0,1,20308638,0.0
0,0,1,20308639,0.0
0,0,1,20308640,0.0
0,0,1,20308641,0.0
0,0,1,20308642,0.0
0,0,1,20308643,0.0
0,0,1,20308644,0.0
0,0,1,20308645,0.0
0,0,1,20308646,0.0
0,0,1,20308647,0.026
0,0,1,20308648,0.091
0,0,1,20308649,0.195
0,0,1,20308650,0.299
0,0,1,20308651,0.39
0,0,1,20308652,0.4615
0,0,1,20308653,0.52
0,0,1,20308654,0.52
0,0,1,20308655,0.4875
0,0,1,20308656,0.4225
0,0,1,20308657,0.325
0,0,1,20308658,0.195
0,0,1,20308659,0.065
0,0,1,20308660,0.013
0,0,1,20308661,0.0
0,0,1,20308662,0.0
0,0,1,20308663,0.0
0,0,1,20308664,0.0
0,0,1,20308665,0.0
0,0,1,20308666,0.0
0,0,1,20308667,0.0
0,0,1,20308668,0.0
0,0,1,20308669,0.0
0,0,1,20308670,0.0
0,0,1,20308671,0.026
0,0,1,20308672,0.091
0,0,1,20308673,0.195
0,0,1,20308674,0.299
0,0,1,20308675,0.39
0,0,1,20308676,0.4615
0,0,1,20308677,0.52
0,0,1,20308678,0.52
0,0,1,20308679,0.4875
0,0,1,20308680,0.4225
0,0,1,20308681,0.325
0,0,1,20308682,0.195
0,0,1,20308683,0.065
0,0,1,20308684,0.013
0,0,1,20308685,0.0
0,0,1,20308686,0.0
0,0,1,20308687,0.0
0,0,1,20308688,0.0
0,0,1,20308689,0.0
0,0,1,20308690,0.0
0,0,1,20308691,0.0
0,0,1,20308692,0.0
0,0,1,20308693,0.0
0,0,1,20308694,0.0
0,0,1,20308695,0.026
0,0,1,20308696,0.091
0,0,1,20308697,0.195
0,0,1,20308698,0.299
0,0,1,20308699,0.39
0,0,1,20308700,0.4615
0,0,1,20308701,0.52
0,0,1,20308702,0.52
0,0,1,20308703,0.4875
0,0,1,20308704,0.4225
0,0,1,20308705,0.325
0,0,1,20308706,0.195
0,0,1,20308707,0.065
0,0,1,20308708,0.013
0,0,1,20308709,0.0
0,0,1,20308710,0.0
0,0,1,20308711,0.0
0,0,1,20308712,0.0
0,0,1,20308713,0.0
0,0,1,20308714,0.0
0,0,1,20308715,0.0
0,0,1,20308716,0.0
0,0,1,20308717,0.0
0,0,1,20308718,0.0
0,0,1,20308719,0.026
0,0,1,20308720,0.091
0,0,1,20308721,0.195
0,0,1,20308722,0.299
0,0,1,20308723,0.39
0,0,1,20308724,0.4615
0,0,1,20308725,0.52
0,0,1,20308726,0.52
0,0,1,20308727,0.4875
0,0,1,20308728,0.4225
0,0,1,20308729,0.325
0,0,1,20308730,0.195
0,0,1,20308731,0.065
0,0,1,20308732,0.013
0,0,1,20308733,0.0
0,0,1,20308734,0.0
0,0,1,20308735,0.0
0,0,1,20308736,0.0
0,0,1,20308737,0.0
0,0,1,20308738,0.0
0,0,1,20308739,0.0
0,0,1,20308740,0.0
0,0,1,20308741,0.0
0,0,1,20308742,0.0
0,0,1,20308743,0.026
0,0,1,20308744,0.091
0,0,1,20308745,0.195
0,0,1,20308746,0.299
0,0,1,20308747,0.39
0,0,1,20308748,0.4615
0,0,1,20308749,0.52
0,0,1,20308750,0.52
0,0,1,20308751,0.4875
0,0,1,20308752,0.4225
0,0,1,20308753,0.325
0,0,1,20308754,0.195
0,0,1,20308755,0.065
0,0,1,20308756,0.013
0,0,1,20308757,0.0
0,0,1,20308758,0.0
0,0,1,20308759,0.0
0,0,1,20308760,0.0
0,0,1,20350001,0.0
0,0,1,20350002,0.0
0,0,1,20350003,0.0
0,0,1,20350004,0.0
0,0,1,20350005,0.0
0,0,1,20350006,0.0
0,0,1,20350007,0.028
0,0,1,20350008,0.098
0,0,1,20350009,0.21
0,0,1,20350010,0.322
0,0,1,20350011,0.42
0,0,1,20350012,0.497
0,0,1,20350013,0.56
0,0,1,20350014,0.56
0,0,1,20350015,0.525
0,0,1,20350016,0.455
0,0,1,20350017,0.35
0,0,1,20350018,0.21
0,0,1,20350019,0.07
0,0,1,20350020,0.014
0,0,1,20350021,0.0
0,0,1,20350022,0.0
0,0,1,20350023,0.0
0,0,1,20350024,0.0
0,0,1,20350025,0.0
0,0,1,20350026,0.0
0,0,1,20350027,0.0
0,0,1,20350028,0.0
0,0,1,20350029,0.0
0,0,1,20350030,0.0
0,0,1,20350031,0.028
0,0,1,20350032,0.098
0,0,1,20350033,0.21
0,0,1,20350034,0.322
0,0,1,20350035,0.42
0,0,1,20350036,0.497
0,0,1,20350037,0.56
0,0,1,20350038,0.56
0,0,1,20350039,0.525
0,0,1,20350040,0.455
0,0,1,20350041,0.35
0,0,1,20350042,0.21
0,0,1,20350043,0.07
0,0,1,20350044,0.014
0,0,1,20350045,0.0
0,0,1,20350046,0.0
0,0,1,20350047,0.0
0,0,1,20350048,0.0
0,0,1,20350049,0.0
0,0,1,20350050,0.0
0,0,1,20350051,0.0
0,0,1,20350052,0.0
0,0,1,20350053,0.0
0,0,1,20350054,0.0
0,0,1,20350055,0.028
0,0,1,20350056,0.098
0,0,1,20350057,0.21
0,0,1,20350058,0.322
0,0,1,20350059,0.42
0,0,1,20350060,0.497
0,0,1,20350061,0.56
0,0,1,20350062,0.56
0,0,1,20350063,0.525
0,0,1,20350064,0.455
0,0,1,20350065,0.35
0,0,1,20350066,0.21
0,0,1,20350067,0.07
0,0,1,20350068,0.014
0,0,1,20350069,0.0
0,0,1,20350070,0.0
0,0,1,20350071,0.0
0,0,1,20350072,0.0
0,0,1,20350073,0.0
0,0,1,20350074,0.0
0,0,1,20350075,0.0
0,0,1,20350076,0.0
0,0,1,20350077,0.0
0,0,1,20350078,0.0
0,0,1,20350079,0.028
0,0,1,20350080,0.098
0,0,1,20350081,0.21
0,0,1,20350082,0.322
0,0,1,20350083,0.42
0,0,1,20350084,0.497
0,0,1,20350085,0.56
0,0,1,20350086,0.56
0,0,1,20350087,0.525
0,0,1,20350088,0.455
0,0,1,20350089,0.35
0,0,1,20350090,0.21
0,0,1,20350091,0.07
0,0,1,20350092,0.014
0,0,1,20350093,0.0
0,0,1,20350094,0.0
0,0,1,20350095,0.0
0,0,1,20350096,0.0
0,0,1,20350097,0.0
0,0,1,20350098,0.0
0,0,1,20350099,0.0
0,0,1,20350100,0.0
0,0,1,20350101,0.0
0,0,1,20350102,0.0
0,0,1,20350103,0.028
0,0,1,20350104,0.098
0,0,1,20350105,0.21
0,0,1,20350106,0.322
0,0,1,20350107,0.42
0,0,1,20350108,0.497
0,0,1,20350109,0.56
0,0,1,20350110,0.56
0,0,1,20350111,0.525
0,0,1,20350112,0.455
0,0,1,20350113,0.35
0,0,1,20350114,0.21
0,0,1,20350115,0.07
0,0,1,20350116,0.014
0,0,1,20350117,0.0
0,0,1,20350118,0.0
0,0,1,20350119,0.0
0,0,1,20350120,0.0
0,0,1,20350121,0.0
0,0,1,20350122,0.0
0,0,1,20350123,0.0
0,0,1,20350124,0.0
0,0,1,20350125,0.0
0,0,1,20350126,0.0
0,0,1,20350127,0.028
0,0,1,20350128,0.098
0,0,1,20350129,0.21
0,0,1,20350130,0.322
0,0,1,20350131,0.42
0,0,1,20350132,0.497
0,0,1,20350133,0.56
0,0,1,20350134,0.56
0,0,1,20350135,0.525
0,0,1,20350136,0.455
0,0,1,20350137,0.35
0,0,1,20350138,0.21
0,0,1,20350139,0.07
0,0,1,20350140,0.014
0,0,1,20350141,0.0
0,0,1,20350142,0.0
0,0,1,20350143,0.0
0,0,1,20350144,0.0
0,0,1,20350145,0.0
0,0,1,20350146,0.0
0,0,1,20350147,0.0
0,0,1,20350148,0.0
0,0,1,20350149,0.0
0,0,1,20350150,0.0
0,0,1,20350151,0.028
0,0,1,20350152,0.098
0,0,1,20350153,0.21
0,0,1,20350154,0.322
0,0,1,20350155,0.42
0,0,1,20350156,0.497
0,0,1,20350157,0.56
0,0,1,20350158,0.56
0,0,1,20350159,0.525
0,0,1,20350160,0.455
0,0,1,20350161,0.35
0,0,1,20350162,0.21
0,0,1,20350163,0.07
0,0,1,20350164,0.014
0,0,1,20350165,0.0
0,0,1,20350166,0.0
0,0,1,20350167,0.0
0,0,1,20350168,0.0
0,0,1,20350169,0.0
0,0,1,20350170,0.0
0,0,1,20350171,0.0
0,0,1,20350172,0.0
0,0,1,20350173,0.0
0,0,1,20350174,0.0
0,0,1,20350175,0.028
0,0,1,20350176,0.098
0,0,1,20350177,0.21
0,0,1,20350178,0.322
0,0,1,20350179,0.42
0,0,1,20350180,0.497
0,0,1,20350181,0.56
0,0,1,20350182,0.56
0,0,1,20350183,0.525
0,0,1,20350184,0.455
0,0,1,20350185,0.35
0,0,1,20350186,0.21
0,0,1,20350187,0.07
0,0,1,20350188,0.014
0,0,1,20350189,0.0
0,0,1,20350190,0.0
0,0,1,20350191,0.0
0,0,1,20350192,0.0
0,0,1,20350193,0.0
0,0,1,20350194,0.0
0,0,1,20350195,0.0
0,0,1,20350196,0.0
0,0,1,20350197,0.0
0,0,1,20350198,0.0
0,0,1,20350199,0.028
0,0,1,20350200,0.098
0,0,1,20350201,0.21
0,0,1,20350202,0.322
0,0,1,20350203,0.42
0,0,1,20350204,0.497
0,0,1,20350205,0.56
0,0,1,20350206,0.56
0,0,1,20350207,0.525
0,0,1,20350208,0.455
0,0,1,20350209,0.35
0,0,1,20350210,0.21
0,0,1,20350211,0.07
0,0,1,20350212,0.014
0,0,1,20350213,0.0
0,0,1,20350214,0.0
0,0,1,20350215,0.0
0,0,1,20350216,0.0
0,0,1,20350217,0.0
0,0,1,20350218,0.0
0,0,1,20350219,0.0
0,0,1,20350220,0.0
0,0,1,20350221,0.0
0,0,1,20350222,0.0
0,0,1,20350223,0.028
0,0,1,20350224,0.098
0,0,1,20350225,0.21
0,0,1,20350226,0.322
0,0,1,20350227,0.42
0,0,1,20350228,0.497
0,0,1,20350229,0.56
0,0,1,20350230,0.56
0,0,1,20350231,0.525
0,0,1,20350232,0.455
0,0,1,20350233,0.35
0,0,1,20350234,0.21
0,0,1,20350235,0.07
0,0,1,20350236,0.014
0,0,1,20350237,0.0
0,0,1,20350238,0.0
0,0,1,20350239,0.0
0,0,1,20350240,0.0
0,0,1,20350241,0.0
0,0,1,20350242,0.0
0,0,1,20350243,0.0
0,0,1,20350244,0.0
0,0,1,20350245,0.0
0,0,1,20350246,0.0
0,0,1,20350247,0.028
0,0,1,20350248,0.098
0,0,1,20350249,0.21
0,0,1,20350250,0.322
0,0,1,20350251,0.42
0,0,1,20350252,0.497
0,0,1,20350253,0.56
0,0,1,20350254,0.56
0,0,1,20350255,0.525
0,0,1,20350256,0.455
0,0,1,20350257,0.35
0,0,1,20350258,0.21
0,0,1,20350259,0.07
0,0,1,20350260,0.014
0,0,1,20350261,0.0
0,0,1,20350262,0.0
0,0,1,20350263,0.0
0,0,1,20350264,0.0
0,0,1,20350265,0.0
0,0,1,20350266,0.0
0,0,1,20350267,0.0
0,0,1,20350268,0.0
0,0,1,20350269,0.0
0,0,1,20350270,0.0
0,0,1,20350271,0.028
0,0,1,20350272,0.098
0,0,1,20350273,0.21
0,0,1,20350274,0.322
0,0,1,20350275,0.42
0,0,1,20350276,0.497
0,0,1,20350277,0.56
0,0,1,20350278,0.56
0,0,1,20350279,0.525
0,0,1,20350280,0.455
0,0,1,20350281,0.35
0,0,1,20350282,0.21
0,0,1,20350283,0.07
0,0,1,20350284,0.014
0,0,1,20350285,0.0
0,0,1,20350286,0.0
0,0,1,20350287,0.0
0,0,1,20350288,0.0
0,0,1,20350289,0.0
0,0,1,20350290,0.0
0,0,1,20350291,0.0
0,0,1,20350292,0.0
0,0,1,20350293,0.0
0,0,1,20350294,0.0
0,0,1,20350295,0.028
0,0,1,20350296,0.098
0,0,1,20350297,0.21
0,0,1,20350298,0.322
0,0,1,20350299,0.42
0,0,1,20350300,0.497
0,0,1,20350301,0.56
0,0,1,20350302,0.56
0,0,1,20350303,0.525
0,0,1,20350304,0.455
0,0,1,20350305,0.35
0,0,1,20350306,0.21
0,0,1,20350307,0.07
0,0,1,20350308,0.014
0,0,1,20350309,0.0
0,0,1,20350310,0.0
0,0,1,20350311,0.0
0,0,1,20350312,0.0
0,0,1,20350313,0.0
0,0,1,20350314,0.0
0,0,1,20350315,0.0
0,0,1,20350316,0.0
0,0,1,20350317,0.0
0,0,1,20350318,0.0
0,0,1,20350319,0.028
0,0,1,20350320,0.098
0,0,1,20350321,0.21
0,0,1,20350322,0.322
0,0,1,20350323,0.42
0,0,1,20350324,0.497
0,0,1,20350325,0.56
0,0,1,20350326,0.56
0,0,1,20350327,0.525
0,0,1,20350328,0.455
0,0,1,20350329,0.35
0,0,1,20350330,0.21
0,0,1,20350331,0.07
0,0,1,20350332,0.014
0,0,1,20350333,0.0
0,0,1,20350334,0.0
0,0,1,20350335,0.0
0,0,1,20350336,0.0
0,0,1,20350337,0.0
0,0,1,20350338,0.0
0,0,1,20350339,0.0
0,0,1,20350340,0.0
0,0,1,20350341,0.0
0,0,1,20350342,0.0
0,0,1,20350343,0.028
0,0,1,20350344,0.098
0,0,1,20350345,0.21
0,0,1,20350346,0.322
0,0,1,20350347,0.42
0,0,1,20350348,0.497
0,0,1,20350349,0.56
0,0,1,20350350,0.56
0,0,1,20350351,0.525
0,0,1,20350352,0.455
0,0,1,20350353,0.35
0,0,1,20350354,0.21
0,0,1,20350355,0.07
0,0,1,20350356,0.014
0,0,1,20350357,0.0
0,0,1,20350358,0.0
0,0,1,20350359,0.0
0,0,1,20350360,0.0
0,0,1,20350361,0.0
0,0,1,20350362,0.0
0,0,1,20350363,0.0
0,0,1,20350364,0.0
0,0,1,20350365,0.0
0,0,1,20350366,0.0
0,0,1,20350367,0.028
0,0,1,20350368,0.098
0,0,1,20350369,0.21
0,0,1,20350370,0.322
0,0,1,20350371,0.42
0,0,1,20350372,0.497
0,0,1,20350373,0.56
0,0,1,20350374,0.56
0,0,1,20350375,0.525
0,0,1,20350376,0.455
0,0,1,20350377,0.35
0,0,1,20350378,0.21
0,0,1,20350379,0.07
0,0,1,20350380,0.014
0,0,1,20350381,0.0
0,0,1,20350382,0.0
0,0,1,20350383,0.0
0,0,1,20350384,0.0
0,0,1,20350385,0.0
0,0,1,20350386,0.0
0,0,1,20350387,0.0
0,0,1,20350388,0.0
0,0,1,20350389,0.0
0,0,1,20350390,0.0
0,0,1,20350391,0.028
0,0,1,20350392,0.098
0,0,1,20350393,0.21
0,0,1,20350394,0.322
0,0,1,20350395,0.42
0,0,1,20350396,0.497
0,0,1,20350397,0.56
0,0,1,20350398,0.56
0,0,1,20350399,0.525
0,0,1,20350400,0.455
0,0,1,20350401,0.35
0,0,1,20350402,0.21
0,0,1,20350403,0.07
0,0,1,20350404,0.014
0,0,1,20350405,0.0
0,0,1,20350406,0.0
0,0,1,20350407,0.0
0,0,1,20350408,0.0
0,0,1,20350409,0.0
0,0,1,20350410,0.0
0,0,1,20350411,0.0
0,0,1,20350412,0.0
0,0,1,20350413,0.0
0,0,1,20350414,0.0
0,0,1,20350415,0.028
0,0,1,20350416,0.098
0,0,1,20350417,0.21
0,0,1,20350418,0.322
0,0,1,20350419,0.42
0,0,1,20350420,0.497
0,0,1,20350421,0.56
0,0,1,20350422,0.56
0,0,1,20350423,0.525
0,0,1,20350424,0.455
0,0,1,20350425,0.35
0,0,1,20350426,0.21
0,0,1,20350427,0.07
0,0,1,20350428,0.014
0,0,1,20350429,0.0
0,0,1,20350430,0.0
0,0,1,20350431,0.0
0,0,1,20350432,0.0
0,0,1,20350433,0.0
0,0,1,20350434,0.0
0,0,1,20350435,0.0
0,0,1,20350436,0.0
0,0,1,20350437,0.0
0,0,1,20350438,0.0
0,0,1,20350439,0.028
0,0,1,20350440,0.098
0,0,1,20350441,0.21
0,0,1,20350442,0.322
0,0,1,20350443,0.42
0,0,1,20350444,0.497
0,0,1,20350445,0.56
0,0,1,20350446,0.56
0,0,1,20350447,0.525
0,0,1,20350448,0.455
0,0,1,20350449,0.35
0,0,1,20350450,0.21
0,0,1,20350451,0.07
0,0,1,20350452,0.014
0,0,1,20350453,0.0
0,0,1,20350454,0.0
0,0,1,20350455,0.0
0,0,1,20350456,0.0
0,0,1,20350457,0.0
0,0,1,20350458,0.0
0,0,1,20350459,0.0
0,0,1,20350460,0.0
0,0,1,20350461,0.0
0,0,1,20350462,0.0
0,0,1,20350463,0.028
0,0,1,20350464,0.098
0,0,1,20350465,0.21
0,0,1,20350466,0.322
0,0,1,20350467,0.42
0,0,1,20350468,0.497
0,0,1,20350469,0.56
0,0,1,20350470,0.56
0,0,1,20350471,0.525
0,0,1,20350472,0.455
0,0,1,20350473,0.35
0,0,1,20350474,0.21
0,0,1,20350475,0.07
0,0,1,20350476,0.014
0,0,1,20350477,0.0
0,0,1,20350478,0.0
0,0,1,20350479,0.0
0,0,1,20350480,0.0
0,0,1,20350481,0.0
0,0,1,20350482,0.0
0,0,1,20350483,0.0
0,0,1,20350484,0.0
0,0,1,20350485,0.0
0,0,1,20350486,0.0
0,0,1,20350487,0.028
0,0,1,20350488,0.098
0,0,1,20350489,0.21
0,0,1,20350490,0.322
0,0,1,20350491,0.42
0,0,1,20350492,0.497
0,0,1,20350493,0.56
0,0,1,20350494,0.56
0,0,1,20350495,0.525
0,0,1,20350496,0.455
0,0,1,20350497,0.35
0,0,1,20350498,0.21
0,0,1,20350499,0.07
0,0,1,20350500,0.014
0,0,1,20350501,0.0
0,0,1,20350502,0.0
0,0,1,20350503,0.0
0,0,1,20350504,0.0
0,0,1,20350505,0.0
0,0,1,20350506,0.0
0,0,1,20350507,0.0
0,0,1,20350508,0.0
0,0,1,20350509,0.0
0,0,1,20350510,0.0
0,0,1,20350511,0.028
0,0,1,20350512,0.098
0,0,1,20350513,0.21
0,0,1,20350514,0.322
0,0,1,20350515,0.42
0,0,1,20350516,0.497
0,0,1,20350517,0.56
0,0,1,20350518,0.56
0,0,1,20350519,0.525
0,0,1,20350520,0.455
0,0,1,20350521,0.35
0,0,1,20350522,0.21
0,0,1,20350523,0.07
0,0,1,20350524,0.014
0,0,1,20350525,0.0
0,0,1,20350526,0.0
0,0,1,20350527,0.0
0,0,1,20350528,0.0
0,0,1,20350529,0.0
0,0,1,20350530,0.0
0,0,1,20350531,0.0
0,0,1,20350532,0.0
0,0,1,20350533,0.0
0,0,1,20350534,0.0
0,0,1,20350535,0.028
0,0,1,20350536,0.098
0,0,1,20350537,0.21
0,0,1,20350538,0.322
0,0,1,20350539,0.42
0,0,1,20350540,0.497
0,0,1,20350541,0.56
0,0,1,20350542,0.56
0,0,1,20350543,0.525
0,0,1,20350544,0.455
0,0,1,20350545,0.35
0,0,1,20350546,0.21
0,0,1,20350547,0.07
0,0,1,20350548,0.014
0,0,1,20350549,0.0
0,0,1,20350550,0.0
0,0,1,20350551,0.0
0,0,1,20350552,0.0
0,0,1,20350553,0.0
0,0,1,20350554,0.0
0,0,1,20350555,0.0
0,0,1,20350556,0.0
0,0,1,20350557,0.0
0,0,1,20350558,0.0
0,0,1,20350559,0.028
0,0,1,20350560,0.098
0,0,1,20350561,0.21
0,0,1,20350562,0.322
0,0,1,20350563,0.42
0,0,1,20350564,0.497
0,0,1,20350565,0.56
0,0,1,20350566,0.56
0,0,1,20350567,0.525
0,0,1,20350568,0.455
0,0,1,20350569,0.35
0,0,1,20350570,0.21
0,0,1,20350571,0.07
0,0,1,20350572,0.014
0,0,1,20350573,0.0
0,0,1,20350574,0.0
0,0,1,20350575,0.0
0,0,1,20350576,0.0
0,0,1,20350577,0.0
0,0,1,20350578,0.0
0,0,1,20350579,0.0
0,0,1,20350580,0.0
0,0,1,20350581,0.0
0,0,1,20350582,0.0
0,0,1,20350583,0.028
0,0,1,20350584,0.098
0,0,1,20350585,0.21
0,0,1,20350586,0.322
0,0,1,20350587,0.42
0,0,1,20350588,0.497
0,0,1,20350589,0.56
0,0,1,20350590,0.56
0,0,1,20350591,0.525
0,0,1,20350592,0.455
0,0,1,20350593,0.35
0,0,1,20350594,0.21
0,0,1,20350595,0.07
0,0,1,20350596,0.014
0,0,1,20350597,0.0
0,0,1,20350598,0.0
0,0,1,20350599,0.0
0,0,1,20350600,0.0
0,0,1,20350601,0.0
0,0,1,20350602,0.0
0,0,1,20350603,0.0
0,0,1,20350604,0.0
0,0,1,20350605,0.0
0,0,1,20350606,0.0
0,0,1,20350607,0.028
0,0,1,20350608,0.098
0,0,1,20350609,0.21
0,0,1,20350610,0.322
0,0,1,20350611,0.42
0,0,1,20350612,0.497
0,0,1,20350613,0.56
0,0,1,20350614,0.56
0,0,1,20350615,0.525
0,0,1,20350616,0.455
0,0,1,20350617,0.35
0,0,1,20350618,0.21
0,0,1,20350619,0.07
0,0,1,20350620,0.014
0,0,1,20350621,0.0
0,0,1,20350622,0.0
0,0,1,20350623,0.0
0,0,1,20350624,0.0
0,0,1,20350625,0.0
0,0,1,20350626,0.0
0,0,1,20350627,0.0
0,0,1,20350628,0.0
0,0,1,20350629,0.0
0,0,1,20350630,0.0
0,0,1,20350631,0.028
0,0,1,20350632,0.098
0,0,1,20350633,0.21
0,0,1,20350634,0.322
0,0,1,20350635,0.42
0,0,1,20350636,0.497
0,0,1,20350637,0.56
0,0,1,20350638,0.56
0,0,1,20350639,0.525
0,0,1,20350640,0.455
0,0,1,20350641,0.35
0,0,1,20350642,0.21
0,0,1,20350643,0.07
0,0,1,20350644,0.014
0,0,1,20350645,0.0
0,0,1,20350646,0.0
0,0,1,20350647,0.0
0,0,1,20350648,0.0
0,0,1,20350649,0.0
0,0,1,20350650,0.0
0,0,1,20350651,0.0
0,0,1,20350652,0.0
0,0,1,20350653,0.0
0,0,1,20350654,0.0
0,0,1,20350655,0.028
0,0,1,20350656,0.098
0,0,1,20350657,0.21
0,0,1,20350658,0.322
0,0,1,20350659,0.42
0,0,1,20350660,0.497
0,0,1,20350661,0.56
0,0,1,20350662,0.56
0,0,1,20350663,0.525
0,0,1,20350664,0.455
0,0,1,20350665,0.35
0,0,1,20350666,0.21
0,0,1,20350667,0.07
0,0,1,20350668,0.014
0,0,1,20350669,0.0
0,0,1,20350670,0.0
0,0,1,20350671,0.0
0,0,1,20350672,0.0
0,0,1,20350673,0.0
0,0,1,20350674,0.0
0,0,1,20350675,0.0
0,0,1,20350676,0.0
0,0,1,20350677,0.0
0,0,1,20350678,0.0
0,0,1,20350679,0.028
0,0,1,20350680,0.098
0,0,1,20350681,0.21
0,0,1,20350682,0.322
0,0,1,20350683,0.42
0,0,1,20350684,0.497
0,0,1,20350685,0.56
0,0,1,20350686,0.56
0,0,1,20350687,0.525
0,0,1,20350688,0.455
0,0,1,20350689,0.35
0,0,1,20350690,0.21
0,0,1,20350691,0.07
0,0,1,20350692,0.014
0,0,1,20350693,0.0
0,0,1,20350694,0.0
0,0,1,20350695,0.0
0,0,1,20350696,0.0
0,0,1,20350697,0.0
0,0,1,20350698,0.0
0,0,1,20350699,0.0
0,0,1,20350700,0.0
0,0,1,20350701,0.0
0,0,1,20350702,0.0
0,0,1,20350703,0.028
0,0,1,20350704,0.098
0,0,1,20350705,0.21
0,0,1,20350706,0.322
0,0,1,20350707,0.42
0,0,1,20350708,0.497
0,0,1,20350709,0.56
0,0,1,20350710,0.56
0,0,1,20350711,0.525
0,0,1,20350712,0.455
0,0,1,20350713,0.35
0,0,1,20350714,0.21
0,0,1,20350715,0.07
0,0,1,20350716,0.014
0,0,1,20350717,0.0
0,0,1,20350718,0.0
0,0,1,20350719,0.0
0,0,1,20350720,0.0
0,0,1,20350721,0.0
0,0,1,20350722,0.0
0,0,1,20350723,0.0
0,0,1,20350724,0.0
0,0,1,20350725,0.0
0,0,1,20350726,0.0
0,0,1,20350727,0.028
0,0,1,20350728,0.098
0,0,1,20350729,0.21
0,0,1,20350730,0.322
0,0,1,20350731,0.42
0,0,1,20350732,0.497
0,0,1,20350733,0.56
0,0,1,20350734,0.56
0,0,1,20350735,0.525
0,0,1,20350736,0.455
0,0,1,20350737,0.35
0,0,1,20350738,0.21
0,0,1,20350739,0.07
0,0,1,20350740,0.014
0,0,1,20350741,0.0
0,0,1,20350742,0.0
0,0,1,20350743,0.0
0,0,1,20350744,0.0
0,0,1,20350745,0.0
0,0,1,20350746,0.0
0,0,1,20350747,0.0
0,0,1,20350748,0.0
0,0,1,20350749,0.0
0,0,1,20350750,0.0
0,0,1,20350751,0.03
0,0,1,20350752,0.105
0,0,1,20350753,0.225
0,0,1,20350754,0.345
0,0,1,20350755,0.45
0,0,1,20350756,0.5325
0,0,1,20350757,0.6
0,0,1,20350758,0.6
0,0,1,20350759,0.5625
0,0,1,20350760,0.4875
0,0,1,20350761,0.375
0,0,1,20350762,0.225
0,0,1,20350763,0.075
0,0,1,20350764,0.015
0,0,1,20350765,0.0
0,0,1,20350766,0.0
0,0,1,20350767,0.0
0,0,1,20350768,0.0
0,0,1,20350769,0.0
0,0,1,20350770,0.0
0,0,1,20350771,0.0
0,0,1,20350772,0.0
0,0,1,20350773,0.0
0,0,1,20350774,0.0
0,0,1,20350775,0.03
0,0,1,20350776,0.105
0,0,1,20350777,0.225
0,0,1,20350778,0.345
0,0,1,20350779,0.45
0,0,1,20350780,0.5325
0,0,1,20350781,0.6
0,0,1,20350782,0.6
0,0,1,20350783,0.5625
0,0,1,20350784,0.4875
0,0,1,20350785,0.375
0,0,1,20350786,0.225
0,0,1,20350787,0.075
0,0,1,20350788,0.015
0,0,1,20350789,0.0
0,0,1,20350790,0.0
0,0,1,20350791,0.0
0,0,1,20350792,0.0
0,0,1,20350793,0.0
0,0,1,20350794,0.0
0,0,1,20350795,0.0
0,0,1,20350796,0.0
0,0,1,20350797,0.0
0,0,1,20350798,0.0
0,0,1,20350799,0.03
0,0,1,20350800,0.105
0,0,1,20350801,0.225
0,0,1,20350802,0.345
0,0,1,20350803,0.45
0,0,1,20350804,0.5325
0,0,1,20350805,0.6
0,0,1,20350806,0.6
0,0,1,20350807,0.5625
0,0,1,20350808,0.4875
0,0,1,20350809,0.375
0,0,1,20350810,0.225
0,0,1,20350811,0.075
0,0,1,20350812,0.015
0,0,1,20350813,0.0
0,0,1,20350814,0.0
0,0,1,20350815,0.0
0,0,1,20350816,0.0
0,0,1,20350817,0.0
0,0,1,20350818,0.0
0,0,1,20350819,0.0
0,0,1,20350820,0.0
0,0,1,20350821,0.0
0,0,1,20350822,0.0
0,0,1,20350823,0.03
0,0,1,20350824,0.105
0,0,1,20350825,0.225
0,0,1,20350826,0.345
0,0,1,20350827,0.45
0,0,1,20350828,0.5325
0,0,1,20350829,0.6
0,0,1,20350830,0.6
0,0,1,20350831,0.5625
0,0,1,20350832,0.4875
0,0,1,20350833,0.375
0,0,1,20350834,0.225
0,0,1,20350835,0.075
0,0,1,20350836,0.015
0,0,1,20350837,0.0
0,0,1,20350838,0.0
0,0,1,20350839,0.0
0,0,1,20350840,0.0
0,0,1,20350841,0.0
0,0,1,20350842,0.0
0,0,1,20350843,0.0
0,0,1,20350844,0.0
0,0,1,20350845,0.0
0,0,1,20350846,0.0
0,0,1,20350847,0.03
0,0,1,20350848,0.105
0,0,1,20350849,0.225
0,0,1,20350850,0.345
0,0,1,20350851,0.45
0,0,1,20350852,0.5325
0,0,1,20350853,0.6
0,0,1,20350854,0.6
0,0,1,20350855,0.5625
0,0,1,20350856,0.4875
0,0,1,20350857,0.375
0,0,1,20350858,0.225
0,0,1,20350859,0.075
0,0,1,20350860,0.015
0,0,1,20350861,0.0
0,0,1,20350862,0.0
0,0,1,20350863,0.0
0,0,1,20350864,0.0
0,0,1,20350865,0.0
0,0,1,20350866,0.0
0,0,1,20350867,0.0
0,0,1,20350868,0.0
0,0,1,20350869,0.0
0,0,1,20350870,0.0
0,0,1,20350871,0.03
0,0,1,20350872,0.105
0,0,1,20350873,0.225
0,0,1,20350874,0.345
0,0,1,20350875,0.45
0,0,1,20350876,0.5325
0,0,1,20350877,0.6
0,0,1,20350878,0.6
0,0,1,20350879,0.5625
0,0,1,20350880,0.4875
0,0,1,20350881,0.375
0,0,1,20350882,0.225
0,0,1,20350883,0.075
0,0,1,20350884,0.015
0,0,1,20350885,0.0
0,0,1,20350886,0.0
0,0,1,20350887,0.0
0,0,1,20350888,0.0
0,0,1,20350889,0.0
0,0,1,20350890,0.0
0,0,1,20350891,0.0
0,0,1,20350892,0.0
0,0,1,20350893,0.0
0,0,1,20350894,0.0
0,0,1,20350895,0.03
0,0,1,20350896,0.105
0,0,1,20350897,0.225
0,0,1,20350898,0.345
0,0,1,20350899,0.45
0,0,1,20350900,0.5325
0,0,1,20350901,0.6
0,0,1,20350902,0.6
0,0,1,20350903,0.5625
0,0,1,20350904,0.4875
0,0,1,20350905,0.375
0,0,1,20350906,0.225
0,0,1,20350907,0.075
0,0,1,20350908,0.015
0,0,1,20350909,0.0
0,0,1,20350910,0.0
0,0,1,20350911,0.0
0,0,1,20350912,0.0
0,0,1,20350913,0.0
0,0,1,20350914,0.0
0,0,1,20350915,0.0
0,0,1,20350916,0.0
0,0,1,20350917,0.0
0,0,1,20350918,0.0
0,0,1,20350919,0.03
0,0,1,20350920,0.105
0,0,1,20350921,0.225
0,0,1,20350922,0.345
0,0,1,20350923,0.45
0,0,1,20350924,0.5325
0,0,1,20350925,0.6
0,0,1,20350926,0.6
0,0,1,20350927,0.5625
0,0,1,20350928,0.4875
0,0,1,20350929,0.375
0,0,1,20350930,0.225
0,0,1,20350931,0.075
0,0,1,20350932,0.015
0,0,1,20350933,0.0
0,0,1,20350934,0.0
0,0,1,20350935,0.0
0,0,1,20350936,0.0
0,0,1,20350937,0.0
0,0,1,20350938,0.0
0,0,1,20350939,0.0
0,0,1,20350940,0.0
0,0,1,20350941,0.0
0,0,1,20350942,0.0
0,0,1,20350943,0.03
0,0,1,20350944,0.105
0,0,1,20350945,0.225
0,0,1,20350946,0.345
0,0,1,20350947,0.45
0,0,1,20350948,0.5325
0,0,1,20350949,0.6
0,0,1,20350950,0.6
0,0,1,20350951,0.5625
0,0,1,20350952,0.4875
0,0,1,20350953,0.375
0,0,1,20350954,0.225
0,0,1,20350955,0.075
0,0,1,20350956,0.015
0,0,1,20350957,0.0
0,0,1,20350958,0.0
0,0,1,20350959,0.0
0,0,1,20350960,0.0
0,0,1,20350961,0.0
0,0,1,20350962,0.0
0,0,1,20350963,0.0
0,0,1,20350964,0.0
0,0,1,20350965,0.0
0,0,1,20350966,0.0
0,0,1,20350967,0.03
0,0,1,20350968,0.105
0,0,1,20350969,0.225
0,0,1,20350970,0.345
0,0,1,20350971,0.45
0,0,1,20350972,0.5325
0,0,1,20350973,0.6
0,0,1,20350974,0.6
0,0,1,20350975,0.5625
0,0,1,20350976,0.4875
0,0,1,20350977,0.375
0,0,1,20350978,0.225
0,0,1,20350979,0.075
0,0,1,20350980,0.015
0,0,1,20350981,0.0
0,0,1,20350982,0.0
0,0,1,20350983,0.0
0,0,1,20350984,0.0
0,0,1,20350985,0.0
0,0,1,20350986,0.0
0,0,1,20350987,0.0
0,0,1,20350988,0.0
0,0,1,20350989,0.0
0,0,1,20350990,0.0
0,0,1,20350991,0.03
0,0,1,20350992,0.105
0,0,1,20350993,0.225
0,0,1,20350994,0.345
0,0,1,20350995,0.45
0,0,1,20350996,0.5325
0,0,1,20350997,0.6
0,0,1,20350998,0.6
0,0,1,20350999,0.5625
0,0,1,20351000,0.4875
0,0,1,20351001,0.375
0,0,1,20351002,0.225
0,0,1,20351003,0.075
0,0,1,20351004,0.015
0,0,1,20351005,0.0
0,0,1,20351006,0.0
0,0,1,20351007,0.0
0,0,1,20351008,0.0
0,0,1,20351009,0.0
0,0,1,20351010,0.0
0,0,1,20351011,0.0
0,0,1,20351012,0.0
0,0,1,20351013,0.0
0,0,1,20351014,0.0
0,0,1,20351015,0.03
0,0,1,20351016,0.105
0,0,1,20351017,0.225
0,0,1,20351018,0.345
0,0,1,20351019,0.45
0,0,1,20351020,0.5325
0,0,1,20351021,0.6
0,0,1,20351022,0.6
0,0,1,20351023,0.5625
0,0,1,20351024,0.4875
0,0,1,20351025,0.375
0,0,1,20351026,0.225
0,0,1,20351027,0.075
0,0,1,20351028,0.015
0,0,1,20351029,0.0
0,0,1,20351030,0.0
0,0,1,20351031,0.0
0,0,1,20351032,0.0
0,0,1,20351033,0.0
0,0,1,20351034,0.0
0,0,1,20351035,0.0
0,0,1,20351036,0.0
0,0,1,20351037,0.0
0,0,1,20351038,0.0
0,0,1,20351039,0.03
0,0,1,20351040,0.105
0,0,1,20351041,0.225
0,0,1,20351042,0.345
0,0,1,20351043,0.45
0,0,1,20351044,0.5325
0,0,1,20351045,0.6
0,0,1,20351046,0.6
0,0,1,20351047,0.5625
0,0,1,20351048,0.4875
0,0,1,20351049,0.375
0,0,1,20351050,0.225
0,0,1,20351051,0.075
0,0,1,20351052,0.015
0,0,1,20351053,0.0
0,0,1,20351054,0.0
0,0,1,20351055,0.0
0,0,1,20351056,0.0
0,0,1,20351057,0.0
0,0,1,20351058,0.0
0,0,1,20351059,0.0
0,0,1,20351060,0.0
0,0,1,20351061,0.0
0,0,1,20351062,0.0
0,0,1,20351063,0.03
0,0,1,20351064,0.105
0,0,1,20351065,0.225
0,0,1,20351066,0.345
0,0,1,20351067,0.45
0,0,1,20351068,0.5325
0,0,1,20351069,0.6
0,0,1,20351070,0.6
0,0,1,20351071,0.5625
0,0,1,20351072,0.4875
0,0,1,20351073,0.375
0,0,1,20351074,0.225
0,0,1,20351075,0.075
0,0,1,20351076,0.015
0,0,1,20351077,0.0
0,0,1,20351078,0.0
0,0,1,20351079,0.0
0,0,1,20351080,0.0
0,0,1,20351081,0.0
0,0,1,20351082,0.0
0,0,1,20351083,0.0
0,0,1,20351084,0.0
0,0,1,20351085,0.0
0,0,1,20351086,0.0
0,0,1,20351087,0.03
0,0,1,20351088,0.105
0,0,1,20351089,0.225
0,0,1,20351090,0.345
0,0,1,20351091,0.45
0,0,1,20351092,0.5325
0,0,1,20351093,0.6
0,0,1,20351094,0.6
0,0,1,20351095,0.5625
0,0,1,20351096,0.4875
0,0,1,20351097,0.375
0,0,1,20351098,0.225
0,0,1,20351099,0.075
0,0,1,20351100,0.015
0,0,1,20351101,0.0
0,0,1,20351102,0.0
0,0,1,20351103,0.0
0,0,1,20351104,0.0
0,0,1,20351105,0.0
0,0,1,20351106,0.0
0,0,1,20351107,0.0
0,0,1,20351108,0.0
0,0,1,20351109,0.0
0,0,1,20351110,0.0
0,0,1,20351111,0.03
0,0,1,20351112,0.105
0,0,1,20351113,0.225
0,0,1,20351114,0.345
0,0,1,20351115,0.45
0,0,1,20351116,0.5325
0,0,1,20351117,0.6
0,0,1,20351118,0.6
0,0,1,20351119,0.5625
0,0,1,20351120,0.4875
0,0,1,20351121,0.375
0,0,1,20351122,0.225
0,0,1,20351123,0.075
0,0,1,20351124,0.015
0,0,1,20351125,0.0
0,0,1,20351126,0.0
0,0,1,20351127,0.0
0,0,1,20351128,0.0
0,0,1,20351129,0.0
0,0,1,20351130,0.0
0,0,1,20351131,0.0
0,0,1,20351132,0.0
0,0,1,20351133,0.0
0,0,1,20351134,0.0
0,0,1,20351135,0.03
0,0,1,20351136,0.105
0,0,1,20351137,0.225
0,0,1,20351138,0.345
0,0,1,20351139,0.45
0,0,1,20351140,0.5325
0,0,1,20351141,0.6
0,0,1,20351142,0.6
0,0,1,20351143,0.5625
0,0,1,20351144,0.4875
0,0,1,20351145,0.375
0,0,1,20351146,0.225
0,0,1,20351147,0.075
0,0,1,20351148,0.015
0,0,1,20351149,0.0
0,0,1,20351150,0.0
0,0,1,20351151,0.0
0,0,1,20351152,0.0
0,0,1,20351153,0.0
0,0,1,20351154,0.0
0,0,1,20351155,0.0
0,0,1,20351156,0.0
0,0,1,20351157,0.0
0,0,1,20351158,0.0
0,0,1,20351159,0.03
0,0,1,20351160,0.105
0,0,1,20351161,0.225
0,0,1,20351162,0.345
0,0,1,20351163,0.45
0,0,1,20351164,0.5325
0,0,1,20351165,0.6
0,0,1,20351166,0.6
0,0,1,20351167,0.5625
0,0,1,20351168,0.4875
0,0,1,20351169,0.375
0,0,1,20351170,0.225
0,0,1,20351171,0.075
0,0,1,20351172,0.015
0,0,1,20351173,0.0
0,0,1,20351174,0.0
0,0,1,20351175,0.0
0,0,1,20351176,0.0
0,0,1,20351177,0.0
0,0,1,20351178,0.0
0,0,1,20351179,0.0
0,0,1,20351180,0.0
0,0,1,20351181,0.0
0,0,1,20351182,0.0
0,0,1,20351183,0.03
0,0,1,20351184,0.105
0,0,1,20351185,0.225
0,0,1,20351186,0.345
0,0,1,20351187,0.45
0,0,1,20351188,0.5325
0,0,1,20351189,0.6
0,0,1,20351190,0.6
0,0,1,20351191,0.5625
0,0,1,20351192,0.4875
0,0,1,20351193,0.375
0,0,1,20351194,0.225
0,0,1,20351195,0.075
0,0,1,20351196,0.015
0,0,1,20351197,0.0
0,0,1,20351198,0.0
0,0,1,20351199,0.0
0,0,1,20351200,0.0
0,0,1,20351201,0.0
0,0,1,20351202,0.0
0,0,1,20351203,0.0
0,0,1,20351204,0.0
0,0,1,20351205,0.0
0,0,1,20351206,0.0
0,0,1,20351207,0.03
0,0,1,20351208,0.105
0,0,1,20351209,0.225
0,0,1,20351210,0.345
0,0,1,20351211,0.45
0,0,1,20351212,0.5325
0,0,1,20351213,0.6
0,0,1,20351214,0.6
0,0,1,20351215,0.5625
0,0,1,20351216,0.4875
0,0,1,20351217,0.375
0,0,1,20351218,0.225
0,0,1,20351219,0.075
0,0,1,20351220,0.015
0,0,1,20351221,0.0
0,0,1,20351222,0.0
0,0,1,20351223,0.0
0,0,1,20351224,0.0
0,0,1,20351225,0.0
0,0,1,20351226,0.0
0,0,1,20351227,0.0
0,0,1,20351228,0.0
0,0,1,20351229,0.0
0,0,1,20351230,0.0
0,0,1,20351231,0.03
0,0,1,20351232,0.105
0,0,1,20351233,0.225
0,0,1,20351234,0.345
0,0,1,20351235,0.45
0,0,1,20351236,0.5325
0,0,1,20351237,0.6
0,0,1,20351238,0.6
0,0,1,20351239,0.5625
0,0,1,20351240,0.4875
0,0,1,20351241,0.375
0,0,1,20351242,0.225
0,0,1,20351243,0.075
0,0,1,20351244,0.015
0,0,1,20351245,0.0
0,0,1,20351246,0.0
0,0,1,20351247,0.0
0,0,1,20351248,0.0
0,0,1,20351249,0.0
0,0,1,20351250,0.0
0,0,1,20351251,0.0
0,0,1,20351252,0.0
0,0,1,20351253,0.0
0,0,1,20351254,0.0
0,0,1,20351255,0.03
0,0,1,20351256,0.105
0,0,1,20351257,0.225
0,0,1,20351258,0.345
0,0,1,20351259,0.45
0,0,1,20351260,0.5325
0,0,1,20351261,0.6
0,0,1,20351262,0.6
0,0,1,20351263,0.5625
0,0,1,20351264,0.4875
0,0,1,20351265,0.375
0,0,1,20351266,0.225
0,0,1,20351267,0.075
0,0,1,20351268,0.015
0,0,1,20351269,0.0
0,0,1,20351270,0.0
0,0,1,20351271,0.0
0,0,1,20351272,0.0
0,0,1,20351273,0.0
0,0,1,20351274,0.0
0,0,1,20351275,0.0
0,0,1,20351276,0.0
0,0,1,20351277,0.0
0,0,1,20351278,0.0
0,0,1,20351279,0.03
0,0,1,20351280,0.105
0,0,1,20351281,0.225
0,0,1,20351282,0.345
0,0,1,20351283,0.45
0,0,1,20351284,0.5325
0,0,1,20351285,0.6
0,0,1,20351286,0.6
0,0,1,20351287,0.5625
0,0,1,20351288,0.4875
0,0,1,20351289,0.375
0,0,1,20351290,0.225
0,0,1,20351291,0.075
0,0,1,20351292,0.015
0,0,1,20351293,0.0
0,0,1,20351294,0.0
0,0,1,20351295,0.0
0,0,1,20351296,0.0
0,0,1,20351297,0.0
0,0,1,20351298,0.0
0,0,1,20351299,0.0
0,0,1,20351300,0.0
0,0,1,20351301,0.0
0,0,1,20351302,0.0
0,0,1,20351303,0.03
0,0,1,20351304,0.105
0,0,1,20351305,0.225
0,0,1,20351306,0.345
0,0,1,20351307,0.45
0,0,1,20351308,0.5325
0,0,1,20351309,0.6
0,0,1,20351310,0.6
0,0,1,20351311,0.5625
0,0,1,20351312,0.4875
0,0,1,20351313,0.375
0,0,1,20351314,0.225
0,0,1,20351315,0.075
0,0,1,20351316,0.015
0,0,1,20351317,0.0
0,0,1,20351318,0.0
0,0,1,20351319,0.0
0,0,1,20351320,0.0
0,0,1,20351321,0.0
0,0,1,20351322,0.0
0,0,1,20351323,0.0
0,0,1,20351324,0.0
0,0,1,20351325,0.0
0,0,1,20351326,0.0
0,0,1,20351327,0.03
0,0,1,20351328,0.105
0,0,1,20351329,0.225
0,0,1,20351330,0.345
0,0,1,20351331,0.45
0,0,1,20351332,0.5325
0,0,1,20351333,0.6
0,0,1,20351334,0.6
0,0,1,20351335,0.5625
0,0,1,20351336,0.4875
0,0,1,20351337,0.375
0,0,1,20351338,0.225
0,0,1,20351339,0.075
0,0,1,20351340,0.015
0,0,1,20351341,0.0
0,0,1,20351342,0.0
0,0,1,20351343,0.0
0,0,1,20351344,0.0
0,0,1,20351345,0.0
0,0,1,20351346,0.0
0,0,1,20351347,0.0
0,0,1,20351348,0.0
0,0,1,20351349,0.0
0,0,1,20351350,0.0
0,0,1,20351351,0.03
0,0,1,20351352,0.105
0,0,1,20351353,0.225
0,0,1,20351354,0.345
0,0,1,20351355,0.45
0,0,1,20351356,0.5325
0,0,1,20351357,0.6
0,0,1,20351358,0.6
0,0,1,20351359,0.5625
0,0,1,20351360,0.4875
0,0,1,20351361,0.375
0,0,1,20351362,0.225
0,0,1,20351363,0.075
0,0,1,20351364,0.015
0,0,1,20351365,0.0
0,0,1,20351366,0.0
0,0,1,20351367,0.0
0,0,1,20351368,0.0
0,0,1,20351369,0.0
0,0,1,20351370,0.0
0,0,1,20351371,0.0
0,0,1,20351372,0.0
0,0,1,20351373,0.0
0,0,1,20351374,0.0
0,0,1,20351375,0.03
0,0,1,20351376,0.105
0,0,1,20351377,0.225
0,0,1,20351378,0.345
0,0,1,20351379,0.45
0,0,1,20351380,0.5325
0,0,1,20351381,0.6
0,0,1,20351382,0.6
0,0,1,20351383,0.5625
0,0,1,20351384,0.4875
0,0,1,20351385,0.375
0,0,1,20351386,0.225
0,0,1,20351387,0.075
0,0,1,20351388,0.015
0,0,1,20351389,0.0
0,0,1,20351390,0.0
0,0,1,20351391,0.0
0,0,1,20351392,0.0
0,0,1,20351393,0.0
0,0,1,20351394,0.0
0,0,1,20351395,0.0
0,0,1,20351396,0.0
0,0,1,20351397,0.0
0,0,1,20351398,0.0
0,0,1,20351399,0.03
0,0,1,20351400,0.105
0,0,1,20351401,0.225
0,0,1,20351402,0.345
0,0,1,20351403,0.45
0,0,1,20351404,0.5325
0,0,1,20351405,0.6
0,0,1,20351406,0.6
0,0,1,20351407,0.5625
0,0,1,20351408,0.4875
0,0,1,20351409,0.375
0,0,1,20351410,0.225
0,0,1,20351411,0.075
0,0,1,20351412,0.015
0,0,1,20351413,0.0
0,0,1,20351414,0.0
0,0,1,20351415,0.0
0,0,1,20351416,0.0
0,0,1,20351417,0.0
0,0,1,20351418,0.0
0,0,1,20351419,0.0
0,0,1,20351420,0.0
0,0,1,20351421,0.0
0,0,1,20351422,0.0
0,0,1,20351423,0.034
0,0,1,20351424,0.119
0,0,1,20351425,0.255
0,0,1,20351426,0.391
0,0,1,20351427,0.51
0,0,1,20351428,0.6035
0,0,1,20351429,0.68
0,0,1,20351430,0.68
0,0,1,20351431,0.6375
0,0,1,20351432,0.5525
0,0,1,20351433,0.425
0,0,1,20351434,0.255
0,0,1,20351435,0.085
0,0,1,20351436,0.017
0,0,1,20351437,0.0
0,0,1,20351438,0.0
0,0,1,20351439,0.0
0,0,1,20351440,0.0
0,0,1,20351441,0.0
0,0,1,20351442,0.0
0,0,1,20351443,0.0
0,0,1,20351444,0.0
0,0,1,20351445,0.0
0,0,1,20351446,0.0
0,0,1,20351447,0.034
0,0,1,20351448,0.119
0,0,1,20351449,0.255
0,0,1,20351450,0.391
0,0,1,20351451,0.51
0,0,1,20351452,0.6035
0,0,1,20351453,0.68
0,0,1,20351454,0.68
0,0,1,20351455,0.6375
0,0,1,20351456,0.5525
0,0,1,20351457,0.425
0,0,1,20351458,0.255
0,0,1,20351459,0.085
0,0,1,20351460,0.017
0,0,1,20351461,0.0
0,0,1,20351462,0.0
0,0,1,20351463,0.0
0,0,1,20351464,0.0
0,0,1,20351465,0.0
0,0,1,20351466,0.0
0,0,1,20351467,0.0
0,0,1,20351468,0.0
0,0,1,20351469,0.0
0,0,1,20351470,0.0
0,0,1,20351471,0.034
0,0,1,20351472,0.119
0,0,1,20351473,0.255
0,0,1,20351474,0.391
0,0,1,20351475,0.51
0,0,1,20351476,0.6035
0,0,1,20351477,0.68
0,0,1,20351478,0.68
0,0,1,20351479,0.6375
0,0,1,20351480,0.5525
0,0,1,20351481,0.425
0,0,1,20351482,0.255
0,0,1,20351483,0.085
0,0,1,20351484,0.017
0,0,1,20351485,0.0
0,0,1,20351486,0.0
0,0,1,20351487,0.0
0,0,1,20351488,0.0
0,0,1,20351489,0.0
0,0,1,20351490,0.0
0,0,1,20351491,0.0
0,0,1,20351492,0.0
0,0,1,20351493,0.0
0,0,1,20351494,0.0
0,0,1,20351495,0.034
0,0,1,20351496,0.119
0,0,1,20351497,0.255
0,0,1,20351498,0.391
0,0,1,20351499,0.51
0,0,1,20351500,0.6035
0,0,1,20351501,0.68
0,0,1,20351502,0.68
0,0,1,20351503,0.6375
0,0,1,20351504,0.5525
0,0,1,20351505,0.425
0,0,1,20351506,0.255
0,0,1,20351507,0.085
0,0,1,20351508,0.017
0,0,1,20351509,0.0
0,0,1,20351510,0.0
0,0,1,20351511,0.0
0,0,1,20351512,0.0
0,0,1,20351513,0.0
0,0,1,20351514,0.0
0,0,1,20351515,0.0
0,0,1,20351516,0.0
0,0,1,20351517,0.0
0,0,1,20351518,0.0
0,0,1,20351519,0.034
0,0,1,20351520,0.119
0,0,1,20351521,0.255
0,0,1,20351522,0.391
0,0,1,20351523,0.51
0,0,1,20351524,0.6035
0,0,1,20351525,0.68
0,0,1,20351526,0.68
0,0,1,20351527,0.6375
0,0,1,20351528,0.5525
0,0,1,20351529,0.425
0,0,1,20351530,0.255
0,0,1,20351531,0.085
0,0,1,20351532,0.017
0,0,1,20351533,0.0
0,0,1,20351534,0.0
0,0,1,20351535,0.0
0,0,1,20351536,0.0
0,0,1,20351537,0.0
0,0,1,20351538,0.0
0,0,1,20351539,0.0
0,0,1,20351540,0.0
0,0,1,20351541,0.0
0,0,1,20351542,0.0
0,0,1,20351543,0.034
0,0,1,20351544,0.119
0,0,1,20351545,0.255
0,0,1,20351546,0.391
0,0,1,20351547,0.51
0,0,1,20351548,0.6035
0,0,1,20351549,0.68
0,0,1,20351550,0.68
0,0,1,20351551,0.6375
0,0,1,20351552,0.5525
0,0,1,20351553,0.425
0,0,1,20351554,0.255
0,0,1,20351555,0.085
0,0,1,20351556,0.017
0,0,1,20351557,0.0
0,0,1,20351558,0.0
0,0,1,20351559,0.0
0,0,1,20351560,0.0
0,0,1,20351561,0.0
0,0,1,20351562,0.0
0,0,1,20351563,0.0
0,0,1,20351564,0.0
0,0,1,20351565,0.0
0,0,1,20351566,0.0
0,0,1,20351567,0.034
0,0,1,20351568,0.119
0,0,1,20351569,0.255
0,0,1,20351570,0.391
0,0,1,20351571,0.51
0,0,1,20351572,0.6035
0,0,1,20351573,0.68
0,0,1,20351574,0.68
0,0,1,20351575,0.6375
0,0,1,20351576,0.5525
0,0,1,20351577,0.425
0,0,1,20351578,0.255
0,0,1,20351579,0.085
0,0,1,20351580,0.017
0,0,1,20351581,0.0
0,0,1,20351582,0.0
0,0,1,20351583,0.0
0,0,1,20351584,0.0
0,0,1,20351585,0.0
0,0,1,20351586,0.0
0,0,1,20351587,0.0
0,0,1,20351588,0.0
0,0,1,20351589,0.0
0,0,1,20351590,0.0
0,0,1,20351591,0.034
0,0,1,20351592,0.119
0,0,1,20351593,0.255
0,0,1,20351594,0.391
0,0,1,20351595,0.51
0,0,1,20351596,0.6035
0,0,1,20351597,0.68
0,0,1,20351598,0.68
0,0,1,20351599,0.6375
0,0,1,20351600,0.5525
0,0,1,20351601,0.425
0,0,1,20351602,0.255
0,0,1,20351603,0.085
0,0,1,20351604,0.017
0,0,1,20351605,0.0
0,0,1,20351606,0.0
0,0,1,20351607,0.0
0,0,1,20351608,0.0
0,0,1,20351609,0.0
0,0,1,20351610,0.0
0,0,1,20351611,0.0
0,0,1,20351612,0.0
0,0,1,20351613,0.0
0,0,1,20351614,0.0
0,0,1,20351615,0.034
0,0,1,20351616,0.119
0,0,1,20351617,0.255
0,0,1,20351618,0.391
0,0,1,20351619,0.51
0,0,1,20351620,0.6035
0,0,1,20351621,0.68
0,0,1,20351622,0.68
0,0,1,20351623,0.6375
0,0,1,20351624,0.5525
0,0,1,20351625,0.425
0,0,1,20351626,0.255
0,0,1,20351627,0.085
0,0,1,20351628,0.017
0,0,1,20351629,0.0
0,0,1,20351630,0.0
0,0,1,20351631,0.0
0,0,1,20351632,0.0
0,0,1,20351633,0.0
0,0,1,20351634,0.0
0,0,1,20351635,0.0
0,0,1,20351636,0.0
0,0,1,20351637,0.0
0,0,1,20351638,0.0
0,0,1,20351639,0.034
0,0,1,20351640,0.119
0,0,1,20351641,0.255
0,0,1,20351642,0.391
0,0,1,20351643,0.51
0,0,1,20351644,0.6035
0,0,1,20351645,0.68
0,0,1,20351646,0.68
0,0,1,20351647,0.6375
0,0,1,20351648,0.5525
0,0,1,20351649,0.425
0,0,1,20351650,0.255
0,0,1,20351651,0.085
0,0,1,20351652,0.017
0,0,1,20351653,0.0
0,0,1,20351654,0.0
0,0,1,20351655,0.0
0,0,1,20351656,0.0
0,0,1,20351657,0.0
0,0,1,20351658,0.0
0,0,1,20351659,0.0
0,0,1,20351660,0.0
0,0,1,20351661,0.0
0,0,1,20351662,0.0
0,0,1,20351663,0.034
0,0,1,20351664,0.119
0,0,1,20351665,0.255
0,0,1,20351666,0.391
0,0,1,20351667,0.51
0,0,1,20351668,0.6035
0,0,1,20351669,0.68
0,0,1,20351670,0.68
0,0,1,20351671,0.6375
0,0,1,20351672,0.5525
0,0,1,20351673,0.425
0,0,1,20351674,0.255
0,0,1,20351675,0.085
0,0,1,20351676,0.017
0,0,1,20351677,0.0
0,0,1,20351678,0.0
0,0,1,20351679,0.0
0,0,1,20351680,0.0
0,0,1,20351681,0.0
0,0,1,20351682,0.0
0,0,1,20351683,0.0
0,0,1,20351684,0.0
0,0,1,20351685,0.0
0,0,1,20351686,0.0
0,0,1,20351687,0.034
0,0,1,20351688,0.119
0,0,1,20351689,0.255
0,0,1,20351690,0.391
0,0,1,20351691,0.51
0,0,1,20351692,0.6035
0,0,1,20351693,0.68
0,0,1,20351694,0.68
0,0,1,20351695,0.6375
0,0,1,20351696,0.5525
0,0,1,20351697,0.425
0,0,1,20351698,0.255
0,0,1,20351699,0.085
0,0,1,20351700,0.017
0,0,1,20351701,0.0
0,0,1,20351702,0.0
0,0,1,20351703,0.0
0,0,1,20351704,0.0
0,0,1,20351705,0.0
0,0,1,20351706,0.0
0,0,1,20351707,0.0
0,0,1,20351708,0.0
0,0,1,20351709,0.0
0,0,1,20351710,0.0
0,0,1,20351711,0.034
0,0,1,20351712,0.119
0,0,1,20351713,0.255
0,0,1,20351714,0.391
0,0,1,20351715,0.51
0,0,1,20351716,0.6035
0,0,1,20351717,0.68
0,0,1,20351718,0.68
0,0,1,20351719,0.6375
0,0,1,20351720,0.5525
0,0,1,20351721,0.425
0,0,1,20351722,0.255
0,0,1,20351723,0.085
0,0,1,20351724,0.017
0,0,1,20351725,0.0
0,0,1,20351726,0.0
0,0,1,20351727,0.0
0,0,1,20351728,0.0
0,0,1,20351729,0.0
0,0,1,20351730,0.0
0,0,1,20351731,0.0
0,0,1,20351732,0.0
0,0,1,20351733,0.0
0,0,1,20351734,0.0
0,0,1,20351735,0.034
0,0,1,20351736,0.119
0,0,1,20351737,0.255
0,0,1,20351738,0.391
0,0,1,20351739,0.51
0,0,1,20351740,0.6035
0,0,1,20351741,0.68
0,0,1,20351742,0.68
0,0,1,20351743,0.6375
0,0,1,20351744,0.5525
0,0,1,20351745,0.425
0,0,1,20351746,0.255
0,0,1,20351747,0.085
0,0,1,20351748,0.017
0,0,1,20351749,0.0
0,0,1,20351750,0.0
0,0,1,20351751,0.0
0,0,1,20351752,0.0
0,0,1,20351753,0.0
0,0,1,20351754,0.0
0,0,1,20351755,0.0
0,0,1,20351756,0.0
0,0,1,20351757,0.0
0,0,1,20351758,0.0
0,0,1,20351759,0.034
0,0,1,20351760,0.119
0,0,1,20351761,0.255
0,0,1,20351762,0.391
0,0,1,20351763,0.51
0,0,1,20351764,0.6035
0,0,1,20351765,0.68
0,0,1,20351766,0.68
0,0,1,20351767,0.6375
0,0,1,20351768,0.5525
0,0,1,20351769,0.425
0,0,1,20351770,0.255
0,0,1,20351771,0.085
0,0,1,20351772,0.017
0,0,1,20351773,0.0
0,0,1,20351774,0.0
0,0,1,20351775,0.0
0,0,1,20351776,0.0
0,0,1,20351777,0.0
0,0,1,20351778,0.0
0,0,1,20351779,0.0
0,0,1,20351780,0.0
0,0,1,20351781,0.0
0,0,1,20351782,0.0
0,0,1,20351783,0.034
0,0,1,20351784,0.119
0,0,1,20351785,0.255
0,0,1,20351786,0.391
0,0,1,20351787,0.51
0,0,1,20351788,0.6035
0,0,1,20351789,0.68
0,0,1,20351790,0.68
0,0,1,20351791,0.6375
0,0,1,20351792,0.5525
0,0,1,20351793,0.425
0,0,1,20351794,0.255
0,0,1,20351795,0.085
0,0,1,20351796,0.017
0,0,1,20351797,0.0
0,0,1,20351798,0.0
0,0,1,20351799,0.0
0,0,1,20351800,0.0
0,0,1,20351801,0.0
0,0,1,20351802,0.0
0,0,1,20351803,0.0
0,0,1,20351804,0.0
0,0,1,20351805,0.0
0,0,1,20351806,0.0
0,0,1,20351807,0.034
0,0,1,20351808,0.119
0,0,1,20351809,0.255
0,0,1,20351810,0.391
0,0,1,20351811,0.51
0,0,1,20351812,0.6035
0,0,1,20351813,0.68
0,0,1,20351814,0.68
0,0,1,20351815,0.6375
0,0,1,20351816,0.5525
0,0,1,20351817,0.425
0,0,1,20351818,0.255
0,0,1,20351819,0.085
0,0,1,20351820,0.017
0,0,1,20351821,0.0
0,0,1,20351822,0.0
0,0,1,20351823,0.0
0,0,1,20351824,0.0
0,0,1,20351825,0.0
0,0,1,20351826,0.0
0,0,1,20351827,0.0
0,0,1,20351828,0.0
0,0,1,20351829,0.0
0,0,1,20351830,0.0
0,0,1,20351831,0.034
0,0,1,20351832,0.119
0,0,1,20351833,0.255
0,0,1,20351834,0.391
0,0,1,20351835,0.51
0,0,1,20351836,0.6035
0,0,1,20351837,0.68
0,0,1,20351838,0.68
0,0,1,20351839,0.6375
0,0,1,20351840,0.5525
0,0,1,20351841,0.425
0,0,1,20351842,0.255
0,0,1,20351843,0.085
0,0,1,20351844,0.017
0,0,1,20351845,0.0
0,0,1,20351846,0.0
0,0,1,20351847,0.0
0,0,1,20351848,0.0
0,0,1,20351849,0.0
0,0,1,20351850,0.0
0,0,1,20351851,0.0
0,0,1,20351852,0.0
0,0,1,20351853,0.0
0,0,1,20351854,0.0
0,0,1,20351855,0.034
0,0,1,20351856,0.119
0,0,1,20351857,0.255
0,0,1,20351858,0.391
0,0,1,20351859,0.51
0,0,1,20351860,0.6035
0,0,1,20351861,0.68
0,0,1,20351862,0.68
0,0,1,20351863,0.6375
0,0,1,20351864,0.5525
0,0,1,20351865,0.425
0,0,1,20351866,0.255
0,0,1,20351867,0.085
0,0,1,20351868,0.017
0,0,1,20351869,0.0
0,0,1,20351870,0.0
0,0,1,20351871,0.0
0,0,1,20351872,0.0
0,0,1,20351873,0.0
0,0,1,20351874,0.0
0,0,1,20351875,0.0
0,0,1,20351876,0.0
0,0,1,20351877,0.0
0,0,1,20351878,0.0
0,0,1,20351879,0.034
0,0,1,20351880,0.119
0,0,1,20351881,0.255
0,0,1,20351882,0.391
0,0,1,20351883,0.51
0,0,1,20351884,0.6035
0,0,1,20351885,0.68
0,0,1,20351886,0.68
0,0,1,20351887,0.6375
0,0,1,20351888,0.5525
0,0,1,20351889,0.425
0,0,1,20351890,0.255
0,0,1,20351891,0.085
0,0,1,20351892,0.017
0,0,1,20351893,0.0
0,0,1,20351894,0.0
0,0,1,20351895,0.0
0,0,1,20351896,0.0
0,0,1,20351897,0.0
0,0,1,20351898,0.0
0,0,1,20351899,0.0
0,0,1,20351900,0.0
0,0,1,20351901,0.0
0,0,1,20351902,0.0
0,0,1,20351903,0.034
0,0,1,20351904,0.119
0,0,1,20351905,0.255
0,0,1,20351906,0.391
0,0,1,20351907,0.51
0,0,1,20351908,0.6035
0,0,1,20351909,0.68
0,0,1,20351910,0.68
0,0,1,20351911,0.6375
0,0,1,20351912,0.5525
0,0,1,20351913,0.425
0,0,1,20351914,0.255
0,0,1,20351915,0.085
0,0,1,20351916,0.017
0,0,1,20351917,0.0
0,0,1,20351918,0.0
0,0,1,20351919,0.0
0,0,1,20351920,0.0
0,0,1,20351921,0.0
0,0,1,20351922,0.0
0,0,1,20351923,0.0
0,0,1,20351924,0.0
0,0,1,20351925,0.0
0,0,1,20351926,0.0
0,0,1,20351927,0.034
0,0,1,20351928,0.119
0,0,1,20351929,0.255
0,0,1,20351930,0.391
0,0,1,20351931,0.51
0,0,1,20351932,0.6035
0,0,1,20351933,0.68
0,0,1,20351934,0.68
0,0,1,20351935,0.6375
0,0,1,20351936,0.5525
0,0,1,20351937,0.425
0,0,1,20351938,0.255
0,0,1,20351939,0.085
0,0,1,20351940,0.017
0,0,1,20351941,0.0
0,0,1,20351942,0.0
0,0,1,20351943,0.0
0,0,1,20351944,0.0
0,0,1,20351945,0.0
0,0,1,20351946,0.0
0,0,1,20351947,0.0
0,0,1,20351948,0.0
0,0,1,20351949,0.0
0,0,1,20351950,0.0
0,0,1,20351951,0.034
0,0,1,20351952,0.119
0,0,1,20351953,0.255
0,0,1,20351954,0.391
0,0,1,20351955,0.51
0,0,1,20351956,0.6035
0,0,1,20351957,0.68
0,0,1,20351958,0.68
0,0,1,20351959,0.6375
0,0,1,20351960,0.5525
0,0,1,20351961,0.425
0,0,1,20351962,0.255
0,0,1,20351963,0.085
0,0,1,20351964,0.017
0,0,1,20351965,0.0
0,0,1,20351966,0.0
0,0,1,20351967,0.0
0,0,1,20351968,0.0
0,0,1,20351969,0.0
0,0,1,20351970,0.0
0,0,1,20351971,0.0
0,0,1,20351972,0.0
0,0,1,20351973,0.0
0,0,1,20351974,0.0
0,0,1,20351975,0.034
0,0,1,20351976,0.119
0,0,1,20351977,0.255
0,0,1,20351978,0.391
0,0,1,20351979,0.51
0,0,1,20351980,0.6035
0,0,1,20351981,0.68
0,0,1,20351982,0.68
0,0,1,20351983,0.6375
0,0,1,20351984,0.5525
0,0,1,20351985,0.425
0,0,1,20351986,0.255
0,0,1,20351987,0.085
0,0,1,20351988,0.017
0,0,1,20351989,0.0
0,0,1,20351990,0.0
0,0,1,20351991,0.0
0,0,1,20351992,0.0
0,0,1,20351993,0.0
0,0,1,20351994,0.0
0,0,1,20351995,0.0
0,0,1,20351996,0.0
0,0,1,20351997,0.0
0,0,1,20351998,0.0
0,0,1,20351999,0.034
0,0,1,20352000,0.119
0,0,1,20352001,0.255
0,0,1,20352002,0.391
0,0,1,20352003,0.51
0,0,1,20352004,0.6035
0,0,1,20352005,0.68
0,0,1,20352006,0.68
0,0,1,20352007,0.6375
0,0,1,20352008,0.5525
0,0,1,20352009,0.425
0,0,1,20352010,0.255
0,0,1,20352011,0.085
0,0,1,20352012,0.017
0,0,1,20352013,0.0
0,0,1,20352014,0.0
0,0,1,20352015,0.0
0,0,1,20352016,0.0
0,0,1,20352017,0.0
0,0,1,20352018,0.0
0,0,1,20352019,0.0
0,0,1,20352020,0.0
0,0,1,20352021,0.0
0,0,1,20352022,0.0
0,0,1,20352023,0.034
0,0,1,20352024,0.119
0,0,1,20352025,0.255
0,0,1,20352026,0.391
0,0,1,20352027,0.51
0,0,1,20352028,0.6035
0,0,1,20352029,0.68
0,0,1,20352030,0.68
0,0,1,20352031,0.6375
0,0,1,20352032,0.5525
0,0,1,20352033,0.425
0,0,1,20352034,0.255
0,0,1,20352035,0.085
0,0,1,20352036,0.017
0,0,1,20352037,0.0
0,0,1,20352038,0.0
0,0,1,20352039,0.0
0,0,1,20352040,0.0
0,0,1,20352041,0.0
0,0,1,20352042,0.0
0,0,1,20352043,0.0
0,0,1,20352044,0.0
0,0,1,20352045,0.0
0,0,1,20352046,0.0
0,0,1,20352047,0.034
0,0,1,20352048,0.119
0,0,1,20352049,0.255
0,0,1,20352050,0.391
0,0,1,20352051,0.51
0,0,1,20352052,0.6035
0,0,1,20352053,0.68
0,0,1,20352054,0.68
0,0,1,20352055,0.6375
0,0,1,20352056,0.5525
0,0,1,20352057,0.425
0,0,1,20352058,0.255
0,0,1,20352059,0.085
0,0,1,20352060,0.017
0,0,1,20352061,0.0
0,0,1,20352062,0.0
0,0,1,20352063,0.0
0,0,1,20352064,0.0
0,0,1,20352065,0.0
0,0,1,20352066,0.0
0,0,1,20352067,0.0
0,0,1,20352068,0.0
0,0,1,20352069,0.0
0,0,1,20352070,0.0
0,0,1,20352071,0.034
0,0,1,20352072,0.119
0,0,1,20352073,0.255
0,0,1,20352074,0.391
0,0,1,20352075,0.51
0,0,1,20352076,0.6035
0,0,1,20352077,0.68
0,0,1,20352078,0.68
0,0,1,20352079,0.6375
0,0,1,20352080,0.5525
0,0,1,20352081,0.425
0,0,1,20352082,0.255
0,0,1,20352083,0.085
0,0,1,20352084,0.017
0,0,1,20352085,0.0
0,0,1,20352086,0.0
0,0,1,20352087,0.0
0,0,1,20352088,0.0
0,0,1,20352089,0.0
0,0,1,20352090,0.0
0,0,1,20352091,0.0
0,0,1,20352092,0.0
0,0,1,20352093,0.0
0,0,1,20352094,0.0
0,0,1,20352095,0.034
0,0,1,20352096,0.119
0,0,1,20352097,0.255
0,0,1,20352098,0.391
0,0,1,20352099,0.51
0,0,1,20352100,0.6035
0,0,1,20352101,0.68
0,0,1,20352102,0.68
0,0,1,20352103,0.6375
0,0,1,20352104,0.5525
0,0,1,20352105,0.425
0,0,1,20352106,0.255
0,0,1,20352107,0.085
0,0,1,20352108,0.017
0,0,1,20352109,0.0
0,0,1,20352110,0.0
0,0,1,20352111,0.0
0,0,1,20352112,0.0
0,0,1,20352113,0.0
0,0,1,20352114,0.0
0,0,1,20352115,0.0
0,0,1,20352116,0.0
0,0,1,20352117,0.0
0,0,1,20352118,0.0
0,0,1,20352119,0.034
0,0,1,20352120,0.119
0,0,1,20352121,0.255
0,0,1,20352122,0.391
0,0,1,20352123,0.51
0,0,1,20352124,0.6035
0,0,1,20352125,0.68
0,0,1,20352126,0.68
0,0,1,20352127,0.6375
0,0,1,20352128,0.5525
0,0,1,20352129,0.425
0,0,1,20352130,0.255
0,0,1,20352131,0.085
0,0,1,20352132,0.017
0,0,1,20352133,0.0
0,0,1,20352134,0.0
0,0,1,20352135,0.0
0,0,1,20352136,0.0
0,0,1,20352137,0.0
0,0,1,20352138,0.0
0,0,1,20352139,0.0
0,0,1,20352140,0.0
0,0,1,20352141,0.0
0,0,1,20352142,0.0
0,0,1,20352143,0.034
0,0,1,20352144,0.119
0,0,1,20352145,0.255
0,0,1,20352146,0.391
0,0,1,20352147,0.51
0,0,1,20352148,0.6035
0,0,1,20352149,0.68
0,0,1,20352150,0.68
0,0,1,20352151,0.6375
0,0,1,20352152,0.5525
0,0,1,20352153,0.425
0,0,1,20352154,0.255
0,0,1,20352155,0.085
0,0,1,20352156,0.017
0,0,1,20352157,0.0
0,0,1,20352158,0.0
0,0,1,20352159,0.0
0,0,1,20352160,0.0
0,0,1,20352161,0.0
0,0,1,20352162,0.0
0,0,1,20352163,0.0
0,0,1,20352164,0.0
0,0,1,20352165,0.0
0,0,1,20352166,0.0
0,0,1,20352167,0.036
0,0,1,20352168,0.126
0,0,1,20352169,0.27
0,0,1,20352170,0.414
0,0,1,20352171,0.54
0,0,1,20352172,0.639
0,0,1,20352173,0.72
0,0,1,20352174,0.72
0,0,1,20352175,0.675
0,0,1,20352176,0.585
0,0,1,20352177,0.45
0,0,1,20352178,0.27
0,0,1,20352179,0.09
0,0,1,20352180,0.018
0,0,1,20352181,0.0
0,0,1,20352182,0.0
0,0,1,20352183,0.0
0,0,1,20352184,0.0
0,0,1,20352185,0.0
0,0,1,20352186,0.0
0,0,1,20352187,0.0
0,0,1,20352188,0.0
0,0,1,20352189,0.0
0,0,1,20352190,0.0
0,0,1,20352191,0.036
0,0,1,20352192,0.126
0,0,1,20352193,0.27
0,0,1,20352194,0.414
0,0,1,20352195,0.54
0,0,1,20352196,0.639
0,0,1,20352197,0.72
0,0,1,20352198,0.72
0,0,1,20352199,0.675
0,0,1,20352200,0.585
0,0,1,20352201,0.45
0,0,1,20352202,0.27
0,0,1,20352203,0.09
0,0,1,20352204,0.018
0,0,1,20352205,0.0
0,0,1,20352206,0.0
0,0,1,20352207,0.0
0,0,1,20352208,0.0
0,0,1,20352209,0.0
0,0,1,20352210,0.0
0,0,1,20352211,0.0
0,0,1,20352212,0.0
0,0,1,20352213,0.0
0,0,1,20352214,0.0
0,0,1,20352215,0.036
0,0,1,20352216,0.126
0,0,1,20352217,0.27
0,0,1,20352218,0.414
0,0,1,20352219,0.54
0,0,1,20352220,0.639
0,0,1,20352221,0.72
0,0,1,20352222,0.72
0,0,1,20352223,0.675
0,0,1,20352224,0.585
0,0,1,20352225,0.45
0,0,1,20352226,0.27
0,0,1,20352227,0.09
0,0,1,20352228,0.018
0,0,1,20352229,0.0
0,0,1,20352230,0.0
0,0,1,20352231,0.0
0,0,1,20352232,0.0
0,0,1,20352233,0.0
0,0,1,20352234,0.0
0,0,1,20352235,0.0
0,0,1,20352236,0.0
0,0,1,20352237,0.0
0,0,1,20352238,0.0
0,0,1,20352239,0.036
0,0,1,20352240,0.126
0,0,1,20352241,0.27
0,0,1,20352242,0.414
0,0,1,20352243,0.54
0,0,1,20352244,0.639
0,0,1,20352245,0.72
0,0,1,20352246,0.72
0,0,1,20352247,0.675
0,0,1,20352248,0.585
0,0,1,20352249,0.45
0,0,1,20352250,0.27
0,0,1,20352251,0.09
0,0,1,20352252,0.018
0,0,1,20352253,0.0
0,0,1,20352254,0.0
0,0,1,20352255,0.0
0,0,1,20352256,0.0
0,0,1,20352257,0.0
0,0,1,20352258,0.0
0,0,1,20352259,0.0
0,0,1,20352260,0.0
0,0,1,20352261,0.0
0,0,1,20352262,0.0
0,0,1,20352263,0.036
0,0,1,20352264,0.126
0,0,1,20352265,0.27
0,0,1,20352266,0.414
0,0,1,20352267,0.54
0,0,1,20352268,0.639
0,0,1,20352269,0.72
0,0,1,20352270,0.72
0,0,1,20352271,0.675
0,0,1,20352272,0.585
0,0,1,20352273,0.45
0,0,1,20352274,0.27
0,0,1,20352275,0.09
0,0,1,20352276,0.018
0,0,1,20352277,0.0
0,0,1,20352278,0.0
0,0,1,20352279,0.0
0,0,1,20352280,0.0
0,0,1,20352281,0.0
0,0,1,20352282,0.0
0,0,1,20352283,0.0
0,0,1,20352284,0.0
0,0,1,20352285,0.0
0,0,1,20352286,0.0
0,0,1,20352287,0.036
0,0,1,20352288,0.126
0,0,1,20352289,0.27
0,0,1,20352290,0.414
0,0,1,20352291,0.54
0,0,1,20352292,0.639
0,0,1,20352293,0.72
0,0,1,20352294,0.72
0,0,1,20352295,0.675
0,0,1,20352296,0.585
0,0,1,20352297,0.45
0,0,1,20352298,0.27
0,0,1,20352299,0.09
0,0,1,20352300,0.018
0,0,1,20352301,0.0
0,0,1,20352302,0.0
0,0,1,20352303,0.0
0,0,1,20352304,0.0
0,0,1,20352305,0.0
0,0,1,20352306,0.0
0,0,1,20352307,0.0
0,0,1,20352308,0.0
0,0,1,20352309,0.0
0,0,1,20352310,0.0
0,0,1,20352311,0.036
0,0,1,20352312,0.126
0,0,1,20352313,0.27
0,0,1,20352314,0.414
0,0,1,20352315,0.54
0,0,1,20352316,0.639
0,0,1,20352317,0.72
0,0,1,20352318,0.72
0,0,1,20352319,0.675
0,0,1,20352320,0.585
0,0,1,20352321,0.45
0,0,1,20352322,0.27
0,0,1,20352323,0.09
0,0,1,20352324,0.018
0,0,1,20352325,0.0
0,0,1,20352326,0.0
0,0,1,20352327,0.0
0,0,1,20352328,0.0
0,0,1,20352329,0.0
0,0,1,20352330,0.0
0,0,1,20352331,0.0
0,0,1,20352332,0.0
0,0,1,20352333,0.0
0,0,1,20352334,0.0
0,0,1,20352335,0.036
0,0,1,20352336,0.126
0,0,1,20352337,0.27
0,0,1,20352338,0.414
0,0,1,20352339,0.54
0,0,1,20352340,0.639
0,0,1,20352341,0.72
0,0,1,20352342,0.72
0,0,1,20352343,0.675
0,0,1,20352344,0.585
0,0,1,20352345,0.45
0,0,1,20352346,0.27
0,0,1,20352347,0.09
0,0,1,20352348,0.018
0,0,1,20352349,0.0
0,0,1,20352350,0.0
0,0,1,20352351,0.0
0,0,1,20352352,0.0
0,0,1,20352353,0.0
0,0,1,20352354,0.0
0,0,1,20352355,0.0
0,0,1,20352356,0.0
0,0,1,20352357,0.0
0,0,1,20352358,0.0
0,0,1,20352359,0.036
0,0,1,20352360,0.126
0,0,1,20352361,0.27
0,0,1,20352362,0.414
0,0,1,20352363,0.54
0,0,1,20352364,0.639
0,0,1,20352365,0.72
0,0,1,20352366,0.72
0,0,1,20352367,0.675
0,0,1,20352368,0.585
0,0,1,20352369,0.45
0,0,1,20352370,0.27
0,0,1,20352371,0.09
0,0,1,20352372,0.018
0,0,1,20352373,0.0
0,0,1,20352374,0.0
0,0,1,20352375,0.0
0,0,1,20352376,0.0
0,0,1,20352377,0.0
0,0,1,20352378,0.0
0,0,1,20352379,0.0
0,0,1,20352380,0.0
0,0,1,20352381,0.0
0,0,1,20352382,0.0
0,0,1,20352383,0.036
0,0,1,20352384,0.126
0,0,1,20352385,0.27
0,0,1,20352386,0.414
0,0,1,20352387,0.54
0,0,1,20352388,0.639
0,0,1,20352389,0.72
0,0,1,20352390,0.72
0,0,1,20352391,0.675
0,0,1,20352392,0.585
0,0,1,20352393,0.45
0,0,1,20352394,0.27
0,0,1,20352395,0.09
0,0,1,20352396,0.018
0,0,1,20352397,0.0
0,0,1,20352398,0.0
0,0,1,20352399,0.0
0,0,1,20352400,0.0
0,0,1,20352401,0.0
0,0,1,20352402,0.0
0,0,1,20352403,0.0
0,0,1,20352404,0.0
0,0,1,20352405,0.0
0,0,1,20352406,0.0
0,0,1,20352407,0.036
0,0,1,20352408,0.126
0,0,1,20352409,0.27
0,0,1,20352410,0.414
0,0,1,20352411,0.54
0,0,1,20352412,0.639
0,0,1,20352413,0.72
0,0,1,20352414,0.72
0,0,1,20352415,0.675
0,0,1,20352416,0.585
0,0,1,20352417,0.45
0,0,1,20352418,0.27
0,0,1,20352419,0.09
0,0,1,20352420,0.018
0,0,1,20352421,0.0
0,0,1,20352422,0.0
0,0,1,20352423,0.0
0,0,1,20352424,0.0
0,0,1,20352425,0.0
0,0,1,20352426,0.0
0,0,1,20352427,0.0
0,0,1,20352428,0.0
0,0,1,20352429,0.0
0,0,1,20352430,0.0
0,0,1,20352431,0.036
0,0,1,20352432,0.126
0,0,1,20352433,0.27
0,0,1,20352434,0.414
0,0,1,20352435,0.54
0,0,1,20352436,0.639
0,0,1,20352437,0.72
0,0,1,20352438,0.72
0,0,1,20352439,0.675
0,0,1,20352440,0.585
0,0,1,20352441,0.45
0,0,1,20352442,0.27
0,0,1,20352443,0.09
0,0,1,20352444,0.018
0,0,1,20352445,0.0
0,0,1,20352446,0.0
0,0,1,20352447,0.0
0,0,1,20352448,0.0
0,0,1,20352449,0.0
0,0,1,20352450,0.0
0,0,1,20352451,0.0
0,0,1,20352452,0.0
0,0,1,20352453,0.0
0,0,1,20352454,0.0
0,0,1,20352455,0.036
0,0,1,20352456,0.126
0,0,1,20352457,0.27
0,0,1,20352458,0.414
0,0,1,20352459,0.54
0,0,1,20352460,0.639
0,0,1,20352461,0.72
0,0,1,20352462,0.72
0,0,1,20352463,0.675
0,0,1,20352464,0.585
0,0,1,20352465,0.45
0,0,1,20352466,0.27
0,0,1,20352467,0.09
0,0,1,20352468,0.018
0,0,1,20352469,0.0
0,0,1,20352470,0.0
0,0,1,20352471,0.0
0,0,1,20352472,0.0
0,0,1,20352473,0.0
0,0,1,20352474,0.0
0,0,1,20352475,0.0
0,0,1,20352476,0.0
0,0,1,20352477,0.0
0,0,1,20352478,0.0
0,0,1,20352479,0.036
0,0,1,20352480,0.126
0,0,1,20352481,0.27
0,0,1,20352482,0.414
0,0,1,20352483,0.54
0,0,1,20352484,0.639
0,0,1,20352485,0.72
0,0,1,20352486,0.72
0,0,1,20352487,0.675
0,0,1,20352488,0.585
0,0,1,20352489,0.45
0,0,1,20352490,0.27
0,0,1,20352491,0.09
0,0,1,20352492,0.018
0,0,1,20352493,0.0
0,0,1,20352494,0.0
0,0,1,20352495,0.0
0,0,1,20352496,0.0
0,0,1,20352497,0.0
0,0,1,20352498,0.0
0,0,1,20352499,0.0
0,0,1,20352500,0.0
0,0,1,20352501,0.0
0,0,1,20352502,0.0
0,0,1,20352503,0.036
0,0,1,20352504,0.126
0,0,1,20352505,0.27
0,0,1,20352506,0.414
0,0,1,20352507,0.54
0,0,1,20352508,0.639
0,0,1,20352509,0.72
0,0,1,20352510,0.72
0,0,1,20352511,0.675
0,0,1,20352512,0.585
0,0,1,20352513,0.45
0,0,1,20352514,0.27
0,0,1,20352515,0.09
0,0,1,20352516,0.018
0,0,1,20352517,0.0
0,0,1,20352518,0.0
0,0,1,20352519,0.0
0,0,1,20352520,0.0
0,0,1,20352521,0.0
0,0,1,20352522,0.0
0,0,1,20352523,0.0
0,0,1,20352524,0.0
0,0,1,20352525,0.0
0,0,1,20352526,0.0
0,0,1,20352527,0.036
0,0,1,20352528,0.126
0,0,1,20352529,0.27
0,0,1,20352530,0.414
0,0,1,20352531,0.54
0,0,1,20352532,0.639
0,0,1,20352533,0.72
0,0,1,20352534,0.72
0,0,1,20352535,0.675
0,0,1,20352536,0.585
0,0,1,20352537,0.45
0,0,1,20352538,0.27
0,0,1,20352539,0.09
0,0,1,20352540,0.018
0,0,1,20352541,0.0
0,0,1,20352542,0.0
0,0,1,20352543,0.0
0,0,1,20352544,0.0
0,0,1,20352545,0.0
0,0,1,20352546,0.0
0,0,1,20352547,0.0
0,0,1,20352548,0.0
0,0,1,20352549,0.0
0,0,1,20352550,0.0
0,0,1,20352551,0.036
0,0,1,20352552,0.126
0,0,1,20352553,0.27
0,0,1,20352554,0.414
0,0,1,20352555,0.54
0,0,1,20352556,0.639
0,0,1,20352557,0.72
0,0,1,20352558,0.72
0,0,1,20352559,0.675
0,0,1,20352560,0.585
0,0,1,20352561,0.45
0,0,1,20352562,0.27
0,0,1,20352563,0.09
0,0,1,20352564,0.018
0,0,1,20352565,0.0
0,0,1,20352566,0.0
0,0,1,20352567,0.0
0,0,1,20352568,0.0
0,0,1,20352569,0.0
0,0,1,20352570,0.0
0,0,1,20352571,0.0
0,0,1,20352572,0.0
0,0,1,20352573,0.0
0,0,1,20352574,0.0
0,0,1,20352575,0.036
0,0,1,20352576,0.126
0,0,1,20352577,0.27
0,0,1,20352578,0.414
0,0,1,20352579,0.54
0,0,1,20352580,0.639
0,0,1,20352581,0.72
0,0,1,20352582,0.72
0,0,1,20352583,0.675
0,0,1,20352584,0.585
0,0,1,20352585,0.45
0,0,1,20352586,0.27
0,0,1,20352587,0.09
0,0,1,20352588,0.018
0,0,1,20352589,0.0
0,0,1,20352590,0.0
0,0,1,20352591,0.0
0,0,1,20352592,0.0
0,0,1,20352593,0.0
0,0,1,20352594,0.0
0,0,1,20352595,0.0
0,0,1,20352596,0.0
0,0,1,20352597,0.0
0,0,1,20352598,0.0
0,0,1,20352599,0.036
0,0,1,20352600,0.126
0,0,1,20352601,0.27
0,0,1,20352602,0.414
0,0,1,20352603,0.54
0,0,1,20352604,0.639
0,0,1,20352605,0.72
0,0,1,20352606,0.72
0,0,1,20352607,0.675
0,0,1,20352608,0.585
0,0,1,20352609,0.45
0,0,1,20352610,0.27
0,0,1,20352611,0.09
0,0,1,20352612,0.018
0,0,1,20352613,0.0
0,0,1,20352614,0.0
0,0,1,20352615,0.0
0,0,1,20352616,0.0
0,0,1,20352617,0.0
0,0,1,20352618,0.0
0,0,1,20352619,0.0
0,0,1,20352620,0.0
0,0,1,20352621,0.0
0,0,1,20352622,0.0
0,0,1,20352623,0.036
0,0,1,20352624,0.126
0,0,1,20352625,0.27
0,0,1,20352626,0.414
0,0,1,20352627,0.54
0,0,1,20352628,0.639
0,0,1,20352629,0.72
0,0,1,20352630,0.72
0,0,1,20352631,0.675
0,0,1,20352632,0.585
0,0,1,20352633,0.45
0,0,1,20352634,0.27
0,0,1,20352635,0.09
0,0,1,20352636,0.018
0,0,1,20352637,0.0
0,0,1,20352638,0.0
0,0,1,20352639,0.0
0,0,1,20352640,0.0
0,0,1,20352641,0.0
0,0,1,20352642,0.0
0,0,1,20352643,0.0
0,0,1,20352644,0.0
0,0,1,20352645,0.0
0,0,1,20352646,0.0
0,0,1,20352647,0.036
0,0,1,20352648,0.126
0,0,1,20352649,0.27
0,0,1,20352650,0.414
0,0,1,20352651,0.54
0,0,1,20352652,0.639
0,0,1,20352653,0.72
0,0,1,20352654,0.72
0,0,1,20352655,0.675
0,0,1,20352656,0.585
0,0,1,20352657,0.45
0,0,1,20352658,0.27
0,0,1,20352659,0.09
0,0,1,20352660,0.018
0,0,1,20352661,0.0
0,0,1,20352662,0.0
0,0,1,20352663,0.0
0,0,1,20352664,0.0
0,0,1,20352665,0.0
0,0,1,20352666,0.0
0,0,1,20352667,0.0
0,0,1,20352668,0.0
0,0,1,20352669,0.0
0,0,1,20352670,0.0
0,0,1,20352671,0.036
0,0,1,20352672,0.126
0,0,1,20352673,0.27
0,0,1,20352674,0.414
0,0,1,20352675,0.54
0,0,1,20352676,0.639
0,0,1,20352677,0.72
0,0,1,20352678,0.72
0,0,1,20352679,0.675
0,0,1,20352680,0.585
0,0,1,20352681,0.45
0,0,1,20352682,0.27
0,0,1,20352683,0.09
0,0,1,20352684,0.018
0,0,1,20352685,0.0
0,0,1,20352686,0.0
0,0,1,20352687,0.0
0,0,1,20352688,0.0
0,0,1,20352689,0.0
0,0,1,20352690,0.0
0,0,1,20352691,0.0
0,0,1,20352692,0.0
0,0,1,20352693,0.0
0,0,1,20352694,0.0
0,0,1,20352695,0.036
0,0,1,20352696,0.126
0,0,1,20352697,0.27
0,0,1,20352698,0.414
0,0,1,20352699,0.54
0,0,1,20352700,0.639
0,0,1,20352701,0.72
0,0,1,20352702,0.72
0,0,1,20352703,0.675
0,0,1,20352704,0.585
0,0,1,20352705,0.45
0,0,1,20352706,0.27
0,0,1,20352707,0.09
0,0,1,20352708,0.018
0,0,1,20352709,0.0
0,0,1,20352710,0.0
0,0,1,20352711,0.0
0,0,1,20352712,0.0
0,0,1,20352713,0.0
0,0,1,20352714,0.0
0,0,1,20352715,0.0
0,0,1,20352716,0.0
0,0,1,20352717,0.0
0,0,1,20352718,0.0
0,0,1,20352719,0.036
0,0,1,20352720,0.126
0,0,1,20352721,0.27
0,0,1,20352722,0.414
0,0,1,20352723,0.54
0,0,1,20352724,0.639
0,0,1,20352725,0.72
0,0,1,20352726,0.72
0,0,1,20352727,0.675
0,0,1,20352728,0.585
0,0,1,20352729,0.45
0,0,1,20352730,0.27
0,0,1,20352731,0.09
0,0,1,20352732,0.018
0,0,1,20352733,0.0
0,0,1,20352734,0.0
0,0,1,20352735,0.0
0,0,1,20352736,0.0
0,0,1,20352737,0.0
0,0,1,20352738,0.0
0,0,1,20352739,0.0
0,0,1,20352740,0.0
0,0,1,20352741,0.0
0,0,1,20352742,0.0
0,0,1,20352743,0.036
0,0,1,20352744,0.126
0,0,1,20352745,0.27
0,0,1,20352746,0.414
0,0,1,20352747,0.54
0,0,1,20352748,0.639
0,0,1,20352749,0.72
0,0,1,20352750,0.72
0,0,1,20352751,0.675
0,0,1,20352752,0.585
0,0,1,20352753,0.45
0,0,1,20352754,0.27
0,0,1,20352755,0.09
0,0,1,20352756,0.018
0,0,1,20352757,0.0
0,0,1,20352758,0.0
0,0,1,20352759,0.0
0,0,1,20352760,0.0
0,0,1,20352761,0.0
0,0,1,20352762,0.0
0,0,1,20352763,0.0
0,0,1,20352764,0.0
0,0,1,20352765,0.0
0,0,1,20352766,0.0
0,0,1,20352767,0.036
0,0,1,20352768,0.126
0,0,1,20352769,0.27
0,0,1,20352770,0.414
0,0,1,20352771,0.54
0,0,1,20352772,0.639
0,0,1,20352773,0.72
0,0,1,20352774,0.72
0,0,1,20352775,0.675
0,0,1,20352776,0.585
0,0,1,20352777,0.45
0,0,1,20352778,0.27
0,0,1,20352779,0.09
0,0,1,20352780,0.018
0,0,1,20352781,0.0
0,0,1,20352782,0.0
0,0,1,20352783,0.0
0,0,1,20352784,0.0
0,0,1,20352785,0.0
0,0,1,20352786,0.0
0,0,1,20352787,0.0
0,0,1,20352788,0.0
0,0,1,20352789,0.0
0,0,1,20352790,0.0
0,0,1,20352791,0.036
0,0,1,20352792,0.126
0,0,1,20352793,0.27
0,0,1,20352794,0.414
0,0,1,20352795,0.54
0,0,1,20352796,0.639
0,0,1,20352797,0.72
0,0,1,20352798,0.72
0,0,1,20352799,0.675
0,0,1,20352800,0.585
0,0,1,20352801,0.45
0,0,1,20352802,0.27
0,0,1,20352803,0.09
0,0,1,20352804,0.018
0,0,1,20352805,0.0
0,0,1,20352806,0.0
0,0,1,20352807,0.0
0,0,1,20352808,0.0
0,0,1,20352809,0.0
0,0,1,20352810,0.0
0,0,1,20352811,0.0
0,0,1,20352812,0.0
0,0,1,20352813,0.0
0,0,1,20352814,0.0
0,0,1,20352815,0.036
0,0,1,20352816,0.126
0,0,1,20352817,0.27
0,0,1,20352818,0.414
0,0,1,20352819,0.54
0,0,1,20352820,0.639
0,0,1,20352821,0.72
0,0,1,20352822,0.72
0,0,1,20352823,0.675
0,0,1,20352824,0.585
0,0,1,20352825,0.45
0,0,1,20352826,0.27
0,0,1,20352827,0.09
0,0,1,20352828,0.018
0,0,1,20352829,0.0
0,0,1,20352830,0.0
0,0,1,20352831,0.0
0,0,1,20352832,0.0
0,0,1,20352833,0.0
0,0,1,20352834,0.0
0,0,1,20352835,0.0
0,0,1,20352836,0.0
0,0,1,20352837,0.0
0,0,1,20352838,0.0
0,0,1,20352839,0.036
0,0,1,20352840,0.126
0,0,1,20352841,0.27
0,0,1,20352842,0.414
0,0,1,20352843,0.54
0,0,1,20352844,0.639
0,0,1,20352845,0.72
0,0,1,20352846,0.72
0,0,1,20352847,0.675
0,0,1,20352848,0.585
0,0,1,20352849,0.45
0,0,1,20352850,0.27
0,0,1,20352851,0.09
0,0,1,20352852,0.018
0,0,1,20352853,0.0
0,0,1,20352854,0.0
0,0,1,20352855,0.0
0,0,1,20352856,0.0
0,0,1,20352857,0.0
0,0,1,20352858,0.0
0,0,1,20352859,0.0
0,0,1,20352860,0.0
0,0,1,20352861,0.0
0,0,1,20352862,0.0
0,0,1,20352863,0.036
0,0,1,20352864,0.126
0,0,1,20352865,0.27
0,0,1,20352866,0.414
0,0,1,20352867,0.54
0,0,1,20352868,0.639
0,0,1,20352869,0.72
0,0,1,20352870,0.72
0,0,1,20352871,0.675
0,0,1,20352872,0.585
0,0,1,20352873,0.45
0,0,1,20352874,0.27
0,0,1,20352875,0.09
0,0,1,20352876,0.018
0,0,1,20352877,0.0
0,0,1,20352878,0.0
0,0,1,20352879,0.0
0,0,1,20352880,0.0
0,0,1,20352881,0.0
0,0,1,20352882,0.0
0,0,1,20352883,0.0
0,0,1,20352884,0.0
0,0,1,20352885,0.0
0,0,1,20352886,0.0
0,0,1,20352887,0.038
0,0,1,20352888,0.133
0,0,1,20352889,0.285
0,0,1,20352890,0.437
0,0,1,20352891,0.57
0,0,1,20352892,0.6745
0,0,1,20352893,0.76
0,0,1,20352894,0.76
0,0,1,20352895,0.7125
0,0,1,20352896,0.6175
0,0,1,20352897,0.475
0,0,1,20352898,0.285
0,0,1,20352899,0.095
0,0,1,20352900,0.019
0,0,1,20352901,0.0
0,0,1,20352902,0.0
0,0,1,20352903,0.0
0,0,1,20352904,0.0
0,0,1,20352905,0.0
0,0,1,20352906,0.0
0,0,1,20352907,0.0
0,0,1,20352908,0.0
0,0,1,20352909,0.0
0,0,1,20352910,0.0
0,0,1,20352911,0.038
0,0,1,20352912,0.133
0,0,1,20352913,0.285
0,0,1,20352914,0.437
0,0,1,20352915,0.57
0,0,1,20352916,0.6745
0,0,1,20352917,0.76
0,0,1,20352918,0.76
0,0,1,20352919,0.7125
0,0,1,20352920,0.6175
0,0,1,20352921,0.475
0,0,1,20352922,0.285
0,0,1,20352923,0.095
0,0,1,20352924,0.019
0,0,1,20352925,0.0
0,0,1,20352926,0.0
0,0,1,20352927,0.0
0,0,1,20352928,0.0
0,0,1,20352929,0.0
0,0,1,20352930,0.0
0,0,1,20352931,0.0
0,0,1,20352932,0.0
0,0,1,20352933,0.0
0,0,1,20352934,0.0
0,0,1,20352935,0.038
0,0,1,20352936,0.133
0,0,1,20352937,0.285
0,0,1,20352938,0.437
0,0,1,20352939,0.57
0,0,1,20352940,0.6745
0,0,1,20352941,0.76
0,0,1,20352942,0.76
0,0,1,20352943,0.7125
0,0,1,20352944,0.6175
0,0,1,20352945,0.475
0,0,1,20352946,0.285
0,0,1,20352947,0.095
0,0,1,20352948,0.019
0,0,1,20352949,0.0
0,0,1,20352950,0.0
0,0,1,20352951,0.0
0,0,1,20352952,0.0
0,0,1,20352953,0.0
0,0,1,20352954,0.0
0,0,1,20352955,0.0
0,0,1,20352956,0.0
0,0,1,20352957,0.0
0,0,1,20352958,0.0
0,0,1,20352959,0.038
0,0,1,20352960,0.133
0,0,1,20352961,0.285
0,0,1,20352962,0.437
0,0,1,20352963,0.57
0,0,1,20352964,0.6745
0,0,1,20352965,0.76
0,0,1,20352966,0.76
0,0,1,20352967,0.7125
0,0,1,20352968,0.6175
0,0,1,20352969,0.475
0,0,1,20352970,0.285
0,0,1,20352971,0.095
0,0,1,20352972,0.019
0,0,1,20352973,0.0
0,0,1,20352974,0.0
0,0,1,20352975,0.0
0,0,1,20352976,0.0
0,0,1,20352977,0.0
0,0,1,20352978,0.0
0,0,1,20352979,0.0
0,0,1,20352980,0.0
0,0,1,20352981,0.0
0,0,1,20352982,0.0
0,0,1,20352983,0.038
0,0,1,20352984,0.133
0,0,1,20352985,0.285
0,0,1,20352986,0.437
0,0,1,20352987,0.57
0,0,1,20352988,0.6745
0,0,1,20352989,0.76
0,0,1,20352990,0.76
0,0,1,20352991,0.7125
0,0,1,20352992,0.6175
0,0,1,20352993,0.475
0,0,1,20352994,0.285
0,0,1,20352995,0.095
0,0,1,20352996,0.019
0,0,1,20352997,0.0
0,0,1,20352998,0.0
0,0,1,20352999,0.0
0,0,1,20353000,0.0
0,0,1,20353001,0.0
0,0,1,20353002,0.0
0,0,1,20353003,0.0
0,0,1,20353004,0.0
0,0,1,20353005,0.0
0,0,1,20353006,0.0
0,0,1,20353007,0.038
0,0,1,20353008,0.133
0,0,1,20353009,0.285
0,0,1,20353010,0.437
0,0,1,20353011,0.57
0,0,1,20353012,0.6745
0,0,1,20353013,0.76
0,0,1,20353014,0.76
0,0,1,20353015,0.7125
0,0,1,20353016,0.6175
0,0,1,20353017,0.475
0,0,1,20353018,0.285
0,0,1,20353019,0.095
0,0,1,20353020,0.019
0,0,1,20353021,0.0
0,0,1,20353022,0.0
0,0,1,20353023,0.0
0,0,1,20353024,0.0
0,0,1,20353025,0.0
0,0,1,20353026,0.0
0,0,1,20353027,0.0
0,0,1,20353028,0.0
0,0,1,20353029,0.0
0,0,1,20353030,0.0
0,0,1,20353031,0.038
0,0,1,20353032,0.133
0,0,1,20353033,0.285
0,0,1,20353034,0.437
0,0,1,20353035,0.57
0,0,1,20353036,0.6745
0,0,1,20353037,0.76
0,0,1,20353038,0.76
0,0,1,20353039,0.7125
0,0,1,20353040,0.6175
0,0,1,20353041,0.475
0,0,1,20353042,0.285
0,0,1,20353043,0.095
0,0,1,20353044,0.019
0,0,1,20353045,0.0
0,0,1,20353046,0.0
0,0,1,20353047,0.0
0,0,1,20353048,0.0
0,0,1,20353049,0.0
0,0,1,20353050,0.0
0,0,1,20353051,0.0
0,0,1,20353052,0.0
0,0,1,20353053,0.0
0,0,1,20353054,0.0
0,0,1,20353055,0.038
0,0,1,20353056,0.133
0,0,1,20353057,0.285
0,0,1,20353058,0.437
0,0,1,20353059,0.57
0,0,1,20353060,0.6745
0,0,1,20353061,0.76
0,0,1,20353062,0.76
0,0,1,20353063,0.7125
0,0,1,20353064,0.6175
0,0,1,20353065,0.475
0,0,1,20353066,0.285
0,0,1,20353067,0.095
0,0,1,20353068,0.019
0,0,1,20353069,0.0
0,0,1,20353070,0.0
0,0,1,20353071,0.0
0,0,1,20353072,0.0
0,0,1,20353073,0.0
0,0,1,20353074,0.0
0,0,1,20353075,0.0
0,0,1,20353076,0.0
0,0,1,20353077,0.0
0,0,1,20353078,0.0
0,0,1,20353079,0.038
0,0,1,20353080,0.133
0,0,1,20353081,0.285
0,0,1,20353082,0.437
0,0,1,20353083,0.57
0,0,1,20353084,0.6745
0,0,1,20353085,0.76
0,0,1,20353086,0.76
0,0,1,20353087,0.7125
0,0,1,20353088,0.6175
0,0,1,20353089,0.475
0,0,1,20353090,0.285
0,0,1,20353091,0.095
0,0,1,20353092,0.019
0,0,1,20353093,0.0
0,0,1,20353094,0.0
0,0,1,20353095,0.0
0,0,1,20353096,0.0
0,0,1,20353097,0.0
0,0,1,20353098,0.0
0,0,1,20353099,0.0
0,0,1,20353100,0.0
0,0,1,20353101,0.0
0,0,1,20353102,0.0
0,0,1,20353103,0.038
0,0,1,20353104,0.133
0,0,1,20353105,0.285
0,0,1,20353106,0.437
0,0,1,20353107,0.57
0,0,1,20353108,0.6745
0,0,1,20353109,0.76
0,0,1,20353110,0.76
0,0,1,20353111,0.7125
0,0,1,20353112,0.6175
0,0,1,20353113,0.475
0,0,1,20353114,0.285
0,0,1,20353115,0.095
0,0,1,20353116,0.019
0,0,1,20353117,0.0
0,0,1,20353118,0.0
0,0,1,20353119,0.0
0,0,1,20353120,0.0
0,0,1,20353121,0.0
0,0,1,20353122,0.0
0,0,1,20353123,0.0
0,0,1,20353124,0.0
0,0,1,20353125,0.0
0,0,1,20353126,0.0
0,0,1,20353127,0.038
0,0,1,20353128,0.133
0,0,1,20353129,0.285
0,0,1,20353130,0.437
0,0,1,20353131,0.57
0,0,1,20353132,0.6745
0,0,1,20353133,0.76
0,0,1,20353134,0.76
0,0,1,20353135,0.7125
0,0,1,20353136,0.6175
0,0,1,20353137,0.475
0,0,1,20353138,0.285
0,0,1,20353139,0.095
0,0,1,20353140,0.019
0,0,1,20353141,0.0
0,0,1,20353142,0.0
0,0,1,20353143,0.0
0,0,1,20353144,0.0
0,0,1,20353145,0.0
0,0,1,20353146,0.0
0,0,1,20353147,0.0
0,0,1,20353148,0.0
0,0,1,20353149,0.0
0,0,1,20353150,0.0
0,0,1,20353151,0.038
0,0,1,20353152,0.133
0,0,1,20353153,0.285
0,0,1,20353154,0.437
0,0,1,20353155,0.57
0,0,1,20353156,0.6745
0,0,1,20353157,0.76
0,0,1,20353158,0.76
0,0,1,20353159,0.7125
0,0,1,20353160,0.6175
0,0,1,20353161,0.475
0,0,1,20353162,0.285
0,0,1,20353163,0.095
0,0,1,20353164,0.019
0,0,1,20353165,0.0
0,0,1,20353166,0.0
0,0,1,20353167,0.0
0,0,1,20353168,0.0
0,0,1,20353169,0.0
0,0,1,20353170,0.0
0,0,1,20353171,0.0
0,0,1,20353172,0.0
0,0,1,20353173,0.0
0,0,1,20353174,0.0
0,0,1,20353175,0.038
0,0,1,20353176,0.133
0,0,1,20353177,0.285
0,0,1,20353178,0.437
0,0,1,20353179,0.57
0,0,1,20353180,0.6745
0,0,1,20353181,0.76
0,0,1,20353182,0.76
0,0,1,20353183,0.7125
0,0,1,20353184,0.6175
0,0,1,20353185,0.475
0,0,1,20353186,0.285
0,0,1,20353187,0.095
0,0,1,20353188,0.019
0,0,1,20353189,0.0
0,0,1,20353190,0.0
0,0,1,20353191,0.0
0,0,1,20353192,0.0
0,0,1,20353193,0.0
0,0,1,20353194,0.0
0,0,1,20353195,0.0
0,0,1,20353196,0.0
0,0,1,20353197,0.0
0,0,1,20353198,0.0
0,0,1,20353199,0.038
0,0,1,20353200,0.133
0,0,1,20353201,0.285
0,0,1,20353202,0.437
0,0,1,20353203,0.57
0,0,1,20353204,0.6745
0,0,1,20353205,0.76
0,0,1,20353206,0.76
0,0,1,20353207,0.7125
0,0,1,20353208,0.6175
0,0,1,20353209,0.475
0,0,1,20353210,0.285
0,0,1,20353211,0.095
0,0,1,20353212,0.019
0,0,1,20353213,0.0
0,0,1,20353214,0.0
0,0,1,20353215,0.0
0,0,1,20353216,0.0
0,0,1,20353217,0.0
0,0,1,20353218,0.0
0,0,1,20353219,0.0
0,0,1,20353220,0.0
0,0,1,20353221,0.0
0,0,1,20353222,0.0
0,0,1,20353223,0.038
0,0,1,20353224,0.133
0,0,1,20353225,0.285
0,0,1,20353226,0.437
0,0,1,20353227,0.57
0,0,1,20353228,0.6745
0,0,1,20353229,0.76
0,0,1,20353230,0.76
0,0,1,20353231,0.7125
0,0,1,20353232,0.6175
0,0,1,20353233,0.475
0,0,1,20353234,0.285
0,0,1,20353235,0.095
0,0,1,20353236,0.019
0,0,1,20353237,0.0
0,0,1,20353238,0.0
0,0,1,20353239,0.0
0,0,1,20353240,0.0
0,0,1,20353241,0.0
0,0,1,20353242,0.0
0,0,1,20353243,0.0
0,0,1,20353244,0.0
0,0,1,20353245,0.0
0,0,1,20353246,0.0
0,0,1,20353247,0.038
0,0,1,20353248,0.133
0,0,1,20353249,0.285
0,0,1,20353250,0.437
0,0,1,20353251,0.57
0,0,1,20353252,0.6745
0,0,1,20353253,0.76
0,0,1,20353254,0.76
0,0,1,20353255,0.7125
0,0,1,20353256,0.6175
0,0,1,20353257,0.475
0,0,1,20353258,0.285
0,0,1,20353259,0.095
0,0,1,20353260,0.019
0,0,1,20353261,0.0
0,0,1,20353262,0.0
0,0,1,20353263,0.0
0,0,1,20353264,0.0
0,0,1,20353265,0.0
0,0,1,20353266,0.0
0,0,1,20353267,0.0
0,0,1,20353268,0.0
0,0,1,20353269,0.0
0,0,1,20353270,0.0
0,0,1,20353271,0.038
0,0,1,20353272,0.133
0,0,1,20353273,0.285
0,0,1,20353274,0.437
0,0,1,20353275,0.57
0,0,1,20353276,0.6745
0,0,1,20353277,0.76
0,0,1,20353278,0.76
0,0,1,20353279,0.7125
0,0,1,20353280,0.6175
0,0,1,20353281,0.475
0,0,1,20353282,0.285
0,0,1,20353283,0.095
0,0,1,20353284,0.019
0,0,1,20353285,0.0
0,0,1,20353286,0.0
0,0,1,20353287,0.0
0,0,1,20353288,0.0
0,0,1,20353289,0.0
0,0,1,20353290,0.0
0,0,1,20353291,0.0
0,0,1,20353292,0.0
0,0,1,20353293,0.0
0,0,1,20353294,0.0
0,0,1,20353295,0.038
0,0,1,20353296,0.133
0,0,1,20353297,0.285
0,0,1,20353298,0.437
0,0,1,20353299,0.57
0,0,1,20353300,0.6745
0,0,1,20353301,0.76
0,0,1,20353302,0.76
0,0,1,20353303,0.7125
0,0,1,20353304,0.6175
0,0,1,20353305,0.475
0,0,1,20353306,0.285
0,0,1,20353307,0.095
0,0,1,20353308,0.019
0,0,1,20353309,0.0
0,0,1,20353310,0.0
0,0,1,20353311,0.0
0,0,1,20353312,0.0
0,0,1,20353313,0.0
0,0,1,20353314,0.0
0,0,1,20353315,0.0
0,0,1,20353316,0.0
0,0,1,20353317,0.0
0,0,1,20353318,0.0
0,0,1,20353319,0.038
0,0,1,20353320,0.133
0,0,1,20353321,0.285
0,0,1,20353322,0.437
0,0,1,20353323,0.57
0,0,1,20353324,0.6745
0,0,1,20353325,0.76
0,0,1,20353326,0.76
0,0,1,20353327,0.7125
0,0,1,20353328,0.6175
0,0,1,20353329,0.475
0,0,1,20353330,0.285
0,0,1,20353331,0.095
0,0,1,20353332,0.019
0,0,1,20353333,0.0
0,0,1,20353334,0.0
0,0,1,20353335,0.0
0,0,1,20353336,0.0
0,0,1,20353337,0.0
0,0,1,20353338,0.0
0,0,1,20353339,0.0
0,0,1,20353340,0.0
0,0,1,20353341,0.0
0,0,1,20353342,0.0
0,0,1,20353343,0.038
0,0,1,20353344,0.133
0,0,1,20353345,0.285
0,0,1,20353346,0.437
0,0,1,20353347,0.57
0,0,1,20353348,0.6745
0,0,1,20353349,0.76
0,0,1,20353350,0.76
0,0,1,20353351,0.7125
0,0,1,20353352,0.6175
0,0,1,20353353,0.475
0,0,1,20353354,0.285
0,0,1,20353355,0.095
0,0,1,20353356,0.019
0,0,1,20353357,0.0
0,0,1,20353358,0.0
0,0,1,20353359,0.0
0,0,1,20353360,0.0
0,0,1,20353361,0.0
0,0,1,20353362,0.0
0,0,1,20353363,0.0
0,0,1,20353364,0.0
0,0,1,20353365,0.0
0,0,1,20353366,0.0
0,0,1,20353367,0.038
0,0,1,20353368,0.133
0,0,1,20353369,0.285
0,0,1,20353370,0.437
0,0,1,20353371,0.57
0,0,1,20353372,0.6745
0,0,1,20353373,0.76
0,0,1,20353374,0.76
0,0,1,20353375,0.7125
0,0,1,20353376,0.6175
0,0,1,20353377,0.475
0,0,1,20353378,0.285
0,0,1,20353379,0.095
0,0,1,20353380,0.019
0,0,1,20353381,0.0
0,0,1,20353382,0.0
0,0,1,20353383,0.0
0,0,1,20353384,0.0
0,0,1,20353385,0.0
0,0,1,20353386,0.0
0,0,1,20353387,0.0
0,0,1,20353388,0.0
0,0,1,20353389,0.0
0,0,1,20353390,0.0
0,0,1,20353391,0.038
0,0,1,20353392,0.133
0,0,1,20353393,0.285
0,0,1,20353394,0.437
0,0,1,20353395,0.57
0,0,1,20353396,0.6745
0,0,1,20353397,0.76
0,0,1,20353398,0.76
0,0,1,20353399,0.7125
0,0,1,20353400,0.6175
0,0,1,20353401,0.475
0,0,1,20353402,0.285
0,0,1,20353403,0.095
0,0,1,20353404,0.019
0,0,1,20353405,0.0
0,0,1,20353406,0.0
0,0,1,20353407,0.0
0,0,1,20353408,0.0
0,0,1,20353409,0.0
0,0,1,20353410,0.0
0,0,1,20353411,0.0
0,0,1,20353412,0.0
0,0,1,20353413,0.0
0,0,1,20353414,0.0
0,0,1,20353415,0.038
0,0,1,20353416,0.133
0,0,1,20353417,0.285
0,0,1,20353418,0.437
0,0,1,20353419,0.57
0,0,1,20353420,0.6745
0,0,1,20353421,0.76
0,0,1,20353422,0.76
0,0,1,20353423,0.7125
0,0,1,20353424,0.6175
0,0,1,20353425,0.475
0,0,1,20353426,0.285
0,0,1,20353427,0.095
0,0,1,20353428,0.019
0,0,1,20353429,0.0
0,0,1,20353430,0.0
0,0,1,20353431,0.0
0,0,1,20353432,0.0
0,0,1,20353433,0.0
0,0,1,20353434,0.0
0,0,1,20353435,0.0
0,0,1,20353436,0.0
0,0,1,20353437,0.0
0,0,1,20353438,0.0
0,0,1,20353439,0.038
0,0,1,20353440,0.133
0,0,1,20353441,0.285
0,0,1,20353442,0.437
0,0,1,20353443,0.57
0,0,1,20353444,0.6745
0,0,1,20353445,0.76
0,0,1,20353446,0.76
0,0,1,20353447,0.7125
0,0,1,20353448,0.6175
0,0,1,20353449,0.475
0,0,1,20353450,0.285
0,0,1,20353451,0.095
0,0,1,20353452,0.019
0,0,1,20353453,0.0
0,0,1,20353454,0.0
0,0,1,20353455,0.0
0,0,1,20353456,0.0
0,0,1,20353457,0.0
0,0,1,20353458,0.0
0,0,1,20353459,0.0
0,0,1,20353460,0.0
0,0,1,20353461,0.0
0,0,1,20353462,0.0
0,0,1,20353463,0.038
0,0,1,20353464,0.133
0,0,1,20353465,0.285
0,0,1,20353466,0.437
0,0,1,20353467,0.57
0,0,1,20353468,0.6745
0,0,1,20353469,0.76
0,0,1,20353470,0.76
0,0,1,20353471,0.7125
0,0,1,20353472,0.6175
0,0,1,20353473,0.475
0,0,1,20353474,0.285
0,0,1,20353475,0.095
0,0,1,20353476,0.019
0,0,1,20353477,0.0
0,0,1,20353478,0.0
0,0,1,20353479,0.0
0,0,1,20353480,0.0
0,0,1,20353481,0.0
0,0,1,20353482,0.0
0,0,1,20353483,0.0
0,0,1,20353484,0.0
0,0,1,20353485,0.0
0,0,1,20353486,0.0
0,0,1,20353487,0.038
0,0,1,20353488,0.133
0,0,1,20353489,0.285
0,0,1,20353490,0.437
0,0,1,20353491,0.57
0,0,1,20353492,0.6745
0,0,1,20353493,0.76
0,0,1,20353494,0.76
0,0,1,20353495,0.7125
0,0,1,20353496,0.6175
0,0,1,20353497,0.475
0,0,1,20353498,0.285
0,0,1,20353499,0.095
0,0,1,20353500,0.019
0,0,1,20353501,0.0
0,0,1,20353502,0.0
0,0,1,20353503,0.0
0,0,1,20353504,0.0
0,0,1,20353505,0.0
0,0,1,20353506,0.0
0,0,1,20353507,0.0
0,0,1,20353508,0.0
0,0,1,20353509,0.0
0,0,1,20353510,0.0
0,0,1,20353511,0.038
0,0,1,20353512,0.133
0,0,1,20353513,0.285
0,0,1,20353514,0.437
0,0,1,20353515,0.57
0,0,1,20353516,0.6745
0,0,1,20353517,0.76
0,0,1,20353518,0.76
0,0,1,20353519,0.7125
0,0,1,20353520,0.6175
0,0,1,20353521,0.475
0,0,1,20353522,0.285
0,0,1,20353523,0.095
0,0,1,20353524,0.019
0,0,1,20353525,0.0
0,0,1,20353526,0.0
0,0,1,20353527,0.0
0,0,1,20353528,0.0
0,0,1,20353529,0.0
0,0,1,20353530,0.0
0,0,1,20353531,0.0
0,0,1,20353532,0.0
0,0,1,20353533,0.0
0,0,1,20353534,0.0
0,0,1,20353535,0.038
0,0,1,20353536,0.133
0,0,1,20353537,0.285
0,0,1,20353538,0.437
0,0,1,20353539,0.57
0,0,1,20353540,0.6745
0,0,1,20353541,0.76
0,0,1,20353542,0.76
0,0,1,20353543,0.7125
0,0,1,20353544,0.6175
0,0,1,20353545,0.475
0,0,1,20353546,0.285
0,0,1,20353547,0.095
0,0,1,20353548,0.019
0,0,1,20353549,0.0
0,0,1,20353550,0.0
0,0,1,20353551,0.0
0,0,1,20353552,0.0
0,0,1,20353553,0.0
0,0,1,20353554,0.0
0,0,1,20353555,0.0
0,0,1,20353556,0.0
0,0,1,20353557,0.0
0,0,1,20353558,0.0
0,0,1,20353559,0.038
0,0,1,20353560,0.133
0,0,1,20353561,0.285
0,0,1,20353562,0.437
0,0,1,20353563,0.57
0,0,1,20353564,0.6745
0,0,1,20353565,0.76
0,0,1,20353566,0.76
0,0,1,20353567,0.7125
0,0,1,20353568,0.6175
0,0,1,20353569,0.475
0,0,1,20353570,0.285
0,0,1,20353571,0.095
0,0,1,20353572,0.019
0,0,1,20353573,0.0
0,0,1,20353574,0.0
0,0,1,20353575,0.0
0,0,1,20353576,0.0
0,0,1,20353577,0.0
0,0,1,20353578,0.0
0,0,1,20353579,0.0
0,0,1,20353580,0.0
0,0,1,20353581,0.0
0,0,1,20353582,0.0
0,0,1,20353583,0.038
0,0,1,20353584,0.133
0,0,1,20353585,0.285
0,0,1,20353586,0.437
0,0,1,20353587,0.57
0,0,1,20353588,0.6745
0,0,1,20353589,0.76
0,0,1,20353590,0.76
0,0,1,20353591,0.7125
0,0,1,20353592,0.6175
0,0,1,20353593,0.475
0,0,1,20353594,0.285
0,0,1,20353595,0.095
0,0,1,20353596,0.019
0,0,1,20353597,0.0
0,0,1,20353598,0.0
0,0,1,20353599,0.0
0,0,1,20353600,0.0
0,0,1,20353601,0.0
0,0,1,20353602,0.0
0,0,1,20353603,0.0
0,0,1,20353604,0.0
0,0,1,20353605,0.0
0,0,1,20353606,0.0
0,0,1,20353607,0.038
0,0,1,20353608,0.133
0,0,1,20353609,0.285
0,0,1,20353610,0.437
0,0,1,20353611,0.57
0,0,1,20353612,0.6745
0,0,1,20353613,0.76
0,0,1,20353614,0.76
0,0,1,20353615,0.7125
0,0,1,20353616,0.6175
0,0,1,20353617,0.475
0,0,1,20353618,0.285
0,0,1,20353619,0.095
0,0,1,20353620,0.019
0,0,1,20353621,0.0
0,0,1,20353622,0.0
0,0,1,20353623,0.0
0,0,1,20353624,0.0
0,0,1,20353625,0.0
0,0,1,20353626,0.0
0,0,1,20353627,0.0
0,0,1,20353628,0.0
0,0,1,20353629,0.0
0,0,1,20353630,0.0
0,0,1,20353631,0.04
0,0,1,20353632,0.14
0,0,1,20353633,0.3
0,0,1,20353634,0.46
0,0,1,20353635,0.6
0,0,1,20353636,0.71
0,0,1,20353637,0.8
0,0,1,20353638,0.8
0,0,1,20353639,0.75
0,0,1,20353640,0.65
0,0,1,20353641,0.5
0,0,1,20353642,0.3
0,0,1,20353643,0.1
0,0,1,20353644,0.02
0,0,1,20353645,0.0
0,0,1,20353646,0.0
0,0,1,20353647,0.0
0,0,1,20353648,0.0
0,0,1,20353649,0.0
0,0,1,20353650,0.0
0,0,1,20353651,0.0
0,0,1,20353652,0.0
0,0,1,20353653,0.0
0,0,1,20353654,0.0
0,0,1,20353655,0.04
0,0,1,20353656,0.14
0,0,1,20353657,0.3
0,0,1,20353658,0.46
0,0,1,20353659,0.6
0,0,1,20353660,0.71
0,0,1,20353661,0.8
0,0,1,20353662,0.8
0,0,1,20353663,0.75
0,0,1,20353664,0.65
0,0,1,20353665,0.5
0,0,1,20353666,0.3
0,0,1,20353667,0.1
0,0,1,20353668,0.02
0,0,1,20353669,0.0
0,0,1,20353670,0.0
0,0,1,20353671,0.0
0,0,1,20353672,0.0
0,0,1,20353673,0.0
0,0,1,20353674,0.0
0,0,1,20353675,0.0
0,0,1,20353676,0.0
0,0,1,20353677,0.0
0,0,1,20353678,0.0
0,0,1,20353679,0.04
0,0,1,20353680,0.14
0,0,1,20353681,0.3
0,0,1,20353682,0.46
0,0,1,20353683,0.6
0,0,1,20353684,0.71
0,0,1,20353685,0.8
0,0,1,20353686,0.8
0,0,1,20353687,0.75
0,0,1,20353688,0.65
0,0,1,20353689,0.5
0,0,1,20353690,0.3
0,0,1,20353691,0.1
0,0,1,20353692,0.02
0,0,1,20353693,0.0
0,0,1,20353694,0.0
0,0,1,20353695,0.0
0,0,1,20353696,0.0
0,0,1,20353697,0.0
0,0,1,20353698,0.0
0,0,1,20353699,0.0
0,0,1,20353700,0.0
0,0,1,20353701,0.0
0,0,1,20353702,0.0
0,0,1,20353703,0.04
0,0,1,20353704,0.14
0,0,1,20353705,0.3
0,0,1,20353706,0.46
0,0,1,20353707,0.6
0,0,1,20353708,0.71
0,0,1,20353709,0.8
0,0,1,20353710,0.8
0,0,1,20353711,0.75
0,0,1,20353712,0.65
0,0,1,20353713,0.5
0,0,1,20353714,0.3
0,0,1,20353715,0.1
0,0,1,20353716,0.02
0,0,1,20353717,0.0
0,0,1,20353718,0.0
0,0,1,20353719,0.0
0,0,1,20353720,0.0
0,0,1,20353721,0.0
0,0,1,20353722,0.0
0,0,1,20353723,0.0
0,0,1,20353724,0.0
0,0,1,20353725,0.0
0,0,1,20353726,0.0
0,0,1,20353727,0.04
0,0,1,20353728,0.14
0,0,1,20353729,0.3
0,0,1,20353730,0.46
0,0,1,20353731,0.6
0,0,1,20353732,0.71
0,0,1,20353733,0.8
0,0,1,20353734,0.8
0,0,1,20353735,0.75
0,0,1,20353736,0.65
0,0,1,20353737,0.5
0,0,1,20353738,0.3
0,0,1,20353739,0.1
0,0,1,20353740,0.02
0,0,1,20353741,0.0
0,0,1,20353742,0.0
0,0,1,20353743,0.0
0,0,1,20353744,0.0
0,0,1,20353745,0.0
0,0,1,20353746,0.0
0,0,1,20353747,0.0
0,0,1,20353748,0.0
0,0,1,20353749,0.0
0,0,1,20353750,0.0
0,0,1,20353751,0.04
0,0,1,20353752,0.14
0,0,1,20353753,0.3
0,0,1,20353754,0.46
0,0,1,20353755,0.6
0,0,1,20353756,0.71
0,0,1,20353757,0.8
0,0,1,20353758,0.8
0,0,1,20353759,0.75
0,0,1,20353760,0.65
0,0,1,20353761,0.5
0,0,1,20353762,0.3
0,0,1,20353763,0.1
0,0,1,20353764,0.02
0,0,1,20353765,0.0
0,0,1,20353766,0.0
0,0,1,20353767,0.0
0,0,1,20353768,0.0
0,0,1,20353769,0.0
0,0,1,20353770,0.0
0,0,1,20353771,0.0
0,0,1,20353772,0.0
0,0,1,20353773,0.0
0,0,1,20353774,0.0
0,0,1,20353775,0.04
0,0,1,20353776,0.14
0,0,1,20353777,0.3
0,0,1,20353778,0.46
0,0,1,20353779,0.6
0,0,1,20353780,0.71
0,0,1,20353781,0.8
0,0,1,20353782,0.8
0,0,1,20353783,0.75
0,0,1,20353784,0.65
0,0,1,20353785,0.5
0,0,1,20353786,0.3
0,0,1,20353787,0.1
0,0,1,20353788,0.02
0,0,1,20353789,0.0
0,0,1,20353790,0.0
0,0,1,20353791,0.0
0,0,1,20353792,0.0
0,0,1,20353793,0.0
0,0,1,20353794,0.0
0,0,1,20353795,0.0
0,0,1,20353796,0.0
0,0,1,20353797,0.0
0,0,1,20353798,0.0
0,0,1,20353799,0.04
0,0,1,20353800,0.14
0,0,1,20353801,0.3
0,0,1,20353802,0.46
0,0,1,20353803,0.6
0,0,1,20353804,0.71
0,0,1,20353805,0.8
0,0,1,20353806,0.8
0,0,1,20353807,0.75
0,0,1,20353808,0.65
0,0,1,20353809,0.5
0,0,1,20353810,0.3
0,0,1,20353811,0.1
0,0,1,20353812,0.02
0,0,1,20353813,0.0
0,0,1,20353814,0.0
0,0,1,20353815,0.0
0,0,1,20353816,0.0
0,0,1,20353817,0.0
0,0,1,20353818,0.0
0,0,1,20353819,0.0
0,0,1,20353820,0.0
0,0,1,20353821,0.0
0,0,1,20353822,0.0
0,0,1,20353823,0.04
0,0,1,20353824,0.14
0,0,1,20353825,0.3
0,0,1,20353826,0.46
0,0,1,20353827,0.6
0,0,1,20353828,0.71
0,0,1,20353829,0.8
0,0,1,20353830,0.8
0,0,1,20353831,0.75
0,0,1,20353832,0.65
0,0,1,20353833,0.5
0,0,1,20353834,0.3
0,0,1,20353835,0.1
0,0,1,20353836,0.02
0,0,1,20353837,0.0
0,0,1,20353838,0.0
0,0,1,20353839,0.0
0,0,1,20353840,0.0
0,0,1,20353841,0.0
0,0,1,20353842,0.0
0,0,1,20353843,0.0
0,0,1,20353844,0.0
0,0,1,20353845,0.0
0,0,1,20353846,0.0
0,0,1,20353847,0.04
0,0,1,20353848,0.14
0,0,1,20353849,0.3
0,0,1,20353850,0.46
0,0,1,20353851,0.6
0,0,1,20353852,0.71
0,0,1,20353853,0.8
0,0,1,20353854,0.8
0,0,1,20353855,0.75
0,0,1,20353856,0.65
0,0,1,20353857,0.5
0,0,1,20353858,0.3
0,0,1,20353859,0.1
0,0,1,20353860,0.02
0,0,1,20353861,0.0
0,0,1,20353862,0.0
0,0,1,20353863,0.0
0,0,1,20353864,0.0
0,0,1,20353865,0.0
0,0,1,20353866,0.0
0,0,1,20353867,0.0
0,0,1,20353868,0.0
0,0,1,20353869,0.0
0,0,1,20353870,0.0
0,0,1,20353871,0.04
0,0,1,20353872,0.14
0,0,1,20353873,0.3
0,0,1,20353874,0.46
0,0,1,20353875,0.6
0,0,1,20353876,0.71
0,0,1,20353877,0.8
0,0,1,20353878,0.8
0,0,1,20353879,0.75
0,0,1,20353880,0.65
0,0,1,20353881,0.5
0,0,1,20353882,0.3
0,0,1,20353883,0.1
0,0,1,20353884,0.02
0,0,1,20353885,0.0
0,0,1,20353886,0.0
0,0,1,20353887,0.0
0,0,1,20353888,0.0
0,0,1,20353889,0.0
0,0,1,20353890,0.0
0,0,1,20353891,0.0
0,0,1,20353892,0.0
0,0,1,20353893,0.0
0,0,1,20353894,0.0
0,0,1,20353895,0.04
0,0,1,20353896,0.14
0,0,1,20353897,0.3
0,0,1,20353898,0.46
0,0,1,20353899,0.6
0,0,1,20353900,0.71
0,0,1,20353901,0.8
0,0,1,20353902,0.8
0,0,1,20353903,0.75
0,0,1,20353904,0.65
0,0,1,20353905,0.5
0,0,1,20353906,0.3
0,0,1,20353907,0.1
0,0,1,20353908,0.02
0,0,1,20353909,0.0
0,0,1,20353910,0.0
0,0,1,20353911,0.0
0,0,1,20353912,0.0
0,0,1,20353913,0.0
0,0,1,20353914,0.0
0,0,1,20353915,0.0
0,0,1,20353916,0.0
0,0,1,20353917,0.0
0,0,1,20353918,0.0
0,0,1,20353919,0.04
0,0,1,20353920,0.14
0,0,1,20353921,0.3
0,0,1,20353922,0.46
0,0,1,20353923,0.6
0,0,1,20353924,0.71
0,0,1,20353925,0.8
0,0,1,20353926,0.8
0,0,1,20353927,0.75
0,0,1,20353928,0.65
0,0,1,20353929,0.5
0,0,1,20353930,0.3
0,0,1,20353931,0.1
0,0,1,20353932,0.02
0,0,1,20353933,0.0
0,0,1,20353934,0.0
0,0,1,20353935,0.0
0,0,1,20353936,0.0
0,0,1,20353937,0.0
0,0,1,20353938,0.0
0,0,1,20353939,0.0
0,0,1,20353940,0.0
0,0,1,20353941,0.0
0,0,1,20353942,0.0
0,0,1,20353943,0.04
0,0,1,20353944,0.14
0,0,1,20353945,0.3
0,0,1,20353946,0.46
0,0,1,20353947,0.6
0,0,1,20353948,0.71
0,0,1,20353949,0.8
0,0,1,20353950,0.8
0,0,1,20353951,0.75
0,0,1,20353952,0.65
0,0,1,20353953,0.5
0,0,1,20353954,0.3
0,0,1,20353955,0.1
0,0,1,20353956,0.02
0,0,1,20353957,0.0
0,0,1,20353958,0.0
0,0,1,20353959,0.0
0,0,1,20353960,0.0
0,0,1,20353961,0.0
0,0,1,20353962,0.0
0,0,1,20353963,0.0
0,0,1,20353964,0.0
0,0,1,20353965,0.0
0,0,1,20353966,0.0
0,0,1,20353967,0.04
0,0,1,20353968,0.14
0,0,1,20353969,0.3
0,0,1,20353970,0.46
0,0,1,20353971,0.6
0,0,1,20353972,0.71
0,0,1,20353973,0.8
0,0,1,20353974,0.8
0,0,1,20353975,0.75
0,0,1,20353976,0.65
0,0,1,20353977,0.5
0,0,1,20353978,0.3
0,0,1,20353979,0.1
0,0,1,20353980,0.02
0,0,1,20353981,0.0
0,0,1,20353982,0.0
0,0,1,20353983,0.0
0,0,1,20353984,0.0
0,0,1,20353985,0.0
0,0,1,20353986,0.0
0,0,1,20353987,0.0
0,0,1,20353988,0.0
0,0,1,20353989,0.0
0,0,1,20353990,0.0
0,0,1,20353991,0.04
0,0,1,20353992,0.14
0,0,1,20353993,0.3
0,0,1,20353994,0.46
0,0,1,20353995,0.6
0,0,1,20353996,0.71
0,0,1,20353997,0.8
0,0,1,20353998,0.8
0,0,1,20353999,0.75
0,0,1,20354000,0.65
0,0,1,20354001,0.5
0,0,1,20354002,0.3
0,0,1,20354003,0.1
0,0,1,20354004,0.02
0,0,1,20354005,0.0
0,0,1,20354006,0.0
0,0,1,20354007,0.0
0,0,1,20354008,0.0
0,0,1,20354009,0.0
0,0,1,20354010,0.0
0,0,1,20354011,0.0
0,0,1,20354012,0.0
0,0,1,20354013,0.0
0,0,1,20354014,0.0
0,0,1,20354015,0.04
0,0,1,20354016,0.14
0,0,1,20354017,0.3
0,0,1,20354018,0.46
0,0,1,20354019,0.6
0,0,1,20354020,0.71
0,0,1,20354021,0.8
0,0,1,20354022,0.8
0,0,1,20354023,0.75
0,0,1,20354024,0.65
0,0,1,20354025,0.5
0,0,1,20354026,0.3
0,0,1,20354027,0.1
0,0,1,20354028,0.02
0,0,1,20354029,0.0
0,0,1,20354030,0.0
0,0,1,20354031,0.0
0,0,1,20354032,0.0
0,0,1,20354033,0.0
0,0,1,20354034,0.0
0,0,1,20354035,0.0
0,0,1,20354036,0.0
0,0,1,20354037,0.0
0,0,1,20354038,0.0
0,0,1,20354039,0.04
0,0,1,20354040,0.14
0,0,1,20354041,0.3
0,0,1,20354042,0.46
0,0,1,20354043,0.6
0,0,1,20354044,0.71
0,0,1,20354045,0.8
0,0,1,20354046,0.8
0,0,1,20354047,0.75
0,0,1,20354048,0.65
0,0,1,20354049,0.5
0,0,1,20354050,0.3
0,0,1,20354051,0.1
0,0,1,20354052,0.02
0,0,1,20354053,0.0
0,0,1,20354054,0.0
0,0,1,20354055,0.0
0,0,1,20354056,0.0
0,0,1,20354057,0.0
0,0,1,20354058,0.0
0,0,1,20354059,0.0
0,0,1,20354060,0.0
0,0,1,20354061,0.0
0,0,1,20354062,0.0
0,0,1,20354063,0.04
0,0,1,20354064,0.14
0,0,1,20354065,0.3
0,0,1,20354066,0.46
0,0,1,20354067,0.6
0,0,1,20354068,0.71
0,0,1,20354069,0.8
0,0,1,20354070,0.8
0,0,1,20354071,0.75
0,0,1,20354072,0.65
0,0,1,20354073,0.5
0,0,1,20354074,0.3
0,0,1,20354075,0.1
0,0,1,20354076,0.02
0,0,1,20354077,0.0
0,0,1,20354078,0.0
0,0,1,20354079,0.0
0,0,1,20354080,0.0
0,0,1,20354081,0.0
0,0,1,20354082,0.0
0,0,1,20354083,0.0
0,0,1,20354084,0.0
0,0,1,20354085,0.0
0,0,1,20354086,0.0
0,0,1,20354087,0.04
0,0,1,20354088,0.14
0,0,1,20354089,0.3
0,0,1,20354090,0.46
0,0,1,20354091,0.6
0,0,1,20354092,0.71
0,0,1,20354093,0.8
0,0,1,20354094,0.8
0,0,1,20354095,0.75
0,0,1,20354096,0.65
0,0,1,20354097,0.5
0,0,1,20354098,0.3
0,0,1,20354099,0.1
0,0,1,20354100,0.02
0,0,1,20354101,0.0
0,0,1,20354102,0.0
0,0,1,20354103,0.0
0,0,1,20354104,0.0
0,0,1,20354105,0.0
0,0,1,20354106,0.0
0,0,1,20354107,0.0
0,0,1,20354108,0.0
0,0,1,20354109,0.0
0,0,1,20354110,0.0
0,0,1,20354111,0.04
0,0,1,20354112,0.14
0,0,1,20354113,0.3
0,0,1,20354114,0.46
0,0,1,20354115,0.6
0,0,1,20354116,0.71
0,0,1,20354117,0.8
0,0,1,20354118,0.8
0,0,1,20354119,0.75
0,0,1,20354120,0.65
0,0,1,20354121,0.5
0,0,1,20354122,0.3
0,0,1,20354123,0.1
0,0,1,20354124,0.02
0,0,1,20354125,0.0
0,0,1,20354126,0.0
0,0,1,20354127,0.0
0,0,1,20354128,0.0
0,0,1,20354129,0.0
0,0,1,20354130,0.0
0,0,1,20354131,0.0
0,0,1,20354132,0.0
0,0,1,20354133,0.0
0,0,1,20354134,0.0
0,0,1,20354135,0.04
0,0,1,20354136,0.14
0,0,1,20354137,0.3
0,0,1,20354138,0.46
0,0,1,20354139,0.6
0,0,1,20354140,0.71
0,0,1,20354141,0.8
0,0,1,20354142,0.8
0,0,1,20354143,0.75
0,0,1,20354144,0.65
0,0,1,20354145,0.5
0,0,1,20354146,0.3
0,0,1,20354147,0.1
0,0,1,20354148,0.02
0,0,1,20354149,0.0
0,0,1,20354150,0.0
0,0,1,20354151,0.0
0,0,1,20354152,0.0
0,0,1,20354153,0.0
0,0,1,20354154,0.0
0,0,1,20354155,0.0
0,0,1,20354156,0.0
0,0,1,20354157,0.0
0,0,1,20354158,0.0
0,0,1,20354159,0.04
0,0,1,20354160,0.14
0,0,1,20354161,0.3
0,0,1,20354162,0.46
0,0,1,20354163,0.6
0,0,1,20354164,0.71
0,0,1,20354165,0.8
0,0,1,20354166,0.8
0,0,1,20354167,0.75
0,0,1,20354168,0.65
0,0,1,20354169,0.5
0,0,1,20354170,0.3
0,0,1,20354171,0.1
0,0,1,20354172,0.02
0,0,1,20354173,0.0
0,0,1,20354174,0.0
0,0,1,20354175,0.0
0,0,1,20354176,0.0
0,0,1,20354177,0.0
0,0,1,20354178,0.0
0,0,1,20354179,0.0
0,0,1,20354180,0.0
0,0,1,20354181,0.0
0,0,1,20354182,0.0
0,0,1,20354183,0.04
0,0,1,20354184,0.14
0,0,1,20354185,0.3
0,0,1,20354186,0.46
0,0,1,20354187,0.6
0,0,1,20354188,0.71
0,0,1,20354189,0.8
0,0,1,20354190,0.8
0,0,1,20354191,0.75
0,0,1,20354192,0.65
0,0,1,20354193,0.5
0,0,1,20354194,0.3
0,0,1,20354195,0.1
0,0,1,20354196,0.02
0,0,1,20354197,0.0
0,0,1,20354198,0.0
0,0,1,20354199,0.0
0,0,1,20354200,0.0
0,0,1,20354201,0.0
0,0,1,20354202,0.0
0,0,1,20354203,0.0
0,0,1,20354204,0.0
0,0,1,20354205,0.0
0,0,1,20354206,0.0
0,0,1,20354207,0.04
0,0,1,20354208,0.14
0,0,1,20354209,0.3
0,0,1,20354210,0.46
0,0,1,20354211,0.6
0,0,1,20354212,0.71
0,0,1,20354213,0.8
0,0,1,20354214,0.8
0,0,1,20354215,0.75
0,0,1,20354216,0.65
0,0,1,20354217,0.5
0,0,1,20354218,0.3
0,0,1,20354219,0.1
0,0,1,20354220,0.02
0,0,1,20354221,0.0
0,0,1,20354222,0.0
0,0,1,20354223,0.0
0,0,1,20354224,0.0
0,0,1,20354225,0.0
0,0,1,20354226,0.0
0,0,1,20354227,0.0
0,0,1,20354228,0.0
0,0,1,20354229,0.0
0,0,1,20354230,0.0
0,0,1,20354231,0.04
0,0,1,20354232,0.14
0,0,1,20354233,0.3
0,0,1,20354234,0.46
0,0,1,20354235,0.6
0,0,1,20354236,0.71
0,0,1,20354237,0.8
0,0,1,20354238,0.8
0,0,1,20354239,0.75
0,0,1,20354240,0.65
0,0,1,20354241,0.5
0,0,1,20354242,0.3
0,0,1,20354243,0.1
0,0,1,20354244,0.02
0,0,1,20354245,0.0
0,0,1,20354246,0.0
0,0,1,20354247,0.0
0,0,1,20354248,0.0
0,0,1,20354249,0.0
0,0,1,20354250,0.0
0,0,1,20354251,0.0
0,0,1,20354252,0.0
0,0,1,20354253,0.0
0,0,1,20354254,0.0
0,0,1,20354255,0.04
0,0,1,20354256,0.14
0,0,1,20354257,0.3
0,0,1,20354258,0.46
0,0,1,20354259,0.6
0,0,1,20354260,0.71
0,0,1,20354261,0.8
0,0,1,20354262,0.8
0,0,1,20354263,0.75
0,0,1,20354264,0.65
0,0,1,20354265,0.5
0,0,1,20354266,0.3
0,0,1,20354267,0.1
0,0,1,20354268,0.02
0,0,1,20354269,0.0
0,0,1,20354270,0.0
0,0,1,20354271,0.0
0,0,1,20354272,0.0
0,0,1,20354273,0.0
0,0,1,20354274,0.0
0,0,1,20354275,0.0
0,0,1,20354276,0.0
0,0,1,20354277,0.0
0,0,1,20354278,0.0
0,0,1,20354279,0.04
0,0,1,20354280,0.14
0,0,1,20354281,0.3
0,0,1,20354282,0.46
0,0,1,20354283,0.6
0,0,1,20354284,0.71
0,0,1,20354285,0.8
0,0,1,20354286,0.8
0,0,1,20354287,0.75
0,0,1,20354288,0.65
0,0,1,20354289,0.5
0,0,1,20354290,0.3
0,0,1,20354291,0.1
0,0,1,20354292,0.02
0,0,1,20354293,0.0
0,0,1,20354294,0.0
0,0,1,20354295,0.0
0,0,1,20354296,0.0
0,0,1,20354297,0.0
0,0,1,20354298,0.0
0,0,1,20354299,0.0
0,0,1,20354300,0.0
0,0,1,20354301,0.0
0,0,1,20354302,0.0
0,0,1,20354303,0.04
0,0,1,20354304,0.14
0,0,1,20354305,0.3
0,0,1,20354306,0.46
0,0,1,20354307,0.6
0,0,1,20354308,0.71
0,0,1,20354309,0.8
0,0,1,20354310,0.8
0,0,1,20354311,0.75
0,0,1,20354312,0.65
0,0,1,20354313,0.5
0,0,1,20354314,0.3
0,0,1,20354315,0.1
0,0,1,20354316,0.02
0,0,1,20354317,0.0
0,0,1,20354318,0.0
0,0,1,20354319,0.0
0,0,1,20354320,0.0
0,0,1,20354321,0.0
0,0,1,20354322,0.0
0,0,1,20354323,0.0
0,0,1,20354324,0.0
0,0,1,20354325,0.0
0,0,1,20354326,0.0
0,0,1,20354327,0.04
0,0,1,20354328,0.14
0,0,1,20354329,0.3
0,0,1,20354330,0.46
0,0,1,20354331,0.6
0,0,1,20354332,0.71
0,0,1,20354333,0.8
0,0,1,20354334,0.8
0,0,1,20354335,0.75
0,0,1,20354336,0.65
0,0,1,20354337,0.5
0,0,1,20354338,0.3
0,0,1,20354339,0.1
0,0,1,20354340,0.02
0,0,1,20354341,0.0
0,0,1,20354342,0.0
0,0,1,20354343,0.0
0,0,1,20354344,0.0
0,0,1,20354345,0.0
0,0,1,20354346,0.0
0,0,1,20354347,0.0
0,0,1,20354348,0.0
0,0,1,20354349,0.0
0,0,1,20354350,0.0
0,0,1,20354351,0.04
0,0,1,20354352,0.14
0,0,1,20354353,0.3
0,0,1,20354354,0.46
0,0,1,20354355,0.6
0,0,1,20354356,0.71
0,0,1,20354357,0.8
0,0,1,20354358,0.8
0,0,1,20354359,0.75
0,0,1,20354360,0.65
0,0,1,20354361,0.5
0,0,1,20354362,0.3
0,0,1,20354363,0.1
0,0,1,20354364,0.02
0,0,1,20354365,0.0
0,0,1,20354366,0.0
0,0,1,20354367,0.0
0,0,1,20354368,0.0
0,0,1,20354369,0.0
0,0,1,20354370,0.0
0,0,1,20354371,0.0
0,0,1,20354372,0.0
0,0,1,20354373,0.0
0,0,1,20354374,0.0
0,0,1,20354375,0.04
0,0,1,20354376,0.14
0,0,1,20354377,0.3
0,0,1,20354378,0.46
0,0,1,20354379,0.6
0,0,1,20354380,0.71
0,0,1,20354381,0.8
0,0,1,20354382,0.8
0,0,1,20354383,0.75
0,0,1,20354384,0.65
0,0,1,20354385,0.5
0,0,1,20354386,0.3
0,0,1,20354387,0.1
0,0,1,20354388,0.02
0,0,1,20354389,0.0
0,0,1,20354390,0.0
0,0,1,20354391,0.0
0,0,1,20354392,0.0
0,0,1,20354393,0.0
0,0,1,20354394,0.0
0,0,1,20354395,0.0
0,0,1,20354396,0.0
0,0,1,20354397,0.0
0,0,1,20354398,0.0
0,0,1,20354399,0.04
0,0,1,20354400,0.14
0,0,1,20354401,0.3
0,0,1,20354402,0.46
0,0,1,20354403,0.6
0,0,1,20354404,0.71
0,0,1,20354405,0.8
0,0,1,20354406,0.8
0,0,1,20354407,0.75
0,0,1,20354408,0.65
0,0,1,20354409,0.5
0,0,1,20354410,0.3
0,0,1,20354411,0.1
0,0,1,20354412,0.02
0,0,1,20354413,0.0
0,0,1,20354414,0.0
0,0,1,20354415,0.0
0,0,1,20354416,0.0
0,0,1,20354417,0.0
0,0,1,20354418,0.0
0,0,1,20354419,0.0
0,0,1,20354420,0.0
0,0,1,20354421,0.0
0,0,1,20354422,0.0
0,0,1,20354423,0.04
0,0,1,20354424,0.14
0,0,1,20354425,0.3
0,0,1,20354426,0.46
0,0,1,20354427,0.6
0,0,1,20354428,0.71
0,0,1,20354429,0.8
0,0,1,20354430,0.8
0,0,1,20354431,0.75
0,0,1,20354432,0.65
0,0,1,20354433,0.5
0,0,1,20354434,0.3
0,0,1,20354435,0.1
0,0,1,20354436,0.02
0,0,1,20354437,0.0
0,0,1,20354438,0.0
0,0,1,20354439,0.0
0,0,1,20354440,0.0
0,0,1,20354441,0.0
0,0,1,20354442,0.0
0,0,1,20354443,0.0
0,0,1,20354444,0.0
0,0,1,20354445,0.0
0,0,1,20354446,0.0
0,0,1,20354447,0.04
0,0,1,20354448,0.14
0,0,1,20354449,0.3
0,0,1,20354450,0.46
0,0,1,20354451,0.6
0,0,1,20354452,0.71
0,0,1,20354453,0.8
0,0,1,20354454,0.8
0,0,1,20354455,0.75
0,0,1,20354456,0.65
0,0,1,20354457,0.5
0,0,1,20354458,0.3
0,0,1,20354459,0.1
0,0,1,20354460,0.02
0,0,1,20354461,0.0
0,0,1,20354462,0.0
0,0,1,20354463,0.0
0,0,1,20354464,0.0
0,0,1,20354465,0.0
0,0,1,20354466,0.0
0,0,1,20354467,0.0
0,0,1,20354468,0.0
0,0,1,20354469,0.0
0,0,1,20354470,0.0
0,0,1,20354471,0.04
0,0,1,20354472,0.14
0,0,1,20354473,0.3
0,0,1,20354474,0.46
0,0,1,20354475,0.6
0,0,1,20354476,0.71
0,0,1,20354477,0.8
0,0,1,20354478,0.8
0,0,1,20354479,0.75
0,0,1,20354480,0.65
0,0,1,20354481,0.5
0,0,1,20354482,0.3
0,0,1,20354483,0.1
0,0,1,20354484,0.02
0,0,1,20354485,0.0
0,0,1,20354486,0.0
0,0,1,20354487,0.0
0,0,1,20354488,0.0
0,0,1,20354489,0.0
0,0,1,20354490,0.0
0,0,1,20354491,0.0
0,0,1,20354492,0.0
0,0,1,20354493,0.0
0,0,1,20354494,0.0
0,0,1,20354495,0.04
0,0,1,20354496,0.14
0,0,1,20354497,0.3
0,0,1,20354498,0.46
0,0,1,20354499,0.6
0,0,1,20354500,0.71
0,0,1,20354501,0.8
0,0,1,20354502,0.8
0,0,1,20354503,0.75
0,0,1,20354504,0.65
0,0,1,20354505,0.5
0,0,1,20354506,0.3
0,0,1,20354507,0.1
0,0,1,20354508,0.02
0,0,1,20354509,0.0
0,0,1,20354510,0.0
0,0,1,20354511,0.0
0,0,1,20354512,0.0
0,0,1,20354513,0.0
0,0,1,20354514,0.0
0,0,1,20354515,0.0
0,0,1,20354516,0.0
0,0,1,20354517,0.0
0,0,1,20354518,0.0
0,0,1,20354519,0.04
0,0,1,20354520,0.14
0,0,1,20354521,0.3
0,0,1,20354522,0.46
0,0,1,20354523,0.6
0,0,1,20354524,0.71
0,0,1,20354525,0.8
0,0,1,20354526,0.8
0,0,1,20354527,0.75
0,0,1,20354528,0.65
0,0,1,20354529,0.5
0,0,1,20354530,0.3
0,0,1,20354531,0.1
0,0,1,20354532,0.02
0,0,1,20354533,0.0
0,0,1,20354534,0.0
0,0,1,20354535,0.0
0,0,1,20354536,0.0
0,0,1,20354537,0.0
0,0,1,20354538,0.0
0,0,1,20354539,0.0
0,0,1,20354540,0.0
0,0,1,20354541,0.0
0,0,1,20354542,0.0
0,0,1,20354543,0.04
0,0,1,20354544,0.14
0,0,1,20354545,0.3
0,0,1,20354546,0.46
0,0,1,20354547,0.6
0,0,1,20354548,0.71
0,0,1,20354549,0.8
0,0,1,20354550,0.8
0,0,1,20354551,0.75
0,0,1,20354552,0.65
0,0,1,20354553,0.5
0,0,1,20354554,0.3
0,0,1,20354555,0.1
0,0,1,20354556,0.02
0,0,1,20354557,0.0
0,0,1,20354558,0.0
0,0,1,20354559,0.0
0,0,1,20354560,0.0
0,0,1,20354561,0.0
0,0,1,20354562,0.0
0,0,1,20354563,0.0
0,0,1,20354564,0.0
0,0,1,20354565,0.0
0,0,1,20354566,0.0
0,0,1,20354567,0.04
0,0,1,20354568,0.14
0,0,1,20354569,0.3
0,0,1,20354570,0.46
0,0,1,20354571,0.6
0,0,1,20354572,0.71
0,0,1,20354573,0.8
0,0,1,20354574,0.8
0,0,1,20354575,0.75
0,0,1,20354576,0.65
0,0,1,20354577,0.5
0,0,1,20354578,0.3
0,0,1,20354579,0.1
0,0,1,20354580,0.02
0,0,1,20354581,0.0
0,0,1,20354582,0.0
0,0,1,20354583,0.0
0,0,1,20354584,0.0
0,0,1,20354585,0.0
0,0,1,20354586,0.0
0,0,1,20354587,0.0
0,0,1,20354588,0.0
0,0,1,20354589,0.0
0,0,1,20354590,0.0
0,0,1,20354591,0.04
0,0,1,20354592,0.14
0,0,1,20354593,0.3
0,0,1,20354594,0.46
0,0,1,20354595,0.6
0,0,1,20354596,0.71
0,0,1,20354597,0.8
0,0,1,20354598,0.8
0,0,1,20354599,0.75
0,0,1,20354600,0.65
0,0,1,20354601,0.5
0,0,1,20354602,0.3
0,0,1,20354603,0.1
0,0,1,20354604,0.02
0,0,1,20354605,0.0
0,0,1,20354606,0.0
0,0,1,20354607,0.0
0,0,1,20354608,0.0
0,0,1,20354609,0.0
0,0,1,20354610,0.0
0,0,1,20354611,0.0
0,0,1,20354612,0.0
0,0,1,20354613,0.0
0,0,1,20354614,0.0
0,0,1,20354615,0.04
0,0,1,20354616,0.14
0,0,1,20354617,0.3
0,0,1,20354618,0.46
0,0,1,20354619,0.6
0,0,1,20354620,0.71
0,0,1,20354621,0.8
0,0,1,20354622,0.8
0,0,1,20354623,0.75
0,0,1,20354624,0.65
0,0,1,20354625,0.5
0,0,1,20354626,0.3
0,0,1,20354627,0.1
0,0,1,20354628,0.02
0,0,1,20354629,0.0
0,0,1,20354630,0.0
0,0,1,20354631,0.0
0,0,1,20354632,0.0
0,0,1,20354633,0.0
0,0,1,20354634,0.0
0,0,1,20354635,0.0
0,0,1,20354636,0.0
0,0,1,20354637,0.0
0,0,1,20354638,0.0
0,0,1,20354639,0.04
0,0,1,20354640,0.14
0,0,1,20354641,0.3
0,0,1,20354642,0.46
0,0,1,20354643,0.6
0,0,1,20354644,0.71
0,0,1,20354645,0.8
0,0,1,20354646,0.8
0,0,1,20354647,0.75
0,0,1,20354648,0.65
0,0,1,20354649,0.5
0,0,1,20354650,0.3
0,0,1,20354651,0.1
0,0,1,20354652,0.02
0,0,1,20354653,0.0
0,0,1,20354654,0.0
0,0,1,20354655,0.0
0,0,1,20354656,0.0
0,0,1,20354657,0.0
0,0,1,20354658,0.0
0,0,1,20354659,0.0
0,0,1,20354660,0.0
0,0,1,20354661,0.0
0,0,1,20354662,0.0
0,0,1,20354663,0.04
0,0,1,20354664,0.14
0,0,1,20354665,0.3
0,0,1,20354666,0.46
0,0,1,20354667,0.6
0,0,1,20354668,0.71
0,0,1,20354669,0.8
0,0,1,20354670,0.8
0,0,1,20354671,0.75
0,0,1,20354672,0.65
0,0,1,20354673,0.5
0,0,1,20354674,0.3
0,0,1,20354675,0.1
0,0,1,20354676,0.02
0,0,1,20354677,0.0
0,0,1,20354678,0.0
0,0,1,20354679,0.0
0,0,1,20354680,0.0
0,0,1,20354681,0.0
0,0,1,20354682,0.0
0,0,1,20354683,0.0
0,0,1,20354684,0.0
0,0,1,20354685,0.0
0,0,1,20354686,0.0
0,0,1,20354687,0.04
0,0,1,20354688,0.14
0,0,1,20354689,0.3
0,0,1,20354690,0.46
0,0,1,20354691,0.6
0,0,1,20354692,0.71
0,0,1,20354693,0.8
0,0,1,20354694,0.8
0,0,1,20354695,0.75
0,0,1,20354696,0.65
0,0,1,20354697,0.5
0,0,1,20354698,0.3
0,0,1,20354699,0.1
0,0,1,20354700,0.02
0,0,1,20354701,0.0
0,0,1,20354702,0.0
0,0,1,20354703,0.0
0,0,1,20354704,0.0
0,0,1,20354705,0.0
0,0,1,20354706,0.0
0,0,1,20354707,0.0
0,0,1,20354708,0.0
0,0,1,20354709,0.0
0,0,1,20354710,0.0
0,0,1,20354711,0.04
0,0,1,20354712,0.14
0,0,1,20354713,0.3
0,0,1,20354714,0.46
0,0,1,20354715,0.6
0,0,1,20354716,0.71
0,0,1,20354717,0.8
0,0,1,20354718,0.8
0,0,1,20354719,0.75
0,0,1,20354720,0.65
0,0,1,20354721,0.5
0,0,1,20354722,0.3
0,0,1,20354723,0.1
0,0,1,20354724,0.02
0,0,1,20354725,0.0
0,0,1,20354726,0.0
0,0,1,20354727,0.0
0,0,1,20354728,0.0
0,0,1,20354729,0.0
0,0,1,20354730,0.0
0,0,1,20354731,0.0
0,0,1,20354732,0.0
0,0,1,20354733,0.0
0,0,1,20354734,0.0
0,0,1,20354735,0.04
0,0,1,20354736,0.14
0,0,1,20354737,0.3
0,0,1,20354738,0.46
0,0,1,20354739,0.6
0,0,1,20354740,0.71
0,0,1,20354741,0.8
0,0,1,20354742,0.8
0,0,1,20354743,0.75
0,0,1,20354744,0.65
0,0,1,20354745,0.5
0,0,1,20354746,0.3
0,0,1,20354747,0.1
0,0,1,20354748,0.02
0,0,1,20354749,0.0
0,0,1,20354750,0.0
0,0,1,20354751,0.0
0,0,1,20354752,0.0
0,0,1,20354753,0.0
0,0,1,20354754,0.0
0,0,1,20354755,0.0
0,0,1,20354756,0.0
0,0,1,20354757,0.0
0,0,1,20354758,0.0
0,0,1,20354759,0.04
0,0,1,20354760,0.14
0,0,1,20354761,0.3
0,0,1,20354762,0.46
0,0,1,20354763,0.6
0,0,1,20354764,0.71
0,0,1,20354765,0.8
0,0,1,20354766,0.8
0,0,1,20354767,0.75
0,0,1,20354768,0.65
0,0,1,20354769,0.5
0,0,1,20354770,0.3
0,0,1,20354771,0.1
0,0,1,20354772,0.02
0,0,1,20354773,0.0
0,0,1,20354774,0.0
0,0,1,20354775,0.0
0,0,1,20354776,0.0
0,0,1,20354777,0.0
0,0,1,20354778,0.0
0,0,1,20354779,0.0
0,0,1,20354780,0.0
0,0,1,20354781,0.0
0,0,1,20354782,0.0
0,0,1,20354783,0.04
0,0,1,20354784,0.14
0,0,1,20354785,0.3
0,0,1,20354786,0.46
0,0,1,20354787,0.6
0,0,1,20354788,0.71
0,0,1,20354789,0.8
0,0,1,20354790,0.8
0,0,1,20354791,0.75
0,0,1,20354792,0.65
0,0,1,20354793,0.5
0,0,1,20354794,0.3
0,0,1,20354795,0.1
0,0,1,20354796,0.02
0,0,1,20354797,0.0
0,0,1,20354798,0.0
0,0,1,20354799,0.0
0,0,1,20354800,0.0
0,0,1,20354801,0.0
0,0,1,20354802,0.0
0,0,1,20354803,0.0
0,0,1,20354804,0.0
0,0,1,20354805,0.0
0,0,1,20354806,0.0
0,0,1,20354807,0.04
0,0,1,20354808,0.14
0,0,1,20354809,0.3
0,0,1,20354810,0.46
0,0,1,20354811,0.6
0,0,1,20354812,0.71
0,0,1,20354813,0.8
0,0,1,20354814,0.8
0,0,1,20354815,0.75
0,0,1,20354816,0.65
0,0,1,20354817,0.5
0,0,1,20354818,0.3
0,0,1,20354819,0.1
0,0,1,20354820,0.02
0,0,1,20354821,0.0
0,0,1,20354822,0.0
0,0,1,20354823,0.0
0,0,1,20354824,0.0
0,0,1,20354825,0.0
0,0,1,20354826,0.0
0,0,1,20354827,0.0
0,0,1,20354828,0.0
0,0,1,20354829,0.0
0,0,1,20354830,0.0
0,0,1,20354831,0.04
0,0,1,20354832,0.14
0,0,1,20354833,0.3
0,0,1,20354834,0.46
0,0,1,20354835,0.6
0,0,1,20354836,0.71
0,0,1,20354837,0.8
0,0,1,20354838,0.8
0,0,1,20354839,0.75
0,0,1,20354840,0.65
0,0,1,20354841,0.5
0,0,1,20354842,0.3
0,0,1,20354843,0.1
0,0,1,20354844,0.02
0,0,1,20354845,0.0
0,0,1,20354846,0.0
0,0,1,20354847,0.0
0,0,1,20354848,0.0
0,0,1,20354849,0.0
0,0,1,20354850,0.0
0,0,1,20354851,0.0
0,0,1,20354852,0.0
0,0,1,20354853,0.0
0,0,1,20354854,0.0
0,0,1,20354855,0.04
0,0,1,20354856,0.14
0,0,1,20354857,0.3
0,0,1,20354858,0.46
0,0,1,20354859,0.6
0,0,1,20354860,0.71
0,0,1,20354861,0.8
0,0,1,20354862,0.8
0,0,1,20354863,0.75
0,0,1,20354864,0.65
0,0,1,20354865,0.5
0,0,1,20354866,0.3
0,0,1,20354867,0.1
0,0,1,20354868,0.02
0,0,1,20354869,0.0
0,0,1,20354870,0.0
0,0,1,20354871,0.0
0,0,1,20354872,0.0
0,0,1,20354873,0.0
0,0,1,20354874,0.0
0,0,1,20354875,0.0
0,0,1,20354876,0.0
0,0,1,20354877,0.0
0,0,1,20354878,0.0
0,0,1,20354879,0.04
0,0,1,20354880,0.14
0,0,1,20354881,0.3
0,0,1,20354882,0.46
0,0,1,20354883,0.6
0,0,1,20354884,0.71
0,0,1,20354885,0.8
0,0,1,20354886,0.8
0,0,1,20354887,0.75
0,0,1,20354888,0.65
0,0,1,20354889,0.5
0,0,1,20354890,0.3
0,0,1,20354891,0.1
0,0,1,20354892,0.02
0,0,1,20354893,0.0
0,0,1,20354894,0.0
0,0,1,20354895,0.0
0,0,1,20354896,0.0
0,0,1,20354897,0.0
0,0,1,20354898,0.0
0,0,1,20354899,0.0
0,0,1,20354900,0.0
0,0,1,20354901,0.0
0,0,1,20354902,0.0
0,0,1,20354903,0.04
0,0,1,20354904,0.14
0,0,1,20354905,0.3
0,0,1,20354906,0.46
0,0,1,20354907,0.6
0,0,1,20354908,0.71
0,0,1,20354909,0.8
0,0,1,20354910,0.8
0,0,1,20354911,0.75
0,0,1,20354912,0.65
0,0,1,20354913,0.5
0,0,1,20354914,0.3
0,0,1,20354915,0.1
0,0,1,20354916,0.02
0,0,1,20354917,0.0
0,0,1,20354918,0.0
0,0,1,20354919,0.0
0,0,1,20354920,0.0
0,0,1,20354921,0.0
0,0,1,20354922,0.0
0,0,1,20354923,0.0
0,0,1,20354924,0.0
0,0,1,20354925,0.0
0,0,1,20354926,0.0
0,0,1,20354927,0.04
0,0,1,20354928,0.14
0,0,1,20354929,0.3
0,0,1,20354930,0.46
0,0,1,20354931,0.6
0,0,1,20354932,0.71
0,0,1,20354933,0.8
0,0,1,20354934,0.8
0,0,1,20354935,0.75
0,0,1,20354936,0.65
0,0,1,20354937,0.5
0,0,1,20354938,0.3
0,0,1,20354939,0.1
0,0,1,20354940,0.02
0,0,1,20354941,0.0
0,0,1,20354942,0.0
0,0,1,20354943,0.0
0,0,1,20354944,0.0
0,0,1,20354945,0.0
0,0,1,20354946,0.0
0,0,1,20354947,0.0
0,0,1,20354948,0.0
0,0,1,20354949,0.0
0,0,1,20354950,0.0
0,0,1,20354951,0.04
0,0,1,20354952,0.14
0,0,1,20354953,0.3
0,0,1,20354954,0.46
0,0,1,20354955,0.6
0,0,1,20354956,0.71
0,0,1,20354957,0.8
0,0,1,20354958,0.8
0,0,1,20354959,0.75
0,0,1,20354960,0.65
0,0,1,20354961,0.5
0,0,1,20354962,0.3
0,0,1,20354963,0.1
0,0,1,20354964,0.02
0,0,1,20354965,0.0
0,0,1,20354966,0.0
0,0,1,20354967,0.0
0,0,1,20354968,0.0
0,0,1,20354969,0.0
0,0,1,20354970,0.0
0,0,1,20354971,0.0
0,0,1,20354972,0.0
0,0,1,20354973,0.0
0,0,1,20354974,0.0
0,0,1,20354975,0.04
0,0,1,20354976,0.14
0,0,1,20354977,0.3
0,0,1,20354978,0.46
0,0,1,20354979,0.6
0,0,1,20354980,0.71
0,0,1,20354981,0.8
0,0,1,20354982,0.8
0,0,1,20354983,0.75
0,0,1,20354984,0.65
0,0,1,20354985,0.5
0,0,1,20354986,0.3
0,0,1,20354987,0.1
0,0,1,20354988,0.02
0,0,1,20354989,0.0
0,0,1,20354990,0.0
0,0,1,20354991,0.0
0,0,1,20354992,0.0
0,0,1,20354993,0.0
0,0,1,20354994,0.0
0,0,1,20354995,0.0
0,0,1,20354996,0.0
0,0,1,20354997,0.0
0,0,1,20354998,0.0
0,0,1,20354999,0.04
0,0,1,20355000,0.14
0,0,1,20355001,0.3
0,0,1,20355002,0.46
0,0,1,20355003,0.6
0,0,1,20355004,0.71
0,0,1,20355005,0.8
0,0,1,20355006,0.8
0,0,1,20355007,0.75
0,0,1,20355008,0.65
0,0,1,20355009,0.5
0,0,1,20355010,0.3
0,0,1,20355011,0.1
0,0,1,20355012,0.02
0,0,1,20355013,0.0
0,0,1,20355014,0.0
0,0,1,20355015,0.0
0,0,1,20355016,0.0
0,0,1,20355017,0.0
0,0,1,20355018,0.0
0,0,1,20355019,0.0
0,0,1,20355020,0.0
0,0,1,20355021,0.0
0,0,1,20355022,0.0
0,0,1,20355023,0.04
0,0,1,20355024,0.14
0,0,1,20355025,0.3
0,0,1,20355026,0.46
0,0,1,20355027,0.6
0,0,1,20355028,0.71
0,0,1,20355029,0.8
0,0,1,20355030,0.8
0,0,1,20355031,0.75
0,0,1,20355032,0.65
0,0,1,20355033,0.5
0,0,1,20355034,0.3
0,0,1,20355035,0.1
0,0,1,20355036,0.02
0,0,1,20355037,0.0
0,0,1,20355038,0.0
0,0,1,20355039,0.0
0,0,1,20355040,0.0
0,0,1,20355041,0.0
0,0,1,20355042,0.0
0,0,1,20355043,0.0
0,0,1,20355044,0.0
0,0,1,20355045,0.0
0,0,1,20355046,0.0
0,0,1,20355047,0.04
0,0,1,20355048,0.14
0,0,1,20355049,0.3
0,0,1,20355050,0.46
0,0,1,20355051,0.6
0,0,1,20355052,0.71
0,0,1,20355053,0.8
0,0,1,20355054,0.8
0,0,1,20355055,0.75
0,0,1,20355056,0.65
0,0,1,20355057,0.5
0,0,1,20355058,0.3
0,0,1,20355059,0.1
0,0,1,20355060,0.02
0,0,1,20355061,0.0
0,0,1,20355062,0.0
0,0,1,20355063,0.0
0,0,1,20355064,0.0
0,0,1,20355065,0.0
0,0,1,20355066,0.0
0,0,1,20355067,0.0
0,0,1,20355068,0.0
0,0,1,20355069,0.0
0,0,1,20355070,0.0
0,0,1,20355071,0.04
0,0,1,20355072,0.14
0,0,1,20355073,0.3
0,0,1,20355074,0.46
0,0,1,20355075,0.6
0,0,1,20355076,0.71
0,0,1,20355077,0.8
0,0,1,20355078,0.8
0,0,1,20355079,0.75
0,0,1,20355080,0.65
0,0,1,20355081,0.5
0,0,1,20355082,0.3
0,0,1,20355083,0.1
0,0,1,20355084,0.02
0,0,1,20355085,0.0
0,0,1,20355086,0.0
0,0,1,20355087,0.0
0,0,1,20355088,0.0
0,0,1,20355089,0.0
0,0,1,20355090,0.0
0,0,1,20355091,0.0
0,0,1,20355092,0.0
0,0,1,20355093,0.0
0,0,1,20355094,0.0
0,0,1,20355095,0.038
0,0,1,20355096,0.133
0,0,1,20355097,0.285
0,0,1,20355098,0.437
0,0,1,20355099,0.57
0,0,1,20355100,0.6745
0,0,1,20355101,0.76
0,0,1,20355102,0.76
0,0,1,20355103,0.7125
0,0,1,20355104,0.6175
0,0,1,20355105,0.475
0,0,1,20355106,0.285
0,0,1,20355107,0.095
0,0,1,20355108,0.019
0,0,1,20355109,0.0
0,0,1,20355110,0.0
0,0,1,20355111,0.0
0,0,1,20355112,0.0
0,0,1,20355113,0.0
0,0,1,20355114,0.0
0,0,1,20355115,0.0
0,0,1,20355116,0.0
0,0,1,20355117,0.0
0,0,1,20355118,0.0
0,0,1,20355119,0.038
0,0,1,20355120,0.133
0,0,1,20355121,0.285
0,0,1,20355122,0.437
0,0,1,20355123,0.57
0,0,1,20355124,0.6745
0,0,1,20355125,0.76
0,0,1,20355126,0.76
0,0,1,20355127,0.7125
0,0,1,20355128,0.6175
0,0,1,20355129,0.475
0,0,1,20355130,0.285
0,0,1,20355131,0.095
0,0,1,20355132,0.019
0,0,1,20355133,0.0
0,0,1,20355134,0.0
0,0,1,20355135,0.0
0,0,1,20355136,0.0
0,0,1,20355137,0.0
0,0,1,20355138,0.0
0,0,1,20355139,0.0
0,0,1,20355140,0.0
0,0,1,20355141,0.0
0,0,1,20355142,0.0
0,0,1,20355143,0.038
0,0,1,20355144,0.133
0,0,1,20355145,0.285
0,0,1,20355146,0.437
0,0,1,20355147,0.57
0,0,1,20355148,0.6745
0,0,1,20355149,0.76
0,0,1,20355150,0.76
0,0,1,20355151,0.7125
0,0,1,20355152,0.6175
0,0,1,20355153,0.475
0,0,1,20355154,0.285
0,0,1,20355155,0.095
0,0,1,20355156,0.019
0,0,1,20355157,0.0
0,0,1,20355158,0.0
0,0,1,20355159,0.0
0,0,1,20355160,0.0
0,0,1,20355161,0.0
0,0,1,20355162,0.0
0,0,1,20355163,0.0
0,0,1,20355164,0.0
0,0,1,20355165,0.0
0,0,1,20355166,0.0
0,0,1,20355167,0.038
0,0,1,20355168,0.133
0,0,1,20355169,0.285
0,0,1,20355170,0.437
0,0,1,20355171,0.57
0,0,1,20355172,0.6745
0,0,1,20355173,0.76
0,0,1,20355174,0.76
0,0,1,20355175,0.7125
0,0,1,20355176,0.6175
0,0,1,20355177,0.475
0,0,1,20355178,0.285
0,0,1,20355179,0.095
0,0,1,20355180,0.019
0,0,1,20355181,0.0
0,0,1,20355182,0.0
0,0,1,20355183,0.0
0,0,1,20355184,0.0
0,0,1,20355185,0.0
0,0,1,20355186,0.0
0,0,1,20355187,0.0
0,0,1,20355188,0.0
0,0,1,20355189,0.0
0,0,1,20355190,0.0
0,0,1,20355191,0.038
0,0,1,20355192,0.133
0,0,1,20355193,0.285
0,0,1,20355194,0.437
0,0,1,20355195,0.57
0,0,1,20355196,0.6745
0,0,1,20355197,0.76
0,0,1,20355198,0.76
0,0,1,20355199,0.7125
0,0,1,20355200,0.6175
0,0,1,20355201,0.475
0,0,1,20355202,0.285
0,0,1,20355203,0.095
0,0,1,20355204,0.019
0,0,1,20355205,0.0
0,0,1,20355206,0.0
0,0,1,20355207,0.0
0,0,1,20355208,0.0
0,0,1,20355209,0.0
0,0,1,20355210,0.0
0,0,1,20355211,0.0
0,0,1,20355212,0.0
0,0,1,20355213,0.0
0,0,1,20355214,0.0
0,0,1,20355215,0.038
0,0,1,20355216,0.133
0,0,1,20355217,0.285
0,0,1,20355218,0.437
0,0,1,20355219,0.57
0,0,1,20355220,0.6745
0,0,1,20355221,0.76
0,0,1,20355222,0.76
0,0,1,20355223,0.7125
0,0,1,20355224,0.6175
0,0,1,20355225,0.475
0,0,1,20355226,0.285
0,0,1,20355227,0.095
0,0,1,20355228,0.019
0,0,1,20355229,0.0
0,0,1,20355230,0.0
0,0,1,20355231,0.0
0,0,1,20355232,0.0
0,0,1,20355233,0.0
0,0,1,20355234,0.0
0,0,1,20355235,0.0
0,0,1,20355236,0.0
0,0,1,20355237,0.0
0,0,1,20355238,0.0
0,0,1,20355239,0.038
0,0,1,20355240,0.133
0,0,1,20355241,0.285
0,0,1,20355242,0.437
0,0,1,20355243,0.57
0,0,1,20355244,0.6745
0,0,1,20355245,0.76
0,0,1,20355246,0.76
0,0,1,20355247,0.7125
0,0,1,20355248,0.6175
0,0,1,20355249,0.475
0,0,1,20355250,0.285
0,0,1,20355251,0.095
0,0,1,20355252,0.019
0,0,1,20355253,0.0
0,0,1,20355254,0.0
0,0,1,20355255,0.0
0,0,1,20355256,0.0
0,0,1,20355257,0.0
0,0,1,20355258,0.0
0,0,1,20355259,0.0
0,0,1,20355260,0.0
0,0,1,20355261,0.0
0,0,1,20355262,0.0
0,0,1,20355263,0.038
0,0,1,20355264,0.133
0,0,1,20355265,0.285
0,0,1,20355266,0.437
0,0,1,20355267,0.57
0,0,1,20355268,0.6745
0,0,1,20355269,0.76
0,0,1,20355270,0.76
0,0,1,20355271,0.7125
0,0,1,20355272,0.6175
0,0,1,20355273,0.475
0,0,1,20355274,0.285
0,0,1,20355275,0.095
0,0,1,20355276,0.019
0,0,1,20355277,0.0
0,0,1,20355278,0.0
0,0,1,20355279,0.0
0,0,1,20355280,0.0
0,0,1,20355281,0.0
0,0,1,20355282,0.0
0,0,1,20355283,0.0
0,0,1,20355284,0.0
0,0,1,20355285,0.0
0,0,1,20355286,0.0
0,0,1,20355287,0.038
0,0,1,20355288,0.133
0,0,1,20355289,0.285
0,0,1,20355290,0.437
0,0,1,20355291,0.57
0,0,1,20355292,0.6745
0,0,1,20355293,0.76
0,0,1,20355294,0.76
0,0,1,20355295,0.7125
0,0,1,20355296,0.6175
0,0,1,20355297,0.475
0,0,1,20355298,0.285
0,0,1,20355299,0.095
0,0,1,20355300,0.019
0,0,1,20355301,0.0
0,0,1,20355302,0.0
0,0,1,20355303,0.0
0,0,1,20355304,0.0
0,0,1,20355305,0.0
0,0,1,20355306,0.0
0,0,1,20355307,0.0
0,0,1,20355308,0.0
0,0,1,20355309,0.0
0,0,1,20355310,0.0
0,0,1,20355311,0.038
0,0,1,20355312,0.133
0,0,1,20355313,0.285
0,0,1,20355314,0.437
0,0,1,20355315,0.57
0,0,1,20355316,0.6745
0,0,1,20355317,0.76
0,0,1,20355318,0.76
0,0,1,20355319,0.7125
0,0,1,20355320,0.6175
0,0,1,20355321,0.475
0,0,1,20355322,0.285
0,0,1,20355323,0.095
0,0,1,20355324,0.019
0,0,1,20355325,0.0
0,0,1,20355326,0.0
0,0,1,20355327,0.0
0,0,1,20355328,0.0
0,0,1,20355329,0.0
0,0,1,20355330,0.0
0,0,1,20355331,0.0
0,0,1,20355332,0.0
0,0,1,20355333,0.0
0,0,1,20355334,0.0
0,0,1,20355335,0.038
0,0,1,20355336,0.133
0,0,1,20355337,0.285
0,0,1,20355338,0.437
0,0,1,20355339,0.57
0,0,1,20355340,0.6745
0,0,1,20355341,0.76
0,0,1,20355342,0.76
0,0,1,20355343,0.7125
0,0,1,20355344,0.6175
0,0,1,20355345,0.475
0,0,1,20355346,0.285
0,0,1,20355347,0.095
0,0,1,20355348,0.019
0,0,1,20355349,0.0
0,0,1,20355350,0.0
0,0,1,20355351,0.0
0,0,1,20355352,0.0
0,0,1,20355353,0.0
0,0,1,20355354,0.0
0,0,1,20355355,0.0
0,0,1,20355356,0.0
0,0,1,20355357,0.0
0,0,1,20355358,0.0
0,0,1,20355359,0.038
0,0,1,20355360,0.133
0,0,1,20355361,0.285
0,0,1,20355362,0.437
0,0,1,20355363,0.57
0,0,1,20355364,0.6745
0,0,1,20355365,0.76
0,0,1,20355366,0.76
0,0,1,20355367,0.7125
0,0,1,20355368,0.6175
0,0,1,20355369,0.475
0,0,1,20355370,0.285
0,0,1,20355371,0.095
0,0,1,20355372,0.019
0,0,1,20355373,0.0
0,0,1,20355374,0.0
0,0,1,20355375,0.0
0,0,1,20355376,0.0
0,0,1,20355377,0.0
0,0,1,20355378,0.0
0,0,1,20355379,0.0
0,0,1,20355380,0.0
0,0,1,20355381,0.0
0,0,1,20355382,0.0
0,0,1,20355383,0.038
0,0,1,20355384,0.133
0,0,1,20355385,0.285
0,0,1,20355386,0.437
0,0,1,20355387,0.57
0,0,1,20355388,0.6745
0,0,1,20355389,0.76
0,0,1,20355390,0.76
0,0,1,20355391,0.7125
0,0,1,20355392,0.6175
0,0,1,20355393,0.475
0,0,1,20355394,0.285
0,0,1,20355395,0.095
0,0,1,20355396,0.019
0,0,1,20355397,0.0
0,0,1,20355398,0.0
0,0,1,20355399,0.0
0,0,1,20355400,0.0
0,0,1,20355401,0.0
0,0,1,20355402,0.0
0,0,1,20355403,0.0
0,0,1,20355404,0.0
0,0,1,20355405,0.0
0,0,1,20355406,0.0
0,0,1,20355407,0.038
0,0,1,20355408,0.133
0,0,1,20355409,0.285
0,0,1,20355410,0.437
0,0,1,20355411,0.57
0,0,1,20355412,0.6745
0,0,1,20355413,0.76
0,0,1,20355414,0.76
0,0,1,20355415,0.7125
0,0,1,20355416,0.6175
0,0,1,20355417,0.475
0,0,1,20355418,0.285
0,0,1,20355419,0.095
0,0,1,20355420,0.019
0,0,1,20355421,0.0
0,0,1,20355422,0.0
0,0,1,20355423,0.0
0,0,1,20355424,0.0
0,0,1,20355425,0.0
0,0,1,20355426,0.0
0,0,1,20355427,0.0
0,0,1,20355428,0.0
0,0,1,20355429,0.0
0,0,1,20355430,0.0
0,0,1,20355431,0.038
0,0,1,20355432,0.133
0,0,1,20355433,0.285
0,0,1,20355434,0.437
0,0,1,20355435,0.57
0,0,1,20355436,0.6745
0,0,1,20355437,0.76
0,0,1,20355438,0.76
0,0,1,20355439,0.7125
0,0,1,20355440,0.6175
0,0,1,20355441,0.475
0,0,1,20355442,0.285
0,0,1,20355443,0.095
0,0,1,20355444,0.019
0,0,1,20355445,0.0
0,0,1,20355446,0.0
0,0,1,20355447,0.0
0,0,1,20355448,0.0
0,0,1,20355449,0.0
0,0,1,20355450,0.0
0,0,1,20355451,0.0
0,0,1,20355452,0.0
0,0,1,20355453,0.0
0,0,1,20355454,0.0
0,0,1,20355455,0.038
0,0,1,20355456,0.133
0,0,1,20355457,0.285
0,0,1,20355458,0.437
0,0,1,20355459,0.57
0,0,1,20355460,0.6745
0,0,1,20355461,0.76
0,0,1,20355462,0.76
0,0,1,20355463,0.7125
0,0,1,20355464,0.6175
0,0,1,20355465,0.475
0,0,1,20355466,0.285
0,0,1,20355467,0.095
0,0,1,20355468,0.019
0,0,1,20355469,0.0
0,0,1,20355470,0.0
0,0,1,20355471,0.0
0,0,1,20355472,0.0
0,0,1,20355473,0.0
0,0,1,20355474,0.0
0,0,1,20355475,0.0
0,0,1,20355476,0.0
0,0,1,20355477,0.0
0,0,1,20355478,0.0
0,0,1,20355479,0.038
0,0,1,20355480,0.133
0,0,1,20355481,0.285
0,0,1,20355482,0.437
0,0,1,20355483,0.57
0,0,1,20355484,0.6745
0,0,1,20355485,0.76
0,0,1,20355486,0.76
0,0,1,20355487,0.7125
0,0,1,20355488,0.6175
0,0,1,20355489,0.475
0,0,1,20355490,0.285
0,0,1,20355491,0.095
0,0,1,20355492,0.019
0,0,1,20355493,0.0
0,0,1,20355494,0.0
0,0,1,20355495,0.0
0,0,1,20355496,0.0
0,0,1,20355497,0.0
0,0,1,20355498,0.0
0,0,1,20355499,0.0
0,0,1,20355500,0.0
0,0,1,20355501,0.0
0,0,1,20355502,0.0
0,0,1,20355503,0.038
0,0,1,20355504,0.133
0,0,1,20355505,0.285
0,0,1,20355506,0.437
0,0,1,20355507,0.57
0,0,1,20355508,0.6745
0,0,1,20355509,0.76
0,0,1,20355510,0.76
0,0,1,20355511,0.7125
0,0,1,20355512,0.6175
0,0,1,20355513,0.475
0,0,1,20355514,0.285
0,0,1,20355515,0.095
0,0,1,20355516,0.019
0,0,1,20355517,0.0
0,0,1,20355518,0.0
0,0,1,20355519,0.0
0,0,1,20355520,0.0
0,0,1,20355521,0.0
0,0,1,20355522,0.0
0,0,1,20355523,0.0
0,0,1,20355524,0.0
0,0,1,20355525,0.0
0,0,1,20355526,0.0
0,0,1,20355527,0.038
0,0,1,20355528,0.133
0,0,1,20355529,0.285
0,0,1,20355530,0.437
0,0,1,20355531,0.57
0,0,1,20355532,0.6745
0,0,1,20355533,0.76
0,0,1,20355534,0.76
0,0,1,20355535,0.7125
0,0,1,20355536,0.6175
0,0,1,20355537,0.475
0,0,1,20355538,0.285
0,0,1,20355539,0.095
0,0,1,20355540,0.019
0,0,1,20355541,0.0
0,0,1,20355542,0.0
0,0,1,20355543,0.0
0,0,1,20355544,0.0
0,0,1,20355545,0.0
0,0,1,20355546,0.0
0,0,1,20355547,0.0
0,0,1,20355548,0.0
0,0,1,20355549,0.0
0,0,1,20355550,0.0
0,0,1,20355551,0.038
0,0,1,20355552,0.133
0,0,1,20355553,0.285
0,0,1,20355554,0.437
0,0,1,20355555,0.57
0,0,1,20355556,0.6745
0,0,1,20355557,0.76
0,0,1,20355558,0.76
0,0,1,20355559,0.7125
0,0,1,20355560,0.6175
0,0,1,20355561,0.475
0,0,1,20355562,0.285
0,0,1,20355563,0.095
0,0,1,20355564,0.019
0,0,1,20355565,0.0
0,0,1,20355566,0.0
0,0,1,20355567,0.0
0,0,1,20355568,0.0
0,0,1,20355569,0.0
0,0,1,20355570,0.0
0,0,1,20355571,0.0
0,0,1,20355572,0.0
0,0,1,20355573,0.0
0,0,1,20355574,0.0
0,0,1,20355575,0.038
0,0,1,20355576,0.133
0,0,1,20355577,0.285
0,0,1,20355578,0.437
0,0,1,20355579,0.57
0,0,1,20355580,0.6745
0,0,1,20355581,0.76
0,0,1,20355582,0.76
0,0,1,20355583,0.7125
0,0,1,20355584,0.6175
0,0,1,20355585,0.475
0,0,1,20355586,0.285
0,0,1,20355587,0.095
0,0,1,20355588,0.019
0,0,1,20355589,0.0
0,0,1,20355590,0.0
0,0,1,20355591,0.0
0,0,1,20355592,0.0
0,0,1,20355593,0.0
0,0,1,20355594,0.0
0,0,1,20355595,0.0
0,0,1,20355596,0.0
0,0,1,20355597,0.0
0,0,1,20355598,0.0
0,0,1,20355599,0.038
0,0,1,20355600,0.133
0,0,1,20355601,0.285
0,0,1,20355602,0.437
0,0,1,20355603,0.57
0,0,1,20355604,0.6745
0,0,1,20355605,0.76
0,0,1,20355606,0.76
0,0,1,20355607,0.7125
0,0,1,20355608,0.6175
0,0,1,20355609,0.475
0,0,1,20355610,0.285
0,0,1,20355611,0.095
0,0,1,20355612,0.019
0,0,1,20355613,0.0
0,0,1,20355614,0.0
0,0,1,20355615,0.0
0,0,1,20355616,0.0
0,0,1,20355617,0.0
0,0,1,20355618,0.0
0,0,1,20355619,0.0
0,0,1,20355620,0.0
0,0,1,20355621,0.0
0,0,1,20355622,0.0
0,0,1,20355623,0.038
0,0,1,20355624,0.133
0,0,1,20355625,0.285
0,0,1,20355626,0.437
0,0,1,20355627,0.57
0,0,1,20355628,0.6745
0,0,1,20355629,0.76
0,0,1,20355630,0.76
0,0,1,20355631,0.7125
0,0,1,20355632,0.6175
0,0,1,20355633,0.475
0,0,1,20355634,0.285
0,0,1,20355635,0.095
0,0,1,20355636,0.019
0,0,1,20355637,0.0
0,0,1,20355638,0.0
0,0,1,20355639,0.0
0,0,1,20355640,0.0
0,0,1,20355641,0.0
0,0,1,20355642,0.0
0,0,1,20355643,0.0
0,0,1,20355644,0.0
0,0,1,20355645,0.0
0,0,1,20355646,0.0
0,0,1,20355647,0.038
0,0,1,20355648,0.133
0,0,1,20355649,0.285
0,0,1,20355650,0.437
0,0,1,20355651,0.57
0,0,1,20355652,0.6745
0,0,1,20355653,0.76
0,0,1,20355654,0.76
0,0,1,20355655,0.7125
0,0,1,20355656,0.6175
0,0,1,20355657,0.475
0,0,1,20355658,0.285
0,0,1,20355659,0.095
0,0,1,20355660,0.019
0,0,1,20355661,0.0
0,0,1,20355662,0.0
0,0,1,20355663,0.0
0,0,1,20355664,0.0
0,0,1,20355665,0.0
0,0,1,20355666,0.0
0,0,1,20355667,0.0
0,0,1,20355668,0.0
0,0,1,20355669,0.0
0,0,1,20355670,0.0
0,0,1,20355671,0.038
0,0,1,20355672,0.133
0,0,1,20355673,0.285
0,0,1,20355674,0.437
0,0,1,20355675,0.57
0,0,1,20355676,0.6745
0,0,1,20355677,0.76
0,0,1,20355678,0.76
0,0,1,20355679,0.7125
0,0,1,20355680,0.6175
0,0,1,20355681,0.475
0,0,1,20355682,0.285
0,0,1,20355683,0.095
0,0,1,20355684,0.019
0,0,1,20355685,0.0
0,0,1,20355686,0.0
0,0,1,20355687,0.0
0,0,1,20355688,0.0
0,0,1,20355689,0.0
0,0,1,20355690,0.0
0,0,1,20355691,0.0
0,0,1,20355692,0.0
0,0,1,20355693,0.0
0,0,1,20355694,0.0
0,0,1,20355695,0.038
0,0,1,20355696,0.133
0,0,1,20355697,0.285
0,0,1,20355698,0.437
0,0,1,20355699,0.57
0,0,1,20355700,0.6745
0,0,1,20355701,0.76
0,0,1,20355702,0.76
0,0,1,20355703,0.7125
0,0,1,20355704,0.6175
0,0,1,20355705,0.475
0,0,1,20355706,0.285
0,0,1,20355707,0.095
0,0,1,20355708,0.019
0,0,1,20355709,0.0
0,0,1,20355710,0.0
0,0,1,20355711,0.0
0,0,1,20355712,0.0
0,0,1,20355713,0.0
0,0,1,20355714,0.0
0,0,1,20355715,0.0
0,0,1,20355716,0.0
0,0,1,20355717,0.0
0,0,1,20355718,0.0
0,0,1,20355719,0.038
0,0,1,20355720,0.133
0,0,1,20355721,0.285
0,0,1,20355722,0.437
0,0,1,20355723,0.57
0,0,1,20355724,0.6745
0,0,1,20355725,0.76
0,0,1,20355726,0.76
0,0,1,20355727,0.7125
0,0,1,20355728,0.6175
0,0,1,20355729,0.475
0,0,1,20355730,0.285
0,0,1,20355731,0.095
0,0,1,20355732,0.019
0,0,1,20355733,0.0
0,0,1,20355734,0.0
0,0,1,20355735,0.0
0,0,1,20355736,0.0
0,0,1,20355737,0.0
0,0,1,20355738,0.0
0,0,1,20355739,0.0
0,0,1,20355740,0.0
0,0,1,20355741,0.0
0,0,1,20355742,0.0
0,0,1,20355743,0.038
0,0,1,20355744,0.133
0,0,1,20355745,0.285
0,0,1,20355746,0.437
0,0,1,20355747,0.57
0,0,1,20355748,0.6745
0,0,1,20355749,0.76
0,0,1,20355750,0.76
0,0,1,20355751,0.7125
0,0,1,20355752,0.6175
0,0,1,20355753,0.475
0,0,1,20355754,0.285
0,0,1,20355755,0.095
0,0,1,20355756,0.019
0,0,1,20355757,0.0
0,0,1,20355758,0.0
0,0,1,20355759,0.0
0,0,1,20355760,0.0
0,0,1,20355761,0.0
0,0,1,20355762,0.0
0,0,1,20355763,0.0
0,0,1,20355764,0.0
0,0,1,20355765,0.0
0,0,1,20355766,0.0
0,0,1,20355767,0.038
0,0,1,20355768,0.133
0,0,1,20355769,0.285
0,0,1,20355770,0.437
0,0,1,20355771,0.57
0,0,1,20355772,0.6745
0,0,1,20355773,0.76
0,0,1,20355774,0.76
0,0,1,20355775,0.7125
0,0,1,20355776,0.6175
0,0,1,20355777,0.475
0,0,1,20355778,0.285
0,0,1,20355779,0.095
0,0,1,20355780,0.019
0,0,1,20355781,0.0
0,0,1,20355782,0.0
0,0,1,20355783,0.0
0,0,1,20355784,0.0
0,0,1,20355785,0.0
0,0,1,20355786,0.0
0,0,1,20355787,0.0
0,0,1,20355788,0.0
0,0,1,20355789,0.0
0,0,1,20355790,0.0
0,0,1,20355791,0.038
0,0,1,20355792,0.133
0,0,1,20355793,0.285
0,0,1,20355794,0.437
0,0,1,20355795,0.57
0,0,1,20355796,0.6745
0,0,1,20355797,0.76
0,0,1,20355798,0.76
0,0,1,20355799,0.7125
0,0,1,20355800,0.6175
0,0,1,20355801,0.475
0,0,1,20355802,0.285
0,0,1,20355803,0.095
0,0,1,20355804,0.019
0,0,1,20355805,0.0
0,0,1,20355806,0.0
0,0,1,20355807,0.0
0,0,1,20355808,0.0
0,0,1,20355809,0.0
0,0,1,20355810,0.0
0,0,1,20355811,0.0
0,0,1,20355812,0.0
0,0,1,20355813,0.0
0,0,1,20355814,0.0
0,0,1,20355815,0.038
0,0,1,20355816,0.133
0,0,1,20355817,0.285
0,0,1,20355818,0.437
0,0,1,20355819,0.57
0,0,1,20355820,0.6745
0,0,1,20355821,0.76
0,0,1,20355822,0.76
0,0,1,20355823,0.7125
0,0,1,20355824,0.6175
0,0,1,20355825,0.475
0,0,1,20355826,0.285
0,0,1,20355827,0.095
0,0,1,20355828,0.019
0,0,1,20355829,0.0
0,0,1,20355830,0.0
0,0,1,20355831,0.0
0,0,1,20355832,0.0
0,0,1,20355833,0.0
0,0,1,20355834,0.0
0,0,1,20355835,0.0
0,0,1,20355836,0.0
0,0,1,20355837,0.0
0,0,1,20355838,0.0
0,0,1,20355839,0.036
0,0,1,20355840,0.126
0,0,1,20355841,0.27
0,0,1,20355842,0.414
0,0,1,20355843,0.54
0,0,1,20355844,0.639
0,0,1,20355845,0.72
0,0,1,20355846,0.72
0,0,1,20355847,0.675
0,0,1,20355848,0.585
0,0,1,20355849,0.45
0,0,1,20355850,0.27
0,0,1,20355851,0.09
0,0,1,20355852,0.018
0,0,1,20355853,0.0
0,0,1,20355854,0.0
0,0,1,20355855,0.0
0,0,1,20355856,0.0
0,0,1,20355857,0.0
0,0,1,20355858,0.0
0,0,1,20355859,0.0
0,0,1,20355860,0.0
0,0,1,20355861,0.0
0,0,1,20355862,0.0
0,0,1,20355863,0.036
0,0,1,20355864,0.126
0,0,1,20355865,0.27
0,0,1,20355866,0.414
0,0,1,20355867,0.54
0,0,1,20355868,0.639
0,0,1,20355869,0.72
0,0,1,20355870,0.72
0,0,1,20355871,0.675
0,0,1,20355872,0.585
0,0,1,20355873,0.45
0,0,1,20355874,0.27
0,0,1,20355875,0.09
0,0,1,20355876,0.018
0,0,1,20355877,0.0
0,0,1,20355878,0.0
0,0,1,20355879,0.0
0,0,1,20355880,0.0
0,0,1,20355881,0.0
0,0,1,20355882,0.0
0,0,1,20355883,0.0
0,0,1,20355884,0.0
0,0,1,20355885,0.0
0,0,1,20355886,0.0
0,0,1,20355887,0.036
0,0,1,20355888,0.126
0,0,1,20355889,0.27
0,0,1,20355890,0.414
0,0,1,20355891,0.54
0,0,1,20355892,0.639
0,0,1,20355893,0.72
0,0,1,20355894,0.72
0,0,1,20355895,0.675
0,0,1,20355896,0.585
0,0,1,20355897,0.45
0,0,1,20355898,0.27
0,0,1,20355899,0.09
0,0,1,20355900,0.018
0,0,1,20355901,0.0
0,0,1,20355902,0.0
0,0,1,20355903,0.0
0,0,1,20355904,0.0
0,0,1,20355905,0.0
0,0,1,20355906,0.0
0,0,1,20355907,0.0
0,0,1,20355908,0.0
0,0,1,20355909,0.0
0,0,1,20355910,0.0
0,0,1,20355911,0.036
0,0,1,20355912,0.126
0,0,1,20355913,0.27
0,0,1,20355914,0.414
0,0,1,20355915,0.54
0,0,1,20355916,0.639
0,0,1,20355917,0.72
0,0,1,20355918,0.72
0,0,1,20355919,0.675
0,0,1,20355920,0.585
0,0,1,20355921,0.45
0,0,1,20355922,0.27
0,0,1,20355923,0.09
0,0,1,20355924,0.018
0,0,1,20355925,0.0
0,0,1,20355926,0.0
0,0,1,20355927,0.0
0,0,1,20355928,0.0
0,0,1,20355929,0.0
0,0,1,20355930,0.0
0,0,1,20355931,0.0
0,0,1,20355932,0.0
0,0,1,20355933,0.0
0,0,1,20355934,0.0
0,0,1,20355935,0.036
0,0,1,20355936,0.126
0,0,1,20355937,0.27
0,0,1,20355938,0.414
0,0,1,20355939,0.54
0,0,1,20355940,0.639
0,0,1,20355941,0.72
0,0,1,20355942,0.72
0,0,1,20355943,0.675
0,0,1,20355944,0.585
0,0,1,20355945,0.45
0,0,1,20355946,0.27
0,0,1,20355947,0.09
0,0,1,20355948,0.018
0,0,1,20355949,0.0
0,0,1,20355950,0.0
0,0,1,20355951,0.0
0,0,1,20355952,0.0
0,0,1,20355953,0.0
0,0,1,20355954,0.0
0,0,1,20355955,0.0
0,0,1,20355956,0.0
0,0,1,20355957,0.0
0,0,1,20355958,0.0
0,0,1,20355959,0.036
0,0,1,20355960,0.126
0,0,1,20355961,0.27
0,0,1,20355962,0.414
0,0,1,20355963,0.54
0,0,1,20355964,0.639
0,0,1,20355965,0.72
0,0,1,20355966,0.72
0,0,1,20355967,0.675
0,0,1,20355968,0.585
0,0,1,20355969,0.45
0,0,1,20355970,0.27
0,0,1,20355971,0.09
0,0,1,20355972,0.018
0,0,1,20355973,0.0
0,0,1,20355974,0.0
0,0,1,20355975,0.0
0,0,1,20355976,0.0
0,0,1,20355977,0.0
0,0,1,20355978,0.0
0,0,1,20355979,0.0
0,0,1,20355980,0.0
0,0,1,20355981,0.0
0,0,1,20355982,0.0
0,0,1,20355983,0.036
0,0,1,20355984,0.126
0,0,1,20355985,0.27
0,0,1,20355986,0.414
0,0,1,20355987,0.54
0,0,1,20355988,0.639
0,0,1,20355989,0.72
0,0,1,20355990,0.72
0,0,1,20355991,0.675
0,0,1,20355992,0.585
0,0,1,20355993,0.45
0,0,1,20355994,0.27
0,0,1,20355995,0.09
0,0,1,20355996,0.018
0,0,1,20355997,0.0
0,0,1,20355998,0.0
0,0,1,20355999,0.0
0,0,1,20356000,0.0
0,0,1,20356001,0.0
0,0,1,20356002,0.0
0,0,1,20356003,0.0
0,0,1,20356004,0.0
0,0,1,20356005,0.0
0,0,1,20356006,0.0
0,0,1,20356007,0.036
0,0,1,20356008,0.126
0,0,1,20356009,0.27
0,0,1,20356010,0.414
0,0,1,20356011,0.54
0,0,1,20356012,0.639
0,0,1,20356013,0.72
0,0,1,20356014,0.72
0,0,1,20356015,0.675
0,0,1,20356016,0.585
0,0,1,20356017,0.45
0,0,1,20356018,0.27
0,0,1,20356019,0.09
0,0,1,20356020,0.018
0,0,1,20356021,0.0
0,0,1,20356022,0.0
0,0,1,20356023,0.0
0,0,1,20356024,0.0
0,0,1,20356025,0.0
0,0,1,20356026,0.0
0,0,1,20356027,0.0
0,0,1,20356028,0.0
0,0,1,20356029,0.0
0,0,1,20356030,0.0
0,0,1,20356031,0.036
0,0,1,20356032,0.126
0,0,1,20356033,0.27
0,0,1,20356034,0.414
0,0,1,20356035,0.54
0,0,1,20356036,0.639
0,0,1,20356037,0.72
0,0,1,20356038,0.72
0,0,1,20356039,0.675
0,0,1,20356040,0.585
0,0,1,20356041,0.45
0,0,1,20356042,0.27
0,0,1,20356043,0.09
0,0,1,20356044,0.018
0,0,1,20356045,0.0
0,0,1,20356046,0.0
0,0,1,20356047,0.0
0,0,1,20356048,0.0
0,0,1,20356049,0.0
0,0,1,20356050,0.0
0,0,1,20356051,0.0
0,0,1,20356052,0.0
0,0,1,20356053,0.0
0,0,1,20356054,0.0
0,0,1,20356055,0.036
0,0,1,20356056,0.126
0,0,1,20356057,0.27
0,0,1,20356058,0.414
0,0,1,20356059,0.54
0,0,1,20356060,0.639
0,0,1,20356061,0.72
0,0,1,20356062,0.72
0,0,1,20356063,0.675
0,0,1,20356064,0.585
0,0,1,20356065,0.45
0,0,1,20356066,0.27
0,0,1,20356067,0.09
0,0,1,20356068,0.018
0,0,1,20356069,0.0
0,0,1,20356070,0.0
0,0,1,20356071,0.0
0,0,1,20356072,0.0
0,0,1,20356073,0.0
0,0,1,20356074,0.0
0,0,1,20356075,0.0
0,0,1,20356076,0.0
0,0,1,20356077,0.0
0,0,1,20356078,0.0
0,0,1,20356079,0.036
0,0,1,20356080,0.126
0,0,1,20356081,0.27
0,0,1,20356082,0.414
0,0,1,20356083,0.54
0,0,1,20356084,0.639
0,0,1,20356085,0.72
0,0,1,20356086,0.72
0,0,1,20356087,0.675
0,0,1,20356088,0.585
0,0,1,20356089,0.45
0,0,1,20356090,0.27
0,0,1,20356091,0.09
0,0,1,20356092,0.018
0,0,1,20356093,0.0
0,0,1,20356094,0.0
0,0,1,20356095,0.0
0,0,1,20356096,0.0
0,0,1,20356097,0.0
0,0,1,20356098,0.0
0,0,1,20356099,0.0
0,0,1,20356100,0.0
0,0,1,20356101,0.0
0,0,1,20356102,0.0
0,0,1,20356103,0.036
0,0,1,20356104,0.126
0,0,1,20356105,0.27
0,0,1,20356106,0.414
0,0,1,20356107,0.54
0,0,1,20356108,0.639
0,0,1,20356109,0.72
0,0,1,20356110,0.72
0,0,1,20356111,0.675
0,0,1,20356112,0.585
0,0,1,20356113,0.45
0,0,1,20356114,0.27
0,0,1,20356115,0.09
0,0,1,20356116,0.018
0,0,1,20356117,0.0
0,0,1,20356118,0.0
0,0,1,20356119,0.0
0,0,1,20356120,0.0
0,0,1,20356121,0.0
0,0,1,20356122,0.0
0,0,1,20356123,0.0
0,0,1,20356124,0.0
0,0,1,20356125,0.0
0,0,1,20356126,0.0
0,0,1,20356127,0.036
0,0,1,20356128,0.126
0,0,1,20356129,0.27
0,0,1,20356130,0.414
0,0,1,20356131,0.54
0,0,1,20356132,0.639
0,0,1,20356133,0.72
0,0,1,20356134,0.72
0,0,1,20356135,0.675
0,0,1,20356136,0.585
0,0,1,20356137,0.45
0,0,1,20356138,0.27
0,0,1,20356139,0.09
0,0,1,20356140,0.018
0,0,1,20356141,0.0
0,0,1,20356142,0.0
0,0,1,20356143,0.0
0,0,1,20356144,0.0
0,0,1,20356145,0.0
0,0,1,20356146,0.0
0,0,1,20356147,0.0
0,0,1,20356148,0.0
0,0,1,20356149,0.0
0,0,1,20356150,0.0
0,0,1,20356151,0.036
0,0,1,20356152,0.126
0,0,1,20356153,0.27
0,0,1,20356154,0.414
0,0,1,20356155,0.54
0,0,1,20356156,0.639
0,0,1,20356157,0.72
0,0,1,20356158,0.72
0,0,1,20356159,0.675
0,0,1,20356160,0.585
0,0,1,20356161,0.45
0,0,1,20356162,0.27
0,0,1,20356163,0.09
0,0,1,20356164,0.018
0,0,1,20356165,0.0
0,0,1,20356166,0.0
0,0,1,20356167,0.0
0,0,1,20356168,0.0
0,0,1,20356169,0.0
0,0,1,20356170,0.0
0,0,1,20356171,0.0
0,0,1,20356172,0.0
0,0,1,20356173,0.0
0,0,1,20356174,0.0
0,0,1,20356175,0.036
0,0,1,20356176,0.126
0,0,1,20356177,0.27
0,0,1,20356178,0.414
0,0,1,20356179,0.54
0,0,1,20356180,0.639
0,0,1,20356181,0.72
0,0,1,20356182,0.72
0,0,1,20356183,0.675
0,0,1,20356184,0.585
0,0,1,20356185,0.45
0,0,1,20356186,0.27
0,0,1,20356187,0.09
0,0,1,20356188,0.018
0,0,1,20356189,0.0
0,0,1,20356190,0.0
0,0,1,20356191,0.0
0,0,1,20356192,0.0
0,0,1,20356193,0.0
0,0,1,20356194,0.0
0,0,1,20356195,0.0
0,0,1,20356196,0.0
0,0,1,20356197,0.0
0,0,1,20356198,0.0
0,0,1,20356199,0.036
0,0,1,20356200,0.126
0,0,1,20356201,0.27
0,0,1,20356202,0.414
0,0,1,20356203,0.54
0,0,1,20356204,0.639
0,0,1,20356205,0.72
0,0,1,20356206,0.72
0,0,1,20356207,0.675
0,0,1,20356208,0.585
0,0,1,20356209,0.45
0,0,1,20356210,0.27
0,0,1,20356211,0.09
0,0,1,20356212,0.018
0,0,1,20356213,0.0
0,0,1,20356214,0.0
0,0,1,20356215,0.0
0,0,1,20356216,0.0
0,0,1,20356217,0.0
0,0,1,20356218,0.0
0,0,1,20356219,0.0
0,0,1,20356220,0.0
0,0,1,20356221,0.0
0,0,1,20356222,0.0
0,0,1,20356223,0.036
0,0,1,20356224,0.126
0,0,1,20356225,0.27
0,0,1,20356226,0.414
0,0,1,20356227,0.54
0,0,1,20356228,0.639
0,0,1,20356229,0.72
0,0,1,20356230,0.72
0,0,1,20356231,0.675
0,0,1,20356232,0.585
0,0,1,20356233,0.45
0,0,1,20356234,0.27
0,0,1,20356235,0.09
0,0,1,20356236,0.018
0,0,1,20356237,0.0
0,0,1,20356238,0.0
0,0,1,20356239,0.0
0,0,1,20356240,0.0
0,0,1,20356241,0.0
0,0,1,20356242,0.0
0,0,1,20356243,0.0
0,0,1,20356244,0.0
0,0,1,20356245,0.0
0,0,1,20356246,0.0
0,0,1,20356247,0.036
0,0,1,20356248,0.126
0,0,1,20356249,0.27
0,0,1,20356250,0.414
0,0,1,20356251,0.54
0,0,1,20356252,0.639
0,0,1,20356253,0.72
0,0,1,20356254,0.72
0,0,1,20356255,0.675
0,0,1,20356256,0.585
0,0,1,20356257,0.45
0,0,1,20356258,0.27
0,0,1,20356259,0.09
0,0,1,20356260,0.018
0,0,1,20356261,0.0
0,0,1,20356262,0.0
0,0,1,20356263,0.0
0,0,1,20356264,0.0
0,0,1,20356265,0.0
0,0,1,20356266,0.0
0,0,1,20356267,0.0
0,0,1,20356268,0.0
0,0,1,20356269,0.0
0,0,1,20356270,0.0
0,0,1,20356271,0.036
0,0,1,20356272,0.126
0,0,1,20356273,0.27
0,0,1,20356274,0.414
0,0,1,20356275,0.54
0,0,1,20356276,0.639
0,0,1,20356277,0.72
0,0,1,20356278,0.72
0,0,1,20356279,0.675
0,0,1,20356280,0.585
0,0,1,20356281,0.45
0,0,1,20356282,0.27
0,0,1,20356283,0.09
0,0,1,20356284,0.018
0,0,1,20356285,0.0
0,0,1,20356286,0.0
0,0,1,20356287,0.0
0,0,1,20356288,0.0
0,0,1,20356289,0.0
0,0,1,20356290,0.0
0,0,1,20356291,0.0
0,0,1,20356292,0.0
0,0,1,20356293,0.0
0,0,1,20356294,0.0
0,0,1,20356295,0.036
0,0,1,20356296,0.126
0,0,1,20356297,0.27
0,0,1,20356298,0.414
0,0,1,20356299,0.54
0,0,1,20356300,0.639
0,0,1,20356301,0.72
0,0,1,20356302,0.72
0,0,1,20356303,0.675
0,0,1,20356304,0.585
0,0,1,20356305,0.45
0,0,1,20356306,0.27
0,0,1,20356307,0.09
0,0,1,20356308,0.018
0,0,1,20356309,0.0
0,0,1,20356310,0.0
0,0,1,20356311,0.0
0,0,1,20356312,0.0
0,0,1,20356313,0.0
0,0,1,20356314,0.0
0,0,1,20356315,0.0
0,0,1,20356316,0.0
0,0,1,20356317,0.0
0,0,1,20356318,0.0
0,0,1,20356319,0.036
0,0,1,20356320,0.126
0,0,1,20356321,0.27
0,0,1,20356322,0.414
0,0,1,20356323,0.54
0,0,1,20356324,0.639
0,0,1,20356325,0.72
0,0,1,20356326,0.72
0,0,1,20356327,0.675
0,0,1,20356328,0.585
0,0,1,20356329,0.45
0,0,1,20356330,0.27
0,0,1,20356331,0.09
0,0,1,20356332,0.018
0,0,1,20356333,0.0
0,0,1,20356334,0.0
0,0,1,20356335,0.0
0,0,1,20356336,0.0
0,0,1,20356337,0.0
0,0,1,20356338,0.0
0,0,1,20356339,0.0
0,0,1,20356340,0.0
0,0,1,20356341,0.0
0,0,1,20356342,0.0
0,0,1,20356343,0.036
0,0,1,20356344,0.126
0,0,1,20356345,0.27
0,0,1,20356346,0.414
0,0,1,20356347,0.54
0,0,1,20356348,0.639
0,0,1,20356349,0.72
0,0,1,20356350,0.72
0,0,1,20356351,0.675
0,0,1,20356352,0.585
0,0,1,20356353,0.45
0,0,1,20356354,0.27
0,0,1,20356355,0.09
0,0,1,20356356,0.018
0,0,1,20356357,0.0
0,0,1,20356358,0.0
0,0,1,20356359,0.0
0,0,1,20356360,0.0
0,0,1,20356361,0.0
0,0,1,20356362,0.0
0,0,1,20356363,0.0
0,0,1,20356364,0.0
0,0,1,20356365,0.0
0,0,1,20356366,0.0
0,0,1,20356367,0.036
0,0,1,20356368,0.126
0,0,1,20356369,0.27
0,0,1,20356370,0.414
0,0,1,20356371,0.54
0,0,1,20356372,0.639
0,0,1,20356373,0.72
0,0,1,20356374,0.72
0,0,1,20356375,0.675
0,0,1,20356376,0.585
0,0,1,20356377,0.45
0,0,1,20356378,0.27
0,0,1,20356379,0.09
0,0,1,20356380,0.018
0,0,1,20356381,0.0
0,0,1,20356382,0.0
0,0,1,20356383,0.0
0,0,1,20356384,0.0
0,0,1,20356385,0.0
0,0,1,20356386,0.0
0,0,1,20356387,0.0
0,0,1,20356388,0.0
0,0,1,20356389,0.0
0,0,1,20356390,0.0
0,0,1,20356391,0.036
0,0,1,20356392,0.126
0,0,1,20356393,0.27
0,0,1,20356394,0.414
0,0,1,20356395,0.54
0,0,1,20356396,0.639
0,0,1,20356397,0.72
0,0,1,20356398,0.72
0,0,1,20356399,0.675
0,0,1,20356400,0.585
0,0,1,20356401,0.45
0,0,1,20356402,0.27
0,0,1,20356403,0.09
0,0,1,20356404,0.018
0,0,1,20356405,0.0
0,0,1,20356406,0.0
0,0,1,20356407,0.0
0,0,1,20356408,0.0
0,0,1,20356409,0.0
0,0,1,20356410,0.0
0,0,1,20356411,0.0
0,0,1,20356412,0.0
0,0,1,20356413,0.0
0,0,1,20356414,0.0
0,0,1,20356415,0.036
0,0,1,20356416,0.126
0,0,1,20356417,0.27
0,0,1,20356418,0.414
0,0,1,20356419,0.54
0,0,1,20356420,0.639
0,0,1,20356421,0.72
0,0,1,20356422,0.72
0,0,1,20356423,0.675
0,0,1,20356424,0.585
0,0,1,20356425,0.45
0,0,1,20356426,0.27
0,0,1,20356427,0.09
0,0,1,20356428,0.018
0,0,1,20356429,0.0
0,0,1,20356430,0.0
0,0,1,20356431,0.0
0,0,1,20356432,0.0
0,0,1,20356433,0.0
0,0,1,20356434,0.0
0,0,1,20356435,0.0
0,0,1,20356436,0.0
0,0,1,20356437,0.0
0,0,1,20356438,0.0
0,0,1,20356439,0.036
0,0,1,20356440,0.126
0,0,1,20356441,0.27
0,0,1,20356442,0.414
0,0,1,20356443,0.54
0,0,1,20356444,0.639
0,0,1,20356445,0.72
0,0,1,20356446,0.72
0,0,1,20356447,0.675
0,0,1,20356448,0.585
0,0,1,20356449,0.45
0,0,1,20356450,0.27
0,0,1,20356451,0.09
0,0,1,20356452,0.018
0,0,1,20356453,0.0
0,0,1,20356454,0.0
0,0,1,20356455,0.0
0,0,1,20356456,0.0
0,0,1,20356457,0.0
0,0,1,20356458,0.0
0,0,1,20356459,0.0
0,0,1,20356460,0.0
0,0,1,20356461,0.0
0,0,1,20356462,0.0
0,0,1,20356463,0.036
0,0,1,20356464,0.126
0,0,1,20356465,0.27
0,0,1,20356466,0.414
0,0,1,20356467,0.54
0,0,1,20356468,0.639
0,0,1,20356469,0.72
0,0,1,20356470,0.72
0,0,1,20356471,0.675
0,0,1,20356472,0.585
0,0,1,20356473,0.45
0,0,1,20356474,0.27
0,0,1,20356475,0.09
0,0,1,20356476,0.018
0,0,1,20356477,0.0
0,0,1,20356478,0.0
0,0,1,20356479,0.0
0,0,1,20356480,0.0
0,0,1,20356481,0.0
0,0,1,20356482,0.0
0,0,1,20356483,0.0
0,0,1,20356484,0.0
0,0,1,20356485,0.0
0,0,1,20356486,0.0
0,0,1,20356487,0.036
0,0,1,20356488,0.126
0,0,1,20356489,0.27
0,0,1,20356490,0.414
0,0,1,20356491,0.54
0,0,1,20356492,0.639
0,0,1,20356493,0.72
0,0,1,20356494,0.72
0,0,1,20356495,0.675
0,0,1,20356496,0.585
0,0,1,20356497,0.45
0,0,1,20356498,0.27
0,0,1,20356499,0.09
0,0,1,20356500,0.018
0,0,1,20356501,0.0
0,0,1,20356502,0.0
0,0,1,20356503,0.0
0,0,1,20356504,0.0
0,0,1,20356505,0.0
0,0,1,20356506,0.0
0,0,1,20356507,0.0
0,0,1,20356508,0.0
0,0,1,20356509,0.0
0,0,1,20356510,0.0
0,0,1,20356511,0.036
0,0,1,20356512,0.126
0,0,1,20356513,0.27
0,0,1,20356514,0.414
0,0,1,20356515,0.54
0,0,1,20356516,0.639
0,0,1,20356517,0.72
0,0,1,20356518,0.72
0,0,1,20356519,0.675
0,0,1,20356520,0.585
0,0,1,20356521,0.45
0,0,1,20356522,0.27
0,0,1,20356523,0.09
0,0,1,20356524,0.018
0,0,1,20356525,0.0
0,0,1,20356526,0.0
0,0,1,20356527,0.0
0,0,1,20356528,0.0
0,0,1,20356529,0.0
0,0,1,20356530,0.0
0,0,1,20356531,0.0
0,0,1,20356532,0.0
0,0,1,20356533,0.0
0,0,1,20356534,0.0
0,0,1,20356535,0.036
0,0,1,20356536,0.126
0,0,1,20356537,0.27
0,0,1,20356538,0.414
0,0,1,20356539,0.54
0,0,1,20356540,0.639
0,0,1,20356541,0.72
0,0,1,20356542,0.72
0,0,1,20356543,0.675
0,0,1,20356544,0.585
0,0,1,20356545,0.45
0,0,1,20356546,0.27
0,0,1,20356547,0.09
0,0,1,20356548,0.018
0,0,1,20356549,0.0
0,0,1,20356550,0.0
0,0,1,20356551,0.0
0,0,1,20356552,0.0
0,0,1,20356553,0.0
0,0,1,20356554,0.0
0,0,1,20356555,0.0
0,0,1,20356556,0.0
0,0,1,20356557,0.0
0,0,1,20356558,0.0
0,0,1,20356559,0.032
0,0,1,20356560,0.112
0,0,1,20356561,0.24
0,0,1,20356562,0.368
0,0,1,20356563,0.48
0,0,1,20356564,0.568
0,0,1,20356565,0.64
0,0,1,20356566,0.64
0,0,1,20356567,0.6
0,0,1,20356568,0.52
0,0,1,20356569,0.4
0,0,1,20356570,0.24
0,0,1,20356571,0.08
0,0,1,20356572,0.016
0,0,1,20356573,0.0
0,0,1,20356574,0.0
0,0,1,20356575,0.0
0,0,1,20356576,0.0
0,0,1,20356577,0.0
0,0,1,20356578,0.0
0,0,1,20356579,0.0
0,0,1,20356580,0.0
0,0,1,20356581,0.0
0,0,1,20356582,0.0
0,0,1,20356583,0.032
0,0,1,20356584,0.112
0,0,1,20356585,0.24
0,0,1,20356586,0.368
0,0,1,20356587,0.48
0,0,1,20356588,0.568
0,0,1,20356589,0.64
0,0,1,20356590,0.64
0,0,1,20356591,0.6
0,0,1,20356592,0.52
0,0,1,20356593,0.4
0,0,1,20356594,0.24
0,0,1,20356595,0.08
0,0,1,20356596,0.016
0,0,1,20356597,0.0
0,0,1,20356598,0.0
0,0,1,20356599,0.0
0,0,1,20356600,0.0
0,0,1,20356601,0.0
0,0,1,20356602,0.0
0,0,1,20356603,0.0
0,0,1,20356604,0.0
0,0,1,20356605,0.0
0,0,1,20356606,0.0
0,0,1,20356607,0.032
0,0,1,20356608,0.112
0,0,1,20356609,0.24
0,0,1,20356610,0.368
0,0,1,20356611,0.48
0,0,1,20356612,0.568
0,0,1,20356613,0.64
0,0,1,20356614,0.64
0,0,1,20356615,0.6
0,0,1,20356616,0.52
0,0,1,20356617,0.4
0,0,1,20356618,0.24
0,0,1,20356619,0.08
0,0,1,20356620,0.016
0,0,1,20356621,0.0
0,0,1,20356622,0.0
0,0,1,20356623,0.0
0,0,1,20356624,0.0
0,0,1,20356625,0.0
0,0,1,20356626,0.0
0,0,1,20356627,0.0
0,0,1,20356628,0.0
0,0,1,20356629,0.0
0,0,1,20356630,0.0
0,0,1,20356631,0.032
0,0,1,20356632,0.112
0,0,1,20356633,0.24
0,0,1,20356634,0.368
0,0,1,20356635,0.48
0,0,1,20356636,0.568
0,0,1,20356637,0.64
0,0,1,20356638,0.64
0,0,1,20356639,0.6
0,0,1,20356640,0.52
0,0,1,20356641,0.4
0,0,1,20356642,0.24
0,0,1,20356643,0.08
0,0,1,20356644,0.016
0,0,1,20356645,0.0
0,0,1,20356646,0.0
0,0,1,20356647,0.0
0,0,1,20356648,0.0
0,0,1,20356649,0.0
0,0,1,20356650,0.0
0,0,1,20356651,0.0
0,0,1,20356652,0.0
0,0,1,20356653,0.0
0,0,1,20356654,0.0
0,0,1,20356655,0.032
0,0,1,20356656,0.112
0,0,1,20356657,0.24
0,0,1,20356658,0.368
0,0,1,20356659,0.48
0,0,1,20356660,0.568
0,0,1,20356661,0.64
0,0,1,20356662,0.64
0,0,1,20356663,0.6
0,0,1,20356664,0.52
0,0,1,20356665,0.4
0,0,1,20356666,0.24
0,0,1,20356667,0.08
0,0,1,20356668,0.016
0,0,1,20356669,0.0
0,0,1,20356670,0.0
0,0,1,20356671,0.0
0,0,1,20356672,0.0
0,0,1,20356673,0.0
0,0,1,20356674,0.0
0,0,1,20356675,0.0
0,0,1,20356676,0.0
0,0,1,20356677,0.0
0,0,1,20356678,0.0
0,0,1,20356679,0.032
0,0,1,20356680,0.112
0,0,1,20356681,0.24
0,0,1,20356682,0.368
0,0,1,20356683,0.48
0,0,1,20356684,0.568
0,0,1,20356685,0.64
0,0,1,20356686,0.64
0,0,1,20356687,0.6
0,0,1,20356688,0.52
0,0,1,20356689,0.4
0,0,1,20356690,0.24
0,0,1,20356691,0.08
0,0,1,20356692,0.016
0,0,1,20356693,0.0
0,0,1,20356694,0.0
0,0,1,20356695,0.0
0,0,1,20356696,0.0
0,0,1,20356697,0.0
0,0,1,20356698,0.0
0,0,1,20356699,0.0
0,0,1,20356700,0.0
0,0,1,20356701,0.0
0,0,1,20356702,0.0
0,0,1,20356703,0.032
0,0,1,20356704,0.112
0,0,1,20356705,0.24
0,0,1,20356706,0.368
0,0,1,20356707,0.48
0,0,1,20356708,0.568
0,0,1,20356709,0.64
0,0,1,20356710,0.64
0,0,1,20356711,0.6
0,0,1,20356712,0.52
0,0,1,20356713,0.4
0,0,1,20356714,0.24
0,0,1,20356715,0.08
0,0,1,20356716,0.016
0,0,1,20356717,0.0
0,0,1,20356718,0.0
0,0,1,20356719,0.0
0,0,1,20356720,0.0
0,0,1,20356721,0.0
0,0,1,20356722,0.0
0,0,1,20356723,0.0
0,0,1,20356724,0.0
0,0,1,20356725,0.0
0,0,1,20356726,0.0
0,0,1,20356727,0.032
0,0,1,20356728,0.112
0,0,1,20356729,0.24
0,0,1,20356730,0.368
0,0,1,20356731,0.48
0,0,1,20356732,0.568
0,0,1,20356733,0.64
0,0,1,20356734,0.64
0,0,1,20356735,0.6
0,0,1,20356736,0.52
0,0,1,20356737,0.4
0,0,1,20356738,0.24
0,0,1,20356739,0.08
0,0,1,20356740,0.016
0,0,1,20356741,0.0
0,0,1,20356742,0.0
0,0,1,20356743,0.0
0,0,1,20356744,0.0
0,0,1,20356745,0.0
0,0,1,20356746,0.0
0,0,1,20356747,0.0
0,0,1,20356748,0.0
0,0,1,20356749,0.0
0,0,1,20356750,0.0
0,0,1,20356751,0.032
0,0,1,20356752,0.112
0,0,1,20356753,0.24
0,0,1,20356754,0.368
0,0,1,20356755,0.48
0,0,1,20356756,0.568
0,0,1,20356757,0.64
0,0,1,20356758,0.64
0,0,1,20356759,0.6
0,0,1,20356760,0.52
0,0,1,20356761,0.4
0,0,1,20356762,0.24
0,0,1,20356763,0.08
0,0,1,20356764,0.016
0,0,1,20356765,0.0
0,0,1,20356766,0.0
0,0,1,20356767,0.0
0,0,1,20356768,0.0
0,0,1,20356769,0.0
0,0,1,20356770,0.0
0,0,1,20356771,0.0
0,0,1,20356772,0.0
0,0,1,20356773,0.0
0,0,1,20356774,0.0
0,0,1,20356775,0.032
0,0,1,20356776,0.112
0,0,1,20356777,0.24
0,0,1,20356778,0.368
0,0,1,20356779,0.48
0,0,1,20356780,0.568
0,0,1,20356781,0.64
0,0,1,20356782,0.64
0,0,1,20356783,0.6
0,0,1,20356784,0.52
0,0,1,20356785,0.4
0,0,1,20356786,0.24
0,0,1,20356787,0.08
0,0,1,20356788,0.016
0,0,1,20356789,0.0
0,0,1,20356790,0.0
0,0,1,20356791,0.0
0,0,1,20356792,0.0
0,0,1,20356793,0.0
0,0,1,20356794,0.0
0,0,1,20356795,0.0
0,0,1,20356796,0.0
0,0,1,20356797,0.0
0,0,1,20356798,0.0
0,0,1,20356799,0.032
0,0,1,20356800,0.112
0,0,1,20356801,0.24
0,0,1,20356802,0.368
0,0,1,20356803,0.48
0,0,1,20356804,0.568
0,0,1,20356805,0.64
0,0,1,20356806,0.64
0,0,1,20356807,0.6
0,0,1,20356808,0.52
0,0,1,20356809,0.4
0,0,1,20356810,0.24
0,0,1,20356811,0.08
0,0,1,20356812,0.016
0,0,1,20356813,0.0
0,0,1,20356814,0.0
0,0,1,20356815,0.0
0,0,1,20356816,0.0
0,0,1,20356817,0.0
0,0,1,20356818,0.0
0,0,1,20356819,0.0
0,0,1,20356820,0.0
0,0,1,20356821,0.0
0,0,1,20356822,0.0
0,0,1,20356823,0.032
0,0,1,20356824,0.112
0,0,1,20356825,0.24
0,0,1,20356826,0.368
0,0,1,20356827,0.48
0,0,1,20356828,0.568
0,0,1,20356829,0.64
0,0,1,20356830,0.64
0,0,1,20356831,0.6
0,0,1,20356832,0.52
0,0,1,20356833,0.4
0,0,1,20356834,0.24
0,0,1,20356835,0.08
0,0,1,20356836,0.016
0,0,1,20356837,0.0
0,0,1,20356838,0.0
0,0,1,20356839,0.0
0,0,1,20356840,0.0
0,0,1,20356841,0.0
0,0,1,20356842,0.0
0,0,1,20356843,0.0
0,0,1,20356844,0.0
0,0,1,20356845,0.0
0,0,1,20356846,0.0
0,0,1,20356847,0.032
0,0,1,20356848,0.112
0,0,1,20356849,0.24
0,0,1,20356850,0.368
0,0,1,20356851,0.48
0,0,1,20356852,0.568
0,0,1,20356853,0.64
0,0,1,20356854,0.64
0,0,1,20356855,0.6
0,0,1,20356856,0.52
0,0,1,20356857,0.4
0,0,1,20356858,0.24
0,0,1,20356859,0.08
0,0,1,20356860,0.016
0,0,1,20356861,0.0
0,0,1,20356862,0.0
0,0,1,20356863,0.0
0,0,1,20356864,0.0
0,0,1,20356865,0.0
0,0,1,20356866,0.0
0,0,1,20356867,0.0
0,0,1,20356868,0.0
0,0,1,20356869,0.0
0,0,1,20356870,0.0
0,0,1,20356871,0.032
0,0,1,20356872,0.112
0,0,1,20356873,0.24
0,0,1,20356874,0.368
0,0,1,20356875,0.48
0,0,1,20356876,0.568
0,0,1,20356877,0.64
0,0,1,20356878,0.64
0,0,1,20356879,0.6
0,0,1,20356880,0.52
0,0,1,20356881,0.4
0,0,1,20356882,0.24
0,0,1,20356883,0.08
0,0,1,20356884,0.016
0,0,1,20356885,0.0
0,0,1,20356886,0.0
0,0,1,20356887,0.0
0,0,1,20356888,0.0
0,0,1,20356889,0.0
0,0,1,20356890,0.0
0,0,1,20356891,0.0
0,0,1,20356892,0.0
0,0,1,20356893,0.0
0,0,1,20356894,0.0
0,0,1,20356895,0.032
0,0,1,20356896,0.112
0,0,1,20356897,0.24
0,0,1,20356898,0.368
0,0,1,20356899,0.48
0,0,1,20356900,0.568
0,0,1,20356901,0.64
0,0,1,20356902,0.64
0,0,1,20356903,0.6
0,0,1,20356904,0.52
0,0,1,20356905,0.4
0,0,1,20356906,0.24
0,0,1,20356907,0.08
0,0,1,20356908,0.016
0,0,1,20356909,0.0
0,0,1,20356910,0.0
0,0,1,20356911,0.0
0,0,1,20356912,0.0
0,0,1,20356913,0.0
0,0,1,20356914,0.0
0,0,1,20356915,0.0
0,0,1,20356916,0.0
0,0,1,20356917,0.0
0,0,1,20356918,0.0
0,0,1,20356919,0.032
0,0,1,20356920,0.112
0,0,1,20356921,0.24
0,0,1,20356922,0.368
0,0,1,20356923,0.48
0,0,1,20356924,0.568
0,0,1,20356925,0.64
0,0,1,20356926,0.64
0,0,1,20356927,0.6
0,0,1,20356928,0.52
0,0,1,20356929,0.4
0,0,1,20356930,0.24
0,0,1,20356931,0.08
0,0,1,20356932,0.016
0,0,1,20356933,0.0
0,0,1,20356934,0.0
0,0,1,20356935,0.0
0,0,1,20356936,0.0
0,0,1,20356937,0.0
0,0,1,20356938,0.0
0,0,1,20356939,0.0
0,0,1,20356940,0.0
0,0,1,20356941,0.0
0,0,1,20356942,0.0
0,0,1,20356943,0.032
0,0,1,20356944,0.112
0,0,1,20356945,0.24
0,0,1,20356946,0.368
0,0,1,20356947,0.48
0,0,1,20356948,0.568
0,0,1,20356949,0.64
0,0,1,20356950,0.64
0,0,1,20356951,0.6
0,0,1,20356952,0.52
0,0,1,20356953,0.4
0,0,1,20356954,0.24
0,0,1,20356955,0.08
0,0,1,20356956,0.016
0,0,1,20356957,0.0
0,0,1,20356958,0.0
0,0,1,20356959,0.0
0,0,1,20356960,0.0
0,0,1,20356961,0.0
0,0,1,20356962,0.0
0,0,1,20356963,0.0
0,0,1,20356964,0.0
0,0,1,20356965,0.0
0,0,1,20356966,0.0
0,0,1,20356967,0.032
0,0,1,20356968,0.112
0,0,1,20356969,0.24
0,0,1,20356970,0.368
0,0,1,20356971,0.48
0,0,1,20356972,0.568
0,0,1,20356973,0.64
0,0,1,20356974,0.64
0,0,1,20356975,0.6
0,0,1,20356976,0.52
0,0,1,20356977,0.4
0,0,1,20356978,0.24
0,0,1,20356979,0.08
0,0,1,20356980,0.016
0,0,1,20356981,0.0
0,0,1,20356982,0.0
0,0,1,20356983,0.0
0,0,1,20356984,0.0
0,0,1,20356985,0.0
0,0,1,20356986,0.0
0,0,1,20356987,0.0
0,0,1,20356988,0.0
0,0,1,20356989,0.0
0,0,1,20356990,0.0
0,0,1,20356991,0.032
0,0,1,20356992,0.112
0,0,1,20356993,0.24
0,0,1,20356994,0.368
0,0,1,20356995,0.48
0,0,1,20356996,0.568
0,0,1,20356997,0.64
0,0,1,20356998,0.64
0,0,1,20356999,0.6
0,0,1,20357000,0.52
0,0,1,20357001,0.4
0,0,1,20357002,0.24
0,0,1,20357003,0.08
0,0,1,20357004,0.016
0,0,1,20357005,0.0
0,0,1,20357006,0.0
0,0,1,20357007,0.0
0,0,1,20357008,0.0
0,0,1,20357009,0.0
0,0,1,20357010,0.0
0,0,1,20357011,0.0
0,0,1,20357012,0.0
0,0,1,20357013,0.0
0,0,1,20357014,0.0
0,0,1,20357015,0.032
0,0,1,20357016,0.112
0,0,1,20357017,0.24
0,0,1,20357018,0.368
0,0,1,20357019,0.48
0,0,1,20357020,0.568
0,0,1,20357021,0.64
0,0,1,20357022,0.64
0,0,1,20357023,0.6
0,0,1,20357024,0.52
0,0,1,20357025,0.4
0,0,1,20357026,0.24
0,0,1,20357027,0.08
0,0,1,20357028,0.016
0,0,1,20357029,0.0
0,0,1,20357030,0.0
0,0,1,20357031,0.0
0,0,1,20357032,0.0
0,0,1,20357033,0.0
0,0,1,20357034,0.0
0,0,1,20357035,0.0
0,0,1,20357036,0.0
0,0,1,20357037,0.0
0,0,1,20357038,0.0
0,0,1,20357039,0.032
0,0,1,20357040,0.112
0,0,1,20357041,0.24
0,0,1,20357042,0.368
0,0,1,20357043,0.48
0,0,1,20357044,0.568
0,0,1,20357045,0.64
0,0,1,20357046,0.64
0,0,1,20357047,0.6
0,0,1,20357048,0.52
0,0,1,20357049,0.4
0,0,1,20357050,0.24
0,0,1,20357051,0.08
0,0,1,20357052,0.016
0,0,1,20357053,0.0
0,0,1,20357054,0.0
0,0,1,20357055,0.0
0,0,1,20357056,0.0
0,0,1,20357057,0.0
0,0,1,20357058,0.0
0,0,1,20357059,0.0
0,0,1,20357060,0.0
0,0,1,20357061,0.0
0,0,1,20357062,0.0
0,0,1,20357063,0.032
0,0,1,20357064,0.112
0,0,1,20357065,0.24
0,0,1,20357066,0.368
0,0,1,20357067,0.48
0,0,1,20357068,0.568
0,0,1,20357069,0.64
0,0,1,20357070,0.64
0,0,1,20357071,0.6
0,0,1,20357072,0.52
0,0,1,20357073,0.4
0,0,1,20357074,0.24
0,0,1,20357075,0.08
0,0,1,20357076,0.016
0,0,1,20357077,0.0
0,0,1,20357078,0.0
0,0,1,20357079,0.0
0,0,1,20357080,0.0
0,0,1,20357081,0.0
0,0,1,20357082,0.0
0,0,1,20357083,0.0
0,0,1,20357084,0.0
0,0,1,20357085,0.0
0,0,1,20357086,0.0
0,0,1,20357087,0.032
0,0,1,20357088,0.112
0,0,1,20357089,0.24
0,0,1,20357090,0.368
0,0,1,20357091,0.48
0,0,1,20357092,0.568
0,0,1,20357093,0.64
0,0,1,20357094,0.64
0,0,1,20357095,0.6
0,0,1,20357096,0.52
0,0,1,20357097,0.4
0,0,1,20357098,0.24
0,0,1,20357099,0.08
0,0,1,20357100,0.016
0,0,1,20357101,0.0
0,0,1,20357102,0.0
0,0,1,20357103,0.0
0,0,1,20357104,0.0
0,0,1,20357105,0.0
0,0,1,20357106,0.0
0,0,1,20357107,0.0
0,0,1,20357108,0.0
0,0,1,20357109,0.0
0,0,1,20357110,0.0
0,0,1,20357111,0.032
0,0,1,20357112,0.112
0,0,1,20357113,0.24
0,0,1,20357114,0.368
0,0,1,20357115,0.48
0,0,1,20357116,0.568
0,0,1,20357117,0.64
0,0,1,20357118,0.64
0,0,1,20357119,0.6
0,0,1,20357120,0.52
0,0,1,20357121,0.4
0,0,1,20357122,0.24
0,0,1,20357123,0.08
0,0,1,20357124,0.016
0,0,1,20357125,0.0
0,0,1,20357126,0.0
0,0,1,20357127,0.0
0,0,1,20357128,0.0
0,0,1,20357129,0.0
0,0,1,20357130,0.0
0,0,1,20357131,0.0
0,0,1,20357132,0.0
0,0,1,20357133,0.0
0,0,1,20357134,0.0
0,0,1,20357135,0.032
0,0,1,20357136,0.112
0,0,1,20357137,0.24
0,0,1,20357138,0.368
0,0,1,20357139,0.48
0,0,1,20357140,0.568
0,0,1,20357141,0.64
0,0,1,20357142,0.64
0,0,1,20357143,0.6
0,0,1,20357144,0.52
0,0,1,20357145,0.4
0,0,1,20357146,0.24
0,0,1,20357147,0.08
0,0,1,20357148,0.016
0,0,1,20357149,0.0
0,0,1,20357150,0.0
0,0,1,20357151,0.0
0,0,1,20357152,0.0
0,0,1,20357153,0.0
0,0,1,20357154,0.0
0,0,1,20357155,0.0
0,0,1,20357156,0.0
0,0,1,20357157,0.0
0,0,1,20357158,0.0
0,0,1,20357159,0.032
0,0,1,20357160,0.112
0,0,1,20357161,0.24
0,0,1,20357162,0.368
0,0,1,20357163,0.48
0,0,1,20357164,0.568
0,0,1,20357165,0.64
0,0,1,20357166,0.64
0,0,1,20357167,0.6
0,0,1,20357168,0.52
0,0,1,20357169,0.4
0,0,1,20357170,0.24
0,0,1,20357171,0.08
0,0,1,20357172,0.016
0,0,1,20357173,0.0
0,0,1,20357174,0.0
0,0,1,20357175,0.0
0,0,1,20357176,0.0
0,0,1,20357177,0.0
0,0,1,20357178,0.0
0,0,1,20357179,0.0
0,0,1,20357180,0.0
0,0,1,20357181,0.0
0,0,1,20357182,0.0
0,0,1,20357183,0.032
0,0,1,20357184,0.112
0,0,1,20357185,0.24
0,0,1,20357186,0.368
0,0,1,20357187,0.48
0,0,1,20357188,0.568
0,0,1,20357189,0.64
0,0,1,20357190,0.64
0,0,1,20357191,0.6
0,0,1,20357192,0.52
0,0,1,20357193,0.4
0,0,1,20357194,0.24
0,0,1,20357195,0.08
0,0,1,20357196,0.016
0,0,1,20357197,0.0
0,0,1,20357198,0.0
0,0,1,20357199,0.0
0,0,1,20357200,0.0
0,0,1,20357201,0.0
0,0,1,20357202,0.0
0,0,1,20357203,0.0
0,0,1,20357204,0.0
0,0,1,20357205,0.0
0,0,1,20357206,0.0
0,0,1,20357207,0.032
0,0,1,20357208,0.112
0,0,1,20357209,0.24
0,0,1,20357210,0.368
0,0,1,20357211,0.48
0,0,1,20357212,0.568
0,0,1,20357213,0.64
0,0,1,20357214,0.64
0,0,1,20357215,0.6
0,0,1,20357216,0.52
0,0,1,20357217,0.4
0,0,1,20357218,0.24
0,0,1,20357219,0.08
0,0,1,20357220,0.016
0,0,1,20357221,0.0
0,0,1,20357222,0.0
0,0,1,20357223,0.0
0,0,1,20357224,0.0
0,0,1,20357225,0.0
0,0,1,20357226,0.0
0,0,1,20357227,0.0
0,0,1,20357228,0.0
0,0,1,20357229,0.0
0,0,1,20357230,0.0
0,0,1,20357231,0.032
0,0,1,20357232,0.112
0,0,1,20357233,0.24
0,0,1,20357234,0.368
0,0,1,20357235,0.48
0,0,1,20357236,0.568
0,0,1,20357237,0.64
0,0,1,20357238,0.64
0,0,1,20357239,0.6
0,0,1,20357240,0.52
0,0,1,20357241,0.4
0,0,1,20357242,0.24
0,0,1,20357243,0.08
0,0,1,20357244,0.016
0,0,1,20357245,0.0
0,0,1,20357246,0.0
0,0,1,20357247,0.0
0,0,1,20357248,0.0
0,0,1,20357249,0.0
0,0,1,20357250,0.0
0,0,1,20357251,0.0
0,0,1,20357252,0.0
0,0,1,20357253,0.0
0,0,1,20357254,0.0
0,0,1,20357255,0.032
0,0,1,20357256,0.112
0,0,1,20357257,0.24
0,0,1,20357258,0.368
0,0,1,20357259,0.48
0,0,1,20357260,0.568
0,0,1,20357261,0.64
0,0,1,20357262,0.64
0,0,1,20357263,0.6
0,0,1,20357264,0.52
0,0,1,20357265,0.4
0,0,1,20357266,0.24
0,0,1,20357267,0.08
0,0,1,20357268,0.016
0,0,1,20357269,0.0
0,0,1,20357270,0.0
0,0,1,20357271,0.0
0,0,1,20357272,0.0
0,0,1,20357273,0.0
0,0,1,20357274,0.0
0,0,1,20357275,0.0
0,0,1,20357276,0.0
0,0,1,20357277,0.0
0,0,1,20357278,0.0
0,0,1,20357279,0.032
0,0,1,20357280,0.112
0,0,1,20357281,0.24
0,0,1,20357282,0.368
0,0,1,20357283,0.48
0,0,1,20357284,0.568
0,0,1,20357285,0.64
0,0,1,20357286,0.64
0,0,1,20357287,0.6
0,0,1,20357288,0.52
0,0,1,20357289,0.4
0,0,1,20357290,0.24
0,0,1,20357291,0.08
0,0,1,20357292,0.016
0,0,1,20357293,0.0
0,0,1,20357294,0.0
0,0,1,20357295,0.0
0,0,1,20357296,0.0
0,0,1,20357297,0.0
0,0,1,20357298,0.0
0,0,1,20357299,0.0
0,0,1,20357300,0.0
0,0,1,20357301,0.0
0,0,1,20357302,0.0
0,0,1,20357303,0.028
0,0,1,20357304,0.098
0,0,1,20357305,0.21
0,0,1,20357306,0.322
0,0,1,20357307,0.42
0,0,1,20357308,0.497
0,0,1,20357309,0.56
0,0,1,20357310,0.56
0,0,1,20357311,0.525
0,0,1,20357312,0.455
0,0,1,20357313,0.35
0,0,1,20357314,0.21
0,0,1,20357315,0.07
0,0,1,20357316,0.014
0,0,1,20357317,0.0
0,0,1,20357318,0.0
0,0,1,20357319,0.0
0,0,1,20357320,0.0
0,0,1,20357321,0.0
0,0,1,20357322,0.0
0,0,1,20357323,0.0
0,0,1,20357324,0.0
0,0,1,20357325,0.0
0,0,1,20357326,0.0
0,0,1,20357327,0.028
0,0,1,20357328,0.098
0,0,1,20357329,0.21
0,0,1,20357330,0.322
0,0,1,20357331,0.42
0,0,1,20357332,0.497
0,0,1,20357333,0.56
0,0,1,20357334,0.56
0,0,1,20357335,0.525
0,0,1,20357336,0.455
0,0,1,20357337,0.35
0,0,1,20357338,0.21
0,0,1,20357339,0.07
0,0,1,20357340,0.014
0,0,1,20357341,0.0
0,0,1,20357342,0.0
0,0,1,20357343,0.0
0,0,1,20357344,0.0
0,0,1,20357345,0.0
0,0,1,20357346,0.0
0,0,1,20357347,0.0
0,0,1,20357348,0.0
0,0,1,20357349,0.0
0,0,1,20357350,0.0
0,0,1,20357351,0.028
0,0,1,20357352,0.098
0,0,1,20357353,0.21
0,0,1,20357354,0.322
0,0,1,20357355,0.42
0,0,1,20357356,0.497
0,0,1,20357357,0.56
0,0,1,20357358,0.56
0,0,1,20357359,0.525
0,0,1,20357360,0.455
0,0,1,20357361,0.35
0,0,1,20357362,0.21
0,0,1,20357363,0.07
0,0,1,20357364,0.014
0,0,1,20357365,0.0
0,0,1,20357366,0.0
0,0,1,20357367,0.0
0,0,1,20357368,0.0
0,0,1,20357369,0.0
0,0,1,20357370,0.0
0,0,1,20357371,0.0
0,0,1,20357372,0.0
0,0,1,20357373,0.0
0,0,1,20357374,0.0
0,0,1,20357375,0.028
0,0,1,20357376,0.098
0,0,1,20357377,0.21
0,0,1,20357378,0.322
0,0,1,20357379,0.42
0,0,1,20357380,0.497
0,0,1,20357381,0.56
0,0,1,20357382,0.56
0,0,1,20357383,0.525
0,0,1,20357384,0.455
0,0,1,20357385,0.35
0,0,1,20357386,0.21
0,0,1,20357387,0.07
0,0,1,20357388,0.014
0,0,1,20357389,0.0
0,0,1,20357390,0.0
0,0,1,20357391,0.0
0,0,1,20357392,0.0
0,0,1,20357393,0.0
0,0,1,20357394,0.0
0,0,1,20357395,0.0
0,0,1,20357396,0.0
0,0,1,20357397,0.0
0,0,1,20357398,0.0
0,0,1,20357399,0.028
0,0,1,20357400,0.098
0,0,1,20357401,0.21
0,0,1,20357402,0.322
0,0,1,20357403,0.42
0,0,1,20357404,0.497
0,0,1,20357405,0.56
0,0,1,20357406,0.56
0,0,1,20357407,0.525
0,0,1,20357408,0.455
0,0,1,20357409,0.35
0,0,1,20357410,0.21
0,0,1,20357411,0.07
0,0,1,20357412,0.014
0,0,1,20357413,0.0
0,0,1,20357414,0.0
0,0,1,20357415,0.0
0,0,1,20357416,0.0
0,0,1,20357417,0.0
0,0,1,20357418,0.0
0,0,1,20357419,0.0
0,0,1,20357420,0.0
0,0,1,20357421,0.0
0,0,1,20357422,0.0
0,0,1,20357423,0.028
0,0,1,20357424,0.098
0,0,1,20357425,0.21
0,0,1,20357426,0.322
0,0,1,20357427,0.42
0,0,1,20357428,0.497
0,0,1,20357429,0.56
0,0,1,20357430,0.56
0,0,1,20357431,0.525
0,0,1,20357432,0.455
0,0,1,20357433,0.35
0,0,1,20357434,0.21
0,0,1,20357435,0.07
0,0,1,20357436,0.014
0,0,1,20357437,0.0
0,0,1,20357438,0.0
0,0,1,20357439,0.0
0,0,1,20357440,0.0
0,0,1,20357441,0.0
0,0,1,20357442,0.0
0,0,1,20357443,0.0
0,0,1,20357444,0.0
0,0,1,20357445,0.0
0,0,1,20357446,0.0
0,0,1,20357447,0.028
0,0,1,20357448,0.098
0,0,1,20357449,0.21
0,0,1,20357450,0.322
0,0,1,20357451,0.42
0,0,1,20357452,0.497
0,0,1,20357453,0.56
0,0,1,20357454,0.56
0,0,1,20357455,0.525
0,0,1,20357456,0.455
0,0,1,20357457,0.35
0,0,1,20357458,0.21
0,0,1,20357459,0.07
0,0,1,20357460,0.014
0,0,1,20357461,0.0
0,0,1,20357462,0.0
0,0,1,20357463,0.0
0,0,1,20357464,0.0
0,0,1,20357465,0.0
0,0,1,20357466,0.0
0,0,1,20357467,0.0
0,0,1,20357468,0.0
0,0,1,20357469,0.0
0,0,1,20357470,0.0
0,0,1,20357471,0.028
0,0,1,20357472,0.098
0,0,1,20357473,0.21
0,0,1,20357474,0.322
0,0,1,20357475,0.42
0,0,1,20357476,0.497
0,0,1,20357477,0.56
0,0,1,20357478,0.56
0,0,1,20357479,0.525
0,0,1,20357480,0.455
0,0,1,20357481,0.35
0,0,1,20357482,0.21
0,0,1,20357483,0.07
0,0,1,20357484,0.014
0,0,1,20357485,0.0
0,0,1,20357486,0.0
0,0,1,20357487,0.0
0,0,1,20357488,0.0
0,0,1,20357489,0.0
0,0,1,20357490,0.0
0,0,1,20357491,0.0
0,0,1,20357492,0.0
0,0,1,20357493,0.0
0,0,1,20357494,0.0
0,0,1,20357495,0.028
0,0,1,20357496,0.098
0,0,1,20357497,0.21
0,0,1,20357498,0.322
0,0,1,20357499,0.42
0,0,1,20357500,0.497
0,0,1,20357501,0.56
0,0,1,20357502,0.56
0,0,1,20357503,0.525
0,0,1,20357504,0.455
0,0,1,20357505,0.35
0,0,1,20357506,0.21
0,0,1,20357507,0.07
0,0,1,20357508,0.014
0,0,1,20357509,0.0
0,0,1,20357510,0.0
0,0,1,20357511,0.0
0,0,1,20357512,0.0
0,0,1,20357513,0.0
0,0,1,20357514,0.0
0,0,1,20357515,0.0
0,0,1,20357516,0.0
0,0,1,20357517,0.0
0,0,1,20357518,0.0
0,0,1,20357519,0.028
0,0,1,20357520,0.098
0,0,1,20357521,0.21
0,0,1,20357522,0.322
0,0,1,20357523,0.42
0,0,1,20357524,0.497
0,0,1,20357525,0.56
0,0,1,20357526,0.56
0,0,1,20357527,0.525
0,0,1,20357528,0.455
0,0,1,20357529,0.35
0,0,1,20357530,0.21
0,0,1,20357531,0.07
0,0,1,20357532,0.014
0,0,1,20357533,0.0
0,0,1,20357534,0.0
0,0,1,20357535,0.0
0,0,1,20357536,0.0
0,0,1,20357537,0.0
0,0,1,20357538,0.0
0,0,1,20357539,0.0
0,0,1,20357540,0.0
0,0,1,20357541,0.0
0,0,1,20357542,0.0
0,0,1,20357543,0.028
0,0,1,20357544,0.098
0,0,1,20357545,0.21
0,0,1,20357546,0.322
0,0,1,20357547,0.42
0,0,1,20357548,0.497
0,0,1,20357549,0.56
0,0,1,20357550,0.56
0,0,1,20357551,0.525
0,0,1,20357552,0.455
0,0,1,20357553,0.35
0,0,1,20357554,0.21
0,0,1,20357555,0.07
0,0,1,20357556,0.014
0,0,1,20357557,0.0
0,0,1,20357558,0.0
0,0,1,20357559,0.0
0,0,1,20357560,0.0
0,0,1,20357561,0.0
0,0,1,20357562,0.0
0,0,1,20357563,0.0
0,0,1,20357564,0.0
0,0,1,20357565,0.0
0,0,1,20357566,0.0
0,0,1,20357567,0.028
0,0,1,20357568,0.098
0,0,1,20357569,0.21
0,0,1,20357570,0.322
0,0,1,20357571,0.42
0,0,1,20357572,0.497
0,0,1,20357573,0.56
0,0,1,20357574,0.56
0,0,1,20357575,0.525
0,0,1,20357576,0.455
0,0,1,20357577,0.35
0,0,1,20357578,0.21
0,0,1,20357579,0.07
0,0,1,20357580,0.014
0,0,1,20357581,0.0
0,0,1,20357582,0.0
0,0,1,20357583,0.0
0,0,1,20357584,0.0
0,0,1,20357585,0.0
0,0,1,20357586,0.0
0,0,1,20357587,0.0
0,0,1,20357588,0.0
0,0,1,20357589,0.0
0,0,1,20357590,0.0
0,0,1,20357591,0.028
0,0,1,20357592,0.098
0,0,1,20357593,0.21
0,0,1,20357594,0.322
0,0,1,20357595,0.42
0,0,1,20357596,0.497
0,0,1,20357597,0.56
0,0,1,20357598,0.56
0,0,1,20357599,0.525
0,0,1,20357600,0.455
0,0,1,20357601,0.35
0,0,1,20357602,0.21
0,0,1,20357603,0.07
0,0,1,20357604,0.014
0,0,1,20357605,0.0
0,0,1,20357606,0.0
0,0,1,20357607,0.0
0,0,1,20357608,0.0
0,0,1,20357609,0.0
0,0,1,20357610,0.0
0,0,1,20357611,0.0
0,0,1,20357612,0.0
0,0,1,20357613,0.0
0,0,1,20357614,0.0
0,0,1,20357615,0.028
0,0,1,20357616,0.098
0,0,1,20357617,0.21
0,0,1,20357618,0.322
0,0,1,20357619,0.42
0,0,1,20357620,0.497
0,0,1,20357621,0.56
0,0,1,20357622,0.56
0,0,1,20357623,0.525
0,0,1,20357624,0.455
0,0,1,20357625,0.35
0,0,1,20357626,0.21
0,0,1,20357627,0.07
0,0,1,20357628,0.014
0,0,1,20357629,0.0
0,0,1,20357630,0.0
0,0,1,20357631,0.0
0,0,1,20357632,0.0
0,0,1,20357633,0.0
0,0,1,20357634,0.0
0,0,1,20357635,0.0
0,0,1,20357636,0.0
0,0,1,20357637,0.0
0,0,1,20357638,0.0
0,0,1,20357639,0.028
0,0,1,20357640,0.098
0,0,1,20357641,0.21
0,0,1,20357642,0.322
0,0,1,20357643,0.42
0,0,1,20357644,0.497
0,0,1,20357645,0.56
0,0,1,20357646,0.56
0,0,1,20357647,0.525
0,0,1,20357648,0.455
0,0,1,20357649,0.35
0,0,1,20357650,0.21
0,0,1,20357651,0.07
0,0,1,20357652,0.014
0,0,1,20357653,0.0
0,0,1,20357654,0.0
0,0,1,20357655,0.0
0,0,1,20357656,0.0
0,0,1,20357657,0.0
0,0,1,20357658,0.0
0,0,1,20357659,0.0
0,0,1,20357660,0.0
0,0,1,20357661,0.0
0,0,1,20357662,0.0
0,0,1,20357663,0.028
0,0,1,20357664,0.098
0,0,1,20357665,0.21
0,0,1,20357666,0.322
0,0,1,20357667,0.42
0,0,1,20357668,0.497
0,0,1,20357669,0.56
0,0,1,20357670,0.56
0,0,1,20357671,0.525
0,0,1,20357672,0.455
0,0,1,20357673,0.35
0,0,1,20357674,0.21
0,0,1,20357675,0.07
0,0,1,20357676,0.014
0,0,1,20357677,0.0
0,0,1,20357678,0.0
0,0,1,20357679,0.0
0,0,1,20357680,0.0
0,0,1,20357681,0.0
0,0,1,20357682,0.0
0,0,1,20357683,0.0
0,0,1,20357684,0.0
0,0,1,20357685,0.0
0,0,1,20357686,0.0
0,0,1,20357687,0.028
0,0,1,20357688,0.098
0,0,1,20357689,0.21
0,0,1,20357690,0.322
0,0,1,20357691,0.42
0,0,1,20357692,0.497
0,0,1,20357693,0.56
0,0,1,20357694,0.56
0,0,1,20357695,0.525
0,0,1,20357696,0.455
0,0,1,20357697,0.35
0,0,1,20357698,0.21
0,0,1,20357699,0.07
0,0,1,20357700,0.014
0,0,1,20357701,0.0
0,0,1,20357702,0.0
0,0,1,20357703,0.0
0,0,1,20357704,0.0
0,0,1,20357705,0.0
0,0,1,20357706,0.0
0,0,1,20357707,0.0
0,0,1,20357708,0.0
0,0,1,20357709,0.0
0,0,1,20357710,0.0
0,0,1,20357711,0.028
0,0,1,20357712,0.098
0,0,1,20357713,0.21
0,0,1,20357714,0.322
0,0,1,20357715,0.42
0,0,1,20357716,0.497
0,0,1,20357717,0.56
0,0,1,20357718,0.56
0,0,1,20357719,0.525
0,0,1,20357720,0.455
0,0,1,20357721,0.35
0,0,1,20357722,0.21
0,0,1,20357723,0.07
0,0,1,20357724,0.014
0,0,1,20357725,0.0
0,0,1,20357726,0.0
0,0,1,20357727,0.0
0,0,1,20357728,0.0
0,0,1,20357729,0.0
0,0,1,20357730,0.0
0,0,1,20357731,0.0
0,0,1,20357732,0.0
0,0,1,20357733,0.0
0,0,1,20357734,0.0
0,0,1,20357735,0.028
0,0,1,20357736,0.098
0,0,1,20357737,0.21
0,0,1,20357738,0.322
0,0,1,20357739,0.42
0,0,1,20357740,0.497
0,0,1,20357741,0.56
0,0,1,20357742,0.56
0,0,1,20357743,0.525
0,0,1,20357744,0.455
0,0,1,20357745,0.35
0,0,1,20357746,0.21
0,0,1,20357747,0.07
0,0,1,20357748,0.014
0,0,1,20357749,0.0
0,0,1,20357750,0.0
0,0,1,20357751,0.0
0,0,1,20357752,0.0
0,0,1,20357753,0.0
0,0,1,20357754,0.0
0,0,1,20357755,0.0
0,0,1,20357756,0.0
0,0,1,20357757,0.0
0,0,1,20357758,0.0
0,0,1,20357759,0.028
0,0,1,20357760,0.098
0,0,1,20357761,0.21
0,0,1,20357762,0.322
0,0,1,20357763,0.42
0,0,1,20357764,0.497
0,0,1,20357765,0.56
0,0,1,20357766,0.56
0,0,1,20357767,0.525
0,0,1,20357768,0.455
0,0,1,20357769,0.35
0,0,1,20357770,0.21
0,0,1,20357771,0.07
0,0,1,20357772,0.014
0,0,1,20357773,0.0
0,0,1,20357774,0.0
0,0,1,20357775,0.0
0,0,1,20357776,0.0
0,0,1,20357777,0.0
0,0,1,20357778,0.0
0,0,1,20357779,0.0
0,0,1,20357780,0.0
0,0,1,20357781,0.0
0,0,1,20357782,0.0
0,0,1,20357783,0.028
0,0,1,20357784,0.098
0,0,1,20357785,0.21
0,0,1,20357786,0.322
0,0,1,20357787,0.42
0,0,1,20357788,0.497
0,0,1,20357789,0.56
0,0,1,20357790,0.56
0,0,1,20357791,0.525
0,0,1,20357792,0.455
0,0,1,20357793,0.35
0,0,1,20357794,0.21
0,0,1,20357795,0.07
0,0,1,20357796,0.014
0,0,1,20357797,0.0
0,0,1,20357798,0.0
0,0,1,20357799,0.0
0,0,1,20357800,0.0
0,0,1,20357801,0.0
0,0,1,20357802,0.0
0,0,1,20357803,0.0
0,0,1,20357804,0.0
0,0,1,20357805,0.0
0,0,1,20357806,0.0
0,0,1,20357807,0.028
0,0,1,20357808,0.098
0,0,1,20357809,0.21
0,0,1,20357810,0.322
0,0,1,20357811,0.42
0,0,1,20357812,0.497
0,0,1,20357813,0.56
0,0,1,20357814,0.56
0,0,1,20357815,0.525
0,0,1,20357816,0.455
0,0,1,20357817,0.35
0,0,1,20357818,0.21
0,0,1,20357819,0.07
0,0,1,20357820,0.014
0,0,1,20357821,0.0
0,0,1,20357822,0.0
0,0,1,20357823,0.0
0,0,1,20357824,0.0
0,0,1,20357825,0.0
0,0,1,20357826,0.0
0,0,1,20357827,0.0
0,0,1,20357828,0.0
0,0,1,20357829,0.0
0,0,1,20357830,0.0
0,0,1,20357831,0.028
0,0,1,20357832,0.098
0,0,1,20357833,0.21
0,0,1,20357834,0.322
0,0,1,20357835,0.42
0,0,1,20357836,0.497
0,0,1,20357837,0.56
0,0,1,20357838,0.56
0,0,1,20357839,0.525
0,0,1,20357840,0.455
0,0,1,20357841,0.35
0,0,1,20357842,0.21
0,0,1,20357843,0.07
0,0,1,20357844,0.014
0,0,1,20357845,0.0
0,0,1,20357846,0.0
0,0,1,20357847,0.0
0,0,1,20357848,0.0
0,0,1,20357849,0.0
0,0,1,20357850,0.0
0,0,1,20357851,0.0
0,0,1,20357852,0.0
0,0,1,20357853,0.0
0,0,1,20357854,0.0
0,0,1,20357855,0.028
0,0,1,20357856,0.098
0,0,1,20357857,0.21
0,0,1,20357858,0.322
0,0,1,20357859,0.42
0,0,1,20357860,0.497
0,0,1,20357861,0.56
0,0,1,20357862,0.56
0,0,1,20357863,0.525
0,0,1,20357864,0.455
0,0,1,20357865,0.35
0,0,1,20357866,0.21
0,0,1,20357867,0.07
0,0,1,20357868,0.014
0,0,1,20357869,0.0
0,0,1,20357870,0.0
0,0,1,20357871,0.0
0,0,1,20357872,0.0
0,0,1,20357873,0.0
0,0,1,20357874,0.0
0,0,1,20357875,0.0
0,0,1,20357876,0.0
0,0,1,20357877,0.0
0,0,1,20357878,0.0
0,0,1,20357879,0.028
0,0,1,20357880,0.098
0,0,1,20357881,0.21
0,0,1,20357882,0.322
0,0,1,20357883,0.42
0,0,1,20357884,0.497
0,0,1,20357885,0.56
0,0,1,20357886,0.56
0,0,1,20357887,0.525
0,0,1,20357888,0.455
0,0,1,20357889,0.35
0,0,1,20357890,0.21
0,0,1,20357891,0.07
0,0,1,20357892,0.014
0,0,1,20357893,0.0
0,0,1,20357894,0.0
0,0,1,20357895,0.0
0,0,1,20357896,0.0
0,0,1,20357897,0.0
0,0,1,20357898,0.0
0,0,1,20357899,0.0
0,0,1,20357900,0.0
0,0,1,20357901,0.0
0,0,1,20357902,0.0
0,0,1,20357903,0.028
0,0,1,20357904,0.098
0,0,1,20357905,0.21
0,0,1,20357906,0.322
0,0,1,20357907,0.42
0,0,1,20357908,0.497
0,0,1,20357909,0.56
0,0,1,20357910,0.56
0,0,1,20357911,0.525
0,0,1,20357912,0.455
0,0,1,20357913,0.35
0,0,1,20357914,0.21
0,0,1,20357915,0.07
0,0,1,20357916,0.014
0,0,1,20357917,0.0
0,0,1,20357918,0.0
0,0,1,20357919,0.0
0,0,1,20357920,0.0
0,0,1,20357921,0.0
0,0,1,20357922,0.0
0,0,1,20357923,0.0
0,0,1,20357924,0.0
0,0,1,20357925,0.0
0,0,1,20357926,0.0
0,0,1,20357927,0.028
0,0,1,20357928,0.098
0,0,1,20357929,0.21
0,0,1,20357930,0.322
0,0,1,20357931,0.42
0,0,1,20357932,0.497
0,0,1,20357933,0.56
0,0,1,20357934,0.56
0,0,1,20357935,0.525
0,0,1,20357936,0.455
0,0,1,20357937,0.35
0,0,1,20357938,0.21
0,0,1,20357939,0.07
0,0,1,20357940,0.014
0,0,1,20357941,0.0
0,0,1,20357942,0.0
0,0,1,20357943,0.0
0,0,1,20357944,0.0
0,0,1,20357945,0.0
0,0,1,20357946,0.0
0,0,1,20357947,0.0
0,0,1,20357948,0.0
0,0,1,20357949,0.0
0,0,1,20357950,0.0
0,0,1,20357951,0.028
0,0,1,20357952,0.098
0,0,1,20357953,0.21
0,0,1,20357954,0.322
0,0,1,20357955,0.42
0,0,1,20357956,0.497
0,0,1,20357957,0.56
0,0,1,20357958,0.56
0,0,1,20357959,0.525
0,0,1,20357960,0.455
0,0,1,20357961,0.35
0,0,1,20357962,0.21
0,0,1,20357963,0.07
0,0,1,20357964,0.014
0,0,1,20357965,0.0
0,0,1,20357966,0.0
0,0,1,20357967,0.0
0,0,1,20357968,0.0
0,0,1,20357969,0.0
0,0,1,20357970,0.0
0,0,1,20357971,0.0
0,0,1,20357972,0.0
0,0,1,20357973,0.0
0,0,1,20357974,0.0
0,0,1,20357975,0.028
0,0,1,20357976,0.098
0,0,1,20357977,0.21
0,0,1,20357978,0.322
0,0,1,20357979,0.42
0,0,1,20357980,0.497
0,0,1,20357981,0.56
0,0,1,20357982,0.56
0,0,1,20357983,0.525
0,0,1,20357984,0.455
0,0,1,20357985,0.35
0,0,1,20357986,0.21
0,0,1,20357987,0.07
0,0,1,20357988,0.014
0,0,1,20357989,0.0
0,0,1,20357990,0.0
0,0,1,20357991,0.0
0,0,1,20357992,0.0
0,0,1,20357993,0.0
0,0,1,20357994,0.0
0,0,1,20357995,0.0
0,0,1,20357996,0.0
0,0,1,20357997,0.0
0,0,1,20357998,0.0
0,0,1,20357999,0.028
0,0,1,20358000,0.098
0,0,1,20358001,0.21
0,0,1,20358002,0.322
0,0,1,20358003,0.42
0,0,1,20358004,0.497
0,0,1,20358005,0.56
0,0,1,20358006,0.56
0,0,1,20358007,0.525
0,0,1,20358008,0.455
0,0,1,20358009,0.35
0,0,1,20358010,0.21
0,0,1,20358011,0.07
0,0,1,20358012,0.014
0,0,1,20358013,0.0
0,0,1,20358014,0.0
0,0,1,20358015,0.0
0,0,1,20358016,0.0
0,0,1,20358017,0.0
0,0,1,20358018,0.0
0,0,1,20358019,0.0
0,0,1,20358020,0.0
0,0,1,20358021,0.0
0,0,1,20358022,0.0
0,0,1,20358023,0.026
0,0,1,20358024,0.091
0,0,1,20358025,0.195
0,0,1,20358026,0.299
0,0,1,20358027,0.39
0,0,1,20358028,0.4615
0,0,1,20358029,0.52
0,0,1,20358030,0.52
0,0,1,20358031,0.4875
0,0,1,20358032,0.4225
0,0,1,20358033,0.325
0,0,1,20358034,0.195
0,0,1,20358035,0.065
0,0,1,20358036,0.013
0,0,1,20358037,0.0
0,0,1,20358038,0.0
0,0,1,20358039,0.0
0,0,1,20358040,0.0
0,0,1,20358041,0.0
0,0,1,20358042,0.0
0,0,1,20358043,0.0
0,0,1,20358044,0.0
0,0,1,20358045,0.0
0,0,1,20358046,0.0
0,0,1,20358047,0.026
0,0,1,20358048,0.091
0,0,1,20358049,0.195
0,0,1,20358050,0.299
0,0,1,20358051,0.39
0,0,1,20358052,0.4615
0,0,1,20358053,0.52
0,0,1,20358054,0.52
0,0,1,20358055,0.4875
0,0,1,20358056,0.4225
0,0,1,20358057,0.325
0,0,1,20358058,0.195
0,0,1,20358059,0.065
0,0,1,20358060,0.013
0,0,1,20358061,0.0
0,0,1,20358062,0.0
0,0,1,20358063,0.0
0,0,1,20358064,0.0
0,0,1,20358065,0.0
0,0,1,20358066,0.0
0,0,1,20358067,0.0
0,0,1,20358068,0.0
0,0,1,20358069,0.0
0,0,1,20358070,0.0
0,0,1,20358071,0.026
0,0,1,20358072,0.091
0,0,1,20358073,0.195
0,0,1,20358074,0.299
0,0,1,20358075,0.39
0,0,1,20358076,0.4615
0,0,1,20358077,0.52
0,0,1,20358078,0.52
0,0,1,20358079,0.4875
0,0,1,20358080,0.4225
0,0,1,20358081,0.325
0,0,1,20358082,0.195
0,0,1,20358083,0.065
0,0,1,20358084,0.013
0,0,1,20358085,0.0
0,0,1,20358086,0.0
0,0,1,20358087,0.0
0,0,1,20358088,0.0
0,0,1,20358089,0.0
0,0,1,20358090,0.0
0,0,1,20358091,0.0
0,0,1,20358092,0.0
0,0,1,20358093,0.0
0,0,1,20358094,0.0
0,0,1,20358095,0.026
0,0,1,20358096,0.091
0,0,1,20358097,0.195
0,0,1,20358098,0.299
0,0,1,20358099,0.39
0,0,1,20358100,0.4615
0,0,1,20358101,0.52
0,0,1,20358102,0.52
0,0,1,20358103,0.4875
0,0,1,20358104,0.4225
0,0,1,20358105,0.325
0,0,1,20358106,0.195
0,0,1,20358107,0.065
0,0,1,20358108,0.013
0,0,1,20358109,0.0
0,0,1,20358110,0.0
0,0,1,20358111,0.0
0,0,1,20358112,0.0
0,0,1,20358113,0.0
0,0,1,20358114,0.0
0,0,1,20358115,0.0
0,0,1,20358116,0.0
0,0,1,20358117,0.0
0,0,1,20358118,0.0
0,0,1,20358119,0.026
0,0,1,20358120,0.091
0,0,1,20358121,0.195
0,0,1,20358122,0.299
0,0,1,20358123,0.39
0,0,1,20358124,0.4615
0,0,1,20358125,0.52
0,0,1,20358126,0.52
0,0,1,20358127,0.4875
0,0,1,20358128,0.4225
0,0,1,20358129,0.325
0,0,1,20358130,0.195
0,0,1,20358131,0.065
0,0,1,20358132,0.013
0,0,1,20358133,0.0
0,0,1,20358134,0.0
0,0,1,20358135,0.0
0,0,1,20358136,0.0
0,0,1,20358137,0.0
0,0,1,20358138,0.0
0,0,1,20358139,0.0
0,0,1,20358140,0.0
0,0,1,20358141,0.0
0,0,1,20358142,0.0
0,0,1,20358143,0.026
0,0,1,20358144,0.091
0,0,1,20358145,0.195
0,0,1,20358146,0.299
0,0,1,20358147,0.39
0,0,1,20358148,0.4615
0,0,1,20358149,0.52
0,0,1,20358150,0.52
0,0,1,20358151,0.4875
0,0,1,20358152,0.4225
0,0,1,20358153,0.325
0,0,1,20358154,0.195
0,0,1,20358155,0.065
0,0,1,20358156,0.013
0,0,1,20358157,0.0
0,0,1,20358158,0.0
0,0,1,20358159,0.0
0,0,1,20358160,0.0
0,0,1,20358161,0.0
0,0,1,20358162,0.0
0,0,1,20358163,0.0
0,0,1,20358164,0.0
0,0,1,20358165,0.0
0,0,1,20358166,0.0
0,0,1,20358167,0.026
0,0,1,20358168,0.091
0,0,1,20358169,0.195
0,0,1,20358170,0.299
0,0,1,20358171,0.39
0,0,1,20358172,0.4615
0,0,1,20358173,0.52
0,0,1,20358174,0.52
0,0,1,20358175,0.4875
0,0,1,20358176,0.4225
0,0,1,20358177,0.325
0,0,1,20358178,0.195
0,0,1,20358179,0.065
0,0,1,20358180,0.013
0,0,1,20358181,0.0
0,0,1,20358182,0.0
0,0,1,20358183,0.0
0,0,1,20358184,0.0
0,0,1,20358185,0.0
0,0,1,20358186,0.0
0,0,1,20358187,0.0
0,0,1,20358188,0.0
0,0,1,20358189,0.0
0,0,1,20358190,0.0
0,0,1,20358191,0.026
0,0,1,20358192,0.091
0,0,1,20358193,0.195
0,0,1,20358194,0.299
0,0,1,20358195,0.39
0,0,1,20358196,0.4615
0,0,1,20358197,0.52
0,0,1,20358198,0.52
0,0,1,20358199,0.4875
0,0,1,20358200,0.4225
0,0,1,20358201,0.325
0,0,1,20358202,0.195
0,0,1,20358203,0.065
0,0,1,20358204,0.013
0,0,1,20358205,0.0
0,0,1,20358206,0.0
0,0,1,20358207,0.0
0,0,1,20358208,0.0
0,0,1,20358209,0.0
0,0,1,20358210,0.0
0,0,1,20358211,0.0
0,0,1,20358212,0.0
0,0,1,20358213,0.0
0,0,1,20358214,0.0
0,0,1,20358215,0.026
0,0,1,20358216,0.091
0,0,1,20358217,0.195
0,0,1,20358218,0.299
0,0,1,20358219,0.39
0,0,1,20358220,0.4615
0,0,1,20358221,0.52
0,0,1,20358222,0.52
0,0,1,20358223,0.4875
0,0,1,20358224,0.4225
0,0,1,20358225,0.325
0,0,1,20358226,0.195
0,0,1,20358227,0.065
0,0,1,20358228,0.013
0,0,1,20358229,0.0
0,0,1,20358230,0.0
0,0,1,20358231,0.0
0,0,1,20358232,0.0
0,0,1,20358233,0.0
0,0,1,20358234,0.0
0,0,1,20358235,0.0
0,0,1,20358236,0.0
0,0,1,20358237,0.0
0,0,1,20358238,0.0
0,0,1,20358239,0.026
0,0,1,20358240,0.091
0,0,1,20358241,0.195
0,0,1,20358242,0.299
0,0,1,20358243,0.39
0,0,1,20358244,0.4615
0,0,1,20358245,0.52
0,0,1,20358246,0.52
0,0,1,20358247,0.4875
0,0,1,20358248,0.4225
0,0,1,20358249,0.325
0,0,1,20358250,0.195
0,0,1,20358251,0.065
0,0,1,20358252,0.013
0,0,1,20358253,0.0
0,0,1,20358254,0.0
0,0,1,20358255,0.0
0,0,1,20358256,0.0
0,0,1,20358257,0.0
0,0,1,20358258,0.0
0,0,1,20358259,0.0
0,0,1,20358260,0.0
0,0,1,20358261,0.0
0,0,1,20358262,0.0
0,0,1,20358263,0.026
0,0,1,20358264,0.091
0,0,1,20358265,0.195
0,0,1,20358266,0.299
0,0,1,20358267,0.39
0,0,1,20358268,0.4615
0,0,1,20358269,0.52
0,0,1,20358270,0.52
0,0,1,20358271,0.4875
0,0,1,20358272,0.4225
0,0,1,20358273,0.325
0,0,1,20358274,0.195
0,0,1,20358275,0.065
0,0,1,20358276,0.013
0,0,1,20358277,0.0
0,0,1,20358278,0.0
0,0,1,20358279,0.0
0,0,1,20358280,0.0
0,0,1,20358281,0.0
0,0,1,20358282,0.0
0,0,1,20358283,0.0
0,0,1,20358284,0.0
0,0,1,20358285,0.0
0,0,1,20358286,0.0
0,0,1,20358287,0.026
0,0,1,20358288,0.091
0,0,1,20358289,0.195
0,0,1,20358290,0.299
0,0,1,20358291,0.39
0,0,1,20358292,0.4615
0,0,1,20358293,0.52
0,0,1,20358294,0.52
0,0,1,20358295,0.4875
0,0,1,20358296,0.4225
0,0,1,20358297,0.325
0,0,1,20358298,0.195
0,0,1,20358299,0.065
0,0,1,20358300,0.013
0,0,1,20358301,0.0
0,0,1,20358302,0.0
0,0,1,20358303,0.0
0,0,1,20358304,0.0
0,0,1,20358305,0.0
0,0,1,20358306,0.0
0,0,1,20358307,0.0
0,0,1,20358308,0.0
0,0,1,20358309,0.0
0,0,1,20358310,0.0
0,0,1,20358311,0.026
0,0,1,20358312,0.091
0,0,1,20358313,0.195
0,0,1,20358314,0.299
0,0,1,20358315,0.39
0,0,1,20358316,0.4615
0,0,1,20358317,0.52
0,0,1,20358318,0.52
0,0,1,20358319,0.4875
0,0,1,20358320,0.4225
0,0,1,20358321,0.325
0,0,1,20358322,0.195
0,0,1,20358323,0.065
0,0,1,20358324,0.013
0,0,1,20358325,0.0
0,0,1,20358326,0.0
0,0,1,20358327,0.0
0,0,1,20358328,0.0
0,0,1,20358329,0.0
0,0,1,20358330,0.0
0,0,1,20358331,0.0
0,0,1,20358332,0.0
0,0,1,20358333,0.0
0,0,1,20358334,0.0
0,0,1,20358335,0.026
0,0,1,20358336,0.091
0,0,1,20358337,0.195
0,0,1,20358338,0.299
0,0,1,20358339,0.39
0,0,1,20358340,0.4615
0,0,1,20358341,0.52
0,0,1,20358342,0.52
0,0,1,20358343,0.4875
0,0,1,20358344,0.4225
0,0,1,20358345,0.325
0,0,1,20358346,0.195
0,0,1,20358347,0.065
0,0,1,20358348,0.013
0,0,1,20358349,0.0
0,0,1,20358350,0.0
0,0,1,20358351,0.0
0,0,1,20358352,0.0
0,0,1,20358353,0.0
0,0,1,20358354,0.0
0,0,1,20358355,0.0
0,0,1,20358356,0.0
0,0,1,20358357,0.0
0,0,1,20358358,0.0
0,0,1,20358359,0.026
0,0,1,20358360,0.091
0,0,1,20358361,0.195
0,0,1,20358362,0.299
0,0,1,20358363,0.39
0,0,1,20358364,0.4615
0,0,1,20358365,0.52
0,0,1,20358366,0.52
0,0,1,20358367,0.4875
0,0,1,20358368,0.4225
0,0,1,20358369,0.325
0,0,1,20358370,0.195
0,0,1,20358371,0.065
0,0,1,20358372,0.013
0,0,1,20358373,0.0
0,0,1,20358374,0.0
0,0,1,20358375,0.0
0,0,1,20358376,0.0
0,0,1,20358377,0.0
0,0,1,20358378,0.0
0,0,1,20358379,0.0
0,0,1,20358380,0.0
0,0,1,20358381,0.0
0,0,1,20358382,0.0
0,0,1,20358383,0.026
0,0,1,20358384,0.091
0,0,1,20358385,0.195
0,0,1,20358386,0.299
0,0,1,20358387,0.39
0,0,1,20358388,0.4615
0,0,1,20358389,0.52
0,0,1,20358390,0.52
0,0,1,20358391,0.4875
0,0,1,20358392,0.4225
0,0,1,20358393,0.325
0,0,1,20358394,0.195
0,0,1,20358395,0.065
0,0,1,20358396,0.013
0,0,1,20358397,0.0
0,0,1,20358398,0.0
0,0,1,20358399,0.0
0,0,1,20358400,0.0
0,0,1,20358401,0.0
0,0,1,20358402,0.0
0,0,1,20358403,0.0
0,0,1,20358404,0.0
0,0,1,20358405,0.0
0,0,1,20358406,0.0
0,0,1,20358407,0.026
0,0,1,20358408,0.091
0,0,1,20358409,0.195
0,0,1,20358410,0.299
0,0,1,20358411,0.39
0,0,1,20358412,0.4615
0,0,1,20358413,0.52
0,0,1,20358414,0.52
0,0,1,20358415,0.4875
0,0,1,20358416,0.4225
0,0,1,20358417,0.325
0,0,1,20358418,0.195
0,0,1,20358419,0.065
0,0,1,20358420,0.013
0,0,1,20358421,0.0
0,0,1,20358422,0.0
0,0,1,20358423,0.0
0,0,1,20358424,0.0
0,0,1,20358425,0.0
0,0,1,20358426,0.0
0,0,1,20358427,0.0
0,0,1,20358428,0.0
0,0,1,20358429,0.0
0,0,1,20358430,0.0
0,0,1,20358431,0.026
0,0,1,20358432,0.091
0,0,1,20358433,0.195
0,0,1,20358434,0.299
0,0,1,20358435,0.39
0,0,1,20358436,0.4615
0,0,1,20358437,0.52
0,0,1,20358438,0.52
0,0,1,20358439,0.4875
0,0,1,20358440,0.4225
0,0,1,20358441,0.325
0,0,1,20358442,0.195
0,0,1,20358443,0.065
0,0,1,20358444,0.013
0,0,1,20358445,0.0
0,0,1,20358446,0.0
0,0,1,20358447,0.0
0,0,1,20358448,0.0
0,0,1,20358449,0.0
0,0,1,20358450,0.0
0,0,1,20358451,0.0
0,0,1,20358452,0.0
0,0,1,20358453,0.0
0,0,1,20358454,0.0
0,0,1,20358455,0.026
0,0,1,20358456,0.091
0,0,1,20358457,0.195
0,0,1,20358458,0.299
0,0,1,20358459,0.39
0,0,1,20358460,0.4615
0,0,1,20358461,0.52
0,0,1,20358462,0.52
0,0,1,20358463,0.4875
0,0,1,20358464,0.4225
0,0,1,20358465,0.325
0,0,1,20358466,0.195
0,0,1,20358467,0.065
0,0,1,20358468,0.013
0,0,1,20358469,0.0
0,0,1,20358470,0.0
0,0,1,20358471,0.0
0,0,1,20358472,0.0
0,0,1,20358473,0.0
0,0,1,20358474,0.0
0,0,1,20358475,0.0
0,0,1,20358476,0.0
0,0,1,20358477,0.0
0,0,1,20358478,0.0
0,0,1,20358479,0.026
0,0,1,20358480,0.091
0,0,1,20358481,0.195
0,0,1,20358482,0.299
0,0,1,20358483,0.39
0,0,1,20358484,0.4615
0,0,1,20358485,0.52
0,0,1,20358486,0.52
0,0,1,20358487,0.4875
0,0,1,20358488,0.4225
0,0,1,20358489,0.325
0,0,1,20358490,0.195
0,0,1,20358491,0.065
0,0,1,20358492,0.013
0,0,1,20358493,0.0
0,0,1,20358494,0.0
0,0,1,20358495,0.0
0,0,1,20358496,0.0
0,0,1,20358497,0.0
0,0,1,20358498,0.0
0,0,1,20358499,0.0
0,0,1,20358500,0.0
0,0,1,20358501,0.0
0,0,1,20358502,0.0
0,0,1,20358503,0.026
0,0,1,20358504,0.091
0,0,1,20358505,0.195
0,0,1,20358506,0.299
0,0,1,20358507,0.39
0,0,1,20358508,0.4615
0,0,1,20358509,0.52
0,0,1,20358510,0.52
0,0,1,20358511,0.4875
0,0,1,20358512,0.4225
0,0,1,20358513,0.325
0,0,1,20358514,0.195
0,0,1,20358515,0.065
0,0,1,20358516,0.013
0,0,1,20358517,0.0
0,0,1,20358518,0.0
0,0,1,20358519,0.0
0,0,1,20358520,0.0
0,0,1,20358521,0.0
0,0,1,20358522,0.0
0,0,1,20358523,0.0
0,0,1,20358524,0.0
0,0,1,20358525,0.0
0,0,1,20358526,0.0
0,0,1,20358527,0.026
0,0,1,20358528,0.091
0,0,1,20358529,0.195
0,0,1,20358530,0.299
0,0,1,20358531,0.39
0,0,1,20358532,0.4615
0,0,1,20358533,0.52
0,0,1,20358534,0.52
0,0,1,20358535,0.4875
0,0,1,20358536,0.4225
0,0,1,20358537,0.325
0,0,1,20358538,0.195
0,0,1,20358539,0.065
0,0,1,20358540,0.013
0,0,1,20358541,0.0
0,0,1,20358542,0.0
0,0,1,20358543,0.0
0,0,1,20358544,0.0
0,0,1,20358545,0.0
0,0,1,20358546,0.0
0,0,1,20358547,0.0
0,0,1,20358548,0.0
0,0,1,20358549,0.0
0,0,1,20358550,0.0
0,0,1,20358551,0.026
0,0,1,20358552,0.091
0,0,1,20358553,0.195
0,0,1,20358554,0.299
0,0,1,20358555,0.39
0,0,1,20358556,0.4615
0,0,1,20358557,0.52
0,0,1,20358558,0.52
0,0,1,20358559,0.4875
0,0,1,20358560,0.4225
0,0,1,20358561,0.325
0,0,1,20358562,0.195
0,0,1,20358563,0.065
0,0,1,20358564,0.013
0,0,1,20358565,0.0
0,0,1,20358566,0.0
0,0,1,20358567,0.0
0,0,1,20358568,0.0
0,0,1,20358569,0.0
0,0,1,20358570,0.0
0,0,1,20358571,0.0
0,0,1,20358572,0.0
0,0,1,20358573,0.0
0,0,1,20358574,0.0
0,0,1,20358575,0.026
0,0,1,20358576,0.091
0,0,1,20358577,0.195
0,0,1,20358578,0.299
0,0,1,20358579,0.39
0,0,1,20358580,0.4615
0,0,1,20358581,0.52
0,0,1,20358582,0.52
0,0,1,20358583,0.4875
0,0,1,20358584,0.4225
0,0,1,20358585,0.325
0,0,1,20358586,0.195
0,0,1,20358587,0.065
0,0,1,20358588,0.013
0,0,1,20358589,0.0
0,0,1,20358590,0.0
0,0,1,20358591,0.0
0,0,1,20358592,0.0
0,0,1,20358593,0.0
0,0,1,20358594,0.0
0,0,1,20358595,0.0
0,0,1,20358596,0.0
0,0,1,20358597,0.0
0,0,1,20358598,0.0
0,0,1,20358599,0.026
0,0,1,20358600,0.091
0,0,1,20358601,0.195
0,0,1,20358602,0.299
0,0,1,20358603,0.39
0,0,1,20358604,0.4615
0,0,1,20358605,0.52
0,0,1,20358606,0.52
0,0,1,20358607,0.4875
0,0,1,20358608,0.4225
0,0,1,20358609,0.325
0,0,1,20358610,0.195
0,0,1,20358611,0.065
0,0,1,20358612,0.013
0,0,1,20358613,0.0
0,0,1,20358614,0.0
0,0,1,20358615,0.0
0,0,1,20358616,0.0
0,0,1,20358617,0.0
0,0,1,20358618,0.0
0,0,1,20358619,0.0
0,0,1,20358620,0.0
0,0,1,20358621,0.0
0,0,1,20358622,0.0
0,0,1,20358623,0.026
0,0,1,20358624,0.091
0,0,1,20358625,0.195
0,0,1,20358626,0.299
0,0,1,20358627,0.39
0,0,1,20358628,0.4615
0,0,1,20358629,0.52
0,0,1,20358630,0.52
0,0,1,20358631,0.4875
0,0,1,20358632,0.4225
0,0,1,20358633,0.325
0,0,1,20358634,0.195
0,0,1,20358635,0.065
0,0,1,20358636,0.013
0,0,1,20358637,0.0
0,0,1,20358638,0.0
0,0,1,20358639,0.0
0,0,1,20358640,0.0
0,0,1,20358641,0.0
0,0,1,20358642,0.0
0,0,1,20358643,0.0
0,0,1,20358644,0.0
0,0,1,20358645,0.0
0,0,1,20358646,0.0
0,0,1,20358647,0.026
0,0,1,20358648,0.091
0,0,1,20358649,0.195
0,0,1,20358650,0.299
0,0,1,20358651,0.39
0,0,1,20358652,0.4615
0,0,1,20358653,0.52
0,0,1,20358654,0.52
0,0,1,20358655,0.4875
0,0,1,20358656,0.4225
0,0,1,20358657,0.325
0,0,1,20358658,0.195
0,0,1,20358659,0.065
0,0,1,20358660,0.013
0,0,1,20358661,0.0
0,0,1,20358662,0.0
0,0,1,20358663,0.0
0,0,1,20358664,0.0
0,0,1,20358665,0.0
0,0,1,20358666,0.0
0,0,1,20358667,0.0
0,0,1,20358668,0.0
0,0,1,20358669,0.0
0,0,1,20358670,0.0
0,0,1,20358671,0.026
0,0,1,20358672,0.091
0,0,1,20358673,0.195
0,0,1,20358674,0.299
0,0,1,20358675,0.39
0,0,1,20358676,0.4615
0,0,1,20358677,0.52
0,0,1,20358678,0.52
0,0,1,20358679,0.4875
0,0,1,20358680,0.4225
0,0,1,20358681,0.325
0,0,1,20358682,0.195
0,0,1,20358683,0.065
0,0,1,20358684,0.013
0,0,1,20358685,0.0
0,0,1,20358686,0.0
0,0,1,20358687,0.0
0,0,1,20358688,0.0
0,0,1,20358689,0.0
0,0,1,20358690,0.0
0,0,1,20358691,0.0
0,0,1,20358692,0.0
0,0,1,20358693,0.0
0,0,1,20358694,0.0
0,0,1,20358695,0.026
0,0,1,20358696,0.091
0,0,1,20358697,0.195
0,0,1,20358698,0.299
0,0,1,20358699,0.39
0,0,1,20358700,0.4615
0,0,1,20358701,0.52
0,0,1,20358702,0.52
0,0,1,20358703,0.4875
0,0,1,20358704,0.4225
0,0,1,20358705,0.325
0,0,1,20358706,0.195
0,0,1,20358707,0.065
0,0,1,20358708,0.013
0,0,1,20358709,0.0
0,0,1,20358710,0.0
0,0,1,20358711,0.0
0,0,1,20358712,0.0
0,0,1,20358713,0.0
0,0,1,20358714,0.0
0,0,1,20358715,0.0
0,0,1,20358716,0.0
0,0,1,20358717,0.0
0,0,1,20358718,0.0
0,0,1,20358719,0.026
0,0,1,20358720,0.091
0,0,1,20358721,0.195
0,0,1,20358722,0.299
0,0,1,20358723,0.39
0,0,1,20358724,0.4615
0,0,1,20358725,0.52
0,0,1,20358726,0.52
0,0,1,20358727,0.4875
0,0,1,20358728,0.4225
0,0,1,20358729,0.325
0,0,1,20358730,0.195
0,0,1,20358731,0.065
0,0,1,20358732,0.013
0,0,1,20358733,0.0
0,0,1,20358734,0.0
0,0,1,20358735,0.0
0,0,1,20358736,0.0
0,0,1,20358737,0.0
0,0,1,20358738,0.0
0,0,1,20358739,0.0
0,0,1,20358740,0.0
0,0,1,20358741,0.0
0,0,1,20358742,0.0
0,0,1,20358743,0.026
0,0,1,20358744,0.091
0,0,1,20358745,0.195
0,0,1,20358746,0.299
0,0,1,20358747,0.39
0,0,1,20358748,0.4615
0,0,1,20358749,0.52
0,0,1,20358750,0.52
0,0,1,20358751,0.4875
0,0,1,20358752,0.4225
0,0,1,20358753,0.325
0,0,1,20358754,0.195
0,0,1,20358755,0.065
0,0,1,20358756,0.013
0,0,1,20358757,0.0
0,0,1,20358758,0.0
0,0,1,20358759,0.0
0,0,1,20358760,0.0
