weather_iteration,hydro_iteration,stage_id,timepoint,market_price
0,0,1,20300001,5
0,0,1,20300002,5
0,0,1,20300003,5
0,0,1,20300004,5
0,0,1,20300005,5
0,0,1,20300006,5
0,0,1,20300007,5
0,0,1,20300008,5
0,0,1,20300009,5
0,0,1,20300010,5
0,0,1,20300011,5
0,0,1,20300012,5
0,0,1,20300013,5
0,0,1,20300014,5
0,0,1,20300015,5
0,0,1,20300016,5
0,0,1,20300017,5
0,0,1,20300018,5
0,0,1,20300019,5
0,0,1,20300020,5
0,0,1,20300021,5
0,0,1,20300022,5
0,0,1,20300023,5
0,0,1,20300024,5
0,0,1,20300025,5
0,0,1,20300026,5
0,0,1,20300027,5
0,0,1,20300028,5
0,0,1,20300029,5
0,0,1,20300030,5
0,0,1,20300031,5
0,0,1,20300032,5
0,0,1,20300033,5
0,0,1,20300034,5
0,0,1,20300035,5
0,0,1,20300036,5
0,0,1,20300037,5
0,0,1,20300038,5
0,0,1,20300039,5
0,0,1,20300040,5
0,0,1,20300041,5
0,0,1,20300042,5
0,0,1,20300043,5
0,0,1,20300044,5
0,0,1,20300045,5
0,0,1,20300046,5
0,0,1,20300047,5
0,0,1,20300048,5
0,0,1,20300049,5
0,0,1,20300050,5
0,0,1,20300051,5
0,0,1,20300052,5
0,0,1,20300053,5
0,0,1,20300054,5
0,0,1,20300055,5
0,0,1,20300056,5
0,0,1,20300057,5
0,0,1,20300058,5
0,0,1,20300059,5
0,0,1,20300060,5
0,0,1,20300061,5
0,0,1,20300062,5
0,0,1,20300063,5
0,0,1,20300064,5
0,0,1,20300065,5
0,0,1,20300066,5
0,0,1,20300067,5
0,0,1,20300068,5
0,0,1,20300069,5
0,0,1,20300070,5
0,0,1,20300071,5
0,0,1,20300072,5
0,0,1,20300073,5
0,0,1,20300074,5
0,0,1,20300075,5
0,0,1,20300076,5
0,0,1,20300077,5
0,0,1,20300078,5
0,0,1,20300079,5
0,0,1,20300080,5
0,0,1,20300081,5
0,0,1,20300082,5
0,0,1,20300083,5
0,0,1,20300084,5
0,0,1,20300085,5
0,0,1,20300086,5
0,0,1,20300087,5
0,0,1,20300088,5
0,0,1,20300089,5
0,0,1,20300090,5
0,0,1,20300091,5
0,0,1,20300092,5
0,0,1,20300093,5
0,0,1,20300094,5
0,0,1,20300095,5
0,0,1,20300096,5
0,0,1,20300097,5
0,0,1,20300098,5
0,0,1,20300099,5
0,0,1,20300100,5
0,0,1,20300101,5
0,0,1,20300102,5
0,0,1,20300103,5
0,0,1,20300104,5
0,0,1,20300105,5
0,0,1,20300106,5
0,0,1,20300107,5
0,0,1,20300108,5
0,0,1,20300109,5
0,0,1,20300110,5
0,0,1,20300111,5
0,0,1,20300112,5
0,0,1,20300113,5
0,0,1,20300114,5
0,0,1,20300115,5
0,0,1,20300116,5
0,0,1,20300117,5
0,0,1,20300118,5
0,0,1,20300119,5
0,0,1,20300120,5
0,0,1,20300121,5
0,0,1,20300122,5
0,0,1,20300123,5
0,0,1,20300124,5
0,0,1,20300125,5
0,0,1,20300126,5
0,0,1,20300127,5
0,0,1,20300128,5
0,0,1,20300129,5
0,0,1,20300130,5
0,0,1,20300131,5
0,0,1,20300132,5
0,0,1,20300133,5
0,0,1,20300134,5
0,0,1,20300135,5
0,0,1,20300136,5
0,0,1,20300137,5
0,0,1,20300138,5
0,0,1,20300139,5
0,0,1,20300140,5
0,0,1,20300141,5
0,0,1,20300142,5
0,0,1,20300143,5
0,0,1,20300144,5
0,0,1,20300145,5
0,0,1,20300146,5
0,0,1,20300147,5
0,0,1,20300148,5
0,0,1,20300149,5
0,0,1,20300150,5
0,0,1,20300151,5
0,0,1,20300152,5
0,0,1,20300153,5
0,0,1,20300154,5
0,0,1,20300155,5
0,0,1,20300156,5
0,0,1,20300157,5
0,0,1,20300158,5
0,0,1,20300159,5
0,0,1,20300160,5
0,0,1,20300161,5
0,0,1,20300162,5
0,0,1,20300163,5
0,0,1,20300164,5
0,0,1,20300165,5
0,0,1,20300166,5
0,0,1,20300167,5
0,0,1,20300168,5
0,0,1,20300169,5
0,0,1,20300170,5
0,0,1,20300171,5
0,0,1,20300172,5
0,0,1,20300173,5
0,0,1,20300174,5
0,0,1,20300175,5
0,0,1,20300176,5
0,0,1,20300177,5
0,0,1,20300178,5
0,0,1,20300179,5
0,0,1,20300180,5
0,0,1,20300181,5
0,0,1,20300182,5
0,0,1,20300183,5
0,0,1,20300184,5
0,0,1,20300185,5
0,0,1,20300186,5
0,0,1,20300187,5
0,0,1,20300188,5
0,0,1,20300189,5
0,0,1,20300190,5
0,0,1,20300191,5
0,0,1,20300192,5
0,0,1,20300193,5
0,0,1,20300194,5
0,0,1,20300195,5
0,0,1,20300196,5
0,0,1,20300197,5
0,0,1,20300198,5
0,0,1,20300199,5
0,0,1,20300200,5
0,0,1,20300201,5
0,0,1,20300202,5
0,0,1,20300203,5
0,0,1,20300204,5
0,0,1,20300205,5
0,0,1,20300206,5
0,0,1,20300207,5
0,0,1,20300208,5
0,0,1,20300209,5
0,0,1,20300210,5
0,0,1,20300211,5
0,0,1,20300212,5
0,0,1,20300213,5
0,0,1,20300214,5
0,0,1,20300215,5
0,0,1,20300216,5
0,0,1,20300217,5
0,0,1,20300218,5
0,0,1,20300219,5
0,0,1,20300220,5
0,0,1,20300221,5
0,0,1,20300222,5
0,0,1,20300223,5
0,0,1,20300224,5
0,0,1,20300225,5
0,0,1,20300226,5
0,0,1,20300227,5
0,0,1,20300228,5
0,0,1,20300229,5
0,0,1,20300230,5
0,0,1,20300231,5
0,0,1,20300232,5
0,0,1,20300233,5
0,0,1,20300234,5
0,0,1,20300235,5
0,0,1,20300236,5
0,0,1,20300237,5
0,0,1,20300238,5
0,0,1,20300239,5
0,0,1,20300240,5
0,0,1,20300241,5
0,0,1,20300242,5
0,0,1,20300243,5
0,0,1,20300244,5
0,0,1,20300245,5
0,0,1,20300246,5
0,0,1,20300247,5
0,0,1,20300248,5
0,0,1,20300249,5
0,0,1,20300250,5
0,0,1,20300251,5
0,0,1,20300252,5
0,0,1,20300253,5
0,0,1,20300254,5
0,0,1,20300255,5
0,0,1,20300256,5
0,0,1,20300257,5
0,0,1,20300258,5
0,0,1,20300259,5
0,0,1,20300260,5
0,0,1,20300261,5
0,0,1,20300262,5
0,0,1,20300263,5
0,0,1,20300264,5
0,0,1,20300265,5
0,0,1,20300266,5
0,0,1,20300267,5
0,0,1,20300268,5
0,0,1,20300269,5
0,0,1,20300270,5
0,0,1,20300271,5
0,0,1,20300272,5
0,0,1,20300273,5
0,0,1,20300274,5
0,0,1,20300275,5
0,0,1,20300276,5
0,0,1,20300277,5
0,0,1,20300278,5
0,0,1,20300279,5
0,0,1,20300280,5
0,0,1,20300281,5
0,0,1,20300282,5
0,0,1,20300283,5
0,0,1,20300284,5
0,0,1,20300285,5
0,0,1,20300286,5
0,0,1,20300287,5
0,0,1,20300288,5
0,0,1,20300289,5
0,0,1,20300290,5
0,0,1,20300291,5
0,0,1,20300292,5
0,0,1,20300293,5
0,0,1,20300294,5
0,0,1,20300295,5
0,0,1,20300296,5
0,0,1,20300297,5
0,0,1,20300298,5
0,0,1,20300299,5
0,0,1,20300300,5
0,0,1,20300301,5
0,0,1,20300302,5
0,0,1,20300303,5
0,0,1,20300304,5
0,0,1,20300305,5
0,0,1,20300306,5
0,0,1,20300307,5
0,0,1,20300308,5
0,0,1,20300309,5
0,0,1,20300310,5
0,0,1,20300311,5
0,0,1,20300312,5
0,0,1,20300313,5
0,0,1,20300314,5
0,0,1,20300315,5
0,0,1,20300316,5
0,0,1,20300317,5
0,0,1,20300318,5
0,0,1,20300319,5
0,0,1,20300320,5
0,0,1,20300321,5
0,0,1,20300322,5
0,0,1,20300323,5
0,0,1,20300324,5
0,0,1,20300325,5
0,0,1,20300326,5
0,0,1,20300327,5
0,0,1,20300328,5
0,0,1,20300329,5
0,0,1,20300330,5
0,0,1,20300331,5
0,0,1,20300332,5
0,0,1,20300333,5
0,0,1,20300334,5
0,0,1,20300335,5
0,0,1,20300336,5
0,0,1,20300337,5
0,0,1,20300338,5
0,0,1,20300339,5
0,0,1,20300340,5
0,0,1,20300341,5
0,0,1,20300342,5
0,0,1,20300343,5
0,0,1,20300344,5
0,0,1,20300345,5
0,0,1,20300346,5
0,0,1,20300347,5
0,0,1,20300348,5
0,0,1,20300349,5
0,0,1,20300350,5
0,0,1,20300351,5
0,0,1,20300352,5
0,0,1,20300353,5
0,0,1,20300354,5
0,0,1,20300355,5
0,0,1,20300356,5
0,0,1,20300357,5
0,0,1,20300358,5
0,0,1,20300359,5
0,0,1,20300360,5
0,0,1,20300361,5
0,0,1,20300362,5
0,0,1,20300363,5
0,0,1,20300364,5
0,0,1,20300365,5
0,0,1,20300366,5
0,0,1,20300367,5
0,0,1,20300368,5
0,0,1,20300369,5
0,0,1,20300370,5
0,0,1,20300371,5
0,0,1,20300372,5
0,0,1,20300373,5
0,0,1,20300374,5
0,0,1,20300375,5
0,0,1,20300376,5
0,0,1,20300377,5
0,0,1,20300378,5
0,0,1,20300379,5
0,0,1,20300380,5
0,0,1,20300381,5
0,0,1,20300382,5
0,0,1,20300383,5
0,0,1,20300384,5
0,0,1,20300385,5
0,0,1,20300386,5
0,0,1,20300387,5
0,0,1,20300388,5
0,0,1,20300389,5
0,0,1,20300390,5
0,0,1,20300391,5
0,0,1,20300392,5
0,0,1,20300393,5
0,0,1,20300394,5
0,0,1,20300395,5
0,0,1,20300396,5
0,0,1,20300397,5
0,0,1,20300398,5
0,0,1,20300399,5
0,0,1,20300400,5
0,0,1,20300401,5
0,0,1,20300402,5
0,0,1,20300403,5
0,0,1,20300404,5
0,0,1,20300405,5
0,0,1,20300406,5
0,0,1,20300407,5
0,0,1,20300408,5
0,0,1,20300409,5
0,0,1,20300410,5
0,0,1,20300411,5
0,0,1,20300412,5
0,0,1,20300413,5
0,0,1,20300414,5
0,0,1,20300415,5
0,0,1,20300416,5
0,0,1,20300417,5
0,0,1,20300418,5
0,0,1,20300419,5
0,0,1,20300420,5
0,0,1,20300421,5
0,0,1,20300422,5
0,0,1,20300423,5
0,0,1,20300424,5
0,0,1,20300425,5
0,0,1,20300426,5
0,0,1,20300427,5
0,0,1,20300428,5
0,0,1,20300429,5
0,0,1,20300430,5
0,0,1,20300431,5
0,0,1,20300432,5
0,0,1,20300433,5
0,0,1,20300434,5
0,0,1,20300435,5
0,0,1,20300436,5
0,0,1,20300437,5
0,0,1,20300438,5
0,0,1,20300439,5
0,0,1,20300440,5
0,0,1,20300441,5
0,0,1,20300442,5
0,0,1,20300443,5
0,0,1,20300444,5
0,0,1,20300445,5
0,0,1,20300446,5
0,0,1,20300447,5
0,0,1,20300448,5
0,0,1,20300449,5
0,0,1,20300450,5
0,0,1,20300451,5
0,0,1,20300452,5
0,0,1,20300453,5
0,0,1,20300454,5
0,0,1,20300455,5
0,0,1,20300456,5
0,0,1,20300457,5
0,0,1,20300458,5
0,0,1,20300459,5
0,0,1,20300460,5
0,0,1,20300461,5
0,0,1,20300462,5
0,0,1,20300463,5
0,0,1,20300464,5
0,0,1,20300465,5
0,0,1,20300466,5
0,0,1,20300467,5
0,0,1,20300468,5
0,0,1,20300469,5
0,0,1,20300470,5
0,0,1,20300471,5
0,0,1,20300472,5
0,0,1,20300473,5
0,0,1,20300474,5
0,0,1,20300475,5
0,0,1,20300476,5
0,0,1,20300477,5
0,0,1,20300478,5
0,0,1,20300479,5
0,0,1,20300480,5
0,0,1,20300481,5
0,0,1,20300482,5
0,0,1,20300483,5
0,0,1,20300484,5
0,0,1,20300485,5
0,0,1,20300486,5
0,0,1,20300487,5
0,0,1,20300488,5
0,0,1,20300489,5
0,0,1,20300490,5
0,0,1,20300491,5
0,0,1,20300492,5
0,0,1,20300493,5
0,0,1,20300494,5
0,0,1,20300495,5
0,0,1,20300496,5
0,0,1,20300497,5
0,0,1,20300498,5
0,0,1,20300499,5
0,0,1,20300500,5
0,0,1,20300501,5
0,0,1,20300502,5
0,0,1,20300503,5
0,0,1,20300504,5
0,0,1,20300505,5
0,0,1,20300506,5
0,0,1,20300507,5
0,0,1,20300508,5
0,0,1,20300509,5
0,0,1,20300510,5
0,0,1,20300511,5
0,0,1,20300512,5
0,0,1,20300513,5
0,0,1,20300514,5
0,0,1,20300515,5
0,0,1,20300516,5
0,0,1,20300517,5
0,0,1,20300518,5
0,0,1,20300519,5
0,0,1,20300520,5
0,0,1,20300521,5
0,0,1,20300522,5
0,0,1,20300523,5
0,0,1,20300524,5
0,0,1,20300525,5
0,0,1,20300526,5
0,0,1,20300527,5
0,0,1,20300528,5
0,0,1,20300529,5
0,0,1,20300530,5
0,0,1,20300531,5
0,0,1,20300532,5
0,0,1,20300533,5
0,0,1,20300534,5
0,0,1,20300535,5
0,0,1,20300536,5
0,0,1,20300537,5
0,0,1,20300538,5
0,0,1,20300539,5
0,0,1,20300540,5
0,0,1,20300541,5
0,0,1,20300542,5
0,0,1,20300543,5
0,0,1,20300544,5
0,0,1,20300545,5
0,0,1,20300546,5
0,0,1,20300547,5
0,0,1,20300548,5
0,0,1,20300549,5
0,0,1,20300550,5
0,0,1,20300551,5
0,0,1,20300552,5
0,0,1,20300553,5
0,0,1,20300554,5
0,0,1,20300555,5
0,0,1,20300556,5
0,0,1,20300557,5
0,0,1,20300558,5
0,0,1,20300559,5
0,0,1,20300560,5
0,0,1,20300561,5
0,0,1,20300562,5
0,0,1,20300563,5
0,0,1,20300564,5
0,0,1,20300565,5
0,0,1,20300566,5
0,0,1,20300567,5
0,0,1,20300568,5
0,0,1,20300569,5
0,0,1,20300570,5
0,0,1,20300571,5
0,0,1,20300572,5
0,0,1,20300573,5
0,0,1,20300574,5
0,0,1,20300575,5
0,0,1,20300576,5
0,0,1,20300577,5
0,0,1,20300578,5
0,0,1,20300579,5
0,0,1,20300580,5
0,0,1,20300581,5
0,0,1,20300582,5
0,0,1,20300583,5
0,0,1,20300584,5
0,0,1,20300585,5
0,0,1,20300586,5
0,0,1,20300587,5
0,0,1,20300588,5
0,0,1,20300589,5
0,0,1,20300590,5
0,0,1,20300591,5
0,0,1,20300592,5
0,0,1,20300593,5
0,0,1,20300594,5
0,0,1,20300595,5
0,0,1,20300596,5
0,0,1,20300597,5
0,0,1,20300598,5
0,0,1,20300599,5
0,0,1,20300600,5
0,0,1,20300601,5
0,0,1,20300602,5
0,0,1,20300603,5
0,0,1,20300604,5
0,0,1,20300605,5
0,0,1,20300606,5
0,0,1,20300607,5
0,0,1,20300608,5
0,0,1,20300609,5
0,0,1,20300610,5
0,0,1,20300611,5
0,0,1,20300612,5
0,0,1,20300613,5
0,0,1,20300614,5
0,0,1,20300615,5
0,0,1,20300616,5
0,0,1,20300617,5
0,0,1,20300618,5
0,0,1,20300619,5
0,0,1,20300620,5
0,0,1,20300621,5
0,0,1,20300622,5
0,0,1,20300623,5
0,0,1,20300624,5
0,0,1,20300625,5
0,0,1,20300626,5
0,0,1,20300627,5
0,0,1,20300628,5
0,0,1,20300629,5
0,0,1,20300630,5
0,0,1,20300631,5
0,0,1,20300632,5
0,0,1,20300633,5
0,0,1,20300634,5
0,0,1,20300635,5
0,0,1,20300636,5
0,0,1,20300637,5
0,0,1,20300638,5
0,0,1,20300639,5
0,0,1,20300640,5
0,0,1,20300641,5
0,0,1,20300642,5
0,0,1,20300643,5
0,0,1,20300644,5
0,0,1,20300645,5
0,0,1,20300646,5
0,0,1,20300647,5
0,0,1,20300648,5
0,0,1,20300649,5
0,0,1,20300650,5
0,0,1,20300651,5
0,0,1,20300652,5
0,0,1,20300653,5
0,0,1,20300654,5
0,0,1,20300655,5
0,0,1,20300656,5
0,0,1,20300657,5
0,0,1,20300658,5
0,0,1,20300659,5
0,0,1,20300660,5
0,0,1,20300661,5
0,0,1,20300662,5
0,0,1,20300663,5
0,0,1,20300664,5
0,0,1,20300665,5
0,0,1,20300666,5
0,0,1,20300667,5
0,0,1,20300668,5
0,0,1,20300669,5
0,0,1,20300670,5
0,0,1,20300671,5
0,0,1,20300672,5
0,0,1,20300673,5
0,0,1,20300674,5
0,0,1,20300675,5
0,0,1,20300676,5
0,0,1,20300677,5
0,0,1,20300678,5
0,0,1,20300679,5
0,0,1,20300680,5
0,0,1,20300681,5
0,0,1,20300682,5
0,0,1,20300683,5
0,0,1,20300684,5
0,0,1,20300685,5
0,0,1,20300686,5
0,0,1,20300687,5
0,0,1,20300688,5
0,0,1,20300689,5
0,0,1,20300690,5
0,0,1,20300691,5
0,0,1,20300692,5
0,0,1,20300693,5
0,0,1,20300694,5
0,0,1,20300695,5
0,0,1,20300696,5
0,0,1,20300697,5
0,0,1,20300698,5
0,0,1,20300699,5
0,0,1,20300700,5
0,0,1,20300701,5
0,0,1,20300702,5
0,0,1,20300703,5
0,0,1,20300704,5
0,0,1,20300705,5
0,0,1,20300706,5
0,0,1,20300707,5
0,0,1,20300708,5
0,0,1,20300709,5
0,0,1,20300710,5
0,0,1,20300711,5
0,0,1,20300712,5
0,0,1,20300713,5
0,0,1,20300714,5
0,0,1,20300715,5
0,0,1,20300716,5
0,0,1,20300717,5
0,0,1,20300718,5
0,0,1,20300719,5
0,0,1,20300720,5
0,0,1,20300721,5
0,0,1,20300722,5
0,0,1,20300723,5
0,0,1,20300724,5
0,0,1,20300725,5
0,0,1,20300726,5
0,0,1,20300727,5
0,0,1,20300728,5
0,0,1,20300729,5
0,0,1,20300730,5
0,0,1,20300731,5
0,0,1,20300732,5
0,0,1,20300733,5
0,0,1,20300734,5
0,0,1,20300735,5
0,0,1,20300736,5
0,0,1,20300737,5
0,0,1,20300738,5
0,0,1,20300739,5
0,0,1,20300740,5
0,0,1,20300741,5
0,0,1,20300742,5
0,0,1,20300743,5
0,0,1,20300744,5
0,0,1,20300745,5
0,0,1,20300746,5
0,0,1,20300747,5
0,0,1,20300748,5
0,0,1,20300749,5
0,0,1,20300750,5
0,0,1,20300751,5
0,0,1,20300752,5
0,0,1,20300753,5
0,0,1,20300754,5
0,0,1,20300755,5
0,0,1,20300756,5
0,0,1,20300757,5
0,0,1,20300758,5
0,0,1,20300759,5
0,0,1,20300760,5
0,0,1,20300761,5
0,0,1,20300762,5
0,0,1,20300763,5
0,0,1,20300764,5
0,0,1,20300765,5
0,0,1,20300766,5
0,0,1,20300767,5
0,0,1,20300768,5
0,0,1,20300769,5
0,0,1,20300770,5
0,0,1,20300771,5
0,0,1,20300772,5
0,0,1,20300773,5
0,0,1,20300774,5
0,0,1,20300775,5
0,0,1,20300776,5
0,0,1,20300777,5
0,0,1,20300778,5
0,0,1,20300779,5
0,0,1,20300780,5
0,0,1,20300781,5
0,0,1,20300782,5
0,0,1,20300783,5
0,0,1,20300784,5
0,0,1,20300785,5
0,0,1,20300786,5
0,0,1,20300787,5
0,0,1,20300788,5
0,0,1,20300789,5
0,0,1,20300790,5
0,0,1,20300791,5
0,0,1,20300792,5
0,0,1,20300793,5
0,0,1,20300794,5
0,0,1,20300795,5
0,0,1,20300796,5
0,0,1,20300797,5
0,0,1,20300798,5
0,0,1,20300799,5
0,0,1,20300800,5
0,0,1,20300801,5
0,0,1,20300802,5
0,0,1,20300803,5
0,0,1,20300804,5
0,0,1,20300805,5
0,0,1,20300806,5
0,0,1,20300807,5
0,0,1,20300808,5
0,0,1,20300809,5
0,0,1,20300810,5
0,0,1,20300811,5
0,0,1,20300812,5
0,0,1,20300813,5
0,0,1,20300814,5
0,0,1,20300815,5
0,0,1,20300816,5
0,0,1,20300817,5
0,0,1,20300818,5
0,0,1,20300819,5
0,0,1,20300820,5
0,0,1,20300821,5
0,0,1,20300822,5
0,0,1,20300823,5
0,0,1,20300824,5
0,0,1,20300825,5
0,0,1,20300826,5
0,0,1,20300827,5
0,0,1,20300828,5
0,0,1,20300829,5
0,0,1,20300830,5
0,0,1,20300831,5
0,0,1,20300832,5
0,0,1,20300833,5
0,0,1,20300834,5
0,0,1,20300835,5
0,0,1,20300836,5
0,0,1,20300837,5
0,0,1,20300838,5
0,0,1,20300839,5
0,0,1,20300840,5
0,0,1,20300841,5
0,0,1,20300842,5
0,0,1,20300843,5
0,0,1,20300844,5
0,0,1,20300845,5
0,0,1,20300846,5
0,0,1,20300847,5
0,0,1,20300848,5
0,0,1,20300849,5
0,0,1,20300850,5
0,0,1,20300851,5
0,0,1,20300852,5
0,0,1,20300853,5
0,0,1,20300854,5
0,0,1,20300855,5
0,0,1,20300856,5
0,0,1,20300857,5
0,0,1,20300858,5
0,0,1,20300859,5
0,0,1,20300860,5
0,0,1,20300861,5
0,0,1,20300862,5
0,0,1,20300863,5
0,0,1,20300864,5
0,0,1,20300865,5
0,0,1,20300866,5
0,0,1,20300867,5
0,0,1,20300868,5
0,0,1,20300869,5
0,0,1,20300870,5
0,0,1,20300871,5
0,0,1,20300872,5
0,0,1,20300873,5
0,0,1,20300874,5
0,0,1,20300875,5
0,0,1,20300876,5
0,0,1,20300877,5
0,0,1,20300878,5
0,0,1,20300879,5
0,0,1,20300880,5
0,0,1,20300881,5
0,0,1,20300882,5
0,0,1,20300883,5
0,0,1,20300884,5
0,0,1,20300885,5
0,0,1,20300886,5
0,0,1,20300887,5
0,0,1,20300888,5
0,0,1,20300889,5
0,0,1,20300890,5
0,0,1,20300891,5
0,0,1,20300892,5
0,0,1,20300893,5
0,0,1,20300894,5
0,0,1,20300895,5
0,0,1,20300896,5
0,0,1,20300897,5
0,0,1,20300898,5
0,0,1,20300899,5
0,0,1,20300900,5
0,0,1,20300901,5
0,0,1,20300902,5
0,0,1,20300903,5
0,0,1,20300904,5
0,0,1,20300905,5
0,0,1,20300906,5
0,0,1,20300907,5
0,0,1,20300908,5
0,0,1,20300909,5
0,0,1,20300910,5
0,0,1,20300911,5
0,0,1,20300912,5
0,0,1,20300913,5
0,0,1,20300914,5
0,0,1,20300915,5
0,0,1,20300916,5
0,0,1,20300917,5
0,0,1,20300918,5
0,0,1,20300919,5
0,0,1,20300920,5
0,0,1,20300921,5
0,0,1,20300922,5
0,0,1,20300923,5
0,0,1,20300924,5
0,0,1,20300925,5
0,0,1,20300926,5
0,0,1,20300927,5
0,0,1,20300928,5
0,0,1,20300929,5
0,0,1,20300930,5
0,0,1,20300931,5
0,0,1,20300932,5
0,0,1,20300933,5
0,0,1,20300934,5
0,0,1,20300935,5
0,0,1,20300936,5
0,0,1,20300937,5
0,0,1,20300938,5
0,0,1,20300939,5
0,0,1,20300940,5
0,0,1,20300941,5
0,0,1,20300942,5
0,0,1,20300943,5
0,0,1,20300944,5
0,0,1,20300945,5
0,0,1,20300946,5
0,0,1,20300947,5
0,0,1,20300948,5
0,0,1,20300949,5
0,0,1,20300950,5
0,0,1,20300951,5
0,0,1,20300952,5
0,0,1,20300953,5
0,0,1,20300954,5
0,0,1,20300955,5
0,0,1,20300956,5
0,0,1,20300957,5
0,0,1,20300958,5
0,0,1,20300959,5
0,0,1,20300960,5
0,0,1,20300961,5
0,0,1,20300962,5
0,0,1,20300963,5
0,0,1,20300964,5
0,0,1,20300965,5
0,0,1,20300966,5
0,0,1,20300967,5
0,0,1,20300968,5
0,0,1,20300969,5
0,0,1,20300970,5
0,0,1,20300971,5
0,0,1,20300972,5
0,0,1,20300973,5
0,0,1,20300974,5
0,0,1,20300975,5
0,0,1,20300976,5
0,0,1,20300977,5
0,0,1,20300978,5
0,0,1,20300979,5
0,0,1,20300980,5
0,0,1,20300981,5
0,0,1,20300982,5
0,0,1,20300983,5
0,0,1,20300984,5
0,0,1,20300985,5
0,0,1,20300986,5
0,0,1,20300987,5
0,0,1,20300988,5
0,0,1,20300989,5
0,0,1,20300990,5
0,0,1,20300991,5
0,0,1,20300992,5
0,0,1,20300993,5
0,0,1,20300994,5
0,0,1,20300995,5
0,0,1,20300996,5
0,0,1,20300997,5
0,0,1,20300998,5
0,0,1,20300999,5
0,0,1,20301000,5
0,0,1,20301001,5
0,0,1,20301002,5
0,0,1,20301003,5
0,0,1,20301004,5
0,0,1,20301005,5
0,0,1,20301006,5
0,0,1,20301007,5
0,0,1,20301008,5
0,0,1,20301009,5
0,0,1,20301010,5
0,0,1,20301011,5
0,0,1,20301012,5
0,0,1,20301013,5
0,0,1,20301014,5
0,0,1,20301015,5
0,0,1,20301016,5
0,0,1,20301017,5
0,0,1,20301018,5
0,0,1,20301019,5
0,0,1,20301020,5
0,0,1,20301021,5
0,0,1,20301022,5
0,0,1,20301023,5
0,0,1,20301024,5
0,0,1,20301025,5
0,0,1,20301026,5
0,0,1,20301027,5
0,0,1,20301028,5
0,0,1,20301029,5
0,0,1,20301030,5
0,0,1,20301031,5
0,0,1,20301032,5
0,0,1,20301033,5
0,0,1,20301034,5
0,0,1,20301035,5
0,0,1,20301036,5
0,0,1,20301037,5
0,0,1,20301038,5
0,0,1,20301039,5
0,0,1,20301040,5
0,0,1,20301041,5
0,0,1,20301042,5
0,0,1,20301043,5
0,0,1,20301044,5
0,0,1,20301045,5
0,0,1,20301046,5
0,0,1,20301047,5
0,0,1,20301048,5
0,0,1,20301049,5
0,0,1,20301050,5
0,0,1,20301051,5
0,0,1,20301052,5
0,0,1,20301053,5
0,0,1,20301054,5
0,0,1,20301055,5
0,0,1,20301056,5
0,0,1,20301057,5
0,0,1,20301058,5
0,0,1,20301059,5
0,0,1,20301060,5
0,0,1,20301061,5
0,0,1,20301062,5
0,0,1,20301063,5
0,0,1,20301064,5
0,0,1,20301065,5
0,0,1,20301066,5
0,0,1,20301067,5
0,0,1,20301068,5
0,0,1,20301069,5
0,0,1,20301070,5
0,0,1,20301071,5
0,0,1,20301072,5
0,0,1,20301073,5
0,0,1,20301074,5
0,0,1,20301075,5
0,0,1,20301076,5
0,0,1,20301077,5
0,0,1,20301078,5
0,0,1,20301079,5
0,0,1,20301080,5
0,0,1,20301081,5
0,0,1,20301082,5
0,0,1,20301083,5
0,0,1,20301084,5
0,0,1,20301085,5
0,0,1,20301086,5
0,0,1,20301087,5
0,0,1,20301088,5
0,0,1,20301089,5
0,0,1,20301090,5
0,0,1,20301091,5
0,0,1,20301092,5
0,0,1,20301093,5
0,0,1,20301094,5
0,0,1,20301095,5
0,0,1,20301096,5
0,0,1,20301097,5
0,0,1,20301098,5
0,0,1,20301099,5
0,0,1,20301100,5
0,0,1,20301101,5
0,0,1,20301102,5
0,0,1,20301103,5
0,0,1,20301104,5
0,0,1,20301105,5
0,0,1,20301106,5
0,0,1,20301107,5
0,0,1,20301108,5
0,0,1,20301109,5
0,0,1,20301110,5
0,0,1,20301111,5
0,0,1,20301112,5
0,0,1,20301113,5
0,0,1,20301114,5
0,0,1,20301115,5
0,0,1,20301116,5
0,0,1,20301117,5
0,0,1,20301118,5
0,0,1,20301119,5
0,0,1,20301120,5
0,0,1,20301121,5
0,0,1,20301122,5
0,0,1,20301123,5
0,0,1,20301124,5
0,0,1,20301125,5
0,0,1,20301126,5
0,0,1,20301127,5
0,0,1,20301128,5
0,0,1,20301129,5
0,0,1,20301130,5
0,0,1,20301131,5
0,0,1,20301132,5
0,0,1,20301133,5
0,0,1,20301134,5
0,0,1,20301135,5
0,0,1,20301136,5
0,0,1,20301137,5
0,0,1,20301138,5
0,0,1,20301139,5
0,0,1,20301140,5
0,0,1,20301141,5
0,0,1,20301142,5
0,0,1,20301143,5
0,0,1,20301144,5
0,0,1,20301145,5
0,0,1,20301146,5
0,0,1,20301147,5
0,0,1,20301148,5
0,0,1,20301149,5
0,0,1,20301150,5
0,0,1,20301151,5
0,0,1,20301152,5
0,0,1,20301153,5
0,0,1,20301154,5
0,0,1,20301155,5
0,0,1,20301156,5
0,0,1,20301157,5
0,0,1,20301158,5
0,0,1,20301159,5
0,0,1,20301160,5
0,0,1,20301161,5
0,0,1,20301162,5
0,0,1,20301163,5
0,0,1,20301164,5
0,0,1,20301165,5
0,0,1,20301166,5
0,0,1,20301167,5
0,0,1,20301168,5
0,0,1,20301169,5
0,0,1,20301170,5
0,0,1,20301171,5
0,0,1,20301172,5
0,0,1,20301173,5
0,0,1,20301174,5
0,0,1,20301175,5
0,0,1,20301176,5
0,0,1,20301177,5
0,0,1,20301178,5
0,0,1,20301179,5
0,0,1,20301180,5
0,0,1,20301181,5
0,0,1,20301182,5
0,0,1,20301183,5
0,0,1,20301184,5
0,0,1,20301185,5
0,0,1,20301186,5
0,0,1,20301187,5
0,0,1,20301188,5
0,0,1,20301189,5
0,0,1,20301190,5
0,0,1,20301191,5
0,0,1,20301192,5
0,0,1,20301193,5
0,0,1,20301194,5
0,0,1,20301195,5
0,0,1,20301196,5
0,0,1,20301197,5
0,0,1,20301198,5
0,0,1,20301199,5
0,0,1,20301200,5
0,0,1,20301201,5
0,0,1,20301202,5
0,0,1,20301203,5
0,0,1,20301204,5
0,0,1,20301205,5
0,0,1,20301206,5
0,0,1,20301207,5
0,0,1,20301208,5
0,0,1,20301209,5
0,0,1,20301210,5
0,0,1,20301211,5
0,0,1,20301212,5
0,0,1,20301213,5
0,0,1,20301214,5
0,0,1,20301215,5
0,0,1,20301216,5
0,0,1,20301217,5
0,0,1,20301218,5
0,0,1,20301219,5
0,0,1,20301220,5
0,0,1,20301221,5
0,0,1,20301222,5
0,0,1,20301223,5
0,0,1,20301224,5
0,0,1,20301225,5
0,0,1,20301226,5
0,0,1,20301227,5
0,0,1,20301228,5
0,0,1,20301229,5
0,0,1,20301230,5
0,0,1,20301231,5
0,0,1,20301232,5
0,0,1,20301233,5
0,0,1,20301234,5
0,0,1,20301235,5
0,0,1,20301236,5
0,0,1,20301237,5
0,0,1,20301238,5
0,0,1,20301239,5
0,0,1,20301240,5
0,0,1,20301241,5
0,0,1,20301242,5
0,0,1,20301243,5
0,0,1,20301244,5
0,0,1,20301245,5
0,0,1,20301246,5
0,0,1,20301247,5
0,0,1,20301248,5
0,0,1,20301249,5
0,0,1,20301250,5
0,0,1,20301251,5
0,0,1,20301252,5
0,0,1,20301253,5
0,0,1,20301254,5
0,0,1,20301255,5
0,0,1,20301256,5
0,0,1,20301257,5
0,0,1,20301258,5
0,0,1,20301259,5
0,0,1,20301260,5
0,0,1,20301261,5
0,0,1,20301262,5
0,0,1,20301263,5
0,0,1,20301264,5
0,0,1,20301265,5
0,0,1,20301266,5
0,0,1,20301267,5
0,0,1,20301268,5
0,0,1,20301269,5
0,0,1,20301270,5
0,0,1,20301271,5
0,0,1,20301272,5
0,0,1,20301273,5
0,0,1,20301274,5
0,0,1,20301275,5
0,0,1,20301276,5
0,0,1,20301277,5
0,0,1,20301278,5
0,0,1,20301279,5
0,0,1,20301280,5
0,0,1,20301281,5
0,0,1,20301282,5
0,0,1,20301283,5
0,0,1,20301284,5
0,0,1,20301285,5
0,0,1,20301286,5
0,0,1,20301287,5
0,0,1,20301288,5
0,0,1,20301289,5
0,0,1,20301290,5
0,0,1,20301291,5
0,0,1,20301292,5
0,0,1,20301293,5
0,0,1,20301294,5
0,0,1,20301295,5
0,0,1,20301296,5
0,0,1,20301297,5
0,0,1,20301298,5
0,0,1,20301299,5
0,0,1,20301300,5
0,0,1,20301301,5
0,0,1,20301302,5
0,0,1,20301303,5
0,0,1,20301304,5
0,0,1,20301305,5
0,0,1,20301306,5
0,0,1,20301307,5
0,0,1,20301308,5
0,0,1,20301309,5
0,0,1,20301310,5
0,0,1,20301311,5
0,0,1,20301312,5
0,0,1,20301313,5
0,0,1,20301314,5
0,0,1,20301315,5
0,0,1,20301316,5
0,0,1,20301317,5
0,0,1,20301318,5
0,0,1,20301319,5
0,0,1,20301320,5
0,0,1,20301321,5
0,0,1,20301322,5
0,0,1,20301323,5
0,0,1,20301324,5
0,0,1,20301325,5
0,0,1,20301326,5
0,0,1,20301327,5
0,0,1,20301328,5
0,0,1,20301329,5
0,0,1,20301330,5
0,0,1,20301331,5
0,0,1,20301332,5
0,0,1,20301333,5
0,0,1,20301334,5
0,0,1,20301335,5
0,0,1,20301336,5
0,0,1,20301337,5
0,0,1,20301338,5
0,0,1,20301339,5
0,0,1,20301340,5
0,0,1,20301341,5
0,0,1,20301342,5
0,0,1,20301343,5
0,0,1,20301344,5
0,0,1,20301345,5
0,0,1,20301346,5
0,0,1,20301347,5
0,0,1,20301348,5
0,0,1,20301349,5
0,0,1,20301350,5
0,0,1,20301351,5
0,0,1,20301352,5
0,0,1,20301353,5
0,0,1,20301354,5
0,0,1,20301355,5
0,0,1,20301356,5
0,0,1,20301357,5
0,0,1,20301358,5
0,0,1,20301359,5
0,0,1,20301360,5
0,0,1,20301361,5
0,0,1,20301362,5
0,0,1,20301363,5
0,0,1,20301364,5
0,0,1,20301365,5
0,0,1,20301366,5
0,0,1,20301367,5
0,0,1,20301368,5
0,0,1,20301369,5
0,0,1,20301370,5
0,0,1,20301371,5
0,0,1,20301372,5
0,0,1,20301373,5
0,0,1,20301374,5
0,0,1,20301375,5
0,0,1,20301376,5
0,0,1,20301377,5
0,0,1,20301378,5
0,0,1,20301379,5
0,0,1,20301380,5
0,0,1,20301381,5
0,0,1,20301382,5
0,0,1,20301383,5
0,0,1,20301384,5
0,0,1,20301385,5
0,0,1,20301386,5
0,0,1,20301387,5
0,0,1,20301388,5
0,0,1,20301389,5
0,0,1,20301390,5
0,0,1,20301391,5
0,0,1,20301392,5
0,0,1,20301393,5
0,0,1,20301394,5
0,0,1,20301395,5
0,0,1,20301396,5
0,0,1,20301397,5
0,0,1,20301398,5
0,0,1,20301399,5
0,0,1,20301400,5
0,0,1,20301401,5
0,0,1,20301402,5
0,0,1,20301403,5
0,0,1,20301404,5
0,0,1,20301405,5
0,0,1,20301406,5
0,0,1,20301407,5
0,0,1,20301408,5
0,0,1,20301409,5
0,0,1,20301410,5
0,0,1,20301411,5
0,0,1,20301412,5
0,0,1,20301413,5
0,0,1,20301414,5
0,0,1,20301415,5
0,0,1,20301416,5
0,0,1,20301417,5
0,0,1,20301418,5
0,0,1,20301419,5
0,0,1,20301420,5
0,0,1,20301421,5
0,0,1,20301422,5
0,0,1,20301423,5
0,0,1,20301424,5
0,0,1,20301425,5
0,0,1,20301426,5
0,0,1,20301427,5
0,0,1,20301428,5
0,0,1,20301429,5
0,0,1,20301430,5
0,0,1,20301431,5
0,0,1,20301432,5
0,0,1,20301433,5
0,0,1,20301434,5
0,0,1,20301435,5
0,0,1,20301436,5
0,0,1,20301437,5
0,0,1,20301438,5
0,0,1,20301439,5
0,0,1,20301440,5
0,0,1,20301441,5
0,0,1,20301442,5
0,0,1,20301443,5
0,0,1,20301444,5
0,0,1,20301445,5
0,0,1,20301446,5
0,0,1,20301447,5
0,0,1,20301448,5
0,0,1,20301449,5
0,0,1,20301450,5
0,0,1,20301451,5
0,0,1,20301452,5
0,0,1,20301453,5
0,0,1,20301454,5
0,0,1,20301455,5
0,0,1,20301456,5
0,0,1,20301457,5
0,0,1,20301458,5
0,0,1,20301459,5
0,0,1,20301460,5
0,0,1,20301461,5
0,0,1,20301462,5
0,0,1,20301463,5
0,0,1,20301464,5
0,0,1,20301465,5
0,0,1,20301466,5
0,0,1,20301467,5
0,0,1,20301468,5
0,0,1,20301469,5
0,0,1,20301470,5
0,0,1,20301471,5
0,0,1,20301472,5
0,0,1,20301473,5
0,0,1,20301474,5
0,0,1,20301475,5
0,0,1,20301476,5
0,0,1,20301477,5
0,0,1,20301478,5
0,0,1,20301479,5
0,0,1,20301480,5
0,0,1,20301481,5
0,0,1,20301482,5
0,0,1,20301483,5
0,0,1,20301484,5
0,0,1,20301485,5
0,0,1,20301486,5
0,0,1,20301487,5
0,0,1,20301488,5
0,0,1,20301489,5
0,0,1,20301490,5
0,0,1,20301491,5
0,0,1,20301492,5
0,0,1,20301493,5
0,0,1,20301494,5
0,0,1,20301495,5
0,0,1,20301496,5
0,0,1,20301497,5
0,0,1,20301498,5
0,0,1,20301499,5
0,0,1,20301500,5
0,0,1,20301501,5
0,0,1,20301502,5
0,0,1,20301503,5
0,0,1,20301504,5
0,0,1,20301505,5
0,0,1,20301506,5
0,0,1,20301507,5
0,0,1,20301508,5
0,0,1,20301509,5
0,0,1,20301510,5
0,0,1,20301511,5
0,0,1,20301512,5
0,0,1,20301513,5
0,0,1,20301514,5
0,0,1,20301515,5
0,0,1,20301516,5
0,0,1,20301517,5
0,0,1,20301518,5
0,0,1,20301519,5
0,0,1,20301520,5
0,0,1,20301521,5
0,0,1,20301522,5
0,0,1,20301523,5
0,0,1,20301524,5
0,0,1,20301525,5
0,0,1,20301526,5
0,0,1,20301527,5
0,0,1,20301528,5
0,0,1,20301529,5
0,0,1,20301530,5
0,0,1,20301531,5
0,0,1,20301532,5
0,0,1,20301533,5
0,0,1,20301534,5
0,0,1,20301535,5
0,0,1,20301536,5
0,0,1,20301537,5
0,0,1,20301538,5
0,0,1,20301539,5
0,0,1,20301540,5
0,0,1,20301541,5
0,0,1,20301542,5
0,0,1,20301543,5
0,0,1,20301544,5
0,0,1,20301545,5
0,0,1,20301546,5
0,0,1,20301547,5
0,0,1,20301548,5
0,0,1,20301549,5
0,0,1,20301550,5
0,0,1,20301551,5
0,0,1,20301552,5
0,0,1,20301553,5
0,0,1,20301554,5
0,0,1,20301555,5
0,0,1,20301556,5
0,0,1,20301557,5
0,0,1,20301558,5
0,0,1,20301559,5
0,0,1,20301560,5
0,0,1,20301561,5
0,0,1,20301562,5
0,0,1,20301563,5
0,0,1,20301564,5
0,0,1,20301565,5
0,0,1,20301566,5
0,0,1,20301567,5
0,0,1,20301568,5
0,0,1,20301569,5
0,0,1,20301570,5
0,0,1,20301571,5
0,0,1,20301572,5
0,0,1,20301573,5
0,0,1,20301574,5
0,0,1,20301575,5
0,0,1,20301576,5
0,0,1,20301577,5
0,0,1,20301578,5
0,0,1,20301579,5
0,0,1,20301580,5
0,0,1,20301581,5
0,0,1,20301582,5
0,0,1,20301583,5
0,0,1,20301584,5
0,0,1,20301585,5
0,0,1,20301586,5
0,0,1,20301587,5
0,0,1,20301588,5
0,0,1,20301589,5
0,0,1,20301590,5
0,0,1,20301591,5
0,0,1,20301592,5
0,0,1,20301593,5
0,0,1,20301594,5
0,0,1,20301595,5
0,0,1,20301596,5
0,0,1,20301597,5
0,0,1,20301598,5
0,0,1,20301599,5
0,0,1,20301600,5
0,0,1,20301601,5
0,0,1,20301602,5
0,0,1,20301603,5
0,0,1,20301604,5
0,0,1,20301605,5
0,0,1,20301606,5
0,0,1,20301607,5
0,0,1,20301608,5
0,0,1,20301609,5
0,0,1,20301610,5
0,0,1,20301611,5
0,0,1,20301612,5
0,0,1,20301613,5
0,0,1,20301614,5
0,0,1,20301615,5
0,0,1,20301616,5
0,0,1,20301617,5
0,0,1,20301618,5
0,0,1,20301619,5
0,0,1,20301620,5
0,0,1,20301621,5
0,0,1,20301622,5
0,0,1,20301623,5
0,0,1,20301624,5
0,0,1,20301625,5
0,0,1,20301626,5
0,0,1,20301627,5
0,0,1,20301628,5
0,0,1,20301629,5
0,0,1,20301630,5
0,0,1,20301631,5
0,0,1,20301632,5
0,0,1,20301633,5
0,0,1,20301634,5
0,0,1,20301635,5
0,0,1,20301636,5
0,0,1,20301637,5
0,0,1,20301638,5
0,0,1,20301639,5
0,0,1,20301640,5
0,0,1,20301641,5
0,0,1,20301642,5
0,0,1,20301643,5
0,0,1,20301644,5
0,0,1,20301645,5
0,0,1,20301646,5
0,0,1,20301647,5
0,0,1,20301648,5
0,0,1,20301649,5
0,0,1,20301650,5
0,0,1,20301651,5
0,0,1,20301652,5
0,0,1,20301653,5
0,0,1,20301654,5
0,0,1,20301655,5
0,0,1,20301656,5
0,0,1,20301657,5
0,0,1,20301658,5
0,0,1,20301659,5
0,0,1,20301660,5
0,0,1,20301661,5
0,0,1,20301662,5
0,0,1,20301663,5
0,0,1,20301664,5
0,0,1,20301665,5
0,0,1,20301666,5
0,0,1,20301667,5
0,0,1,20301668,5
0,0,1,20301669,5
0,0,1,20301670,5
0,0,1,20301671,5
0,0,1,20301672,5
0,0,1,20301673,5
0,0,1,20301674,5
0,0,1,20301675,5
0,0,1,20301676,5
0,0,1,20301677,5
0,0,1,20301678,5
0,0,1,20301679,5
0,0,1,20301680,5
0,0,1,20301681,5
0,0,1,20301682,5
0,0,1,20301683,5
0,0,1,20301684,5
0,0,1,20301685,5
0,0,1,20301686,5
0,0,1,20301687,5
0,0,1,20301688,5
0,0,1,20301689,5
0,0,1,20301690,5
0,0,1,20301691,5
0,0,1,20301692,5
0,0,1,20301693,5
0,0,1,20301694,5
0,0,1,20301695,5
0,0,1,20301696,5
0,0,1,20301697,5
0,0,1,20301698,5
0,0,1,20301699,5
0,0,1,20301700,5
0,0,1,20301701,5
0,0,1,20301702,5
0,0,1,20301703,5
0,0,1,20301704,5
0,0,1,20301705,5
0,0,1,20301706,5
0,0,1,20301707,5
0,0,1,20301708,5
0,0,1,20301709,5
0,0,1,20301710,5
0,0,1,20301711,5
0,0,1,20301712,5
0,0,1,20301713,5
0,0,1,20301714,5
0,0,1,20301715,5
0,0,1,20301716,5
0,0,1,20301717,5
0,0,1,20301718,5
0,0,1,20301719,5
0,0,1,20301720,5
0,0,1,20301721,5
0,0,1,20301722,5
0,0,1,20301723,5
0,0,1,20301724,5
0,0,1,20301725,5
0,0,1,20301726,5
0,0,1,20301727,5
0,0,1,20301728,5
0,0,1,20301729,5
0,0,1,20301730,5
0,0,1,20301731,5
0,0,1,20301732,5
0,0,1,20301733,5
0,0,1,20301734,5
0,0,1,20301735,5
0,0,1,20301736,5
0,0,1,20301737,5
0,0,1,20301738,5
0,0,1,20301739,5
0,0,1,20301740,5
0,0,1,20301741,5
0,0,1,20301742,5
0,0,1,20301743,5
0,0,1,20301744,5
0,0,1,20301745,5
0,0,1,20301746,5
0,0,1,20301747,5
0,0,1,20301748,5
0,0,1,20301749,5
0,0,1,20301750,5
0,0,1,20301751,5
0,0,1,20301752,5
0,0,1,20301753,5
0,0,1,20301754,5
0,0,1,20301755,5
0,0,1,20301756,5
0,0,1,20301757,5
0,0,1,20301758,5
0,0,1,20301759,5
0,0,1,20301760,5
0,0,1,20301761,5
0,0,1,20301762,5
0,0,1,20301763,5
0,0,1,20301764,5
0,0,1,20301765,5
0,0,1,20301766,5
0,0,1,20301767,5
0,0,1,20301768,5
0,0,1,20301769,5
0,0,1,20301770,5
0,0,1,20301771,5
0,0,1,20301772,5
0,0,1,20301773,5
0,0,1,20301774,5
0,0,1,20301775,5
0,0,1,20301776,5
0,0,1,20301777,5
0,0,1,20301778,5
0,0,1,20301779,5
0,0,1,20301780,5
0,0,1,20301781,5
0,0,1,20301782,5
0,0,1,20301783,5
0,0,1,20301784,5
0,0,1,20301785,5
0,0,1,20301786,5
0,0,1,20301787,5
0,0,1,20301788,5
0,0,1,20301789,5
0,0,1,20301790,5
0,0,1,20301791,5
0,0,1,20301792,5
0,0,1,20301793,5
0,0,1,20301794,5
0,0,1,20301795,5
0,0,1,20301796,5
0,0,1,20301797,5
0,0,1,20301798,5
0,0,1,20301799,5
0,0,1,20301800,5
0,0,1,20301801,5
0,0,1,20301802,5
0,0,1,20301803,5
0,0,1,20301804,5
0,0,1,20301805,5
0,0,1,20301806,5
0,0,1,20301807,5
0,0,1,20301808,5
0,0,1,20301809,5
0,0,1,20301810,5
0,0,1,20301811,5
0,0,1,20301812,5
0,0,1,20301813,5
0,0,1,20301814,5
0,0,1,20301815,5
0,0,1,20301816,5
0,0,1,20301817,5
0,0,1,20301818,5
0,0,1,20301819,5
0,0,1,20301820,5
0,0,1,20301821,5
0,0,1,20301822,5
0,0,1,20301823,5
0,0,1,20301824,5
0,0,1,20301825,5
0,0,1,20301826,5
0,0,1,20301827,5
0,0,1,20301828,5
0,0,1,20301829,5
0,0,1,20301830,5
0,0,1,20301831,5
0,0,1,20301832,5
0,0,1,20301833,5
0,0,1,20301834,5
0,0,1,20301835,5
0,0,1,20301836,5
0,0,1,20301837,5
0,0,1,20301838,5
0,0,1,20301839,5
0,0,1,20301840,5
0,0,1,20301841,5
0,0,1,20301842,5
0,0,1,20301843,5
0,0,1,20301844,5
0,0,1,20301845,5
0,0,1,20301846,5
0,0,1,20301847,5
0,0,1,20301848,5
0,0,1,20301849,5
0,0,1,20301850,5
0,0,1,20301851,5
0,0,1,20301852,5
0,0,1,20301853,5
0,0,1,20301854,5
0,0,1,20301855,5
0,0,1,20301856,5
0,0,1,20301857,5
0,0,1,20301858,5
0,0,1,20301859,5
0,0,1,20301860,5
0,0,1,20301861,5
0,0,1,20301862,5
0,0,1,20301863,5
0,0,1,20301864,5
0,0,1,20301865,5
0,0,1,20301866,5
0,0,1,20301867,5
0,0,1,20301868,5
0,0,1,20301869,5
0,0,1,20301870,5
0,0,1,20301871,5
0,0,1,20301872,5
0,0,1,20301873,5
0,0,1,20301874,5
0,0,1,20301875,5
0,0,1,20301876,5
0,0,1,20301877,5
0,0,1,20301878,5
0,0,1,20301879,5
0,0,1,20301880,5
0,0,1,20301881,5
0,0,1,20301882,5
0,0,1,20301883,5
0,0,1,20301884,5
0,0,1,20301885,5
0,0,1,20301886,5
0,0,1,20301887,5
0,0,1,20301888,5
0,0,1,20301889,5
0,0,1,20301890,5
0,0,1,20301891,5
0,0,1,20301892,5
0,0,1,20301893,5
0,0,1,20301894,5
0,0,1,20301895,5
0,0,1,20301896,5
0,0,1,20301897,5
0,0,1,20301898,5
0,0,1,20301899,5
0,0,1,20301900,5
0,0,1,20301901,5
0,0,1,20301902,5
0,0,1,20301903,5
0,0,1,20301904,5
0,0,1,20301905,5
0,0,1,20301906,5
0,0,1,20301907,5
0,0,1,20301908,5
0,0,1,20301909,5
0,0,1,20301910,5
0,0,1,20301911,5
0,0,1,20301912,5
0,0,1,20301913,5
0,0,1,20301914,5
0,0,1,20301915,5
0,0,1,20301916,5
0,0,1,20301917,5
0,0,1,20301918,5
0,0,1,20301919,5
0,0,1,20301920,5
0,0,1,20301921,5
0,0,1,20301922,5
0,0,1,20301923,5
0,0,1,20301924,5
0,0,1,20301925,5
0,0,1,20301926,5
0,0,1,20301927,5
0,0,1,20301928,5
0,0,1,20301929,5
0,0,1,20301930,5
0,0,1,20301931,5
0,0,1,20301932,5
0,0,1,20301933,5
0,0,1,20301934,5
0,0,1,20301935,5
0,0,1,20301936,5
0,0,1,20301937,5
0,0,1,20301938,5
0,0,1,20301939,5
0,0,1,20301940,5
0,0,1,20301941,5
0,0,1,20301942,5
0,0,1,20301943,5
0,0,1,20301944,5
0,0,1,20301945,5
0,0,1,20301946,5
0,0,1,20301947,5
0,0,1,20301948,5
0,0,1,20301949,5
0,0,1,20301950,5
0,0,1,20301951,5
0,0,1,20301952,5
0,0,1,20301953,5
0,0,1,20301954,5
0,0,1,20301955,5
0,0,1,20301956,5
0,0,1,20301957,5
0,0,1,20301958,5
0,0,1,20301959,5
0,0,1,20301960,5
0,0,1,20301961,5
0,0,1,20301962,5
0,0,1,20301963,5
0,0,1,20301964,5
0,0,1,20301965,5
0,0,1,20301966,5
0,0,1,20301967,5
0,0,1,20301968,5
0,0,1,20301969,5
0,0,1,20301970,5
0,0,1,20301971,5
0,0,1,20301972,5
0,0,1,20301973,5
0,0,1,20301974,5
0,0,1,20301975,5
0,0,1,20301976,5
0,0,1,20301977,5
0,0,1,20301978,5
0,0,1,20301979,5
0,0,1,20301980,5
0,0,1,20301981,5
0,0,1,20301982,5
0,0,1,20301983,5
0,0,1,20301984,5
0,0,1,20301985,5
0,0,1,20301986,5
0,0,1,20301987,5
0,0,1,20301988,5
0,0,1,20301989,5
0,0,1,20301990,5
0,0,1,20301991,5
0,0,1,20301992,5
0,0,1,20301993,5
0,0,1,20301994,5
0,0,1,20301995,5
0,0,1,20301996,5
0,0,1,20301997,5
0,0,1,20301998,5
0,0,1,20301999,5
0,0,1,20302000,5
0,0,1,20302001,5
0,0,1,20302002,5
0,0,1,20302003,5
0,0,1,20302004,5
0,0,1,20302005,5
0,0,1,20302006,5
0,0,1,20302007,5
0,0,1,20302008,5
0,0,1,20302009,5
0,0,1,20302010,5
0,0,1,20302011,5
0,0,1,20302012,5
0,0,1,20302013,5
0,0,1,20302014,5
0,0,1,20302015,5
0,0,1,20302016,5
0,0,1,20302017,5
0,0,1,20302018,5
0,0,1,20302019,5
0,0,1,20302020,5
0,0,1,20302021,5
0,0,1,20302022,5
0,0,1,20302023,5
0,0,1,20302024,5
0,0,1,20302025,5
0,0,1,20302026,5
0,0,1,20302027,5
0,0,1,20302028,5
0,0,1,20302029,5
0,0,1,20302030,5
0,0,1,20302031,5
0,0,1,20302032,5
0,0,1,20302033,5
0,0,1,20302034,5
0,0,1,20302035,5
0,0,1,20302036,5
0,0,1,20302037,5
0,0,1,20302038,5
0,0,1,20302039,5
0,0,1,20302040,5
0,0,1,20302041,5
0,0,1,20302042,5
0,0,1,20302043,5
0,0,1,20302044,5
0,0,1,20302045,5
0,0,1,20302046,5
0,0,1,20302047,5
0,0,1,20302048,5
0,0,1,20302049,5
0,0,1,20302050,5
0,0,1,20302051,5
0,0,1,20302052,5
0,0,1,20302053,5
0,0,1,20302054,5
0,0,1,20302055,5
0,0,1,20302056,5
0,0,1,20302057,5
0,0,1,20302058,5
0,0,1,20302059,5
0,0,1,20302060,5
0,0,1,20302061,5
0,0,1,20302062,5
0,0,1,20302063,5
0,0,1,20302064,5
0,0,1,20302065,5
0,0,1,20302066,5
0,0,1,20302067,5
0,0,1,20302068,5
0,0,1,20302069,5
0,0,1,20302070,5
0,0,1,20302071,5
0,0,1,20302072,5
0,0,1,20302073,5
0,0,1,20302074,5
0,0,1,20302075,5
0,0,1,20302076,5
0,0,1,20302077,5
0,0,1,20302078,5
0,0,1,20302079,5
0,0,1,20302080,5
0,0,1,20302081,5
0,0,1,20302082,5
0,0,1,20302083,5
0,0,1,20302084,5
0,0,1,20302085,5
0,0,1,20302086,5
0,0,1,20302087,5
0,0,1,20302088,5
0,0,1,20302089,5
0,0,1,20302090,5
0,0,1,20302091,5
0,0,1,20302092,5
0,0,1,20302093,5
0,0,1,20302094,5
0,0,1,20302095,5
0,0,1,20302096,5
0,0,1,20302097,5
0,0,1,20302098,5
0,0,1,20302099,5
0,0,1,20302100,5
0,0,1,20302101,5
0,0,1,20302102,5
0,0,1,20302103,5
0,0,1,20302104,5
0,0,1,20302105,5
0,0,1,20302106,5
0,0,1,20302107,5
0,0,1,20302108,5
0,0,1,20302109,5
0,0,1,20302110,5
0,0,1,20302111,5
0,0,1,20302112,5
0,0,1,20302113,5
0,0,1,20302114,5
0,0,1,20302115,5
0,0,1,20302116,5
0,0,1,20302117,5
0,0,1,20302118,5
0,0,1,20302119,5
0,0,1,20302120,5
0,0,1,20302121,5
0,0,1,20302122,5
0,0,1,20302123,5
0,0,1,20302124,5
0,0,1,20302125,5
0,0,1,20302126,5
0,0,1,20302127,5
0,0,1,20302128,5
0,0,1,20302129,5
0,0,1,20302130,5
0,0,1,20302131,5
0,0,1,20302132,5
0,0,1,20302133,5
0,0,1,20302134,5
0,0,1,20302135,5
0,0,1,20302136,5
0,0,1,20302137,5
0,0,1,20302138,5
0,0,1,20302139,5
0,0,1,20302140,5
0,0,1,20302141,5
0,0,1,20302142,5
0,0,1,20302143,5
0,0,1,20302144,5
0,0,1,20302145,5
0,0,1,20302146,5
0,0,1,20302147,5
0,0,1,20302148,5
0,0,1,20302149,5
0,0,1,20302150,5
0,0,1,20302151,5
0,0,1,20302152,5
0,0,1,20302153,5
0,0,1,20302154,5
0,0,1,20302155,5
0,0,1,20302156,5
0,0,1,20302157,5
0,0,1,20302158,5
0,0,1,20302159,5
0,0,1,20302160,5
0,0,1,20302161,5
0,0,1,20302162,5
0,0,1,20302163,5
0,0,1,20302164,5
0,0,1,20302165,5
0,0,1,20302166,5
0,0,1,20302167,5
0,0,1,20302168,5
0,0,1,20302169,5
0,0,1,20302170,5
0,0,1,20302171,5
0,0,1,20302172,5
0,0,1,20302173,5
0,0,1,20302174,5
0,0,1,20302175,5
0,0,1,20302176,5
0,0,1,20302177,5
0,0,1,20302178,5
0,0,1,20302179,5
0,0,1,20302180,5
0,0,1,20302181,5
0,0,1,20302182,5
0,0,1,20302183,5
0,0,1,20302184,5
0,0,1,20302185,5
0,0,1,20302186,5
0,0,1,20302187,5
0,0,1,20302188,5
0,0,1,20302189,5
0,0,1,20302190,5
0,0,1,20302191,5
0,0,1,20302192,5
0,0,1,20302193,5
0,0,1,20302194,5
0,0,1,20302195,5
0,0,1,20302196,5
0,0,1,20302197,5
0,0,1,20302198,5
0,0,1,20302199,5
0,0,1,20302200,5
0,0,1,20302201,5
0,0,1,20302202,5
0,0,1,20302203,5
0,0,1,20302204,5
0,0,1,20302205,5
0,0,1,20302206,5
0,0,1,20302207,5
0,0,1,20302208,5
0,0,1,20302209,5
0,0,1,20302210,5
0,0,1,20302211,5
0,0,1,20302212,5
0,0,1,20302213,5
0,0,1,20302214,5
0,0,1,20302215,5
0,0,1,20302216,5
0,0,1,20302217,5
0,0,1,20302218,5
0,0,1,20302219,5
0,0,1,20302220,5
0,0,1,20302221,5
0,0,1,20302222,5
0,0,1,20302223,5
0,0,1,20302224,5
0,0,1,20302225,5
0,0,1,20302226,5
0,0,1,20302227,5
0,0,1,20302228,5
0,0,1,20302229,5
0,0,1,20302230,5
0,0,1,20302231,5
0,0,1,20302232,5
0,0,1,20302233,5
0,0,1,20302234,5
0,0,1,20302235,5
0,0,1,20302236,5
0,0,1,20302237,5
0,0,1,20302238,5
0,0,1,20302239,5
0,0,1,20302240,5
0,0,1,20302241,5
0,0,1,20302242,5
0,0,1,20302243,5
0,0,1,20302244,5
0,0,1,20302245,5
0,0,1,20302246,5
0,0,1,20302247,5
0,0,1,20302248,5
0,0,1,20302249,5
0,0,1,20302250,5
0,0,1,20302251,5
0,0,1,20302252,5
0,0,1,20302253,5
0,0,1,20302254,5
0,0,1,20302255,5
0,0,1,20302256,5
0,0,1,20302257,5
0,0,1,20302258,5
0,0,1,20302259,5
0,0,1,20302260,5
0,0,1,20302261,5
0,0,1,20302262,5
0,0,1,20302263,5
0,0,1,20302264,5
0,0,1,20302265,5
0,0,1,20302266,5
0,0,1,20302267,5
0,0,1,20302268,5
0,0,1,20302269,5
0,0,1,20302270,5
0,0,1,20302271,5
0,0,1,20302272,5
0,0,1,20302273,5
0,0,1,20302274,5
0,0,1,20302275,5
0,0,1,20302276,5
0,0,1,20302277,5
0,0,1,20302278,5
0,0,1,20302279,5
0,0,1,20302280,5
0,0,1,20302281,5
0,0,1,20302282,5
0,0,1,20302283,5
0,0,1,20302284,5
0,0,1,20302285,5
0,0,1,20302286,5
0,0,1,20302287,5
0,0,1,20302288,5
0,0,1,20302289,5
0,0,1,20302290,5
0,0,1,20302291,5
0,0,1,20302292,5
0,0,1,20302293,5
0,0,1,20302294,5
0,0,1,20302295,5
0,0,1,20302296,5
0,0,1,20302297,5
0,0,1,20302298,5
0,0,1,20302299,5
0,0,1,20302300,5
0,0,1,20302301,5
0,0,1,20302302,5
0,0,1,20302303,5
0,0,1,20302304,5
0,0,1,20302305,5
0,0,1,20302306,5
0,0,1,20302307,5
0,0,1,20302308,5
0,0,1,20302309,5
0,0,1,20302310,5
0,0,1,20302311,5
0,0,1,20302312,5
0,0,1,20302313,5
0,0,1,20302314,5
0,0,1,20302315,5
0,0,1,20302316,5
0,0,1,20302317,5
0,0,1,20302318,5
0,0,1,20302319,5
0,0,1,20302320,5
0,0,1,20302321,5
0,0,1,20302322,5
0,0,1,20302323,5
0,0,1,20302324,5
0,0,1,20302325,5
0,0,1,20302326,5
0,0,1,20302327,5
0,0,1,20302328,5
0,0,1,20302329,5
0,0,1,20302330,5
0,0,1,20302331,5
0,0,1,20302332,5
0,0,1,20302333,5
0,0,1,20302334,5
0,0,1,20302335,5
0,0,1,20302336,5
0,0,1,20302337,5
0,0,1,20302338,5
0,0,1,20302339,5
0,0,1,20302340,5
0,0,1,20302341,5
0,0,1,20302342,5
0,0,1,20302343,5
0,0,1,20302344,5
0,0,1,20302345,5
0,0,1,20302346,5
0,0,1,20302347,5
0,0,1,20302348,5
0,0,1,20302349,5
0,0,1,20302350,5
0,0,1,20302351,5
0,0,1,20302352,5
0,0,1,20302353,5
0,0,1,20302354,5
0,0,1,20302355,5
0,0,1,20302356,5
0,0,1,20302357,5
0,0,1,20302358,5
0,0,1,20302359,5
0,0,1,20302360,5
0,0,1,20302361,5
0,0,1,20302362,5
0,0,1,20302363,5
0,0,1,20302364,5
0,0,1,20302365,5
0,0,1,20302366,5
0,0,1,20302367,5
0,0,1,20302368,5
0,0,1,20302369,5
0,0,1,20302370,5
0,0,1,20302371,5
0,0,1,20302372,5
0,0,1,20302373,5
0,0,1,20302374,5
0,0,1,20302375,5
0,0,1,20302376,5
0,0,1,20302377,5
0,0,1,20302378,5
0,0,1,20302379,5
0,0,1,20302380,5
0,0,1,20302381,5
0,0,1,20302382,5
0,0,1,20302383,5
0,0,1,20302384,5
0,0,1,20302385,5
0,0,1,20302386,5
0,0,1,20302387,5
0,0,1,20302388,5
0,0,1,20302389,5
0,0,1,20302390,5
0,0,1,20302391,5
0,0,1,20302392,5
0,0,1,20302393,5
0,0,1,20302394,5
0,0,1,20302395,5
0,0,1,20302396,5
0,0,1,20302397,5
0,0,1,20302398,5
0,0,1,20302399,5
0,0,1,20302400,5
0,0,1,20302401,5
0,0,1,20302402,5
0,0,1,20302403,5
0,0,1,20302404,5
0,0,1,20302405,5
0,0,1,20302406,5
0,0,1,20302407,5
0,0,1,20302408,5
0,0,1,20302409,5
0,0,1,20302410,5
0,0,1,20302411,5
0,0,1,20302412,5
0,0,1,20302413,5
0,0,1,20302414,5
0,0,1,20302415,5
0,0,1,20302416,5
0,0,1,20302417,5
0,0,1,20302418,5
0,0,1,20302419,5
0,0,1,20302420,5
0,0,1,20302421,5
0,0,1,20302422,5
0,0,1,20302423,5
0,0,1,20302424,5
0,0,1,20302425,5
0,0,1,20302426,5
0,0,1,20302427,5
0,0,1,20302428,5
0,0,1,20302429,5
0,0,1,20302430,5
0,0,1,20302431,5
0,0,1,20302432,5
0,0,1,20302433,5
0,0,1,20302434,5
0,0,1,20302435,5
0,0,1,20302436,5
0,0,1,20302437,5
0,0,1,20302438,5
0,0,1,20302439,5
0,0,1,20302440,5
0,0,1,20302441,5
0,0,1,20302442,5
0,0,1,20302443,5
0,0,1,20302444,5
0,0,1,20302445,5
0,0,1,20302446,5
0,0,1,20302447,5
0,0,1,20302448,5
0,0,1,20302449,5
0,0,1,20302450,5
0,0,1,20302451,5
0,0,1,20302452,5
0,0,1,20302453,5
0,0,1,20302454,5
0,0,1,20302455,5
0,0,1,20302456,5
0,0,1,20302457,5
0,0,1,20302458,5
0,0,1,20302459,5
0,0,1,20302460,5
0,0,1,20302461,5
0,0,1,20302462,5
0,0,1,20302463,5
0,0,1,20302464,5
0,0,1,20302465,5
0,0,1,20302466,5
0,0,1,20302467,5
0,0,1,20302468,5
0,0,1,20302469,5
0,0,1,20302470,5
0,0,1,20302471,5
0,0,1,20302472,5
0,0,1,20302473,5
0,0,1,20302474,5
0,0,1,20302475,5
0,0,1,20302476,5
0,0,1,20302477,5
0,0,1,20302478,5
0,0,1,20302479,5
0,0,1,20302480,5
0,0,1,20302481,5
0,0,1,20302482,5
0,0,1,20302483,5
0,0,1,20302484,5
0,0,1,20302485,5
0,0,1,20302486,5
0,0,1,20302487,5
0,0,1,20302488,5
0,0,1,20302489,5
0,0,1,20302490,5
0,0,1,20302491,5
0,0,1,20302492,5
0,0,1,20302493,5
0,0,1,20302494,5
0,0,1,20302495,5
0,0,1,20302496,5
0,0,1,20302497,5
0,0,1,20302498,5
0,0,1,20302499,5
0,0,1,20302500,5
0,0,1,20302501,5
0,0,1,20302502,5
0,0,1,20302503,5
0,0,1,20302504,5
0,0,1,20302505,5
0,0,1,20302506,5
0,0,1,20302507,5
0,0,1,20302508,5
0,0,1,20302509,5
0,0,1,20302510,5
0,0,1,20302511,5
0,0,1,20302512,5
0,0,1,20302513,5
0,0,1,20302514,5
0,0,1,20302515,5
0,0,1,20302516,5
0,0,1,20302517,5
0,0,1,20302518,5
0,0,1,20302519,5
0,0,1,20302520,5
0,0,1,20302521,5
0,0,1,20302522,5
0,0,1,20302523,5
0,0,1,20302524,5
0,0,1,20302525,5
0,0,1,20302526,5
0,0,1,20302527,5
0,0,1,20302528,5
0,0,1,20302529,5
0,0,1,20302530,5
0,0,1,20302531,5
0,0,1,20302532,5
0,0,1,20302533,5
0,0,1,20302534,5
0,0,1,20302535,5
0,0,1,20302536,5
0,0,1,20302537,5
0,0,1,20302538,5
0,0,1,20302539,5
0,0,1,20302540,5
0,0,1,20302541,5
0,0,1,20302542,5
0,0,1,20302543,5
0,0,1,20302544,5
0,0,1,20302545,5
0,0,1,20302546,5
0,0,1,20302547,5
0,0,1,20302548,5
0,0,1,20302549,5
0,0,1,20302550,5
0,0,1,20302551,5
0,0,1,20302552,5
0,0,1,20302553,5
0,0,1,20302554,5
0,0,1,20302555,5
0,0,1,20302556,5
0,0,1,20302557,5
0,0,1,20302558,5
0,0,1,20302559,5
0,0,1,20302560,5
0,0,1,20302561,5
0,0,1,20302562,5
0,0,1,20302563,5
0,0,1,20302564,5
0,0,1,20302565,5
0,0,1,20302566,5
0,0,1,20302567,5
0,0,1,20302568,5
0,0,1,20302569,5
0,0,1,20302570,5
0,0,1,20302571,5
0,0,1,20302572,5
0,0,1,20302573,5
0,0,1,20302574,5
0,0,1,20302575,5
0,0,1,20302576,5
0,0,1,20302577,5
0,0,1,20302578,5
0,0,1,20302579,5
0,0,1,20302580,5
0,0,1,20302581,5
0,0,1,20302582,5
0,0,1,20302583,5
0,0,1,20302584,5
0,0,1,20302585,5
0,0,1,20302586,5
0,0,1,20302587,5
0,0,1,20302588,5
0,0,1,20302589,5
0,0,1,20302590,5
0,0,1,20302591,5
0,0,1,20302592,5
0,0,1,20302593,5
0,0,1,20302594,5
0,0,1,20302595,5
0,0,1,20302596,5
0,0,1,20302597,5
0,0,1,20302598,5
0,0,1,20302599,5
0,0,1,20302600,5
0,0,1,20302601,5
0,0,1,20302602,5
0,0,1,20302603,5
0,0,1,20302604,5
0,0,1,20302605,5
0,0,1,20302606,5
0,0,1,20302607,5
0,0,1,20302608,5
0,0,1,20302609,5
0,0,1,20302610,5
0,0,1,20302611,5
0,0,1,20302612,5
0,0,1,20302613,5
0,0,1,20302614,5
0,0,1,20302615,5
0,0,1,20302616,5
0,0,1,20302617,5
0,0,1,20302618,5
0,0,1,20302619,5
0,0,1,20302620,5
0,0,1,20302621,5
0,0,1,20302622,5
0,0,1,20302623,5
0,0,1,20302624,5
0,0,1,20302625,5
0,0,1,20302626,5
0,0,1,20302627,5
0,0,1,20302628,5
0,0,1,20302629,5
0,0,1,20302630,5
0,0,1,20302631,5
0,0,1,20302632,5
0,0,1,20302633,5
0,0,1,20302634,5
0,0,1,20302635,5
0,0,1,20302636,5
0,0,1,20302637,5
0,0,1,20302638,5
0,0,1,20302639,5
0,0,1,20302640,5
0,0,1,20302641,5
0,0,1,20302642,5
0,0,1,20302643,5
0,0,1,20302644,5
0,0,1,20302645,5
0,0,1,20302646,5
0,0,1,20302647,5
0,0,1,20302648,5
0,0,1,20302649,5
0,0,1,20302650,5
0,0,1,20302651,5
0,0,1,20302652,5
0,0,1,20302653,5
0,0,1,20302654,5
0,0,1,20302655,5
0,0,1,20302656,5
0,0,1,20302657,5
0,0,1,20302658,5
0,0,1,20302659,5
0,0,1,20302660,5
0,0,1,20302661,5
0,0,1,20302662,5
0,0,1,20302663,5
0,0,1,20302664,5
0,0,1,20302665,5
0,0,1,20302666,5
0,0,1,20302667,5
0,0,1,20302668,5
0,0,1,20302669,5
0,0,1,20302670,5
0,0,1,20302671,5
0,0,1,20302672,5
0,0,1,20302673,5
0,0,1,20302674,5
0,0,1,20302675,5
0,0,1,20302676,5
0,0,1,20302677,5
0,0,1,20302678,5
0,0,1,20302679,5
0,0,1,20302680,5
0,0,1,20302681,5
0,0,1,20302682,5
0,0,1,20302683,5
0,0,1,20302684,5
0,0,1,20302685,5
0,0,1,20302686,5
0,0,1,20302687,5
0,0,1,20302688,5
0,0,1,20302689,5
0,0,1,20302690,5
0,0,1,20302691,5
0,0,1,20302692,5
0,0,1,20302693,5
0,0,1,20302694,5
0,0,1,20302695,5
0,0,1,20302696,5
0,0,1,20302697,5
0,0,1,20302698,5
0,0,1,20302699,5
0,0,1,20302700,5
0,0,1,20302701,5
0,0,1,20302702,5
0,0,1,20302703,5
0,0,1,20302704,5
0,0,1,20302705,5
0,0,1,20302706,5
0,0,1,20302707,5
0,0,1,20302708,5
0,0,1,20302709,5
0,0,1,20302710,5
0,0,1,20302711,5
0,0,1,20302712,5
0,0,1,20302713,5
0,0,1,20302714,5
0,0,1,20302715,5
0,0,1,20302716,5
0,0,1,20302717,5
0,0,1,20302718,5
0,0,1,20302719,5
0,0,1,20302720,5
0,0,1,20302721,5
0,0,1,20302722,5
0,0,1,20302723,5
0,0,1,20302724,5
0,0,1,20302725,5
0,0,1,20302726,5
0,0,1,20302727,5
0,0,1,20302728,5
0,0,1,20302729,5
0,0,1,20302730,5
0,0,1,20302731,5
0,0,1,20302732,5
0,0,1,20302733,5
0,0,1,20302734,5
0,0,1,20302735,5
0,0,1,20302736,5
0,0,1,20302737,5
0,0,1,20302738,5
0,0,1,20302739,5
0,0,1,20302740,5
0,0,1,20302741,5
0,0,1,20302742,5
0,0,1,20302743,5
0,0,1,20302744,5
0,0,1,20302745,5
0,0,1,20302746,5
0,0,1,20302747,5
0,0,1,20302748,5
0,0,1,20302749,5
0,0,1,20302750,5
0,0,1,20302751,5
0,0,1,20302752,5
0,0,1,20302753,5
0,0,1,20302754,5
0,0,1,20302755,5
0,0,1,20302756,5
0,0,1,20302757,5
0,0,1,20302758,5
0,0,1,20302759,5
0,0,1,20302760,5
0,0,1,20302761,5
0,0,1,20302762,5
0,0,1,20302763,5
0,0,1,20302764,5
0,0,1,20302765,5
0,0,1,20302766,5
0,0,1,20302767,5
0,0,1,20302768,5
0,0,1,20302769,5
0,0,1,20302770,5
0,0,1,20302771,5
0,0,1,20302772,5
0,0,1,20302773,5
0,0,1,20302774,5
0,0,1,20302775,5
0,0,1,20302776,5
0,0,1,20302777,5
0,0,1,20302778,5
0,0,1,20302779,5
0,0,1,20302780,5
0,0,1,20302781,5
0,0,1,20302782,5
0,0,1,20302783,5
0,0,1,20302784,5
0,0,1,20302785,5
0,0,1,20302786,5
0,0,1,20302787,5
0,0,1,20302788,5
0,0,1,20302789,5
0,0,1,20302790,5
0,0,1,20302791,5
0,0,1,20302792,5
0,0,1,20302793,5
0,0,1,20302794,5
0,0,1,20302795,5
0,0,1,20302796,5
0,0,1,20302797,5
0,0,1,20302798,5
0,0,1,20302799,5
0,0,1,20302800,5
0,0,1,20302801,5
0,0,1,20302802,5
0,0,1,20302803,5
0,0,1,20302804,5
0,0,1,20302805,5
0,0,1,20302806,5
0,0,1,20302807,5
0,0,1,20302808,5
0,0,1,20302809,5
0,0,1,20302810,5
0,0,1,20302811,5
0,0,1,20302812,5
0,0,1,20302813,5
0,0,1,20302814,5
0,0,1,20302815,5
0,0,1,20302816,5
0,0,1,20302817,5
0,0,1,20302818,5
0,0,1,20302819,5
0,0,1,20302820,5
0,0,1,20302821,5
0,0,1,20302822,5
0,0,1,20302823,5
0,0,1,20302824,5
0,0,1,20302825,5
0,0,1,20302826,5
0,0,1,20302827,5
0,0,1,20302828,5
0,0,1,20302829,5
0,0,1,20302830,5
0,0,1,20302831,5
0,0,1,20302832,5
0,0,1,20302833,5
0,0,1,20302834,5
0,0,1,20302835,5
0,0,1,20302836,5
0,0,1,20302837,5
0,0,1,20302838,5
0,0,1,20302839,5
0,0,1,20302840,5
0,0,1,20302841,5
0,0,1,20302842,5
0,0,1,20302843,5
0,0,1,20302844,5
0,0,1,20302845,5
0,0,1,20302846,5
0,0,1,20302847,5
0,0,1,20302848,5
0,0,1,20302849,5
0,0,1,20302850,5
0,0,1,20302851,5
0,0,1,20302852,5
0,0,1,20302853,5
0,0,1,20302854,5
0,0,1,20302855,5
0,0,1,20302856,5
0,0,1,20302857,5
0,0,1,20302858,5
0,0,1,20302859,5
0,0,1,20302860,5
0,0,1,20302861,5
0,0,1,20302862,5
0,0,1,20302863,5
0,0,1,20302864,5
0,0,1,20302865,5
0,0,1,20302866,5
0,0,1,20302867,5
0,0,1,20302868,5
0,0,1,20302869,5
0,0,1,20302870,5
0,0,1,20302871,5
0,0,1,20302872,5
0,0,1,20302873,5
0,0,1,20302874,5
0,0,1,20302875,5
0,0,1,20302876,5
0,0,1,20302877,5
0,0,1,20302878,5
0,0,1,20302879,5
0,0,1,20302880,5
0,0,1,20302881,5
0,0,1,20302882,5
0,0,1,20302883,5
0,0,1,20302884,5
0,0,1,20302885,5
0,0,1,20302886,5
0,0,1,20302887,5
0,0,1,20302888,5
0,0,1,20302889,5
0,0,1,20302890,5
0,0,1,20302891,5
0,0,1,20302892,5
0,0,1,20302893,5
0,0,1,20302894,5
0,0,1,20302895,5
0,0,1,20302896,5
0,0,1,20302897,5
0,0,1,20302898,5
0,0,1,20302899,5
0,0,1,20302900,5
0,0,1,20302901,5
0,0,1,20302902,5
0,0,1,20302903,5
0,0,1,20302904,5
0,0,1,20302905,5
0,0,1,20302906,5
0,0,1,20302907,5
0,0,1,20302908,5
0,0,1,20302909,5
0,0,1,20302910,5
0,0,1,20302911,5
0,0,1,20302912,5
0,0,1,20302913,5
0,0,1,20302914,5
0,0,1,20302915,5
0,0,1,20302916,5
0,0,1,20302917,5
0,0,1,20302918,5
0,0,1,20302919,5
0,0,1,20302920,5
0,0,1,20302921,5
0,0,1,20302922,5
0,0,1,20302923,5
0,0,1,20302924,5
0,0,1,20302925,5
0,0,1,20302926,5
0,0,1,20302927,5
0,0,1,20302928,5
0,0,1,20302929,5
0,0,1,20302930,5
0,0,1,20302931,5
0,0,1,20302932,5
0,0,1,20302933,5
0,0,1,20302934,5
0,0,1,20302935,5
0,0,1,20302936,5
0,0,1,20302937,5
0,0,1,20302938,5
0,0,1,20302939,5
0,0,1,20302940,5
0,0,1,20302941,5
0,0,1,20302942,5
0,0,1,20302943,5
0,0,1,20302944,5
0,0,1,20302945,5
0,0,1,20302946,5
0,0,1,20302947,5
0,0,1,20302948,5
0,0,1,20302949,5
0,0,1,20302950,5
0,0,1,20302951,5
0,0,1,20302952,5
0,0,1,20302953,5
0,0,1,20302954,5
0,0,1,20302955,5
0,0,1,20302956,5
0,0,1,20302957,5
0,0,1,20302958,5
0,0,1,20302959,5
0,0,1,20302960,5
0,0,1,20302961,5
0,0,1,20302962,5
0,0,1,20302963,5
0,0,1,20302964,5
0,0,1,20302965,5
0,0,1,20302966,5
0,0,1,20302967,5
0,0,1,20302968,5
0,0,1,20302969,5
0,0,1,20302970,5
0,0,1,20302971,5
0,0,1,20302972,5
0,0,1,20302973,5
0,0,1,20302974,5
0,0,1,20302975,5
0,0,1,20302976,5
0,0,1,20302977,5
0,0,1,20302978,5
0,0,1,20302979,5
0,0,1,20302980,5
0,0,1,20302981,5
0,0,1,20302982,5
0,0,1,20302983,5
0,0,1,20302984,5
0,0,1,20302985,5
0,0,1,20302986,5
0,0,1,20302987,5
0,0,1,20302988,5
0,0,1,20302989,5
0,0,1,20302990,5
0,0,1,20302991,5
0,0,1,20302992,5
0,0,1,20302993,5
0,0,1,20302994,5
0,0,1,20302995,5
0,0,1,20302996,5
0,0,1,20302997,5
0,0,1,20302998,5
0,0,1,20302999,5
0,0,1,20303000,5
0,0,1,20303001,5
0,0,1,20303002,5
0,0,1,20303003,5
0,0,1,20303004,5
0,0,1,20303005,5
0,0,1,20303006,5
0,0,1,20303007,5
0,0,1,20303008,5
0,0,1,20303009,5
0,0,1,20303010,5
0,0,1,20303011,5
0,0,1,20303012,5
0,0,1,20303013,5
0,0,1,20303014,5
0,0,1,20303015,5
0,0,1,20303016,5
0,0,1,20303017,5
0,0,1,20303018,5
0,0,1,20303019,5
0,0,1,20303020,5
0,0,1,20303021,5
0,0,1,20303022,5
0,0,1,20303023,5
0,0,1,20303024,5
0,0,1,20303025,5
0,0,1,20303026,5
0,0,1,20303027,5
0,0,1,20303028,5
0,0,1,20303029,5
0,0,1,20303030,5
0,0,1,20303031,5
0,0,1,20303032,5
0,0,1,20303033,5
0,0,1,20303034,5
0,0,1,20303035,5
0,0,1,20303036,5
0,0,1,20303037,5
0,0,1,20303038,5
0,0,1,20303039,5
0,0,1,20303040,5
0,0,1,20303041,5
0,0,1,20303042,5
0,0,1,20303043,5
0,0,1,20303044,5
0,0,1,20303045,5
0,0,1,20303046,5
0,0,1,20303047,5
0,0,1,20303048,5
0,0,1,20303049,5
0,0,1,20303050,5
0,0,1,20303051,5
0,0,1,20303052,5
0,0,1,20303053,5
0,0,1,20303054,5
0,0,1,20303055,5
0,0,1,20303056,5
0,0,1,20303057,5
0,0,1,20303058,5
0,0,1,20303059,5
0,0,1,20303060,5
0,0,1,20303061,5
0,0,1,20303062,5
0,0,1,20303063,5
0,0,1,20303064,5
0,0,1,20303065,5
0,0,1,20303066,5
0,0,1,20303067,5
0,0,1,20303068,5
0,0,1,20303069,5
0,0,1,20303070,5
0,0,1,20303071,5
0,0,1,20303072,5
0,0,1,20303073,5
0,0,1,20303074,5
0,0,1,20303075,5
0,0,1,20303076,5
0,0,1,20303077,5
0,0,1,20303078,5
0,0,1,20303079,5
0,0,1,20303080,5
0,0,1,20303081,5
0,0,1,20303082,5
0,0,1,20303083,5
0,0,1,20303084,5
0,0,1,20303085,5
0,0,1,20303086,5
0,0,1,20303087,5
0,0,1,20303088,5
0,0,1,20303089,5
0,0,1,20303090,5
0,0,1,20303091,5
0,0,1,20303092,5
0,0,1,20303093,5
0,0,1,20303094,5
0,0,1,20303095,5
0,0,1,20303096,5
0,0,1,20303097,5
0,0,1,20303098,5
0,0,1,20303099,5
0,0,1,20303100,5
0,0,1,20303101,5
0,0,1,20303102,5
0,0,1,20303103,5
0,0,1,20303104,5
0,0,1,20303105,5
0,0,1,20303106,5
0,0,1,20303107,5
0,0,1,20303108,5
0,0,1,20303109,5
0,0,1,20303110,5
0,0,1,20303111,5
0,0,1,20303112,5
0,0,1,20303113,5
0,0,1,20303114,5
0,0,1,20303115,5
0,0,1,20303116,5
0,0,1,20303117,5
0,0,1,20303118,5
0,0,1,20303119,5
0,0,1,20303120,5
0,0,1,20303121,5
0,0,1,20303122,5
0,0,1,20303123,5
0,0,1,20303124,5
0,0,1,20303125,5
0,0,1,20303126,5
0,0,1,20303127,5
0,0,1,20303128,5
0,0,1,20303129,5
0,0,1,20303130,5
0,0,1,20303131,5
0,0,1,20303132,5
0,0,1,20303133,5
0,0,1,20303134,5
0,0,1,20303135,5
0,0,1,20303136,5
0,0,1,20303137,5
0,0,1,20303138,5
0,0,1,20303139,5
0,0,1,20303140,5
0,0,1,20303141,5
0,0,1,20303142,5
0,0,1,20303143,5
0,0,1,20303144,5
0,0,1,20303145,5
0,0,1,20303146,5
0,0,1,20303147,5
0,0,1,20303148,5
0,0,1,20303149,5
0,0,1,20303150,5
0,0,1,20303151,5
0,0,1,20303152,5
0,0,1,20303153,5
0,0,1,20303154,5
0,0,1,20303155,5
0,0,1,20303156,5
0,0,1,20303157,5
0,0,1,20303158,5
0,0,1,20303159,5
0,0,1,20303160,5
0,0,1,20303161,5
0,0,1,20303162,5
0,0,1,20303163,5
0,0,1,20303164,5
0,0,1,20303165,5
0,0,1,20303166,5
0,0,1,20303167,5
0,0,1,20303168,5
0,0,1,20303169,5
0,0,1,20303170,5
0,0,1,20303171,5
0,0,1,20303172,5
0,0,1,20303173,5
0,0,1,20303174,5
0,0,1,20303175,5
0,0,1,20303176,5
0,0,1,20303177,5
0,0,1,20303178,5
0,0,1,20303179,5
0,0,1,20303180,5
0,0,1,20303181,5
0,0,1,20303182,5
0,0,1,20303183,5
0,0,1,20303184,5
0,0,1,20303185,5
0,0,1,20303186,5
0,0,1,20303187,5
0,0,1,20303188,5
0,0,1,20303189,5
0,0,1,20303190,5
0,0,1,20303191,5
0,0,1,20303192,5
0,0,1,20303193,5
0,0,1,20303194,5
0,0,1,20303195,5
0,0,1,20303196,5
0,0,1,20303197,5
0,0,1,20303198,5
0,0,1,20303199,5
0,0,1,20303200,5
0,0,1,20303201,5
0,0,1,20303202,5
0,0,1,20303203,5
0,0,1,20303204,5
0,0,1,20303205,5
0,0,1,20303206,5
0,0,1,20303207,5
0,0,1,20303208,5
0,0,1,20303209,5
0,0,1,20303210,5
0,0,1,20303211,5
0,0,1,20303212,5
0,0,1,20303213,5
0,0,1,20303214,5
0,0,1,20303215,5
0,0,1,20303216,5
0,0,1,20303217,5
0,0,1,20303218,5
0,0,1,20303219,5
0,0,1,20303220,5
0,0,1,20303221,5
0,0,1,20303222,5
0,0,1,20303223,5
0,0,1,20303224,5
0,0,1,20303225,5
0,0,1,20303226,5
0,0,1,20303227,5
0,0,1,20303228,5
0,0,1,20303229,5
0,0,1,20303230,5
0,0,1,20303231,5
0,0,1,20303232,5
0,0,1,20303233,5
0,0,1,20303234,5
0,0,1,20303235,5
0,0,1,20303236,5
0,0,1,20303237,5
0,0,1,20303238,5
0,0,1,20303239,5
0,0,1,20303240,5
0,0,1,20303241,5
0,0,1,20303242,5
0,0,1,20303243,5
0,0,1,20303244,5
0,0,1,20303245,5
0,0,1,20303246,5
0,0,1,20303247,5
0,0,1,20303248,5
0,0,1,20303249,5
0,0,1,20303250,5
0,0,1,20303251,5
0,0,1,20303252,5
0,0,1,20303253,5
0,0,1,20303254,5
0,0,1,20303255,5
0,0,1,20303256,5
0,0,1,20303257,5
0,0,1,20303258,5
0,0,1,20303259,5
0,0,1,20303260,5
0,0,1,20303261,5
0,0,1,20303262,5
0,0,1,20303263,5
0,0,1,20303264,5
0,0,1,20303265,5
0,0,1,20303266,5
0,0,1,20303267,5
0,0,1,20303268,5
0,0,1,20303269,5
0,0,1,20303270,5
0,0,1,20303271,5
0,0,1,20303272,5
0,0,1,20303273,5
0,0,1,20303274,5
0,0,1,20303275,5
0,0,1,20303276,5
0,0,1,20303277,5
0,0,1,20303278,5
0,0,1,20303279,5
0,0,1,20303280,5
0,0,1,20303281,5
0,0,1,20303282,5
0,0,1,20303283,5
0,0,1,20303284,5
0,0,1,20303285,5
0,0,1,20303286,5
0,0,1,20303287,5
0,0,1,20303288,5
0,0,1,20303289,5
0,0,1,20303290,5
0,0,1,20303291,5
0,0,1,20303292,5
0,0,1,20303293,5
0,0,1,20303294,5
0,0,1,20303295,5
0,0,1,20303296,5
0,0,1,20303297,5
0,0,1,20303298,5
0,0,1,20303299,5
0,0,1,20303300,5
0,0,1,20303301,5
0,0,1,20303302,5
0,0,1,20303303,5
0,0,1,20303304,5
0,0,1,20303305,5
0,0,1,20303306,5
0,0,1,20303307,5
0,0,1,20303308,5
0,0,1,20303309,5
0,0,1,20303310,5
0,0,1,20303311,5
0,0,1,20303312,5
0,0,1,20303313,5
0,0,1,20303314,5
0,0,1,20303315,5
0,0,1,20303316,5
0,0,1,20303317,5
0,0,1,20303318,5
0,0,1,20303319,5
0,0,1,20303320,5
0,0,1,20303321,5
0,0,1,20303322,5
0,0,1,20303323,5
0,0,1,20303324,5
0,0,1,20303325,5
0,0,1,20303326,5
0,0,1,20303327,5
0,0,1,20303328,5
0,0,1,20303329,5
0,0,1,20303330,5
0,0,1,20303331,5
0,0,1,20303332,5
0,0,1,20303333,5
0,0,1,20303334,5
0,0,1,20303335,5
0,0,1,20303336,5
0,0,1,20303337,5
0,0,1,20303338,5
0,0,1,20303339,5
0,0,1,20303340,5
0,0,1,20303341,5
0,0,1,20303342,5
0,0,1,20303343,5
0,0,1,20303344,5
0,0,1,20303345,5
0,0,1,20303346,5
0,0,1,20303347,5
0,0,1,20303348,5
0,0,1,20303349,5
0,0,1,20303350,5
0,0,1,20303351,5
0,0,1,20303352,5
0,0,1,20303353,5
0,0,1,20303354,5
0,0,1,20303355,5
0,0,1,20303356,5
0,0,1,20303357,5
0,0,1,20303358,5
0,0,1,20303359,5
0,0,1,20303360,5
0,0,1,20303361,5
0,0,1,20303362,5
0,0,1,20303363,5
0,0,1,20303364,5
0,0,1,20303365,5
0,0,1,20303366,5
0,0,1,20303367,5
0,0,1,20303368,5
0,0,1,20303369,5
0,0,1,20303370,5
0,0,1,20303371,5
0,0,1,20303372,5
0,0,1,20303373,5
0,0,1,20303374,5
0,0,1,20303375,5
0,0,1,20303376,5
0,0,1,20303377,5
0,0,1,20303378,5
0,0,1,20303379,5
0,0,1,20303380,5
0,0,1,20303381,5
0,0,1,20303382,5
0,0,1,20303383,5
0,0,1,20303384,5
0,0,1,20303385,5
0,0,1,20303386,5
0,0,1,20303387,5
0,0,1,20303388,5
0,0,1,20303389,5
0,0,1,20303390,5
0,0,1,20303391,5
0,0,1,20303392,5
0,0,1,20303393,5
0,0,1,20303394,5
0,0,1,20303395,5
0,0,1,20303396,5
0,0,1,20303397,5
0,0,1,20303398,5
0,0,1,20303399,5
0,0,1,20303400,5
0,0,1,20303401,5
0,0,1,20303402,5
0,0,1,20303403,5
0,0,1,20303404,5
0,0,1,20303405,5
0,0,1,20303406,5
0,0,1,20303407,5
0,0,1,20303408,5
0,0,1,20303409,5
0,0,1,20303410,5
0,0,1,20303411,5
0,0,1,20303412,5
0,0,1,20303413,5
0,0,1,20303414,5
0,0,1,20303415,5
0,0,1,20303416,5
0,0,1,20303417,5
0,0,1,20303418,5
0,0,1,20303419,5
0,0,1,20303420,5
0,0,1,20303421,5
0,0,1,20303422,5
0,0,1,20303423,5
0,0,1,20303424,5
0,0,1,20303425,5
0,0,1,20303426,5
0,0,1,20303427,5
0,0,1,20303428,5
0,0,1,20303429,5
0,0,1,20303430,5
0,0,1,20303431,5
0,0,1,20303432,5
0,0,1,20303433,5
0,0,1,20303434,5
0,0,1,20303435,5
0,0,1,20303436,5
0,0,1,20303437,5
0,0,1,20303438,5
0,0,1,20303439,5
0,0,1,20303440,5
0,0,1,20303441,5
0,0,1,20303442,5
0,0,1,20303443,5
0,0,1,20303444,5
0,0,1,20303445,5
0,0,1,20303446,5
0,0,1,20303447,5
0,0,1,20303448,5
0,0,1,20303449,5
0,0,1,20303450,5
0,0,1,20303451,5
0,0,1,20303452,5
0,0,1,20303453,5
0,0,1,20303454,5
0,0,1,20303455,5
0,0,1,20303456,5
0,0,1,20303457,5
0,0,1,20303458,5
0,0,1,20303459,5
0,0,1,20303460,5
0,0,1,20303461,5
0,0,1,20303462,5
0,0,1,20303463,5
0,0,1,20303464,5
0,0,1,20303465,5
0,0,1,20303466,5
0,0,1,20303467,5
0,0,1,20303468,5
0,0,1,20303469,5
0,0,1,20303470,5
0,0,1,20303471,5
0,0,1,20303472,5
0,0,1,20303473,5
0,0,1,20303474,5
0,0,1,20303475,5
0,0,1,20303476,5
0,0,1,20303477,5
0,0,1,20303478,5
0,0,1,20303479,5
0,0,1,20303480,5
0,0,1,20303481,5
0,0,1,20303482,5
0,0,1,20303483,5
0,0,1,20303484,5
0,0,1,20303485,5
0,0,1,20303486,5
0,0,1,20303487,5
0,0,1,20303488,5
0,0,1,20303489,5
0,0,1,20303490,5
0,0,1,20303491,5
0,0,1,20303492,5
0,0,1,20303493,5
0,0,1,20303494,5
0,0,1,20303495,5
0,0,1,20303496,5
0,0,1,20303497,5
0,0,1,20303498,5
0,0,1,20303499,5
0,0,1,20303500,5
0,0,1,20303501,5
0,0,1,20303502,5
0,0,1,20303503,5
0,0,1,20303504,5
0,0,1,20303505,5
0,0,1,20303506,5
0,0,1,20303507,5
0,0,1,20303508,5
0,0,1,20303509,5
0,0,1,20303510,5
0,0,1,20303511,5
0,0,1,20303512,5
0,0,1,20303513,5
0,0,1,20303514,5
0,0,1,20303515,5
0,0,1,20303516,5
0,0,1,20303517,5
0,0,1,20303518,5
0,0,1,20303519,5
0,0,1,20303520,5
0,0,1,20303521,5
0,0,1,20303522,5
0,0,1,20303523,5
0,0,1,20303524,5
0,0,1,20303525,5
0,0,1,20303526,5
0,0,1,20303527,5
0,0,1,20303528,5
0,0,1,20303529,5
0,0,1,20303530,5
0,0,1,20303531,5
0,0,1,20303532,5
0,0,1,20303533,5
0,0,1,20303534,5
0,0,1,20303535,5
0,0,1,20303536,5
0,0,1,20303537,5
0,0,1,20303538,5
0,0,1,20303539,5
0,0,1,20303540,5
0,0,1,20303541,5
0,0,1,20303542,5
0,0,1,20303543,5
0,0,1,20303544,5
0,0,1,20303545,5
0,0,1,20303546,5
0,0,1,20303547,5
0,0,1,20303548,5
0,0,1,20303549,5
0,0,1,20303550,5
0,0,1,20303551,5
0,0,1,20303552,5
0,0,1,20303553,5
0,0,1,20303554,5
0,0,1,20303555,5
0,0,1,20303556,5
0,0,1,20303557,5
0,0,1,20303558,5
0,0,1,20303559,5
0,0,1,20303560,5
0,0,1,20303561,5
0,0,1,20303562,5
0,0,1,20303563,5
0,0,1,20303564,5
0,0,1,20303565,5
0,0,1,20303566,5
0,0,1,20303567,5
0,0,1,20303568,5
0,0,1,20303569,5
0,0,1,20303570,5
0,0,1,20303571,5
0,0,1,20303572,5
0,0,1,20303573,5
0,0,1,20303574,5
0,0,1,20303575,5
0,0,1,20303576,5
0,0,1,20303577,5
0,0,1,20303578,5
0,0,1,20303579,5
0,0,1,20303580,5
0,0,1,20303581,5
0,0,1,20303582,5
0,0,1,20303583,5
0,0,1,20303584,5
0,0,1,20303585,5
0,0,1,20303586,5
0,0,1,20303587,5
0,0,1,20303588,5
0,0,1,20303589,5
0,0,1,20303590,5
0,0,1,20303591,5
0,0,1,20303592,5
0,0,1,20303593,5
0,0,1,20303594,5
0,0,1,20303595,5
0,0,1,20303596,5
0,0,1,20303597,5
0,0,1,20303598,5
0,0,1,20303599,5
0,0,1,20303600,5
0,0,1,20303601,5
0,0,1,20303602,5
0,0,1,20303603,5
0,0,1,20303604,5
0,0,1,20303605,5
0,0,1,20303606,5
0,0,1,20303607,5
0,0,1,20303608,5
0,0,1,20303609,5
0,0,1,20303610,5
0,0,1,20303611,5
0,0,1,20303612,5
0,0,1,20303613,5
0,0,1,20303614,5
0,0,1,20303615,5
0,0,1,20303616,5
0,0,1,20303617,5
0,0,1,20303618,5
0,0,1,20303619,5
0,0,1,20303620,5
0,0,1,20303621,5
0,0,1,20303622,5
0,0,1,20303623,5
0,0,1,20303624,5
0,0,1,20303625,5
0,0,1,20303626,5
0,0,1,20303627,5
0,0,1,20303628,5
0,0,1,20303629,5
0,0,1,20303630,5
0,0,1,20303631,5
0,0,1,20303632,5
0,0,1,20303633,5
0,0,1,20303634,5
0,0,1,20303635,5
0,0,1,20303636,5
0,0,1,20303637,5
0,0,1,20303638,5
0,0,1,20303639,5
0,0,1,20303640,5
0,0,1,20303641,5
0,0,1,20303642,5
0,0,1,20303643,5
0,0,1,20303644,5
0,0,1,20303645,5
0,0,1,20303646,5
0,0,1,20303647,5
0,0,1,20303648,5
0,0,1,20303649,5
0,0,1,20303650,5
0,0,1,20303651,5
0,0,1,20303652,5
0,0,1,20303653,5
0,0,1,20303654,5
0,0,1,20303655,5
0,0,1,20303656,5
0,0,1,20303657,5
0,0,1,20303658,5
0,0,1,20303659,5
0,0,1,20303660,5
0,0,1,20303661,5
0,0,1,20303662,5
0,0,1,20303663,5
0,0,1,20303664,5
0,0,1,20303665,5
0,0,1,20303666,5
0,0,1,20303667,5
0,0,1,20303668,5
0,0,1,20303669,5
0,0,1,20303670,5
0,0,1,20303671,5
0,0,1,20303672,5
0,0,1,20303673,5
0,0,1,20303674,5
0,0,1,20303675,5
0,0,1,20303676,5
0,0,1,20303677,5
0,0,1,20303678,5
0,0,1,20303679,5
0,0,1,20303680,5
0,0,1,20303681,5
0,0,1,20303682,5
0,0,1,20303683,5
0,0,1,20303684,5
0,0,1,20303685,5
0,0,1,20303686,5
0,0,1,20303687,5
0,0,1,20303688,5
0,0,1,20303689,5
0,0,1,20303690,5
0,0,1,20303691,5
0,0,1,20303692,5
0,0,1,20303693,5
0,0,1,20303694,5
0,0,1,20303695,5
0,0,1,20303696,5
0,0,1,20303697,5
0,0,1,20303698,5
0,0,1,20303699,5
0,0,1,20303700,5
0,0,1,20303701,5
0,0,1,20303702,5
0,0,1,20303703,5
0,0,1,20303704,5
0,0,1,20303705,5
0,0,1,20303706,5
0,0,1,20303707,5
0,0,1,20303708,5
0,0,1,20303709,5
0,0,1,20303710,5
0,0,1,20303711,5
0,0,1,20303712,5
0,0,1,20303713,5
0,0,1,20303714,5
0,0,1,20303715,5
0,0,1,20303716,5
0,0,1,20303717,5
0,0,1,20303718,5
0,0,1,20303719,5
0,0,1,20303720,5
0,0,1,20303721,5
0,0,1,20303722,5
0,0,1,20303723,5
0,0,1,20303724,5
0,0,1,20303725,5
0,0,1,20303726,5
0,0,1,20303727,5
0,0,1,20303728,5
0,0,1,20303729,5
0,0,1,20303730,5
0,0,1,20303731,5
0,0,1,20303732,5
0,0,1,20303733,5
0,0,1,20303734,5
0,0,1,20303735,5
0,0,1,20303736,5
0,0,1,20303737,5
0,0,1,20303738,5
0,0,1,20303739,5
0,0,1,20303740,5
0,0,1,20303741,5
0,0,1,20303742,5
0,0,1,20303743,5
0,0,1,20303744,5
0,0,1,20303745,5
0,0,1,20303746,5
0,0,1,20303747,5
0,0,1,20303748,5
0,0,1,20303749,5
0,0,1,20303750,5
0,0,1,20303751,5
0,0,1,20303752,5
0,0,1,20303753,5
0,0,1,20303754,5
0,0,1,20303755,5
0,0,1,20303756,5
0,0,1,20303757,5
0,0,1,20303758,5
0,0,1,20303759,5
0,0,1,20303760,5
0,0,1,20303761,5
0,0,1,20303762,5
0,0,1,20303763,5
0,0,1,20303764,5
0,0,1,20303765,5
0,0,1,20303766,5
0,0,1,20303767,5
0,0,1,20303768,5
0,0,1,20303769,5
0,0,1,20303770,5
0,0,1,20303771,5
0,0,1,20303772,5
0,0,1,20303773,5
0,0,1,20303774,5
0,0,1,20303775,5
0,0,1,20303776,5
0,0,1,20303777,5
0,0,1,20303778,5
0,0,1,20303779,5
0,0,1,20303780,5
0,0,1,20303781,5
0,0,1,20303782,5
0,0,1,20303783,5
0,0,1,20303784,5
0,0,1,20303785,5
0,0,1,20303786,5
0,0,1,20303787,5
0,0,1,20303788,5
0,0,1,20303789,5
0,0,1,20303790,5
0,0,1,20303791,5
0,0,1,20303792,5
0,0,1,20303793,5
0,0,1,20303794,5
0,0,1,20303795,5
0,0,1,20303796,5
0,0,1,20303797,5
0,0,1,20303798,5
0,0,1,20303799,5
0,0,1,20303800,5
0,0,1,20303801,5
0,0,1,20303802,5
0,0,1,20303803,5
0,0,1,20303804,5
0,0,1,20303805,5
0,0,1,20303806,5
0,0,1,20303807,5
0,0,1,20303808,5
0,0,1,20303809,5
0,0,1,20303810,5
0,0,1,20303811,5
0,0,1,20303812,5
0,0,1,20303813,5
0,0,1,20303814,5
0,0,1,20303815,5
0,0,1,20303816,5
0,0,1,20303817,5
0,0,1,20303818,5
0,0,1,20303819,5
0,0,1,20303820,5
0,0,1,20303821,5
0,0,1,20303822,5
0,0,1,20303823,5
0,0,1,20303824,5
0,0,1,20303825,5
0,0,1,20303826,5
0,0,1,20303827,5
0,0,1,20303828,5
0,0,1,20303829,5
0,0,1,20303830,5
0,0,1,20303831,5
0,0,1,20303832,5
0,0,1,20303833,5
0,0,1,20303834,5
0,0,1,20303835,5
0,0,1,20303836,5
0,0,1,20303837,5
0,0,1,20303838,5
0,0,1,20303839,5
0,0,1,20303840,5
0,0,1,20303841,5
0,0,1,20303842,5
0,0,1,20303843,5
0,0,1,20303844,5
0,0,1,20303845,5
0,0,1,20303846,5
0,0,1,20303847,5
0,0,1,20303848,5
0,0,1,20303849,5
0,0,1,20303850,5
0,0,1,20303851,5
0,0,1,20303852,5
0,0,1,20303853,5
0,0,1,20303854,5
0,0,1,20303855,5
0,0,1,20303856,5
0,0,1,20303857,5
0,0,1,20303858,5
0,0,1,20303859,5
0,0,1,20303860,5
0,0,1,20303861,5
0,0,1,20303862,5
0,0,1,20303863,5
0,0,1,20303864,5
0,0,1,20303865,5
0,0,1,20303866,5
0,0,1,20303867,5
0,0,1,20303868,5
0,0,1,20303869,5
0,0,1,20303870,5
0,0,1,20303871,5
0,0,1,20303872,5
0,0,1,20303873,5
0,0,1,20303874,5
0,0,1,20303875,5
0,0,1,20303876,5
0,0,1,20303877,5
0,0,1,20303878,5
0,0,1,20303879,5
0,0,1,20303880,5
0,0,1,20303881,5
0,0,1,20303882,5
0,0,1,20303883,5
0,0,1,20303884,5
0,0,1,20303885,5
0,0,1,20303886,5
0,0,1,20303887,5
0,0,1,20303888,5
0,0,1,20303889,5
0,0,1,20303890,5
0,0,1,20303891,5
0,0,1,20303892,5
0,0,1,20303893,5
0,0,1,20303894,5
0,0,1,20303895,5
0,0,1,20303896,5
0,0,1,20303897,5
0,0,1,20303898,5
0,0,1,20303899,5
0,0,1,20303900,5
0,0,1,20303901,5
0,0,1,20303902,5
0,0,1,20303903,5
0,0,1,20303904,5
0,0,1,20303905,5
0,0,1,20303906,5
0,0,1,20303907,5
0,0,1,20303908,5
0,0,1,20303909,5
0,0,1,20303910,5
0,0,1,20303911,5
0,0,1,20303912,5
0,0,1,20303913,5
0,0,1,20303914,5
0,0,1,20303915,5
0,0,1,20303916,5
0,0,1,20303917,5
0,0,1,20303918,5
0,0,1,20303919,5
0,0,1,20303920,5
0,0,1,20303921,5
0,0,1,20303922,5
0,0,1,20303923,5
0,0,1,20303924,5
0,0,1,20303925,5
0,0,1,20303926,5
0,0,1,20303927,5
0,0,1,20303928,5
0,0,1,20303929,5
0,0,1,20303930,5
0,0,1,20303931,5
0,0,1,20303932,5
0,0,1,20303933,5
0,0,1,20303934,5
0,0,1,20303935,5
0,0,1,20303936,5
0,0,1,20303937,5
0,0,1,20303938,5
0,0,1,20303939,5
0,0,1,20303940,5
0,0,1,20303941,5
0,0,1,20303942,5
0,0,1,20303943,5
0,0,1,20303944,5
0,0,1,20303945,5
0,0,1,20303946,5
0,0,1,20303947,5
0,0,1,20303948,5
0,0,1,20303949,5
0,0,1,20303950,5
0,0,1,20303951,5
0,0,1,20303952,5
0,0,1,20303953,5
0,0,1,20303954,5
0,0,1,20303955,5
0,0,1,20303956,5
0,0,1,20303957,5
0,0,1,20303958,5
0,0,1,20303959,5
0,0,1,20303960,5
0,0,1,20303961,5
0,0,1,20303962,5
0,0,1,20303963,5
0,0,1,20303964,5
0,0,1,20303965,5
0,0,1,20303966,5
0,0,1,20303967,5
0,0,1,20303968,5
0,0,1,20303969,5
0,0,1,20303970,5
0,0,1,20303971,5
0,0,1,20303972,5
0,0,1,20303973,5
0,0,1,20303974,5
0,0,1,20303975,5
0,0,1,20303976,5
0,0,1,20303977,5
0,0,1,20303978,5
0,0,1,20303979,5
0,0,1,20303980,5
0,0,1,20303981,5
0,0,1,20303982,5
0,0,1,20303983,5
0,0,1,20303984,5
0,0,1,20303985,5
0,0,1,20303986,5
0,0,1,20303987,5
0,0,1,20303988,5
0,0,1,20303989,5
0,0,1,20303990,5
0,0,1,20303991,5
0,0,1,20303992,5
0,0,1,20303993,5
0,0,1,20303994,5
0,0,1,20303995,5
0,0,1,20303996,5
0,0,1,20303997,5
0,0,1,20303998,5
0,0,1,20303999,5
0,0,1,20304000,5
0,0,1,20304001,5
0,0,1,20304002,5
0,0,1,20304003,5
0,0,1,20304004,5
0,0,1,20304005,5
0,0,1,20304006,5
0,0,1,20304007,5
0,0,1,20304008,5
0,0,1,20304009,5
0,0,1,20304010,5
0,0,1,20304011,5
0,0,1,20304012,5
0,0,1,20304013,5
0,0,1,20304014,5
0,0,1,20304015,5
0,0,1,20304016,5
0,0,1,20304017,5
0,0,1,20304018,5
0,0,1,20304019,5
0,0,1,20304020,5
0,0,1,20304021,5
0,0,1,20304022,5
0,0,1,20304023,5
0,0,1,20304024,5
0,0,1,20304025,5
0,0,1,20304026,5
0,0,1,20304027,5
0,0,1,20304028,5
0,0,1,20304029,5
0,0,1,20304030,5
0,0,1,20304031,5
0,0,1,20304032,5
0,0,1,20304033,5
0,0,1,20304034,5
0,0,1,20304035,5
0,0,1,20304036,5
0,0,1,20304037,5
0,0,1,20304038,5
0,0,1,20304039,5
0,0,1,20304040,5
0,0,1,20304041,5
0,0,1,20304042,5
0,0,1,20304043,5
0,0,1,20304044,5
0,0,1,20304045,5
0,0,1,20304046,5
0,0,1,20304047,5
0,0,1,20304048,5
0,0,1,20304049,5
0,0,1,20304050,5
0,0,1,20304051,5
0,0,1,20304052,5
0,0,1,20304053,5
0,0,1,20304054,5
0,0,1,20304055,5
0,0,1,20304056,5
0,0,1,20304057,5
0,0,1,20304058,5
0,0,1,20304059,5
0,0,1,20304060,5
0,0,1,20304061,5
0,0,1,20304062,5
0,0,1,20304063,5
0,0,1,20304064,5
0,0,1,20304065,5
0,0,1,20304066,5
0,0,1,20304067,5
0,0,1,20304068,5
0,0,1,20304069,5
0,0,1,20304070,5
0,0,1,20304071,5
0,0,1,20304072,5
0,0,1,20304073,5
0,0,1,20304074,5
0,0,1,20304075,5
0,0,1,20304076,5
0,0,1,20304077,5
0,0,1,20304078,5
0,0,1,20304079,5
0,0,1,20304080,5
0,0,1,20304081,5
0,0,1,20304082,5
0,0,1,20304083,5
0,0,1,20304084,5
0,0,1,20304085,5
0,0,1,20304086,5
0,0,1,20304087,5
0,0,1,20304088,5
0,0,1,20304089,5
0,0,1,20304090,5
0,0,1,20304091,5
0,0,1,20304092,5
0,0,1,20304093,5
0,0,1,20304094,5
0,0,1,20304095,5
0,0,1,20304096,5
0,0,1,20304097,5
0,0,1,20304098,5
0,0,1,20304099,5
0,0,1,20304100,5
0,0,1,20304101,5
0,0,1,20304102,5
0,0,1,20304103,5
0,0,1,20304104,5
0,0,1,20304105,5
0,0,1,20304106,5
0,0,1,20304107,5
0,0,1,20304108,5
0,0,1,20304109,5
0,0,1,20304110,5
0,0,1,20304111,5
0,0,1,20304112,5
0,0,1,20304113,5
0,0,1,20304114,5
0,0,1,20304115,5
0,0,1,20304116,5
0,0,1,20304117,5
0,0,1,20304118,5
0,0,1,20304119,5
0,0,1,20304120,5
0,0,1,20304121,5
0,0,1,20304122,5
0,0,1,20304123,5
0,0,1,20304124,5
0,0,1,20304125,5
0,0,1,20304126,5
0,0,1,20304127,5
0,0,1,20304128,5
0,0,1,20304129,5
0,0,1,20304130,5
0,0,1,20304131,5
0,0,1,20304132,5
0,0,1,20304133,5
0,0,1,20304134,5
0,0,1,20304135,5
0,0,1,20304136,5
0,0,1,20304137,5
0,0,1,20304138,5
0,0,1,20304139,5
0,0,1,20304140,5
0,0,1,20304141,5
0,0,1,20304142,5
0,0,1,20304143,5
0,0,1,20304144,5
0,0,1,20304145,5
0,0,1,20304146,5
0,0,1,20304147,5
0,0,1,20304148,5
0,0,1,20304149,5
0,0,1,20304150,5
0,0,1,20304151,5
0,0,1,20304152,5
0,0,1,20304153,5
0,0,1,20304154,5
0,0,1,20304155,5
0,0,1,20304156,5
0,0,1,20304157,5
0,0,1,20304158,5
0,0,1,20304159,5
0,0,1,20304160,5
0,0,1,20304161,5
0,0,1,20304162,5
0,0,1,20304163,5
0,0,1,20304164,5
0,0,1,20304165,5
0,0,1,20304166,5
0,0,1,20304167,5
0,0,1,20304168,5
0,0,1,20304169,5
0,0,1,20304170,5
0,0,1,20304171,5
0,0,1,20304172,5
0,0,1,20304173,5
0,0,1,20304174,5
0,0,1,20304175,5
0,0,1,20304176,5
0,0,1,20304177,5
0,0,1,20304178,5
0,0,1,20304179,5
0,0,1,20304180,5
0,0,1,20304181,5
0,0,1,20304182,5
0,0,1,20304183,5
0,0,1,20304184,5
0,0,1,20304185,5
0,0,1,20304186,5
0,0,1,20304187,5
0,0,1,20304188,5
0,0,1,20304189,5
0,0,1,20304190,5
0,0,1,20304191,5
0,0,1,20304192,5
0,0,1,20304193,5
0,0,1,20304194,5
0,0,1,20304195,5
0,0,1,20304196,5
0,0,1,20304197,5
0,0,1,20304198,5
0,0,1,20304199,5
0,0,1,20304200,5
0,0,1,20304201,5
0,0,1,20304202,5
0,0,1,20304203,5
0,0,1,20304204,5
0,0,1,20304205,5
0,0,1,20304206,5
0,0,1,20304207,5
0,0,1,20304208,5
0,0,1,20304209,5
0,0,1,20304210,5
0,0,1,20304211,5
0,0,1,20304212,5
0,0,1,20304213,5
0,0,1,20304214,5
0,0,1,20304215,5
0,0,1,20304216,5
0,0,1,20304217,5
0,0,1,20304218,5
0,0,1,20304219,5
0,0,1,20304220,5
0,0,1,20304221,5
0,0,1,20304222,5
0,0,1,20304223,5
0,0,1,20304224,5
0,0,1,20304225,5
0,0,1,20304226,5
0,0,1,20304227,5
0,0,1,20304228,5
0,0,1,20304229,5
0,0,1,20304230,5
0,0,1,20304231,5
0,0,1,20304232,5
0,0,1,20304233,5
0,0,1,20304234,5
0,0,1,20304235,5
0,0,1,20304236,5
0,0,1,20304237,5
0,0,1,20304238,5
0,0,1,20304239,5
0,0,1,20304240,5
0,0,1,20304241,5
0,0,1,20304242,5
0,0,1,20304243,5
0,0,1,20304244,5
0,0,1,20304245,5
0,0,1,20304246,5
0,0,1,20304247,5
0,0,1,20304248,5
0,0,1,20304249,5
0,0,1,20304250,5
0,0,1,20304251,5
0,0,1,20304252,5
0,0,1,20304253,5
0,0,1,20304254,5
0,0,1,20304255,5
0,0,1,20304256,5
0,0,1,20304257,5
0,0,1,20304258,5
0,0,1,20304259,5
0,0,1,20304260,5
0,0,1,20304261,5
0,0,1,20304262,5
0,0,1,20304263,5
0,0,1,20304264,5
0,0,1,20304265,5
0,0,1,20304266,5
0,0,1,20304267,5
0,0,1,20304268,5
0,0,1,20304269,5
0,0,1,20304270,5
0,0,1,20304271,5
0,0,1,20304272,5
0,0,1,20304273,5
0,0,1,20304274,5
0,0,1,20304275,5
0,0,1,20304276,5
0,0,1,20304277,5
0,0,1,20304278,5
0,0,1,20304279,5
0,0,1,20304280,5
0,0,1,20304281,5
0,0,1,20304282,5
0,0,1,20304283,5
0,0,1,20304284,5
0,0,1,20304285,5
0,0,1,20304286,5
0,0,1,20304287,5
0,0,1,20304288,5
0,0,1,20304289,5
0,0,1,20304290,5
0,0,1,20304291,5
0,0,1,20304292,5
0,0,1,20304293,5
0,0,1,20304294,5
0,0,1,20304295,5
0,0,1,20304296,5
0,0,1,20304297,5
0,0,1,20304298,5
0,0,1,20304299,5
0,0,1,20304300,5
0,0,1,20304301,5
0,0,1,20304302,5
0,0,1,20304303,5
0,0,1,20304304,5
0,0,1,20304305,5
0,0,1,20304306,5
0,0,1,20304307,5
0,0,1,20304308,5
0,0,1,20304309,5
0,0,1,20304310,5
0,0,1,20304311,5
0,0,1,20304312,5
0,0,1,20304313,5
0,0,1,20304314,5
0,0,1,20304315,5
0,0,1,20304316,5
0,0,1,20304317,5
0,0,1,20304318,5
0,0,1,20304319,5
0,0,1,20304320,5
0,0,1,20304321,5
0,0,1,20304322,5
0,0,1,20304323,5
0,0,1,20304324,5
0,0,1,20304325,5
0,0,1,20304326,5
0,0,1,20304327,5
0,0,1,20304328,5
0,0,1,20304329,5
0,0,1,20304330,5
0,0,1,20304331,5
0,0,1,20304332,5
0,0,1,20304333,5
0,0,1,20304334,5
0,0,1,20304335,5
0,0,1,20304336,5
0,0,1,20304337,5
0,0,1,20304338,5
0,0,1,20304339,5
0,0,1,20304340,5
0,0,1,20304341,5
0,0,1,20304342,5
0,0,1,20304343,5
0,0,1,20304344,5
0,0,1,20304345,5
0,0,1,20304346,5
0,0,1,20304347,5
0,0,1,20304348,5
0,0,1,20304349,5
0,0,1,20304350,5
0,0,1,20304351,5
0,0,1,20304352,5
0,0,1,20304353,5
0,0,1,20304354,5
0,0,1,20304355,5
0,0,1,20304356,5
0,0,1,20304357,5
0,0,1,20304358,5
0,0,1,20304359,5
0,0,1,20304360,5
0,0,1,20304361,5
0,0,1,20304362,5
0,0,1,20304363,5
0,0,1,20304364,5
0,0,1,20304365,5
0,0,1,20304366,5
0,0,1,20304367,5
0,0,1,20304368,5
0,0,1,20304369,5
0,0,1,20304370,5
0,0,1,20304371,5
0,0,1,20304372,5
0,0,1,20304373,5
0,0,1,20304374,5
0,0,1,20304375,5
0,0,1,20304376,5
0,0,1,20304377,5
0,0,1,20304378,5
0,0,1,20304379,5
0,0,1,20304380,5
0,0,1,20304381,5
0,0,1,20304382,5
0,0,1,20304383,5
0,0,1,20304384,5
0,0,1,20304385,5
0,0,1,20304386,5
0,0,1,20304387,5
0,0,1,20304388,5
0,0,1,20304389,5
0,0,1,20304390,5
0,0,1,20304391,5
0,0,1,20304392,5
0,0,1,20304393,5
0,0,1,20304394,5
0,0,1,20304395,5
0,0,1,20304396,5
0,0,1,20304397,5
0,0,1,20304398,5
0,0,1,20304399,5
0,0,1,20304400,5
0,0,1,20304401,5
0,0,1,20304402,5
0,0,1,20304403,5
0,0,1,20304404,5
0,0,1,20304405,5
0,0,1,20304406,5
0,0,1,20304407,5
0,0,1,20304408,5
0,0,1,20304409,5
0,0,1,20304410,5
0,0,1,20304411,5
0,0,1,20304412,5
0,0,1,20304413,5
0,0,1,20304414,5
0,0,1,20304415,5
0,0,1,20304416,5
0,0,1,20304417,5
0,0,1,20304418,5
0,0,1,20304419,5
0,0,1,20304420,5
0,0,1,20304421,5
0,0,1,20304422,5
0,0,1,20304423,5
0,0,1,20304424,5
0,0,1,20304425,5
0,0,1,20304426,5
0,0,1,20304427,5
0,0,1,20304428,5
0,0,1,20304429,5
0,0,1,20304430,5
0,0,1,20304431,5
0,0,1,20304432,5
0,0,1,20304433,5
0,0,1,20304434,5
0,0,1,20304435,5
0,0,1,20304436,5
0,0,1,20304437,5
0,0,1,20304438,5
0,0,1,20304439,5
0,0,1,20304440,5
0,0,1,20304441,5
0,0,1,20304442,5
0,0,1,20304443,5
0,0,1,20304444,5
0,0,1,20304445,5
0,0,1,20304446,5
0,0,1,20304447,5
0,0,1,20304448,5
0,0,1,20304449,5
0,0,1,20304450,5
0,0,1,20304451,5
0,0,1,20304452,5
0,0,1,20304453,5
0,0,1,20304454,5
0,0,1,20304455,5
0,0,1,20304456,5
0,0,1,20304457,5
0,0,1,20304458,5
0,0,1,20304459,5
0,0,1,20304460,5
0,0,1,20304461,5
0,0,1,20304462,5
0,0,1,20304463,5
0,0,1,20304464,5
0,0,1,20304465,5
0,0,1,20304466,5
0,0,1,20304467,5
0,0,1,20304468,5
0,0,1,20304469,5
0,0,1,20304470,5
0,0,1,20304471,5
0,0,1,20304472,5
0,0,1,20304473,5
0,0,1,20304474,5
0,0,1,20304475,5
0,0,1,20304476,5
0,0,1,20304477,5
0,0,1,20304478,5
0,0,1,20304479,5
0,0,1,20304480,5
0,0,1,20304481,5
0,0,1,20304482,5
0,0,1,20304483,5
0,0,1,20304484,5
0,0,1,20304485,5
0,0,1,20304486,5
0,0,1,20304487,5
0,0,1,20304488,5
0,0,1,20304489,5
0,0,1,20304490,5
0,0,1,20304491,5
0,0,1,20304492,5
0,0,1,20304493,5
0,0,1,20304494,5
0,0,1,20304495,5
0,0,1,20304496,5
0,0,1,20304497,5
0,0,1,20304498,5
0,0,1,20304499,5
0,0,1,20304500,5
0,0,1,20304501,5
0,0,1,20304502,5
0,0,1,20304503,5
0,0,1,20304504,5
0,0,1,20304505,5
0,0,1,20304506,5
0,0,1,20304507,5
0,0,1,20304508,5
0,0,1,20304509,5
0,0,1,20304510,5
0,0,1,20304511,5
0,0,1,20304512,5
0,0,1,20304513,5
0,0,1,20304514,5
0,0,1,20304515,5
0,0,1,20304516,5
0,0,1,20304517,5
0,0,1,20304518,5
0,0,1,20304519,5
0,0,1,20304520,5
0,0,1,20304521,5
0,0,1,20304522,5
0,0,1,20304523,5
0,0,1,20304524,5
0,0,1,20304525,5
0,0,1,20304526,5
0,0,1,20304527,5
0,0,1,20304528,5
0,0,1,20304529,5
0,0,1,20304530,5
0,0,1,20304531,5
0,0,1,20304532,5
0,0,1,20304533,5
0,0,1,20304534,5
0,0,1,20304535,5
0,0,1,20304536,5
0,0,1,20304537,5
0,0,1,20304538,5
0,0,1,20304539,5
0,0,1,20304540,5
0,0,1,20304541,5
0,0,1,20304542,5
0,0,1,20304543,5
0,0,1,20304544,5
0,0,1,20304545,5
0,0,1,20304546,5
0,0,1,20304547,5
0,0,1,20304548,5
0,0,1,20304549,5
0,0,1,20304550,5
0,0,1,20304551,5
0,0,1,20304552,5
0,0,1,20304553,5
0,0,1,20304554,5
0,0,1,20304555,5
0,0,1,20304556,5
0,0,1,20304557,5
0,0,1,20304558,5
0,0,1,20304559,5
0,0,1,20304560,5
0,0,1,20304561,5
0,0,1,20304562,5
0,0,1,20304563,5
0,0,1,20304564,5
0,0,1,20304565,5
0,0,1,20304566,5
0,0,1,20304567,5
0,0,1,20304568,5
0,0,1,20304569,5
0,0,1,20304570,5
0,0,1,20304571,5
0,0,1,20304572,5
0,0,1,20304573,5
0,0,1,20304574,5
0,0,1,20304575,5
0,0,1,20304576,5
0,0,1,20304577,5
0,0,1,20304578,5
0,0,1,20304579,5
0,0,1,20304580,5
0,0,1,20304581,5
0,0,1,20304582,5
0,0,1,20304583,5
0,0,1,20304584,5
0,0,1,20304585,5
0,0,1,20304586,5
0,0,1,20304587,5
0,0,1,20304588,5
0,0,1,20304589,5
0,0,1,20304590,5
0,0,1,20304591,5
0,0,1,20304592,5
0,0,1,20304593,5
0,0,1,20304594,5
0,0,1,20304595,5
0,0,1,20304596,5
0,0,1,20304597,5
0,0,1,20304598,5
0,0,1,20304599,5
0,0,1,20304600,5
0,0,1,20304601,5
0,0,1,20304602,5
0,0,1,20304603,5
0,0,1,20304604,5
0,0,1,20304605,5
0,0,1,20304606,5
0,0,1,20304607,5
0,0,1,20304608,5
0,0,1,20304609,5
0,0,1,20304610,5
0,0,1,20304611,5
0,0,1,20304612,5
0,0,1,20304613,5
0,0,1,20304614,5
0,0,1,20304615,5
0,0,1,20304616,5
0,0,1,20304617,5
0,0,1,20304618,5
0,0,1,20304619,5
0,0,1,20304620,5
0,0,1,20304621,5
0,0,1,20304622,5
0,0,1,20304623,5
0,0,1,20304624,5
0,0,1,20304625,5
0,0,1,20304626,5
0,0,1,20304627,5
0,0,1,20304628,5
0,0,1,20304629,5
0,0,1,20304630,5
0,0,1,20304631,5
0,0,1,20304632,5
0,0,1,20304633,5
0,0,1,20304634,5
0,0,1,20304635,5
0,0,1,20304636,5
0,0,1,20304637,5
0,0,1,20304638,5
0,0,1,20304639,5
0,0,1,20304640,5
0,0,1,20304641,5
0,0,1,20304642,5
0,0,1,20304643,5
0,0,1,20304644,5
0,0,1,20304645,5
0,0,1,20304646,5
0,0,1,20304647,5
0,0,1,20304648,5
0,0,1,20304649,5
0,0,1,20304650,5
0,0,1,20304651,5
0,0,1,20304652,5
0,0,1,20304653,5
0,0,1,20304654,5
0,0,1,20304655,5
0,0,1,20304656,5
0,0,1,20304657,5
0,0,1,20304658,5
0,0,1,20304659,5
0,0,1,20304660,5
0,0,1,20304661,5
0,0,1,20304662,5
0,0,1,20304663,5
0,0,1,20304664,5
0,0,1,20304665,5
0,0,1,20304666,5
0,0,1,20304667,5
0,0,1,20304668,5
0,0,1,20304669,5
0,0,1,20304670,5
0,0,1,20304671,5
0,0,1,20304672,5
0,0,1,20304673,5
0,0,1,20304674,5
0,0,1,20304675,5
0,0,1,20304676,5
0,0,1,20304677,5
0,0,1,20304678,5
0,0,1,20304679,5
0,0,1,20304680,5
0,0,1,20304681,5
0,0,1,20304682,5
0,0,1,20304683,5
0,0,1,20304684,5
0,0,1,20304685,5
0,0,1,20304686,5
0,0,1,20304687,5
0,0,1,20304688,5
0,0,1,20304689,5
0,0,1,20304690,5
0,0,1,20304691,5
0,0,1,20304692,5
0,0,1,20304693,5
0,0,1,20304694,5
0,0,1,20304695,5
0,0,1,20304696,5
0,0,1,20304697,5
0,0,1,20304698,5
0,0,1,20304699,5
0,0,1,20304700,5
0,0,1,20304701,5
0,0,1,20304702,5
0,0,1,20304703,5
0,0,1,20304704,5
0,0,1,20304705,5
0,0,1,20304706,5
0,0,1,20304707,5
0,0,1,20304708,5
0,0,1,20304709,5
0,0,1,20304710,5
0,0,1,20304711,5
0,0,1,20304712,5
0,0,1,20304713,5
0,0,1,20304714,5
0,0,1,20304715,5
0,0,1,20304716,5
0,0,1,20304717,5
0,0,1,20304718,5
0,0,1,20304719,5
0,0,1,20304720,5
0,0,1,20304721,5
0,0,1,20304722,5
0,0,1,20304723,5
0,0,1,20304724,5
0,0,1,20304725,5
0,0,1,20304726,5
0,0,1,20304727,5
0,0,1,20304728,5
0,0,1,20304729,5
0,0,1,20304730,5
0,0,1,20304731,5
0,0,1,20304732,5
0,0,1,20304733,5
0,0,1,20304734,5
0,0,1,20304735,5
0,0,1,20304736,5
0,0,1,20304737,5
0,0,1,20304738,5
0,0,1,20304739,5
0,0,1,20304740,5
0,0,1,20304741,5
0,0,1,20304742,5
0,0,1,20304743,5
0,0,1,20304744,5
0,0,1,20304745,5
0,0,1,20304746,5
0,0,1,20304747,5
0,0,1,20304748,5
0,0,1,20304749,5
0,0,1,20304750,5
0,0,1,20304751,5
0,0,1,20304752,5
0,0,1,20304753,5
0,0,1,20304754,5
0,0,1,20304755,5
0,0,1,20304756,5
0,0,1,20304757,5
0,0,1,20304758,5
0,0,1,20304759,5
0,0,1,20304760,5
0,0,1,20304761,5
0,0,1,20304762,5
0,0,1,20304763,5
0,0,1,20304764,5
0,0,1,20304765,5
0,0,1,20304766,5
0,0,1,20304767,5
0,0,1,20304768,5
0,0,1,20304769,5
0,0,1,20304770,5
0,0,1,20304771,5
0,0,1,20304772,5
0,0,1,20304773,5
0,0,1,20304774,5
0,0,1,20304775,5
0,0,1,20304776,5
0,0,1,20304777,5
0,0,1,20304778,5
0,0,1,20304779,5
0,0,1,20304780,5
0,0,1,20304781,5
0,0,1,20304782,5
0,0,1,20304783,5
0,0,1,20304784,5
0,0,1,20304785,5
0,0,1,20304786,5
0,0,1,20304787,5
0,0,1,20304788,5
0,0,1,20304789,5
0,0,1,20304790,5
0,0,1,20304791,5
0,0,1,20304792,5
0,0,1,20304793,5
0,0,1,20304794,5
0,0,1,20304795,5
0,0,1,20304796,5
0,0,1,20304797,5
0,0,1,20304798,5
0,0,1,20304799,5
0,0,1,20304800,5
0,0,1,20304801,5
0,0,1,20304802,5
0,0,1,20304803,5
0,0,1,20304804,5
0,0,1,20304805,5
0,0,1,20304806,5
0,0,1,20304807,5
0,0,1,20304808,5
0,0,1,20304809,5
0,0,1,20304810,5
0,0,1,20304811,5
0,0,1,20304812,5
0,0,1,20304813,5
0,0,1,20304814,5
0,0,1,20304815,5
0,0,1,20304816,5
0,0,1,20304817,5
0,0,1,20304818,5
0,0,1,20304819,5
0,0,1,20304820,5
0,0,1,20304821,5
0,0,1,20304822,5
0,0,1,20304823,5
0,0,1,20304824,5
0,0,1,20304825,5
0,0,1,20304826,5
0,0,1,20304827,5
0,0,1,20304828,5
0,0,1,20304829,5
0,0,1,20304830,5
0,0,1,20304831,5
0,0,1,20304832,5
0,0,1,20304833,5
0,0,1,20304834,5
0,0,1,20304835,5
0,0,1,20304836,5
0,0,1,20304837,5
0,0,1,20304838,5
0,0,1,20304839,5
0,0,1,20304840,5
0,0,1,20304841,5
0,0,1,20304842,5
0,0,1,20304843,5
0,0,1,20304844,5
0,0,1,20304845,5
0,0,1,20304846,5
0,0,1,20304847,5
0,0,1,20304848,5
0,0,1,20304849,5
0,0,1,20304850,5
0,0,1,20304851,5
0,0,1,20304852,5
0,0,1,20304853,5
0,0,1,20304854,5
0,0,1,20304855,5
0,0,1,20304856,5
0,0,1,20304857,5
0,0,1,20304858,5
0,0,1,20304859,5
0,0,1,20304860,5
0,0,1,20304861,5
0,0,1,20304862,5
0,0,1,20304863,5
0,0,1,20304864,5
0,0,1,20304865,5
0,0,1,20304866,5
0,0,1,20304867,5
0,0,1,20304868,5
0,0,1,20304869,5
0,0,1,20304870,5
0,0,1,20304871,5
0,0,1,20304872,5
0,0,1,20304873,5
0,0,1,20304874,5
0,0,1,20304875,5
0,0,1,20304876,5
0,0,1,20304877,5
0,0,1,20304878,5
0,0,1,20304879,5
0,0,1,20304880,5
0,0,1,20304881,5
0,0,1,20304882,5
0,0,1,20304883,5
0,0,1,20304884,5
0,0,1,20304885,5
0,0,1,20304886,5
0,0,1,20304887,5
0,0,1,20304888,5
0,0,1,20304889,5
0,0,1,20304890,5
0,0,1,20304891,5
0,0,1,20304892,5
0,0,1,20304893,5
0,0,1,20304894,5
0,0,1,20304895,5
0,0,1,20304896,5
0,0,1,20304897,5
0,0,1,20304898,5
0,0,1,20304899,5
0,0,1,20304900,5
0,0,1,20304901,5
0,0,1,20304902,5
0,0,1,20304903,5
0,0,1,20304904,5
0,0,1,20304905,5
0,0,1,20304906,5
0,0,1,20304907,5
0,0,1,20304908,5
0,0,1,20304909,5
0,0,1,20304910,5
0,0,1,20304911,5
0,0,1,20304912,5
0,0,1,20304913,5
0,0,1,20304914,5
0,0,1,20304915,5
0,0,1,20304916,5
0,0,1,20304917,5
0,0,1,20304918,5
0,0,1,20304919,5
0,0,1,20304920,5
0,0,1,20304921,5
0,0,1,20304922,5
0,0,1,20304923,5
0,0,1,20304924,5
0,0,1,20304925,5
0,0,1,20304926,5
0,0,1,20304927,5
0,0,1,20304928,5
0,0,1,20304929,5
0,0,1,20304930,5
0,0,1,20304931,5
0,0,1,20304932,5
0,0,1,20304933,5
0,0,1,20304934,5
0,0,1,20304935,5
0,0,1,20304936,5
0,0,1,20304937,5
0,0,1,20304938,5
0,0,1,20304939,5
0,0,1,20304940,5
0,0,1,20304941,5
0,0,1,20304942,5
0,0,1,20304943,5
0,0,1,20304944,5
0,0,1,20304945,5
0,0,1,20304946,5
0,0,1,20304947,5
0,0,1,20304948,5
0,0,1,20304949,5
0,0,1,20304950,5
0,0,1,20304951,5
0,0,1,20304952,5
0,0,1,20304953,5
0,0,1,20304954,5
0,0,1,20304955,5
0,0,1,20304956,5
0,0,1,20304957,5
0,0,1,20304958,5
0,0,1,20304959,5
0,0,1,20304960,5
0,0,1,20304961,5
0,0,1,20304962,5
0,0,1,20304963,5
0,0,1,20304964,5
0,0,1,20304965,5
0,0,1,20304966,5
0,0,1,20304967,5
0,0,1,20304968,5
0,0,1,20304969,5
0,0,1,20304970,5
0,0,1,20304971,5
0,0,1,20304972,5
0,0,1,20304973,5
0,0,1,20304974,5
0,0,1,20304975,5
0,0,1,20304976,5
0,0,1,20304977,5
0,0,1,20304978,5
0,0,1,20304979,5
0,0,1,20304980,5
0,0,1,20304981,5
0,0,1,20304982,5
0,0,1,20304983,5
0,0,1,20304984,5
0,0,1,20304985,5
0,0,1,20304986,5
0,0,1,20304987,5
0,0,1,20304988,5
0,0,1,20304989,5
0,0,1,20304990,5
0,0,1,20304991,5
0,0,1,20304992,5
0,0,1,20304993,5
0,0,1,20304994,5
0,0,1,20304995,5
0,0,1,20304996,5
0,0,1,20304997,5
0,0,1,20304998,5
0,0,1,20304999,5
0,0,1,20305000,5
0,0,1,20305001,5
0,0,1,20305002,5
0,0,1,20305003,5
0,0,1,20305004,5
0,0,1,20305005,5
0,0,1,20305006,5
0,0,1,20305007,5
0,0,1,20305008,5
0,0,1,20305009,5
0,0,1,20305010,5
0,0,1,20305011,5
0,0,1,20305012,5
0,0,1,20305013,5
0,0,1,20305014,5
0,0,1,20305015,5
0,0,1,20305016,5
0,0,1,20305017,5
0,0,1,20305018,5
0,0,1,20305019,5
0,0,1,20305020,5
0,0,1,20305021,5
0,0,1,20305022,5
0,0,1,20305023,5
0,0,1,20305024,5
0,0,1,20305025,5
0,0,1,20305026,5
0,0,1,20305027,5
0,0,1,20305028,5
0,0,1,20305029,5
0,0,1,20305030,5
0,0,1,20305031,5
0,0,1,20305032,5
0,0,1,20305033,5
0,0,1,20305034,5
0,0,1,20305035,5
0,0,1,20305036,5
0,0,1,20305037,5
0,0,1,20305038,5
0,0,1,20305039,5
0,0,1,20305040,5
0,0,1,20305041,5
0,0,1,20305042,5
0,0,1,20305043,5
0,0,1,20305044,5
0,0,1,20305045,5
0,0,1,20305046,5
0,0,1,20305047,5
0,0,1,20305048,5
0,0,1,20305049,5
0,0,1,20305050,5
0,0,1,20305051,5
0,0,1,20305052,5
0,0,1,20305053,5
0,0,1,20305054,5
0,0,1,20305055,5
0,0,1,20305056,5
0,0,1,20305057,5
0,0,1,20305058,5
0,0,1,20305059,5
0,0,1,20305060,5
0,0,1,20305061,5
0,0,1,20305062,5
0,0,1,20305063,5
0,0,1,20305064,5
0,0,1,20305065,5
0,0,1,20305066,5
0,0,1,20305067,5
0,0,1,20305068,5
0,0,1,20305069,5
0,0,1,20305070,5
0,0,1,20305071,5
0,0,1,20305072,5
0,0,1,20305073,5
0,0,1,20305074,5
0,0,1,20305075,5
0,0,1,20305076,5
0,0,1,20305077,5
0,0,1,20305078,5
0,0,1,20305079,5
0,0,1,20305080,5
0,0,1,20305081,5
0,0,1,20305082,5
0,0,1,20305083,5
0,0,1,20305084,5
0,0,1,20305085,5
0,0,1,20305086,5
0,0,1,20305087,5
0,0,1,20305088,5
0,0,1,20305089,5
0,0,1,20305090,5
0,0,1,20305091,5
0,0,1,20305092,5
0,0,1,20305093,5
0,0,1,20305094,5
0,0,1,20305095,5
0,0,1,20305096,5
0,0,1,20305097,5
0,0,1,20305098,5
0,0,1,20305099,5
0,0,1,20305100,5
0,0,1,20305101,5
0,0,1,20305102,5
0,0,1,20305103,5
0,0,1,20305104,5
0,0,1,20305105,5
0,0,1,20305106,5
0,0,1,20305107,5
0,0,1,20305108,5
0,0,1,20305109,5
0,0,1,20305110,5
0,0,1,20305111,5
0,0,1,20305112,5
0,0,1,20305113,5
0,0,1,20305114,5
0,0,1,20305115,5
0,0,1,20305116,5
0,0,1,20305117,5
0,0,1,20305118,5
0,0,1,20305119,5
0,0,1,20305120,5
0,0,1,20305121,5
0,0,1,20305122,5
0,0,1,20305123,5
0,0,1,20305124,5
0,0,1,20305125,5
0,0,1,20305126,5
0,0,1,20305127,5
0,0,1,20305128,5
0,0,1,20305129,5
0,0,1,20305130,5
0,0,1,20305131,5
0,0,1,20305132,5
0,0,1,20305133,5
0,0,1,20305134,5
0,0,1,20305135,5
0,0,1,20305136,5
0,0,1,20305137,5
0,0,1,20305138,5
0,0,1,20305139,5
0,0,1,20305140,5
0,0,1,20305141,5
0,0,1,20305142,5
0,0,1,20305143,5
0,0,1,20305144,5
0,0,1,20305145,5
0,0,1,20305146,5
0,0,1,20305147,5
0,0,1,20305148,5
0,0,1,20305149,5
0,0,1,20305150,5
0,0,1,20305151,5
0,0,1,20305152,5
0,0,1,20305153,5
0,0,1,20305154,5
0,0,1,20305155,5
0,0,1,20305156,5
0,0,1,20305157,5
0,0,1,20305158,5
0,0,1,20305159,5
0,0,1,20305160,5
0,0,1,20305161,5
0,0,1,20305162,5
0,0,1,20305163,5
0,0,1,20305164,5
0,0,1,20305165,5
0,0,1,20305166,5
0,0,1,20305167,5
0,0,1,20305168,5
0,0,1,20305169,5
0,0,1,20305170,5
0,0,1,20305171,5
0,0,1,20305172,5
0,0,1,20305173,5
0,0,1,20305174,5
0,0,1,20305175,5
0,0,1,20305176,5
0,0,1,20305177,5
0,0,1,20305178,5
0,0,1,20305179,5
0,0,1,20305180,5
0,0,1,20305181,5
0,0,1,20305182,5
0,0,1,20305183,5
0,0,1,20305184,5
0,0,1,20305185,5
0,0,1,20305186,5
0,0,1,20305187,5
0,0,1,20305188,5
0,0,1,20305189,5
0,0,1,20305190,5
0,0,1,20305191,5
0,0,1,20305192,5
0,0,1,20305193,5
0,0,1,20305194,5
0,0,1,20305195,5
0,0,1,20305196,5
0,0,1,20305197,5
0,0,1,20305198,5
0,0,1,20305199,5
0,0,1,20305200,5
0,0,1,20305201,5
0,0,1,20305202,5
0,0,1,20305203,5
0,0,1,20305204,5
0,0,1,20305205,5
0,0,1,20305206,5
0,0,1,20305207,5
0,0,1,20305208,5
0,0,1,20305209,5
0,0,1,20305210,5
0,0,1,20305211,5
0,0,1,20305212,5
0,0,1,20305213,5
0,0,1,20305214,5
0,0,1,20305215,5
0,0,1,20305216,5
0,0,1,20305217,5
0,0,1,20305218,5
0,0,1,20305219,5
0,0,1,20305220,5
0,0,1,20305221,5
0,0,1,20305222,5
0,0,1,20305223,5
0,0,1,20305224,5
0,0,1,20305225,5
0,0,1,20305226,5
0,0,1,20305227,5
0,0,1,20305228,5
0,0,1,20305229,5
0,0,1,20305230,5
0,0,1,20305231,5
0,0,1,20305232,5
0,0,1,20305233,5
0,0,1,20305234,5
0,0,1,20305235,5
0,0,1,20305236,5
0,0,1,20305237,5
0,0,1,20305238,5
0,0,1,20305239,5
0,0,1,20305240,5
0,0,1,20305241,5
0,0,1,20305242,5
0,0,1,20305243,5
0,0,1,20305244,5
0,0,1,20305245,5
0,0,1,20305246,5
0,0,1,20305247,5
0,0,1,20305248,5
0,0,1,20305249,5
0,0,1,20305250,5
0,0,1,20305251,5
0,0,1,20305252,5
0,0,1,20305253,5
0,0,1,20305254,5
0,0,1,20305255,5
0,0,1,20305256,5
0,0,1,20305257,5
0,0,1,20305258,5
0,0,1,20305259,5
0,0,1,20305260,5
0,0,1,20305261,5
0,0,1,20305262,5
0,0,1,20305263,5
0,0,1,20305264,5
0,0,1,20305265,5
0,0,1,20305266,5
0,0,1,20305267,5
0,0,1,20305268,5
0,0,1,20305269,5
0,0,1,20305270,5
0,0,1,20305271,5
0,0,1,20305272,5
0,0,1,20305273,5
0,0,1,20305274,5
0,0,1,20305275,5
0,0,1,20305276,5
0,0,1,20305277,5
0,0,1,20305278,5
0,0,1,20305279,5
0,0,1,20305280,5
0,0,1,20305281,5
0,0,1,20305282,5
0,0,1,20305283,5
0,0,1,20305284,5
0,0,1,20305285,5
0,0,1,20305286,5
0,0,1,20305287,5
0,0,1,20305288,5
0,0,1,20305289,5
0,0,1,20305290,5
0,0,1,20305291,5
0,0,1,20305292,5
0,0,1,20305293,5
0,0,1,20305294,5
0,0,1,20305295,5
0,0,1,20305296,5
0,0,1,20305297,5
0,0,1,20305298,5
0,0,1,20305299,5
0,0,1,20305300,5
0,0,1,20305301,5
0,0,1,20305302,5
0,0,1,20305303,5
0,0,1,20305304,5
0,0,1,20305305,5
0,0,1,20305306,5
0,0,1,20305307,5
0,0,1,20305308,5
0,0,1,20305309,5
0,0,1,20305310,5
0,0,1,20305311,5
0,0,1,20305312,5
0,0,1,20305313,5
0,0,1,20305314,5
0,0,1,20305315,5
0,0,1,20305316,5
0,0,1,20305317,5
0,0,1,20305318,5
0,0,1,20305319,5
0,0,1,20305320,5
0,0,1,20305321,5
0,0,1,20305322,5
0,0,1,20305323,5
0,0,1,20305324,5
0,0,1,20305325,5
0,0,1,20305326,5
0,0,1,20305327,5
0,0,1,20305328,5
0,0,1,20305329,5
0,0,1,20305330,5
0,0,1,20305331,5
0,0,1,20305332,5
0,0,1,20305333,5
0,0,1,20305334,5
0,0,1,20305335,5
0,0,1,20305336,5
0,0,1,20305337,5
0,0,1,20305338,5
0,0,1,20305339,5
0,0,1,20305340,5
0,0,1,20305341,5
0,0,1,20305342,5
0,0,1,20305343,5
0,0,1,20305344,5
0,0,1,20305345,5
0,0,1,20305346,5
0,0,1,20305347,5
0,0,1,20305348,5
0,0,1,20305349,5
0,0,1,20305350,5
0,0,1,20305351,5
0,0,1,20305352,5
0,0,1,20305353,5
0,0,1,20305354,5
0,0,1,20305355,5
0,0,1,20305356,5
0,0,1,20305357,5
0,0,1,20305358,5
0,0,1,20305359,5
0,0,1,20305360,5
0,0,1,20305361,5
0,0,1,20305362,5
0,0,1,20305363,5
0,0,1,20305364,5
0,0,1,20305365,5
0,0,1,20305366,5
0,0,1,20305367,5
0,0,1,20305368,5
0,0,1,20305369,5
0,0,1,20305370,5
0,0,1,20305371,5
0,0,1,20305372,5
0,0,1,20305373,5
0,0,1,20305374,5
0,0,1,20305375,5
0,0,1,20305376,5
0,0,1,20305377,5
0,0,1,20305378,5
0,0,1,20305379,5
0,0,1,20305380,5
0,0,1,20305381,5
0,0,1,20305382,5
0,0,1,20305383,5
0,0,1,20305384,5
0,0,1,20305385,5
0,0,1,20305386,5
0,0,1,20305387,5
0,0,1,20305388,5
0,0,1,20305389,5
0,0,1,20305390,5
0,0,1,20305391,5
0,0,1,20305392,5
0,0,1,20305393,5
0,0,1,20305394,5
0,0,1,20305395,5
0,0,1,20305396,5
0,0,1,20305397,5
0,0,1,20305398,5
0,0,1,20305399,5
0,0,1,20305400,5
0,0,1,20305401,5
0,0,1,20305402,5
0,0,1,20305403,5
0,0,1,20305404,5
0,0,1,20305405,5
0,0,1,20305406,5
0,0,1,20305407,5
0,0,1,20305408,5
0,0,1,20305409,5
0,0,1,20305410,5
0,0,1,20305411,5
0,0,1,20305412,5
0,0,1,20305413,5
0,0,1,20305414,5
0,0,1,20305415,5
0,0,1,20305416,5
0,0,1,20305417,5
0,0,1,20305418,5
0,0,1,20305419,5
0,0,1,20305420,5
0,0,1,20305421,5
0,0,1,20305422,5
0,0,1,20305423,5
0,0,1,20305424,5
0,0,1,20305425,5
0,0,1,20305426,5
0,0,1,20305427,5
0,0,1,20305428,5
0,0,1,20305429,5
0,0,1,20305430,5
0,0,1,20305431,5
0,0,1,20305432,5
0,0,1,20305433,5
0,0,1,20305434,5
0,0,1,20305435,5
0,0,1,20305436,5
0,0,1,20305437,5
0,0,1,20305438,5
0,0,1,20305439,5
0,0,1,20305440,5
0,0,1,20305441,5
0,0,1,20305442,5
0,0,1,20305443,5
0,0,1,20305444,5
0,0,1,20305445,5
0,0,1,20305446,5
0,0,1,20305447,5
0,0,1,20305448,5
0,0,1,20305449,5
0,0,1,20305450,5
0,0,1,20305451,5
0,0,1,20305452,5
0,0,1,20305453,5
0,0,1,20305454,5
0,0,1,20305455,5
0,0,1,20305456,5
0,0,1,20305457,5
0,0,1,20305458,5
0,0,1,20305459,5
0,0,1,20305460,5
0,0,1,20305461,5
0,0,1,20305462,5
0,0,1,20305463,5
0,0,1,20305464,5
0,0,1,20305465,5
0,0,1,20305466,5
0,0,1,20305467,5
0,0,1,20305468,5
0,0,1,20305469,5
0,0,1,20305470,5
0,0,1,20305471,5
0,0,1,20305472,5
0,0,1,20305473,5
0,0,1,20305474,5
0,0,1,20305475,5
0,0,1,20305476,5
0,0,1,20305477,5
0,0,1,20305478,5
0,0,1,20305479,5
0,0,1,20305480,5
0,0,1,20305481,5
0,0,1,20305482,5
0,0,1,20305483,5
0,0,1,20305484,5
0,0,1,20305485,5
0,0,1,20305486,5
0,0,1,20305487,5
0,0,1,20305488,5
0,0,1,20305489,5
0,0,1,20305490,5
0,0,1,20305491,5
0,0,1,20305492,5
0,0,1,20305493,5
0,0,1,20305494,5
0,0,1,20305495,5
0,0,1,20305496,5
0,0,1,20305497,5
0,0,1,20305498,5
0,0,1,20305499,5
0,0,1,20305500,5
0,0,1,20305501,5
0,0,1,20305502,5
0,0,1,20305503,5
0,0,1,20305504,5
0,0,1,20305505,5
0,0,1,20305506,5
0,0,1,20305507,5
0,0,1,20305508,5
0,0,1,20305509,5
0,0,1,20305510,5
0,0,1,20305511,5
0,0,1,20305512,5
0,0,1,20305513,5
0,0,1,20305514,5
0,0,1,20305515,5
0,0,1,20305516,5
0,0,1,20305517,5
0,0,1,20305518,5
0,0,1,20305519,5
0,0,1,20305520,5
0,0,1,20305521,5
0,0,1,20305522,5
0,0,1,20305523,5
0,0,1,20305524,5
0,0,1,20305525,5
0,0,1,20305526,5
0,0,1,20305527,5
0,0,1,20305528,5
0,0,1,20305529,5
0,0,1,20305530,5
0,0,1,20305531,5
0,0,1,20305532,5
0,0,1,20305533,5
0,0,1,20305534,5
0,0,1,20305535,5
0,0,1,20305536,5
0,0,1,20305537,5
0,0,1,20305538,5
0,0,1,20305539,5
0,0,1,20305540,5
0,0,1,20305541,5
0,0,1,20305542,5
0,0,1,20305543,5
0,0,1,20305544,5
0,0,1,20305545,5
0,0,1,20305546,5
0,0,1,20305547,5
0,0,1,20305548,5
0,0,1,20305549,5
0,0,1,20305550,5
0,0,1,20305551,5
0,0,1,20305552,5
0,0,1,20305553,5
0,0,1,20305554,5
0,0,1,20305555,5
0,0,1,20305556,5
0,0,1,20305557,5
0,0,1,20305558,5
0,0,1,20305559,5
0,0,1,20305560,5
0,0,1,20305561,5
0,0,1,20305562,5
0,0,1,20305563,5
0,0,1,20305564,5
0,0,1,20305565,5
0,0,1,20305566,5
0,0,1,20305567,5
0,0,1,20305568,5
0,0,1,20305569,5
0,0,1,20305570,5
0,0,1,20305571,5
0,0,1,20305572,5
0,0,1,20305573,5
0,0,1,20305574,5
0,0,1,20305575,5
0,0,1,20305576,5
0,0,1,20305577,5
0,0,1,20305578,5
0,0,1,20305579,5
0,0,1,20305580,5
0,0,1,20305581,5
0,0,1,20305582,5
0,0,1,20305583,5
0,0,1,20305584,5
0,0,1,20305585,5
0,0,1,20305586,5
0,0,1,20305587,5
0,0,1,20305588,5
0,0,1,20305589,5
0,0,1,20305590,5
0,0,1,20305591,5
0,0,1,20305592,5
0,0,1,20305593,5
0,0,1,20305594,5
0,0,1,20305595,5
0,0,1,20305596,5
0,0,1,20305597,5
0,0,1,20305598,5
0,0,1,20305599,5
0,0,1,20305600,5
0,0,1,20305601,5
0,0,1,20305602,5
0,0,1,20305603,5
0,0,1,20305604,5
0,0,1,20305605,5
0,0,1,20305606,5
0,0,1,20305607,5
0,0,1,20305608,5
0,0,1,20305609,5
0,0,1,20305610,5
0,0,1,20305611,5
0,0,1,20305612,5
0,0,1,20305613,5
0,0,1,20305614,5
0,0,1,20305615,5
0,0,1,20305616,5
0,0,1,20305617,5
0,0,1,20305618,5
0,0,1,20305619,5
0,0,1,20305620,5
0,0,1,20305621,5
0,0,1,20305622,5
0,0,1,20305623,5
0,0,1,20305624,5
0,0,1,20305625,5
0,0,1,20305626,5
0,0,1,20305627,5
0,0,1,20305628,5
0,0,1,20305629,5
0,0,1,20305630,5
0,0,1,20305631,5
0,0,1,20305632,5
0,0,1,20305633,5
0,0,1,20305634,5
0,0,1,20305635,5
0,0,1,20305636,5
0,0,1,20305637,5
0,0,1,20305638,5
0,0,1,20305639,5
0,0,1,20305640,5
0,0,1,20305641,5
0,0,1,20305642,5
0,0,1,20305643,5
0,0,1,20305644,5
0,0,1,20305645,5
0,0,1,20305646,5
0,0,1,20305647,5
0,0,1,20305648,5
0,0,1,20305649,5
0,0,1,20305650,5
0,0,1,20305651,5
0,0,1,20305652,5
0,0,1,20305653,5
0,0,1,20305654,5
0,0,1,20305655,5
0,0,1,20305656,5
0,0,1,20305657,5
0,0,1,20305658,5
0,0,1,20305659,5
0,0,1,20305660,5
0,0,1,20305661,5
0,0,1,20305662,5
0,0,1,20305663,5
0,0,1,20305664,5
0,0,1,20305665,5
0,0,1,20305666,5
0,0,1,20305667,5
0,0,1,20305668,5
0,0,1,20305669,5
0,0,1,20305670,5
0,0,1,20305671,5
0,0,1,20305672,5
0,0,1,20305673,5
0,0,1,20305674,5
0,0,1,20305675,5
0,0,1,20305676,5
0,0,1,20305677,5
0,0,1,20305678,5
0,0,1,20305679,5
0,0,1,20305680,5
0,0,1,20305681,5
0,0,1,20305682,5
0,0,1,20305683,5
0,0,1,20305684,5
0,0,1,20305685,5
0,0,1,20305686,5
0,0,1,20305687,5
0,0,1,20305688,5
0,0,1,20305689,5
0,0,1,20305690,5
0,0,1,20305691,5
0,0,1,20305692,5
0,0,1,20305693,5
0,0,1,20305694,5
0,0,1,20305695,5
0,0,1,20305696,5
0,0,1,20305697,5
0,0,1,20305698,5
0,0,1,20305699,5
0,0,1,20305700,5
0,0,1,20305701,5
0,0,1,20305702,5
0,0,1,20305703,5
0,0,1,20305704,5
0,0,1,20305705,5
0,0,1,20305706,5
0,0,1,20305707,5
0,0,1,20305708,5
0,0,1,20305709,5
0,0,1,20305710,5
0,0,1,20305711,5
0,0,1,20305712,5
0,0,1,20305713,5
0,0,1,20305714,5
0,0,1,20305715,5
0,0,1,20305716,5
0,0,1,20305717,5
0,0,1,20305718,5
0,0,1,20305719,5
0,0,1,20305720,5
0,0,1,20305721,5
0,0,1,20305722,5
0,0,1,20305723,5
0,0,1,20305724,5
0,0,1,20305725,5
0,0,1,20305726,5
0,0,1,20305727,5
0,0,1,20305728,5
0,0,1,20305729,5
0,0,1,20305730,5
0,0,1,20305731,5
0,0,1,20305732,5
0,0,1,20305733,5
0,0,1,20305734,5
0,0,1,20305735,5
0,0,1,20305736,5
0,0,1,20305737,5
0,0,1,20305738,5
0,0,1,20305739,5
0,0,1,20305740,5
0,0,1,20305741,5
0,0,1,20305742,5
0,0,1,20305743,5
0,0,1,20305744,5
0,0,1,20305745,5
0,0,1,20305746,5
0,0,1,20305747,5
0,0,1,20305748,5
0,0,1,20305749,5
0,0,1,20305750,5
0,0,1,20305751,5
0,0,1,20305752,5
0,0,1,20305753,5
0,0,1,20305754,5
0,0,1,20305755,5
0,0,1,20305756,5
0,0,1,20305757,5
0,0,1,20305758,5
0,0,1,20305759,5
0,0,1,20305760,5
0,0,1,20305761,5
0,0,1,20305762,5
0,0,1,20305763,5
0,0,1,20305764,5
0,0,1,20305765,5
0,0,1,20305766,5
0,0,1,20305767,5
0,0,1,20305768,5
0,0,1,20305769,5
0,0,1,20305770,5
0,0,1,20305771,5
0,0,1,20305772,5
0,0,1,20305773,5
0,0,1,20305774,5
0,0,1,20305775,5
0,0,1,20305776,5
0,0,1,20305777,5
0,0,1,20305778,5
0,0,1,20305779,5
0,0,1,20305780,5
0,0,1,20305781,5
0,0,1,20305782,5
0,0,1,20305783,5
0,0,1,20305784,5
0,0,1,20305785,5
0,0,1,20305786,5
0,0,1,20305787,5
0,0,1,20305788,5
0,0,1,20305789,5
0,0,1,20305790,5
0,0,1,20305791,5
0,0,1,20305792,5
0,0,1,20305793,5
0,0,1,20305794,5
0,0,1,20305795,5
0,0,1,20305796,5
0,0,1,20305797,5
0,0,1,20305798,5
0,0,1,20305799,5
0,0,1,20305800,5
0,0,1,20305801,5
0,0,1,20305802,5
0,0,1,20305803,5
0,0,1,20305804,5
0,0,1,20305805,5
0,0,1,20305806,5
0,0,1,20305807,5
0,0,1,20305808,5
0,0,1,20305809,5
0,0,1,20305810,5
0,0,1,20305811,5
0,0,1,20305812,5
0,0,1,20305813,5
0,0,1,20305814,5
0,0,1,20305815,5
0,0,1,20305816,5
0,0,1,20305817,5
0,0,1,20305818,5
0,0,1,20305819,5
0,0,1,20305820,5
0,0,1,20305821,5
0,0,1,20305822,5
0,0,1,20305823,5
0,0,1,20305824,5
0,0,1,20305825,5
0,0,1,20305826,5
0,0,1,20305827,5
0,0,1,20305828,5
0,0,1,20305829,5
0,0,1,20305830,5
0,0,1,20305831,5
0,0,1,20305832,5
0,0,1,20305833,5
0,0,1,20305834,5
0,0,1,20305835,5
0,0,1,20305836,5
0,0,1,20305837,5
0,0,1,20305838,5
0,0,1,20305839,5
0,0,1,20305840,5
0,0,1,20305841,5
0,0,1,20305842,5
0,0,1,20305843,5
0,0,1,20305844,5
0,0,1,20305845,5
0,0,1,20305846,5
0,0,1,20305847,5
0,0,1,20305848,5
0,0,1,20305849,5
0,0,1,20305850,5
0,0,1,20305851,5
0,0,1,20305852,5
0,0,1,20305853,5
0,0,1,20305854,5
0,0,1,20305855,5
0,0,1,20305856,5
0,0,1,20305857,5
0,0,1,20305858,5
0,0,1,20305859,5
0,0,1,20305860,5
0,0,1,20305861,5
0,0,1,20305862,5
0,0,1,20305863,5
0,0,1,20305864,5
0,0,1,20305865,5
0,0,1,20305866,5
0,0,1,20305867,5
0,0,1,20305868,5
0,0,1,20305869,5
0,0,1,20305870,5
0,0,1,20305871,5
0,0,1,20305872,5
0,0,1,20305873,5
0,0,1,20305874,5
0,0,1,20305875,5
0,0,1,20305876,5
0,0,1,20305877,5
0,0,1,20305878,5
0,0,1,20305879,5
0,0,1,20305880,5
0,0,1,20305881,5
0,0,1,20305882,5
0,0,1,20305883,5
0,0,1,20305884,5
0,0,1,20305885,5
0,0,1,20305886,5
0,0,1,20305887,5
0,0,1,20305888,5
0,0,1,20305889,5
0,0,1,20305890,5
0,0,1,20305891,5
0,0,1,20305892,5
0,0,1,20305893,5
0,0,1,20305894,5
0,0,1,20305895,5
0,0,1,20305896,5
0,0,1,20305897,5
0,0,1,20305898,5
0,0,1,20305899,5
0,0,1,20305900,5
0,0,1,20305901,5
0,0,1,20305902,5
0,0,1,20305903,5
0,0,1,20305904,5
0,0,1,20305905,5
0,0,1,20305906,5
0,0,1,20305907,5
0,0,1,20305908,5
0,0,1,20305909,5
0,0,1,20305910,5
0,0,1,20305911,5
0,0,1,20305912,5
0,0,1,20305913,5
0,0,1,20305914,5
0,0,1,20305915,5
0,0,1,20305916,5
0,0,1,20305917,5
0,0,1,20305918,5
0,0,1,20305919,5
0,0,1,20305920,5
0,0,1,20305921,5
0,0,1,20305922,5
0,0,1,20305923,5
0,0,1,20305924,5
0,0,1,20305925,5
0,0,1,20305926,5
0,0,1,20305927,5
0,0,1,20305928,5
0,0,1,20305929,5
0,0,1,20305930,5
0,0,1,20305931,5
0,0,1,20305932,5
0,0,1,20305933,5
0,0,1,20305934,5
0,0,1,20305935,5
0,0,1,20305936,5
0,0,1,20305937,5
0,0,1,20305938,5
0,0,1,20305939,5
0,0,1,20305940,5
0,0,1,20305941,5
0,0,1,20305942,5
0,0,1,20305943,5
0,0,1,20305944,5
0,0,1,20305945,5
0,0,1,20305946,5
0,0,1,20305947,5
0,0,1,20305948,5
0,0,1,20305949,5
0,0,1,20305950,5
0,0,1,20305951,5
0,0,1,20305952,5
0,0,1,20305953,5
0,0,1,20305954,5
0,0,1,20305955,5
0,0,1,20305956,5
0,0,1,20305957,5
0,0,1,20305958,5
0,0,1,20305959,5
0,0,1,20305960,5
0,0,1,20305961,5
0,0,1,20305962,5
0,0,1,20305963,5
0,0,1,20305964,5
0,0,1,20305965,5
0,0,1,20305966,5
0,0,1,20305967,5
0,0,1,20305968,5
0,0,1,20305969,5
0,0,1,20305970,5
0,0,1,20305971,5
0,0,1,20305972,5
0,0,1,20305973,5
0,0,1,20305974,5
0,0,1,20305975,5
0,0,1,20305976,5
0,0,1,20305977,5
0,0,1,20305978,5
0,0,1,20305979,5
0,0,1,20305980,5
0,0,1,20305981,5
0,0,1,20305982,5
0,0,1,20305983,5
0,0,1,20305984,5
0,0,1,20305985,5
0,0,1,20305986,5
0,0,1,20305987,5
0,0,1,20305988,5
0,0,1,20305989,5
0,0,1,20305990,5
0,0,1,20305991,5
0,0,1,20305992,5
0,0,1,20305993,5
0,0,1,20305994,5
0,0,1,20305995,5
0,0,1,20305996,5
0,0,1,20305997,5
0,0,1,20305998,5
0,0,1,20305999,5
0,0,1,20306000,5
0,0,1,20306001,5
0,0,1,20306002,5
0,0,1,20306003,5
0,0,1,20306004,5
0,0,1,20306005,5
0,0,1,20306006,5
0,0,1,20306007,5
0,0,1,20306008,5
0,0,1,20306009,5
0,0,1,20306010,5
0,0,1,20306011,5
0,0,1,20306012,5
0,0,1,20306013,5
0,0,1,20306014,5
0,0,1,20306015,5
0,0,1,20306016,5
0,0,1,20306017,5
0,0,1,20306018,5
0,0,1,20306019,5
0,0,1,20306020,5
0,0,1,20306021,5
0,0,1,20306022,5
0,0,1,20306023,5
0,0,1,20306024,5
0,0,1,20306025,5
0,0,1,20306026,5
0,0,1,20306027,5
0,0,1,20306028,5
0,0,1,20306029,5
0,0,1,20306030,5
0,0,1,20306031,5
0,0,1,20306032,5
0,0,1,20306033,5
0,0,1,20306034,5
0,0,1,20306035,5
0,0,1,20306036,5
0,0,1,20306037,5
0,0,1,20306038,5
0,0,1,20306039,5
0,0,1,20306040,5
0,0,1,20306041,5
0,0,1,20306042,5
0,0,1,20306043,5
0,0,1,20306044,5
0,0,1,20306045,5
0,0,1,20306046,5
0,0,1,20306047,5
0,0,1,20306048,5
0,0,1,20306049,5
0,0,1,20306050,5
0,0,1,20306051,5
0,0,1,20306052,5
0,0,1,20306053,5
0,0,1,20306054,5
0,0,1,20306055,5
0,0,1,20306056,5
0,0,1,20306057,5
0,0,1,20306058,5
0,0,1,20306059,5
0,0,1,20306060,5
0,0,1,20306061,5
0,0,1,20306062,5
0,0,1,20306063,5
0,0,1,20306064,5
0,0,1,20306065,5
0,0,1,20306066,5
0,0,1,20306067,5
0,0,1,20306068,5
0,0,1,20306069,5
0,0,1,20306070,5
0,0,1,20306071,5
0,0,1,20306072,5
0,0,1,20306073,5
0,0,1,20306074,5
0,0,1,20306075,5
0,0,1,20306076,5
0,0,1,20306077,5
0,0,1,20306078,5
0,0,1,20306079,5
0,0,1,20306080,5
0,0,1,20306081,5
0,0,1,20306082,5
0,0,1,20306083,5
0,0,1,20306084,5
0,0,1,20306085,5
0,0,1,20306086,5
0,0,1,20306087,5
0,0,1,20306088,5
0,0,1,20306089,5
0,0,1,20306090,5
0,0,1,20306091,5
0,0,1,20306092,5
0,0,1,20306093,5
0,0,1,20306094,5
0,0,1,20306095,5
0,0,1,20306096,5
0,0,1,20306097,5
0,0,1,20306098,5
0,0,1,20306099,5
0,0,1,20306100,5
0,0,1,20306101,5
0,0,1,20306102,5
0,0,1,20306103,5
0,0,1,20306104,5
0,0,1,20306105,5
0,0,1,20306106,5
0,0,1,20306107,5
0,0,1,20306108,5
0,0,1,20306109,5
0,0,1,20306110,5
0,0,1,20306111,5
0,0,1,20306112,5
0,0,1,20306113,5
0,0,1,20306114,5
0,0,1,20306115,5
0,0,1,20306116,5
0,0,1,20306117,5
0,0,1,20306118,5
0,0,1,20306119,5
0,0,1,20306120,5
0,0,1,20306121,5
0,0,1,20306122,5
0,0,1,20306123,5
0,0,1,20306124,5
0,0,1,20306125,5
0,0,1,20306126,5
0,0,1,20306127,5
0,0,1,20306128,5
0,0,1,20306129,5
0,0,1,20306130,5
0,0,1,20306131,5
0,0,1,20306132,5
0,0,1,20306133,5
0,0,1,20306134,5
0,0,1,20306135,5
0,0,1,20306136,5
0,0,1,20306137,5
0,0,1,20306138,5
0,0,1,20306139,5
0,0,1,20306140,5
0,0,1,20306141,5
0,0,1,20306142,5
0,0,1,20306143,5
0,0,1,20306144,5
0,0,1,20306145,5
0,0,1,20306146,5
0,0,1,20306147,5
0,0,1,20306148,5
0,0,1,20306149,5
0,0,1,20306150,5
0,0,1,20306151,5
0,0,1,20306152,5
0,0,1,20306153,5
0,0,1,20306154,5
0,0,1,20306155,5
0,0,1,20306156,5
0,0,1,20306157,5
0,0,1,20306158,5
0,0,1,20306159,5
0,0,1,20306160,5
0,0,1,20306161,5
0,0,1,20306162,5
0,0,1,20306163,5
0,0,1,20306164,5
0,0,1,20306165,5
0,0,1,20306166,5
0,0,1,20306167,5
0,0,1,20306168,5
0,0,1,20306169,5
0,0,1,20306170,5
0,0,1,20306171,5
0,0,1,20306172,5
0,0,1,20306173,5
0,0,1,20306174,5
0,0,1,20306175,5
0,0,1,20306176,5
0,0,1,20306177,5
0,0,1,20306178,5
0,0,1,20306179,5
0,0,1,20306180,5
0,0,1,20306181,5
0,0,1,20306182,5
0,0,1,20306183,5
0,0,1,20306184,5
0,0,1,20306185,5
0,0,1,20306186,5
0,0,1,20306187,5
0,0,1,20306188,5
0,0,1,20306189,5
0,0,1,20306190,5
0,0,1,20306191,5
0,0,1,20306192,5
0,0,1,20306193,5
0,0,1,20306194,5
0,0,1,20306195,5
0,0,1,20306196,5
0,0,1,20306197,5
0,0,1,20306198,5
0,0,1,20306199,5
0,0,1,20306200,5
0,0,1,20306201,5
0,0,1,20306202,5
0,0,1,20306203,5
0,0,1,20306204,5
0,0,1,20306205,5
0,0,1,20306206,5
0,0,1,20306207,5
0,0,1,20306208,5
0,0,1,20306209,5
0,0,1,20306210,5
0,0,1,20306211,5
0,0,1,20306212,5
0,0,1,20306213,5
0,0,1,20306214,5
0,0,1,20306215,5
0,0,1,20306216,5
0,0,1,20306217,5
0,0,1,20306218,5
0,0,1,20306219,5
0,0,1,20306220,5
0,0,1,20306221,5
0,0,1,20306222,5
0,0,1,20306223,5
0,0,1,20306224,5
0,0,1,20306225,5
0,0,1,20306226,5
0,0,1,20306227,5
0,0,1,20306228,5
0,0,1,20306229,5
0,0,1,20306230,5
0,0,1,20306231,5
0,0,1,20306232,5
0,0,1,20306233,5
0,0,1,20306234,5
0,0,1,20306235,5
0,0,1,20306236,5
0,0,1,20306237,5
0,0,1,20306238,5
0,0,1,20306239,5
0,0,1,20306240,5
0,0,1,20306241,5
0,0,1,20306242,5
0,0,1,20306243,5
0,0,1,20306244,5
0,0,1,20306245,5
0,0,1,20306246,5
0,0,1,20306247,5
0,0,1,20306248,5
0,0,1,20306249,5
0,0,1,20306250,5
0,0,1,20306251,5
0,0,1,20306252,5
0,0,1,20306253,5
0,0,1,20306254,5
0,0,1,20306255,5
0,0,1,20306256,5
0,0,1,20306257,5
0,0,1,20306258,5
0,0,1,20306259,5
0,0,1,20306260,5
0,0,1,20306261,5
0,0,1,20306262,5
0,0,1,20306263,5
0,0,1,20306264,5
0,0,1,20306265,5
0,0,1,20306266,5
0,0,1,20306267,5
0,0,1,20306268,5
0,0,1,20306269,5
0,0,1,20306270,5
0,0,1,20306271,5
0,0,1,20306272,5
0,0,1,20306273,5
0,0,1,20306274,5
0,0,1,20306275,5
0,0,1,20306276,5
0,0,1,20306277,5
0,0,1,20306278,5
0,0,1,20306279,5
0,0,1,20306280,5
0,0,1,20306281,5
0,0,1,20306282,5
0,0,1,20306283,5
0,0,1,20306284,5
0,0,1,20306285,5
0,0,1,20306286,5
0,0,1,20306287,5
0,0,1,20306288,5
0,0,1,20306289,5
0,0,1,20306290,5
0,0,1,20306291,5
0,0,1,20306292,5
0,0,1,20306293,5
0,0,1,20306294,5
0,0,1,20306295,5
0,0,1,20306296,5
0,0,1,20306297,5
0,0,1,20306298,5
0,0,1,20306299,5
0,0,1,20306300,5
0,0,1,20306301,5
0,0,1,20306302,5
0,0,1,20306303,5
0,0,1,20306304,5
0,0,1,20306305,5
0,0,1,20306306,5
0,0,1,20306307,5
0,0,1,20306308,5
0,0,1,20306309,5
0,0,1,20306310,5
0,0,1,20306311,5
0,0,1,20306312,5
0,0,1,20306313,5
0,0,1,20306314,5
0,0,1,20306315,5
0,0,1,20306316,5
0,0,1,20306317,5
0,0,1,20306318,5
0,0,1,20306319,5
0,0,1,20306320,5
0,0,1,20306321,5
0,0,1,20306322,5
0,0,1,20306323,5
0,0,1,20306324,5
0,0,1,20306325,5
0,0,1,20306326,5
0,0,1,20306327,5
0,0,1,20306328,5
0,0,1,20306329,5
0,0,1,20306330,5
0,0,1,20306331,5
0,0,1,20306332,5
0,0,1,20306333,5
0,0,1,20306334,5
0,0,1,20306335,5
0,0,1,20306336,5
0,0,1,20306337,5
0,0,1,20306338,5
0,0,1,20306339,5
0,0,1,20306340,5
0,0,1,20306341,5
0,0,1,20306342,5
0,0,1,20306343,5
0,0,1,20306344,5
0,0,1,20306345,5
0,0,1,20306346,5
0,0,1,20306347,5
0,0,1,20306348,5
0,0,1,20306349,5
0,0,1,20306350,5
0,0,1,20306351,5
0,0,1,20306352,5
0,0,1,20306353,5
0,0,1,20306354,5
0,0,1,20306355,5
0,0,1,20306356,5
0,0,1,20306357,5
0,0,1,20306358,5
0,0,1,20306359,5
0,0,1,20306360,5
0,0,1,20306361,5
0,0,1,20306362,5
0,0,1,20306363,5
0,0,1,20306364,5
0,0,1,20306365,5
0,0,1,20306366,5
0,0,1,20306367,5
0,0,1,20306368,5
0,0,1,20306369,5
0,0,1,20306370,5
0,0,1,20306371,5
0,0,1,20306372,5
0,0,1,20306373,5
0,0,1,20306374,5
0,0,1,20306375,5
0,0,1,20306376,5
0,0,1,20306377,5
0,0,1,20306378,5
0,0,1,20306379,5
0,0,1,20306380,5
0,0,1,20306381,5
0,0,1,20306382,5
0,0,1,20306383,5
0,0,1,20306384,5
0,0,1,20306385,5
0,0,1,20306386,5
0,0,1,20306387,5
0,0,1,20306388,5
0,0,1,20306389,5
0,0,1,20306390,5
0,0,1,20306391,5
0,0,1,20306392,5
0,0,1,20306393,5
0,0,1,20306394,5
0,0,1,20306395,5
0,0,1,20306396,5
0,0,1,20306397,5
0,0,1,20306398,5
0,0,1,20306399,5
0,0,1,20306400,5
0,0,1,20306401,5
0,0,1,20306402,5
0,0,1,20306403,5
0,0,1,20306404,5
0,0,1,20306405,5
0,0,1,20306406,5
0,0,1,20306407,5
0,0,1,20306408,5
0,0,1,20306409,5
0,0,1,20306410,5
0,0,1,20306411,5
0,0,1,20306412,5
0,0,1,20306413,5
0,0,1,20306414,5
0,0,1,20306415,5
0,0,1,20306416,5
0,0,1,20306417,5
0,0,1,20306418,5
0,0,1,20306419,5
0,0,1,20306420,5
0,0,1,20306421,5
0,0,1,20306422,5
0,0,1,20306423,5
0,0,1,20306424,5
0,0,1,20306425,5
0,0,1,20306426,5
0,0,1,20306427,5
0,0,1,20306428,5
0,0,1,20306429,5
0,0,1,20306430,5
0,0,1,20306431,5
0,0,1,20306432,5
0,0,1,20306433,5
0,0,1,20306434,5
0,0,1,20306435,5
0,0,1,20306436,5
0,0,1,20306437,5
0,0,1,20306438,5
0,0,1,20306439,5
0,0,1,20306440,5
0,0,1,20306441,5
0,0,1,20306442,5
0,0,1,20306443,5
0,0,1,20306444,5
0,0,1,20306445,5
0,0,1,20306446,5
0,0,1,20306447,5
0,0,1,20306448,5
0,0,1,20306449,5
0,0,1,20306450,5
0,0,1,20306451,5
0,0,1,20306452,5
0,0,1,20306453,5
0,0,1,20306454,5
0,0,1,20306455,5
0,0,1,20306456,5
0,0,1,20306457,5
0,0,1,20306458,5
0,0,1,20306459,5
0,0,1,20306460,5
0,0,1,20306461,5
0,0,1,20306462,5
0,0,1,20306463,5
0,0,1,20306464,5
0,0,1,20306465,5
0,0,1,20306466,5
0,0,1,20306467,5
0,0,1,20306468,5
0,0,1,20306469,5
0,0,1,20306470,5
0,0,1,20306471,5
0,0,1,20306472,5
0,0,1,20306473,5
0,0,1,20306474,5
0,0,1,20306475,5
0,0,1,20306476,5
0,0,1,20306477,5
0,0,1,20306478,5
0,0,1,20306479,5
0,0,1,20306480,5
0,0,1,20306481,5
0,0,1,20306482,5
0,0,1,20306483,5
0,0,1,20306484,5
0,0,1,20306485,5
0,0,1,20306486,5
0,0,1,20306487,5
0,0,1,20306488,5
0,0,1,20306489,5
0,0,1,20306490,5
0,0,1,20306491,5
0,0,1,20306492,5
0,0,1,20306493,5
0,0,1,20306494,5
0,0,1,20306495,5
0,0,1,20306496,5
0,0,1,20306497,5
0,0,1,20306498,5
0,0,1,20306499,5
0,0,1,20306500,5
0,0,1,20306501,5
0,0,1,20306502,5
0,0,1,20306503,5
0,0,1,20306504,5
0,0,1,20306505,5
0,0,1,20306506,5
0,0,1,20306507,5
0,0,1,20306508,5
0,0,1,20306509,5
0,0,1,20306510,5
0,0,1,20306511,5
0,0,1,20306512,5
0,0,1,20306513,5
0,0,1,20306514,5
0,0,1,20306515,5
0,0,1,20306516,5
0,0,1,20306517,5
0,0,1,20306518,5
0,0,1,20306519,5
0,0,1,20306520,5
0,0,1,20306521,5
0,0,1,20306522,5
0,0,1,20306523,5
0,0,1,20306524,5
0,0,1,20306525,5
0,0,1,20306526,5
0,0,1,20306527,5
0,0,1,20306528,5
0,0,1,20306529,5
0,0,1,20306530,5
0,0,1,20306531,5
0,0,1,20306532,5
0,0,1,20306533,5
0,0,1,20306534,5
0,0,1,20306535,5
0,0,1,20306536,5
0,0,1,20306537,5
0,0,1,20306538,5
0,0,1,20306539,5
0,0,1,20306540,5
0,0,1,20306541,5
0,0,1,20306542,5
0,0,1,20306543,5
0,0,1,20306544,5
0,0,1,20306545,5
0,0,1,20306546,5
0,0,1,20306547,5
0,0,1,20306548,5
0,0,1,20306549,5
0,0,1,20306550,5
0,0,1,20306551,5
0,0,1,20306552,5
0,0,1,20306553,5
0,0,1,20306554,5
0,0,1,20306555,5
0,0,1,20306556,5
0,0,1,20306557,5
0,0,1,20306558,5
0,0,1,20306559,5
0,0,1,20306560,5
0,0,1,20306561,5
0,0,1,20306562,5
0,0,1,20306563,5
0,0,1,20306564,5
0,0,1,20306565,5
0,0,1,20306566,5
0,0,1,20306567,5
0,0,1,20306568,5
0,0,1,20306569,5
0,0,1,20306570,5
0,0,1,20306571,5
0,0,1,20306572,5
0,0,1,20306573,5
0,0,1,20306574,5
0,0,1,20306575,5
0,0,1,20306576,5
0,0,1,20306577,5
0,0,1,20306578,5
0,0,1,20306579,5
0,0,1,20306580,5
0,0,1,20306581,5
0,0,1,20306582,5
0,0,1,20306583,5
0,0,1,20306584,5
0,0,1,20306585,5
0,0,1,20306586,5
0,0,1,20306587,5
0,0,1,20306588,5
0,0,1,20306589,5
0,0,1,20306590,5
0,0,1,20306591,5
0,0,1,20306592,5
0,0,1,20306593,5
0,0,1,20306594,5
0,0,1,20306595,5
0,0,1,20306596,5
0,0,1,20306597,5
0,0,1,20306598,5
0,0,1,20306599,5
0,0,1,20306600,5
0,0,1,20306601,5
0,0,1,20306602,5
0,0,1,20306603,5
0,0,1,20306604,5
0,0,1,20306605,5
0,0,1,20306606,5
0,0,1,20306607,5
0,0,1,20306608,5
0,0,1,20306609,5
0,0,1,20306610,5
0,0,1,20306611,5
0,0,1,20306612,5
0,0,1,20306613,5
0,0,1,20306614,5
0,0,1,20306615,5
0,0,1,20306616,5
0,0,1,20306617,5
0,0,1,20306618,5
0,0,1,20306619,5
0,0,1,20306620,5
0,0,1,20306621,5
0,0,1,20306622,5
0,0,1,20306623,5
0,0,1,20306624,5
0,0,1,20306625,5
0,0,1,20306626,5
0,0,1,20306627,5
0,0,1,20306628,5
0,0,1,20306629,5
0,0,1,20306630,5
0,0,1,20306631,5
0,0,1,20306632,5
0,0,1,20306633,5
0,0,1,20306634,5
0,0,1,20306635,5
0,0,1,20306636,5
0,0,1,20306637,5
0,0,1,20306638,5
0,0,1,20306639,5
0,0,1,20306640,5
0,0,1,20306641,5
0,0,1,20306642,5
0,0,1,20306643,5
0,0,1,20306644,5
0,0,1,20306645,5
0,0,1,20306646,5
0,0,1,20306647,5
0,0,1,20306648,5
0,0,1,20306649,5
0,0,1,20306650,5
0,0,1,20306651,5
0,0,1,20306652,5
0,0,1,20306653,5
0,0,1,20306654,5
0,0,1,20306655,5
0,0,1,20306656,5
0,0,1,20306657,5
0,0,1,20306658,5
0,0,1,20306659,5
0,0,1,20306660,5
0,0,1,20306661,5
0,0,1,20306662,5
0,0,1,20306663,5
0,0,1,20306664,5
0,0,1,20306665,5
0,0,1,20306666,5
0,0,1,20306667,5
0,0,1,20306668,5
0,0,1,20306669,5
0,0,1,20306670,5
0,0,1,20306671,5
0,0,1,20306672,5
0,0,1,20306673,5
0,0,1,20306674,5
0,0,1,20306675,5
0,0,1,20306676,5
0,0,1,20306677,5
0,0,1,20306678,5
0,0,1,20306679,5
0,0,1,20306680,5
0,0,1,20306681,5
0,0,1,20306682,5
0,0,1,20306683,5
0,0,1,20306684,5
0,0,1,20306685,5
0,0,1,20306686,5
0,0,1,20306687,5
0,0,1,20306688,5
0,0,1,20306689,5
0,0,1,20306690,5
0,0,1,20306691,5
0,0,1,20306692,5
0,0,1,20306693,5
0,0,1,20306694,5
0,0,1,20306695,5
0,0,1,20306696,5
0,0,1,20306697,5
0,0,1,20306698,5
0,0,1,20306699,5
0,0,1,20306700,5
0,0,1,20306701,5
0,0,1,20306702,5
0,0,1,20306703,5
0,0,1,20306704,5
0,0,1,20306705,5
0,0,1,20306706,5
0,0,1,20306707,5
0,0,1,20306708,5
0,0,1,20306709,5
0,0,1,20306710,5
0,0,1,20306711,5
0,0,1,20306712,5
0,0,1,20306713,5
0,0,1,20306714,5
0,0,1,20306715,5
0,0,1,20306716,5
0,0,1,20306717,5
0,0,1,20306718,5
0,0,1,20306719,5
0,0,1,20306720,5
0,0,1,20306721,5
0,0,1,20306722,5
0,0,1,20306723,5
0,0,1,20306724,5
0,0,1,20306725,5
0,0,1,20306726,5
0,0,1,20306727,5
0,0,1,20306728,5
0,0,1,20306729,5
0,0,1,20306730,5
0,0,1,20306731,5
0,0,1,20306732,5
0,0,1,20306733,5
0,0,1,20306734,5
0,0,1,20306735,5
0,0,1,20306736,5
0,0,1,20306737,5
0,0,1,20306738,5
0,0,1,20306739,5
0,0,1,20306740,5
0,0,1,20306741,5
0,0,1,20306742,5
0,0,1,20306743,5
0,0,1,20306744,5
0,0,1,20306745,5
0,0,1,20306746,5
0,0,1,20306747,5
0,0,1,20306748,5
0,0,1,20306749,5
0,0,1,20306750,5
0,0,1,20306751,5
0,0,1,20306752,5
0,0,1,20306753,5
0,0,1,20306754,5
0,0,1,20306755,5
0,0,1,20306756,5
0,0,1,20306757,5
0,0,1,20306758,5
0,0,1,20306759,5
0,0,1,20306760,5
0,0,1,20306761,5
0,0,1,20306762,5
0,0,1,20306763,5
0,0,1,20306764,5
0,0,1,20306765,5
0,0,1,20306766,5
0,0,1,20306767,5
0,0,1,20306768,5
0,0,1,20306769,5
0,0,1,20306770,5
0,0,1,20306771,5
0,0,1,20306772,5
0,0,1,20306773,5
0,0,1,20306774,5
0,0,1,20306775,5
0,0,1,20306776,5
0,0,1,20306777,5
0,0,1,20306778,5
0,0,1,20306779,5
0,0,1,20306780,5
0,0,1,20306781,5
0,0,1,20306782,5
0,0,1,20306783,5
0,0,1,20306784,5
0,0,1,20306785,5
0,0,1,20306786,5
0,0,1,20306787,5
0,0,1,20306788,5
0,0,1,20306789,5
0,0,1,20306790,5
0,0,1,20306791,5
0,0,1,20306792,5
0,0,1,20306793,5
0,0,1,20306794,5
0,0,1,20306795,5
0,0,1,20306796,5
0,0,1,20306797,5
0,0,1,20306798,5
0,0,1,20306799,5
0,0,1,20306800,5
0,0,1,20306801,5
0,0,1,20306802,5
0,0,1,20306803,5
0,0,1,20306804,5
0,0,1,20306805,5
0,0,1,20306806,5
0,0,1,20306807,5
0,0,1,20306808,5
0,0,1,20306809,5
0,0,1,20306810,5
0,0,1,20306811,5
0,0,1,20306812,5
0,0,1,20306813,5
0,0,1,20306814,5
0,0,1,20306815,5
0,0,1,20306816,5
0,0,1,20306817,5
0,0,1,20306818,5
0,0,1,20306819,5
0,0,1,20306820,5
0,0,1,20306821,5
0,0,1,20306822,5
0,0,1,20306823,5
0,0,1,20306824,5
0,0,1,20306825,5
0,0,1,20306826,5
0,0,1,20306827,5
0,0,1,20306828,5
0,0,1,20306829,5
0,0,1,20306830,5
0,0,1,20306831,5
0,0,1,20306832,5
0,0,1,20306833,5
0,0,1,20306834,5
0,0,1,20306835,5
0,0,1,20306836,5
0,0,1,20306837,5
0,0,1,20306838,5
0,0,1,20306839,5
0,0,1,20306840,5
0,0,1,20306841,5
0,0,1,20306842,5
0,0,1,20306843,5
0,0,1,20306844,5
0,0,1,20306845,5
0,0,1,20306846,5
0,0,1,20306847,5
0,0,1,20306848,5
0,0,1,20306849,5
0,0,1,20306850,5
0,0,1,20306851,5
0,0,1,20306852,5
0,0,1,20306853,5
0,0,1,20306854,5
0,0,1,20306855,5
0,0,1,20306856,5
0,0,1,20306857,5
0,0,1,20306858,5
0,0,1,20306859,5
0,0,1,20306860,5
0,0,1,20306861,5
0,0,1,20306862,5
0,0,1,20306863,5
0,0,1,20306864,5
0,0,1,20306865,5
0,0,1,20306866,5
0,0,1,20306867,5
0,0,1,20306868,5
0,0,1,20306869,5
0,0,1,20306870,5
0,0,1,20306871,5
0,0,1,20306872,5
0,0,1,20306873,5
0,0,1,20306874,5
0,0,1,20306875,5
0,0,1,20306876,5
0,0,1,20306877,5
0,0,1,20306878,5
0,0,1,20306879,5
0,0,1,20306880,5
0,0,1,20306881,5
0,0,1,20306882,5
0,0,1,20306883,5
0,0,1,20306884,5
0,0,1,20306885,5
0,0,1,20306886,5
0,0,1,20306887,5
0,0,1,20306888,5
0,0,1,20306889,5
0,0,1,20306890,5
0,0,1,20306891,5
0,0,1,20306892,5
0,0,1,20306893,5
0,0,1,20306894,5
0,0,1,20306895,5
0,0,1,20306896,5
0,0,1,20306897,5
0,0,1,20306898,5
0,0,1,20306899,5
0,0,1,20306900,5
0,0,1,20306901,5
0,0,1,20306902,5
0,0,1,20306903,5
0,0,1,20306904,5
0,0,1,20306905,5
0,0,1,20306906,5
0,0,1,20306907,5
0,0,1,20306908,5
0,0,1,20306909,5
0,0,1,20306910,5
0,0,1,20306911,5
0,0,1,20306912,5
0,0,1,20306913,5
0,0,1,20306914,5
0,0,1,20306915,5
0,0,1,20306916,5
0,0,1,20306917,5
0,0,1,20306918,5
0,0,1,20306919,5
0,0,1,20306920,5
0,0,1,20306921,5
0,0,1,20306922,5
0,0,1,20306923,5
0,0,1,20306924,5
0,0,1,20306925,5
0,0,1,20306926,5
0,0,1,20306927,5
0,0,1,20306928,5
0,0,1,20306929,5
0,0,1,20306930,5
0,0,1,20306931,5
0,0,1,20306932,5
0,0,1,20306933,5
0,0,1,20306934,5
0,0,1,20306935,5
0,0,1,20306936,5
0,0,1,20306937,5
0,0,1,20306938,5
0,0,1,20306939,5
0,0,1,20306940,5
0,0,1,20306941,5
0,0,1,20306942,5
0,0,1,20306943,5
0,0,1,20306944,5
0,0,1,20306945,5
0,0,1,20306946,5
0,0,1,20306947,5
0,0,1,20306948,5
0,0,1,20306949,5
0,0,1,20306950,5
0,0,1,20306951,5
0,0,1,20306952,5
0,0,1,20306953,5
0,0,1,20306954,5
0,0,1,20306955,5
0,0,1,20306956,5
0,0,1,20306957,5
0,0,1,20306958,5
0,0,1,20306959,5
0,0,1,20306960,5
0,0,1,20306961,5
0,0,1,20306962,5
0,0,1,20306963,5
0,0,1,20306964,5
0,0,1,20306965,5
0,0,1,20306966,5
0,0,1,20306967,5
0,0,1,20306968,5
0,0,1,20306969,5
0,0,1,20306970,5
0,0,1,20306971,5
0,0,1,20306972,5
0,0,1,20306973,5
0,0,1,20306974,5
0,0,1,20306975,5
0,0,1,20306976,5
0,0,1,20306977,5
0,0,1,20306978,5
0,0,1,20306979,5
0,0,1,20306980,5
0,0,1,20306981,5
0,0,1,20306982,5
0,0,1,20306983,5
0,0,1,20306984,5
0,0,1,20306985,5
0,0,1,20306986,5
0,0,1,20306987,5
0,0,1,20306988,5
0,0,1,20306989,5
0,0,1,20306990,5
0,0,1,20306991,5
0,0,1,20306992,5
0,0,1,20306993,5
0,0,1,20306994,5
0,0,1,20306995,5
0,0,1,20306996,5
0,0,1,20306997,5
0,0,1,20306998,5
0,0,1,20306999,5
0,0,1,20307000,5
0,0,1,20307001,5
0,0,1,20307002,5
0,0,1,20307003,5
0,0,1,20307004,5
0,0,1,20307005,5
0,0,1,20307006,5
0,0,1,20307007,5
0,0,1,20307008,5
0,0,1,20307009,5
0,0,1,20307010,5
0,0,1,20307011,5
0,0,1,20307012,5
0,0,1,20307013,5
0,0,1,20307014,5
0,0,1,20307015,5
0,0,1,20307016,5
0,0,1,20307017,5
0,0,1,20307018,5
0,0,1,20307019,5
0,0,1,20307020,5
0,0,1,20307021,5
0,0,1,20307022,5
0,0,1,20307023,5
0,0,1,20307024,5
0,0,1,20307025,5
0,0,1,20307026,5
0,0,1,20307027,5
0,0,1,20307028,5
0,0,1,20307029,5
0,0,1,20307030,5
0,0,1,20307031,5
0,0,1,20307032,5
0,0,1,20307033,5
0,0,1,20307034,5
0,0,1,20307035,5
0,0,1,20307036,5
0,0,1,20307037,5
0,0,1,20307038,5
0,0,1,20307039,5
0,0,1,20307040,5
0,0,1,20307041,5
0,0,1,20307042,5
0,0,1,20307043,5
0,0,1,20307044,5
0,0,1,20307045,5
0,0,1,20307046,5
0,0,1,20307047,5
0,0,1,20307048,5
0,0,1,20307049,5
0,0,1,20307050,5
0,0,1,20307051,5
0,0,1,20307052,5
0,0,1,20307053,5
0,0,1,20307054,5
0,0,1,20307055,5
0,0,1,20307056,5
0,0,1,20307057,5
0,0,1,20307058,5
0,0,1,20307059,5
0,0,1,20307060,5
0,0,1,20307061,5
0,0,1,20307062,5
0,0,1,20307063,5
0,0,1,20307064,5
0,0,1,20307065,5
0,0,1,20307066,5
0,0,1,20307067,5
0,0,1,20307068,5
0,0,1,20307069,5
0,0,1,20307070,5
0,0,1,20307071,5
0,0,1,20307072,5
0,0,1,20307073,5
0,0,1,20307074,5
0,0,1,20307075,5
0,0,1,20307076,5
0,0,1,20307077,5
0,0,1,20307078,5
0,0,1,20307079,5
0,0,1,20307080,5
0,0,1,20307081,5
0,0,1,20307082,5
0,0,1,20307083,5
0,0,1,20307084,5
0,0,1,20307085,5
0,0,1,20307086,5
0,0,1,20307087,5
0,0,1,20307088,5
0,0,1,20307089,5
0,0,1,20307090,5
0,0,1,20307091,5
0,0,1,20307092,5
0,0,1,20307093,5
0,0,1,20307094,5
0,0,1,20307095,5
0,0,1,20307096,5
0,0,1,20307097,5
0,0,1,20307098,5
0,0,1,20307099,5
0,0,1,20307100,5
0,0,1,20307101,5
0,0,1,20307102,5
0,0,1,20307103,5
0,0,1,20307104,5
0,0,1,20307105,5
0,0,1,20307106,5
0,0,1,20307107,5
0,0,1,20307108,5
0,0,1,20307109,5
0,0,1,20307110,5
0,0,1,20307111,5
0,0,1,20307112,5
0,0,1,20307113,5
0,0,1,20307114,5
0,0,1,20307115,5
0,0,1,20307116,5
0,0,1,20307117,5
0,0,1,20307118,5
0,0,1,20307119,5
0,0,1,20307120,5
0,0,1,20307121,5
0,0,1,20307122,5
0,0,1,20307123,5
0,0,1,20307124,5
0,0,1,20307125,5
0,0,1,20307126,5
0,0,1,20307127,5
0,0,1,20307128,5
0,0,1,20307129,5
0,0,1,20307130,5
0,0,1,20307131,5
0,0,1,20307132,5
0,0,1,20307133,5
0,0,1,20307134,5
0,0,1,20307135,5
0,0,1,20307136,5
0,0,1,20307137,5
0,0,1,20307138,5
0,0,1,20307139,5
0,0,1,20307140,5
0,0,1,20307141,5
0,0,1,20307142,5
0,0,1,20307143,5
0,0,1,20307144,5
0,0,1,20307145,5
0,0,1,20307146,5
0,0,1,20307147,5
0,0,1,20307148,5
0,0,1,20307149,5
0,0,1,20307150,5
0,0,1,20307151,5
0,0,1,20307152,5
0,0,1,20307153,5
0,0,1,20307154,5
0,0,1,20307155,5
0,0,1,20307156,5
0,0,1,20307157,5
0,0,1,20307158,5
0,0,1,20307159,5
0,0,1,20307160,5
0,0,1,20307161,5
0,0,1,20307162,5
0,0,1,20307163,5
0,0,1,20307164,5
0,0,1,20307165,5
0,0,1,20307166,5
0,0,1,20307167,5
0,0,1,20307168,5
0,0,1,20307169,5
0,0,1,20307170,5
0,0,1,20307171,5
0,0,1,20307172,5
0,0,1,20307173,5
0,0,1,20307174,5
0,0,1,20307175,5
0,0,1,20307176,5
0,0,1,20307177,5
0,0,1,20307178,5
0,0,1,20307179,5
0,0,1,20307180,5
0,0,1,20307181,5
0,0,1,20307182,5
0,0,1,20307183,5
0,0,1,20307184,5
0,0,1,20307185,5
0,0,1,20307186,5
0,0,1,20307187,5
0,0,1,20307188,5
0,0,1,20307189,5
0,0,1,20307190,5
0,0,1,20307191,5
0,0,1,20307192,5
0,0,1,20307193,5
0,0,1,20307194,5
0,0,1,20307195,5
0,0,1,20307196,5
0,0,1,20307197,5
0,0,1,20307198,5
0,0,1,20307199,5
0,0,1,20307200,5
0,0,1,20307201,5
0,0,1,20307202,5
0,0,1,20307203,5
0,0,1,20307204,5
0,0,1,20307205,5
0,0,1,20307206,5
0,0,1,20307207,5
0,0,1,20307208,5
0,0,1,20307209,5
0,0,1,20307210,5
0,0,1,20307211,5
0,0,1,20307212,5
0,0,1,20307213,5
0,0,1,20307214,5
0,0,1,20307215,5
0,0,1,20307216,5
0,0,1,20307217,5
0,0,1,20307218,5
0,0,1,20307219,5
0,0,1,20307220,5
0,0,1,20307221,5
0,0,1,20307222,5
0,0,1,20307223,5
0,0,1,20307224,5
0,0,1,20307225,5
0,0,1,20307226,5
0,0,1,20307227,5
0,0,1,20307228,5
0,0,1,20307229,5
0,0,1,20307230,5
0,0,1,20307231,5
0,0,1,20307232,5
0,0,1,20307233,5
0,0,1,20307234,5
0,0,1,20307235,5
0,0,1,20307236,5
0,0,1,20307237,5
0,0,1,20307238,5
0,0,1,20307239,5
0,0,1,20307240,5
0,0,1,20307241,5
0,0,1,20307242,5
0,0,1,20307243,5
0,0,1,20307244,5
0,0,1,20307245,5
0,0,1,20307246,5
0,0,1,20307247,5
0,0,1,20307248,5
0,0,1,20307249,5
0,0,1,20307250,5
0,0,1,20307251,5
0,0,1,20307252,5
0,0,1,20307253,5
0,0,1,20307254,5
0,0,1,20307255,5
0,0,1,20307256,5
0,0,1,20307257,5
0,0,1,20307258,5
0,0,1,20307259,5
0,0,1,20307260,5
0,0,1,20307261,5
0,0,1,20307262,5
0,0,1,20307263,5
0,0,1,20307264,5
0,0,1,20307265,5
0,0,1,20307266,5
0,0,1,20307267,5
0,0,1,20307268,5
0,0,1,20307269,5
0,0,1,20307270,5
0,0,1,20307271,5
0,0,1,20307272,5
0,0,1,20307273,5
0,0,1,20307274,5
0,0,1,20307275,5
0,0,1,20307276,5
0,0,1,20307277,5
0,0,1,20307278,5
0,0,1,20307279,5
0,0,1,20307280,5
0,0,1,20307281,5
0,0,1,20307282,5
0,0,1,20307283,5
0,0,1,20307284,5
0,0,1,20307285,5
0,0,1,20307286,5
0,0,1,20307287,5
0,0,1,20307288,5
0,0,1,20307289,5
0,0,1,20307290,5
0,0,1,20307291,5
0,0,1,20307292,5
0,0,1,20307293,5
0,0,1,20307294,5
0,0,1,20307295,5
0,0,1,20307296,5
0,0,1,20307297,5
0,0,1,20307298,5
0,0,1,20307299,5
0,0,1,20307300,5
0,0,1,20307301,5
0,0,1,20307302,5
0,0,1,20307303,5
0,0,1,20307304,5
0,0,1,20307305,5
0,0,1,20307306,5
0,0,1,20307307,5
0,0,1,20307308,5
0,0,1,20307309,5
0,0,1,20307310,5
0,0,1,20307311,5
0,0,1,20307312,5
0,0,1,20307313,5
0,0,1,20307314,5
0,0,1,20307315,5
0,0,1,20307316,5
0,0,1,20307317,5
0,0,1,20307318,5
0,0,1,20307319,5
0,0,1,20307320,5
0,0,1,20307321,5
0,0,1,20307322,5
0,0,1,20307323,5
0,0,1,20307324,5
0,0,1,20307325,5
0,0,1,20307326,5
0,0,1,20307327,5
0,0,1,20307328,5
0,0,1,20307329,5
0,0,1,20307330,5
0,0,1,20307331,5
0,0,1,20307332,5
0,0,1,20307333,5
0,0,1,20307334,5
0,0,1,20307335,5
0,0,1,20307336,5
0,0,1,20307337,5
0,0,1,20307338,5
0,0,1,20307339,5
0,0,1,20307340,5
0,0,1,20307341,5
0,0,1,20307342,5
0,0,1,20307343,5
0,0,1,20307344,5
0,0,1,20307345,5
0,0,1,20307346,5
0,0,1,20307347,5
0,0,1,20307348,5
0,0,1,20307349,5
0,0,1,20307350,5
0,0,1,20307351,5
0,0,1,20307352,5
0,0,1,20307353,5
0,0,1,20307354,5
0,0,1,20307355,5
0,0,1,20307356,5
0,0,1,20307357,5
0,0,1,20307358,5
0,0,1,20307359,5
0,0,1,20307360,5
0,0,1,20307361,5
0,0,1,20307362,5
0,0,1,20307363,5
0,0,1,20307364,5
0,0,1,20307365,5
0,0,1,20307366,5
0,0,1,20307367,5
0,0,1,20307368,5
0,0,1,20307369,5
0,0,1,20307370,5
0,0,1,20307371,5
0,0,1,20307372,5
0,0,1,20307373,5
0,0,1,20307374,5
0,0,1,20307375,5
0,0,1,20307376,5
0,0,1,20307377,5
0,0,1,20307378,5
0,0,1,20307379,5
0,0,1,20307380,5
0,0,1,20307381,5
0,0,1,20307382,5
0,0,1,20307383,5
0,0,1,20307384,5
0,0,1,20307385,5
0,0,1,20307386,5
0,0,1,20307387,5
0,0,1,20307388,5
0,0,1,20307389,5
0,0,1,20307390,5
0,0,1,20307391,5
0,0,1,20307392,5
0,0,1,20307393,5
0,0,1,20307394,5
0,0,1,20307395,5
0,0,1,20307396,5
0,0,1,20307397,5
0,0,1,20307398,5
0,0,1,20307399,5
0,0,1,20307400,5
0,0,1,20307401,5
0,0,1,20307402,5
0,0,1,20307403,5
0,0,1,20307404,5
0,0,1,20307405,5
0,0,1,20307406,5
0,0,1,20307407,5
0,0,1,20307408,5
0,0,1,20307409,5
0,0,1,20307410,5
0,0,1,20307411,5
0,0,1,20307412,5
0,0,1,20307413,5
0,0,1,20307414,5
0,0,1,20307415,5
0,0,1,20307416,5
0,0,1,20307417,5
0,0,1,20307418,5
0,0,1,20307419,5
0,0,1,20307420,5
0,0,1,20307421,5
0,0,1,20307422,5
0,0,1,20307423,5
0,0,1,20307424,5
0,0,1,20307425,5
0,0,1,20307426,5
0,0,1,20307427,5
0,0,1,20307428,5
0,0,1,20307429,5
0,0,1,20307430,5
0,0,1,20307431,5
0,0,1,20307432,5
0,0,1,20307433,5
0,0,1,20307434,5
0,0,1,20307435,5
0,0,1,20307436,5
0,0,1,20307437,5
0,0,1,20307438,5
0,0,1,20307439,5
0,0,1,20307440,5
0,0,1,20307441,5
0,0,1,20307442,5
0,0,1,20307443,5
0,0,1,20307444,5
0,0,1,20307445,5
0,0,1,20307446,5
0,0,1,20307447,5
0,0,1,20307448,5
0,0,1,20307449,5
0,0,1,20307450,5
0,0,1,20307451,5
0,0,1,20307452,5
0,0,1,20307453,5
0,0,1,20307454,5
0,0,1,20307455,5
0,0,1,20307456,5
0,0,1,20307457,5
0,0,1,20307458,5
0,0,1,20307459,5
0,0,1,20307460,5
0,0,1,20307461,5
0,0,1,20307462,5
0,0,1,20307463,5
0,0,1,20307464,5
0,0,1,20307465,5
0,0,1,20307466,5
0,0,1,20307467,5
0,0,1,20307468,5
0,0,1,20307469,5
0,0,1,20307470,5
0,0,1,20307471,5
0,0,1,20307472,5
0,0,1,20307473,5
0,0,1,20307474,5
0,0,1,20307475,5
0,0,1,20307476,5
0,0,1,20307477,5
0,0,1,20307478,5
0,0,1,20307479,5
0,0,1,20307480,5
0,0,1,20307481,5
0,0,1,20307482,5
0,0,1,20307483,5
0,0,1,20307484,5
0,0,1,20307485,5
0,0,1,20307486,5
0,0,1,20307487,5
0,0,1,20307488,5
0,0,1,20307489,5
0,0,1,20307490,5
0,0,1,20307491,5
0,0,1,20307492,5
0,0,1,20307493,5
0,0,1,20307494,5
0,0,1,20307495,5
0,0,1,20307496,5
0,0,1,20307497,5
0,0,1,20307498,5
0,0,1,20307499,5
0,0,1,20307500,5
0,0,1,20307501,5
0,0,1,20307502,5
0,0,1,20307503,5
0,0,1,20307504,5
0,0,1,20307505,5
0,0,1,20307506,5
0,0,1,20307507,5
0,0,1,20307508,5
0,0,1,20307509,5
0,0,1,20307510,5
0,0,1,20307511,5
0,0,1,20307512,5
0,0,1,20307513,5
0,0,1,20307514,5
0,0,1,20307515,5
0,0,1,20307516,5
0,0,1,20307517,5
0,0,1,20307518,5
0,0,1,20307519,5
0,0,1,20307520,5
0,0,1,20307521,5
0,0,1,20307522,5
0,0,1,20307523,5
0,0,1,20307524,5
0,0,1,20307525,5
0,0,1,20307526,5
0,0,1,20307527,5
0,0,1,20307528,5
0,0,1,20307529,5
0,0,1,20307530,5
0,0,1,20307531,5
0,0,1,20307532,5
0,0,1,20307533,5
0,0,1,20307534,5
0,0,1,20307535,5
0,0,1,20307536,5
0,0,1,20307537,5
0,0,1,20307538,5
0,0,1,20307539,5
0,0,1,20307540,5
0,0,1,20307541,5
0,0,1,20307542,5
0,0,1,20307543,5
0,0,1,20307544,5
0,0,1,20307545,5
0,0,1,20307546,5
0,0,1,20307547,5
0,0,1,20307548,5
0,0,1,20307549,5
0,0,1,20307550,5
0,0,1,20307551,5
0,0,1,20307552,5
0,0,1,20307553,5
0,0,1,20307554,5
0,0,1,20307555,5
0,0,1,20307556,5
0,0,1,20307557,5
0,0,1,20307558,5
0,0,1,20307559,5
0,0,1,20307560,5
0,0,1,20307561,5
0,0,1,20307562,5
0,0,1,20307563,5
0,0,1,20307564,5
0,0,1,20307565,5
0,0,1,20307566,5
0,0,1,20307567,5
0,0,1,20307568,5
0,0,1,20307569,5
0,0,1,20307570,5
0,0,1,20307571,5
0,0,1,20307572,5
0,0,1,20307573,5
0,0,1,20307574,5
0,0,1,20307575,5
0,0,1,20307576,5
0,0,1,20307577,5
0,0,1,20307578,5
0,0,1,20307579,5
0,0,1,20307580,5
0,0,1,20307581,5
0,0,1,20307582,5
0,0,1,20307583,5
0,0,1,20307584,5
0,0,1,20307585,5
0,0,1,20307586,5
0,0,1,20307587,5
0,0,1,20307588,5
0,0,1,20307589,5
0,0,1,20307590,5
0,0,1,20307591,5
0,0,1,20307592,5
0,0,1,20307593,5
0,0,1,20307594,5
0,0,1,20307595,5
0,0,1,20307596,5
0,0,1,20307597,5
0,0,1,20307598,5
0,0,1,20307599,5
0,0,1,20307600,5
0,0,1,20307601,5
0,0,1,20307602,5
0,0,1,20307603,5
0,0,1,20307604,5
0,0,1,20307605,5
0,0,1,20307606,5
0,0,1,20307607,5
0,0,1,20307608,5
0,0,1,20307609,5
0,0,1,20307610,5
0,0,1,20307611,5
0,0,1,20307612,5
0,0,1,20307613,5
0,0,1,20307614,5
0,0,1,20307615,5
0,0,1,20307616,5
0,0,1,20307617,5
0,0,1,20307618,5
0,0,1,20307619,5
0,0,1,20307620,5
0,0,1,20307621,5
0,0,1,20307622,5
0,0,1,20307623,5
0,0,1,20307624,5
0,0,1,20307625,5
0,0,1,20307626,5
0,0,1,20307627,5
0,0,1,20307628,5
0,0,1,20307629,5
0,0,1,20307630,5
0,0,1,20307631,5
0,0,1,20307632,5
0,0,1,20307633,5
0,0,1,20307634,5
0,0,1,20307635,5
0,0,1,20307636,5
0,0,1,20307637,5
0,0,1,20307638,5
0,0,1,20307639,5
0,0,1,20307640,5
0,0,1,20307641,5
0,0,1,20307642,5
0,0,1,20307643,5
0,0,1,20307644,5
0,0,1,20307645,5
0,0,1,20307646,5
0,0,1,20307647,5
0,0,1,20307648,5
0,0,1,20307649,5
0,0,1,20307650,5
0,0,1,20307651,5
0,0,1,20307652,5
0,0,1,20307653,5
0,0,1,20307654,5
0,0,1,20307655,5
0,0,1,20307656,5
0,0,1,20307657,5
0,0,1,20307658,5
0,0,1,20307659,5
0,0,1,20307660,5
0,0,1,20307661,5
0,0,1,20307662,5
0,0,1,20307663,5
0,0,1,20307664,5
0,0,1,20307665,5
0,0,1,20307666,5
0,0,1,20307667,5
0,0,1,20307668,5
0,0,1,20307669,5
0,0,1,20307670,5
0,0,1,20307671,5
0,0,1,20307672,5
0,0,1,20307673,5
0,0,1,20307674,5
0,0,1,20307675,5
0,0,1,20307676,5
0,0,1,20307677,5
0,0,1,20307678,5
0,0,1,20307679,5
0,0,1,20307680,5
0,0,1,20307681,5
0,0,1,20307682,5
0,0,1,20307683,5
0,0,1,20307684,5
0,0,1,20307685,5
0,0,1,20307686,5
0,0,1,20307687,5
0,0,1,20307688,5
0,0,1,20307689,5
0,0,1,20307690,5
0,0,1,20307691,5
0,0,1,20307692,5
0,0,1,20307693,5
0,0,1,20307694,5
0,0,1,20307695,5
0,0,1,20307696,5
0,0,1,20307697,5
0,0,1,20307698,5
0,0,1,20307699,5
0,0,1,20307700,5
0,0,1,20307701,5
0,0,1,20307702,5
0,0,1,20307703,5
0,0,1,20307704,5
0,0,1,20307705,5
0,0,1,20307706,5
0,0,1,20307707,5
0,0,1,20307708,5
0,0,1,20307709,5
0,0,1,20307710,5
0,0,1,20307711,5
0,0,1,20307712,5
0,0,1,20307713,5
0,0,1,20307714,5
0,0,1,20307715,5
0,0,1,20307716,5
0,0,1,20307717,5
0,0,1,20307718,5
0,0,1,20307719,5
0,0,1,20307720,5
0,0,1,20307721,5
0,0,1,20307722,5
0,0,1,20307723,5
0,0,1,20307724,5
0,0,1,20307725,5
0,0,1,20307726,5
0,0,1,20307727,5
0,0,1,20307728,5
0,0,1,20307729,5
0,0,1,20307730,5
0,0,1,20307731,5
0,0,1,20307732,5
0,0,1,20307733,5
0,0,1,20307734,5
0,0,1,20307735,5
0,0,1,20307736,5
0,0,1,20307737,5
0,0,1,20307738,5
0,0,1,20307739,5
0,0,1,20307740,5
0,0,1,20307741,5
0,0,1,20307742,5
0,0,1,20307743,5
0,0,1,20307744,5
0,0,1,20307745,5
0,0,1,20307746,5
0,0,1,20307747,5
0,0,1,20307748,5
0,0,1,20307749,5
0,0,1,20307750,5
0,0,1,20307751,5
0,0,1,20307752,5
0,0,1,20307753,5
0,0,1,20307754,5
0,0,1,20307755,5
0,0,1,20307756,5
0,0,1,20307757,5
0,0,1,20307758,5
0,0,1,20307759,5
0,0,1,20307760,5
0,0,1,20307761,5
0,0,1,20307762,5
0,0,1,20307763,5
0,0,1,20307764,5
0,0,1,20307765,5
0,0,1,20307766,5
0,0,1,20307767,5
0,0,1,20307768,5
0,0,1,20307769,5
0,0,1,20307770,5
0,0,1,20307771,5
0,0,1,20307772,5
0,0,1,20307773,5
0,0,1,20307774,5
0,0,1,20307775,5
0,0,1,20307776,5
0,0,1,20307777,5
0,0,1,20307778,5
0,0,1,20307779,5
0,0,1,20307780,5
0,0,1,20307781,5
0,0,1,20307782,5
0,0,1,20307783,5
0,0,1,20307784,5
0,0,1,20307785,5
0,0,1,20307786,5
0,0,1,20307787,5
0,0,1,20307788,5
0,0,1,20307789,5
0,0,1,20307790,5
0,0,1,20307791,5
0,0,1,20307792,5
0,0,1,20307793,5
0,0,1,20307794,5
0,0,1,20307795,5
0,0,1,20307796,5
0,0,1,20307797,5
0,0,1,20307798,5
0,0,1,20307799,5
0,0,1,20307800,5
0,0,1,20307801,5
0,0,1,20307802,5
0,0,1,20307803,5
0,0,1,20307804,5
0,0,1,20307805,5
0,0,1,20307806,5
0,0,1,20307807,5
0,0,1,20307808,5
0,0,1,20307809,5
0,0,1,20307810,5
0,0,1,20307811,5
0,0,1,20307812,5
0,0,1,20307813,5
0,0,1,20307814,5
0,0,1,20307815,5
0,0,1,20307816,5
0,0,1,20307817,5
0,0,1,20307818,5
0,0,1,20307819,5
0,0,1,20307820,5
0,0,1,20307821,5
0,0,1,20307822,5
0,0,1,20307823,5
0,0,1,20307824,5
0,0,1,20307825,5
0,0,1,20307826,5
0,0,1,20307827,5
0,0,1,20307828,5
0,0,1,20307829,5
0,0,1,20307830,5
0,0,1,20307831,5
0,0,1,20307832,5
0,0,1,20307833,5
0,0,1,20307834,5
0,0,1,20307835,5
0,0,1,20307836,5
0,0,1,20307837,5
0,0,1,20307838,5
0,0,1,20307839,5
0,0,1,20307840,5
0,0,1,20307841,5
0,0,1,20307842,5
0,0,1,20307843,5
0,0,1,20307844,5
0,0,1,20307845,5
0,0,1,20307846,5
0,0,1,20307847,5
0,0,1,20307848,5
0,0,1,20307849,5
0,0,1,20307850,5
0,0,1,20307851,5
0,0,1,20307852,5
0,0,1,20307853,5
0,0,1,20307854,5
0,0,1,20307855,5
0,0,1,20307856,5
0,0,1,20307857,5
0,0,1,20307858,5
0,0,1,20307859,5
0,0,1,20307860,5
0,0,1,20307861,5
0,0,1,20307862,5
0,0,1,20307863,5
0,0,1,20307864,5
0,0,1,20307865,5
0,0,1,20307866,5
0,0,1,20307867,5
0,0,1,20307868,5
0,0,1,20307869,5
0,0,1,20307870,5
0,0,1,20307871,5
0,0,1,20307872,5
0,0,1,20307873,5
0,0,1,20307874,5
0,0,1,20307875,5
0,0,1,20307876,5
0,0,1,20307877,5
0,0,1,20307878,5
0,0,1,20307879,5
0,0,1,20307880,5
0,0,1,20307881,5
0,0,1,20307882,5
0,0,1,20307883,5
0,0,1,20307884,5
0,0,1,20307885,5
0,0,1,20307886,5
0,0,1,20307887,5
0,0,1,20307888,5
0,0,1,20307889,5
0,0,1,20307890,5
0,0,1,20307891,5
0,0,1,20307892,5
0,0,1,20307893,5
0,0,1,20307894,5
0,0,1,20307895,5
0,0,1,20307896,5
0,0,1,20307897,5
0,0,1,20307898,5
0,0,1,20307899,5
0,0,1,20307900,5
0,0,1,20307901,5
0,0,1,20307902,5
0,0,1,20307903,5
0,0,1,20307904,5
0,0,1,20307905,5
0,0,1,20307906,5
0,0,1,20307907,5
0,0,1,20307908,5
0,0,1,20307909,5
0,0,1,20307910,5
0,0,1,20307911,5
0,0,1,20307912,5
0,0,1,20307913,5
0,0,1,20307914,5
0,0,1,20307915,5
0,0,1,20307916,5
0,0,1,20307917,5
0,0,1,20307918,5
0,0,1,20307919,5
0,0,1,20307920,5
0,0,1,20307921,5
0,0,1,20307922,5
0,0,1,20307923,5
0,0,1,20307924,5
0,0,1,20307925,5
0,0,1,20307926,5
0,0,1,20307927,5
0,0,1,20307928,5
0,0,1,20307929,5
0,0,1,20307930,5
0,0,1,20307931,5
0,0,1,20307932,5
0,0,1,20307933,5
0,0,1,20307934,5
0,0,1,20307935,5
0,0,1,20307936,5
0,0,1,20307937,5
0,0,1,20307938,5
0,0,1,20307939,5
0,0,1,20307940,5
0,0,1,20307941,5
0,0,1,20307942,5
0,0,1,20307943,5
0,0,1,20307944,5
0,0,1,20307945,5
0,0,1,20307946,5
0,0,1,20307947,5
0,0,1,20307948,5
0,0,1,20307949,5
0,0,1,20307950,5
0,0,1,20307951,5
0,0,1,20307952,5
0,0,1,20307953,5
0,0,1,20307954,5
0,0,1,20307955,5
0,0,1,20307956,5
0,0,1,20307957,5
0,0,1,20307958,5
0,0,1,20307959,5
0,0,1,20307960,5
0,0,1,20307961,5
0,0,1,20307962,5
0,0,1,20307963,5
0,0,1,20307964,5
0,0,1,20307965,5
0,0,1,20307966,5
0,0,1,20307967,5
0,0,1,20307968,5
0,0,1,20307969,5
0,0,1,20307970,5
0,0,1,20307971,5
0,0,1,20307972,5
0,0,1,20307973,5
0,0,1,20307974,5
0,0,1,20307975,5
0,0,1,20307976,5
0,0,1,20307977,5
0,0,1,20307978,5
0,0,1,20307979,5
0,0,1,20307980,5
0,0,1,20307981,5
0,0,1,20307982,5
0,0,1,20307983,5
0,0,1,20307984,5
0,0,1,20307985,5
0,0,1,20307986,5
0,0,1,20307987,5
0,0,1,20307988,5
0,0,1,20307989,5
0,0,1,20307990,5
0,0,1,20307991,5
0,0,1,20307992,5
0,0,1,20307993,5
0,0,1,20307994,5
0,0,1,20307995,5
0,0,1,20307996,5
0,0,1,20307997,5
0,0,1,20307998,5
0,0,1,20307999,5
0,0,1,20308000,5
0,0,1,20308001,5
0,0,1,20308002,5
0,0,1,20308003,5
0,0,1,20308004,5
0,0,1,20308005,5
0,0,1,20308006,5
0,0,1,20308007,5
0,0,1,20308008,5
0,0,1,20308009,5
0,0,1,20308010,5
0,0,1,20308011,5
0,0,1,20308012,5
0,0,1,20308013,5
0,0,1,20308014,5
0,0,1,20308015,5
0,0,1,20308016,5
0,0,1,20308017,5
0,0,1,20308018,5
0,0,1,20308019,5
0,0,1,20308020,5
0,0,1,20308021,5
0,0,1,20308022,5
0,0,1,20308023,5
0,0,1,20308024,5
0,0,1,20308025,5
0,0,1,20308026,5
0,0,1,20308027,5
0,0,1,20308028,5
0,0,1,20308029,5
0,0,1,20308030,5
0,0,1,20308031,5
0,0,1,20308032,5
0,0,1,20308033,5
0,0,1,20308034,5
0,0,1,20308035,5
0,0,1,20308036,5
0,0,1,20308037,5
0,0,1,20308038,5
0,0,1,20308039,5
0,0,1,20308040,5
0,0,1,20308041,5
0,0,1,20308042,5
0,0,1,20308043,5
0,0,1,20308044,5
0,0,1,20308045,5
0,0,1,20308046,5
0,0,1,20308047,5
0,0,1,20308048,5
0,0,1,20308049,5
0,0,1,20308050,5
0,0,1,20308051,5
0,0,1,20308052,5
0,0,1,20308053,5
0,0,1,20308054,5
0,0,1,20308055,5
0,0,1,20308056,5
0,0,1,20308057,5
0,0,1,20308058,5
0,0,1,20308059,5
0,0,1,20308060,5
0,0,1,20308061,5
0,0,1,20308062,5
0,0,1,20308063,5
0,0,1,20308064,5
0,0,1,20308065,5
0,0,1,20308066,5
0,0,1,20308067,5
0,0,1,20308068,5
0,0,1,20308069,5
0,0,1,20308070,5
0,0,1,20308071,5
0,0,1,20308072,5
0,0,1,20308073,5
0,0,1,20308074,5
0,0,1,20308075,5
0,0,1,20308076,5
0,0,1,20308077,5
0,0,1,20308078,5
0,0,1,20308079,5
0,0,1,20308080,5
0,0,1,20308081,5
0,0,1,20308082,5
0,0,1,20308083,5
0,0,1,20308084,5
0,0,1,20308085,5
0,0,1,20308086,5
0,0,1,20308087,5
0,0,1,20308088,5
0,0,1,20308089,5
0,0,1,20308090,5
0,0,1,20308091,5
0,0,1,20308092,5
0,0,1,20308093,5
0,0,1,20308094,5
0,0,1,20308095,5
0,0,1,20308096,5
0,0,1,20308097,5
0,0,1,20308098,5
0,0,1,20308099,5
0,0,1,20308100,5
0,0,1,20308101,5
0,0,1,20308102,5
0,0,1,20308103,5
0,0,1,20308104,5
0,0,1,20308105,5
0,0,1,20308106,5
0,0,1,20308107,5
0,0,1,20308108,5
0,0,1,20308109,5
0,0,1,20308110,5
0,0,1,20308111,5
0,0,1,20308112,5
0,0,1,20308113,5
0,0,1,20308114,5
0,0,1,20308115,5
0,0,1,20308116,5
0,0,1,20308117,5
0,0,1,20308118,5
0,0,1,20308119,5
0,0,1,20308120,5
0,0,1,20308121,5
0,0,1,20308122,5
0,0,1,20308123,5
0,0,1,20308124,5
0,0,1,20308125,5
0,0,1,20308126,5
0,0,1,20308127,5
0,0,1,20308128,5
0,0,1,20308129,5
0,0,1,20308130,5
0,0,1,20308131,5
0,0,1,20308132,5
0,0,1,20308133,5
0,0,1,20308134,5
0,0,1,20308135,5
0,0,1,20308136,5
0,0,1,20308137,5
0,0,1,20308138,5
0,0,1,20308139,5
0,0,1,20308140,5
0,0,1,20308141,5
0,0,1,20308142,5
0,0,1,20308143,5
0,0,1,20308144,5
0,0,1,20308145,5
0,0,1,20308146,5
0,0,1,20308147,5
0,0,1,20308148,5
0,0,1,20308149,5
0,0,1,20308150,5
0,0,1,20308151,5
0,0,1,20308152,5
0,0,1,20308153,5
0,0,1,20308154,5
0,0,1,20308155,5
0,0,1,20308156,5
0,0,1,20308157,5
0,0,1,20308158,5
0,0,1,20308159,5
0,0,1,20308160,5
0,0,1,20308161,5
0,0,1,20308162,5
0,0,1,20308163,5
0,0,1,20308164,5
0,0,1,20308165,5
0,0,1,20308166,5
0,0,1,20308167,5
0,0,1,20308168,5
0,0,1,20308169,5
0,0,1,20308170,5
0,0,1,20308171,5
0,0,1,20308172,5
0,0,1,20308173,5
0,0,1,20308174,5
0,0,1,20308175,5
0,0,1,20308176,5
0,0,1,20308177,5
0,0,1,20308178,5
0,0,1,20308179,5
0,0,1,20308180,5
0,0,1,20308181,5
0,0,1,20308182,5
0,0,1,20308183,5
0,0,1,20308184,5
0,0,1,20308185,5
0,0,1,20308186,5
0,0,1,20308187,5
0,0,1,20308188,5
0,0,1,20308189,5
0,0,1,20308190,5
0,0,1,20308191,5
0,0,1,20308192,5
0,0,1,20308193,5
0,0,1,20308194,5
0,0,1,20308195,5
0,0,1,20308196,5
0,0,1,20308197,5
0,0,1,20308198,5
0,0,1,20308199,5
0,0,1,20308200,5
0,0,1,20308201,5
0,0,1,20308202,5
0,0,1,20308203,5
0,0,1,20308204,5
0,0,1,20308205,5
0,0,1,20308206,5
0,0,1,20308207,5
0,0,1,20308208,5
0,0,1,20308209,5
0,0,1,20308210,5
0,0,1,20308211,5
0,0,1,20308212,5
0,0,1,20308213,5
0,0,1,20308214,5
0,0,1,20308215,5
0,0,1,20308216,5
0,0,1,20308217,5
0,0,1,20308218,5
0,0,1,20308219,5
0,0,1,20308220,5
0,0,1,20308221,5
0,0,1,20308222,5
0,0,1,20308223,5
0,0,1,20308224,5
0,0,1,20308225,5
0,0,1,20308226,5
0,0,1,20308227,5
0,0,1,20308228,5
0,0,1,20308229,5
0,0,1,20308230,5
0,0,1,20308231,5
0,0,1,20308232,5
0,0,1,20308233,5
0,0,1,20308234,5
0,0,1,20308235,5
0,0,1,20308236,5
0,0,1,20308237,5
0,0,1,20308238,5
0,0,1,20308239,5
0,0,1,20308240,5
0,0,1,20308241,5
0,0,1,20308242,5
0,0,1,20308243,5
0,0,1,20308244,5
0,0,1,20308245,5
0,0,1,20308246,5
0,0,1,20308247,5
0,0,1,20308248,5
0,0,1,20308249,5
0,0,1,20308250,5
0,0,1,20308251,5
0,0,1,20308252,5
0,0,1,20308253,5
0,0,1,20308254,5
0,0,1,20308255,5
0,0,1,20308256,5
0,0,1,20308257,5
0,0,1,20308258,5
0,0,1,20308259,5
0,0,1,20308260,5
0,0,1,20308261,5
0,0,1,20308262,5
0,0,1,20308263,5
0,0,1,20308264,5
0,0,1,20308265,5
0,0,1,20308266,5
0,0,1,20308267,5
0,0,1,20308268,5
0,0,1,20308269,5
0,0,1,20308270,5
0,0,1,20308271,5
0,0,1,20308272,5
0,0,1,20308273,5
0,0,1,20308274,5
0,0,1,20308275,5
0,0,1,20308276,5
0,0,1,20308277,5
0,0,1,20308278,5
0,0,1,20308279,5
0,0,1,20308280,5
0,0,1,20308281,5
0,0,1,20308282,5
0,0,1,20308283,5
0,0,1,20308284,5
0,0,1,20308285,5
0,0,1,20308286,5
0,0,1,20308287,5
0,0,1,20308288,5
0,0,1,20308289,5
0,0,1,20308290,5
0,0,1,20308291,5
0,0,1,20308292,5
0,0,1,20308293,5
0,0,1,20308294,5
0,0,1,20308295,5
0,0,1,20308296,5
0,0,1,20308297,5
0,0,1,20308298,5
0,0,1,20308299,5
0,0,1,20308300,5
0,0,1,20308301,5
0,0,1,20308302,5
0,0,1,20308303,5
0,0,1,20308304,5
0,0,1,20308305,5
0,0,1,20308306,5
0,0,1,20308307,5
0,0,1,20308308,5
0,0,1,20308309,5
0,0,1,20308310,5
0,0,1,20308311,5
0,0,1,20308312,5
0,0,1,20308313,5
0,0,1,20308314,5
0,0,1,20308315,5
0,0,1,20308316,5
0,0,1,20308317,5
0,0,1,20308318,5
0,0,1,20308319,5
0,0,1,20308320,5
0,0,1,20308321,5
0,0,1,20308322,5
0,0,1,20308323,5
0,0,1,20308324,5
0,0,1,20308325,5
0,0,1,20308326,5
0,0,1,20308327,5
0,0,1,20308328,5
0,0,1,20308329,5
0,0,1,20308330,5
0,0,1,20308331,5
0,0,1,20308332,5
0,0,1,20308333,5
0,0,1,20308334,5
0,0,1,20308335,5
0,0,1,20308336,5
0,0,1,20308337,5
0,0,1,20308338,5
0,0,1,20308339,5
0,0,1,20308340,5
0,0,1,20308341,5
0,0,1,20308342,5
0,0,1,20308343,5
0,0,1,20308344,5
0,0,1,20308345,5
0,0,1,20308346,5
0,0,1,20308347,5
0,0,1,20308348,5
0,0,1,20308349,5
0,0,1,20308350,5
0,0,1,20308351,5
0,0,1,20308352,5
0,0,1,20308353,5
0,0,1,20308354,5
0,0,1,20308355,5
0,0,1,20308356,5
0,0,1,20308357,5
0,0,1,20308358,5
0,0,1,20308359,5
0,0,1,20308360,5
0,0,1,20308361,5
0,0,1,20308362,5
0,0,1,20308363,5
0,0,1,20308364,5
0,0,1,20308365,5
0,0,1,20308366,5
0,0,1,20308367,5
0,0,1,20308368,5
0,0,1,20308369,5
0,0,1,20308370,5
0,0,1,20308371,5
0,0,1,20308372,5
0,0,1,20308373,5
0,0,1,20308374,5
0,0,1,20308375,5
0,0,1,20308376,5
0,0,1,20308377,5
0,0,1,20308378,5
0,0,1,20308379,5
0,0,1,20308380,5
0,0,1,20308381,5
0,0,1,20308382,5
0,0,1,20308383,5
0,0,1,20308384,5
0,0,1,20308385,5
0,0,1,20308386,5
0,0,1,20308387,5
0,0,1,20308388,5
0,0,1,20308389,5
0,0,1,20308390,5
0,0,1,20308391,5
0,0,1,20308392,5
0,0,1,20308393,5
0,0,1,20308394,5
0,0,1,20308395,5
0,0,1,20308396,5
0,0,1,20308397,5
0,0,1,20308398,5
0,0,1,20308399,5
0,0,1,20308400,5
0,0,1,20308401,5
0,0,1,20308402,5
0,0,1,20308403,5
0,0,1,20308404,5
0,0,1,20308405,5
0,0,1,20308406,5
0,0,1,20308407,5
0,0,1,20308408,5
0,0,1,20308409,5
0,0,1,20308410,5
0,0,1,20308411,5
0,0,1,20308412,5
0,0,1,20308413,5
0,0,1,20308414,5
0,0,1,20308415,5
0,0,1,20308416,5
0,0,1,20308417,5
0,0,1,20308418,5
0,0,1,20308419,5
0,0,1,20308420,5
0,0,1,20308421,5
0,0,1,20308422,5
0,0,1,20308423,5
0,0,1,20308424,5
0,0,1,20308425,5
0,0,1,20308426,5
0,0,1,20308427,5
0,0,1,20308428,5
0,0,1,20308429,5
0,0,1,20308430,5
0,0,1,20308431,5
0,0,1,20308432,5
0,0,1,20308433,5
0,0,1,20308434,5
0,0,1,20308435,5
0,0,1,20308436,5
0,0,1,20308437,5
0,0,1,20308438,5
0,0,1,20308439,5
0,0,1,20308440,5
0,0,1,20308441,5
0,0,1,20308442,5
0,0,1,20308443,5
0,0,1,20308444,5
0,0,1,20308445,5
0,0,1,20308446,5
0,0,1,20308447,5
0,0,1,20308448,5
0,0,1,20308449,5
0,0,1,20308450,5
0,0,1,20308451,5
0,0,1,20308452,5
0,0,1,20308453,5
0,0,1,20308454,5
0,0,1,20308455,5
0,0,1,20308456,5
0,0,1,20308457,5
0,0,1,20308458,5
0,0,1,20308459,5
0,0,1,20308460,5
0,0,1,20308461,5
0,0,1,20308462,5
0,0,1,20308463,5
0,0,1,20308464,5
0,0,1,20308465,5
0,0,1,20308466,5
0,0,1,20308467,5
0,0,1,20308468,5
0,0,1,20308469,5
0,0,1,20308470,5
0,0,1,20308471,5
0,0,1,20308472,5
0,0,1,20308473,5
0,0,1,20308474,5
0,0,1,20308475,5
0,0,1,20308476,5
0,0,1,20308477,5
0,0,1,20308478,5
0,0,1,20308479,5
0,0,1,20308480,5
0,0,1,20308481,5
0,0,1,20308482,5
0,0,1,20308483,5
0,0,1,20308484,5
0,0,1,20308485,5
0,0,1,20308486,5
0,0,1,20308487,5
0,0,1,20308488,5
0,0,1,20308489,5
0,0,1,20308490,5
0,0,1,20308491,5
0,0,1,20308492,5
0,0,1,20308493,5
0,0,1,20308494,5
0,0,1,20308495,5
0,0,1,20308496,5
0,0,1,20308497,5
0,0,1,20308498,5
0,0,1,20308499,5
0,0,1,20308500,5
0,0,1,20308501,5
0,0,1,20308502,5
0,0,1,20308503,5
0,0,1,20308504,5
0,0,1,20308505,5
0,0,1,20308506,5
0,0,1,20308507,5
0,0,1,20308508,5
0,0,1,20308509,5
0,0,1,20308510,5
0,0,1,20308511,5
0,0,1,20308512,5
0,0,1,20308513,5
0,0,1,20308514,5
0,0,1,20308515,5
0,0,1,20308516,5
0,0,1,20308517,5
0,0,1,20308518,5
0,0,1,20308519,5
0,0,1,20308520,5
0,0,1,20308521,5
0,0,1,20308522,5
0,0,1,20308523,5
0,0,1,20308524,5
0,0,1,20308525,5
0,0,1,20308526,5
0,0,1,20308527,5
0,0,1,20308528,5
0,0,1,20308529,5
0,0,1,20308530,5
0,0,1,20308531,5
0,0,1,20308532,5
0,0,1,20308533,5
0,0,1,20308534,5
0,0,1,20308535,5
0,0,1,20308536,5
0,0,1,20308537,5
0,0,1,20308538,5
0,0,1,20308539,5
0,0,1,20308540,5
0,0,1,20308541,5
0,0,1,20308542,5
0,0,1,20308543,5
0,0,1,20308544,5
0,0,1,20308545,5
0,0,1,20308546,5
0,0,1,20308547,5
0,0,1,20308548,5
0,0,1,20308549,5
0,0,1,20308550,5
0,0,1,20308551,5
0,0,1,20308552,5
0,0,1,20308553,5
0,0,1,20308554,5
0,0,1,20308555,5
0,0,1,20308556,5
0,0,1,20308557,5
0,0,1,20308558,5
0,0,1,20308559,5
0,0,1,20308560,5
0,0,1,20308561,5
0,0,1,20308562,5
0,0,1,20308563,5
0,0,1,20308564,5
0,0,1,20308565,5
0,0,1,20308566,5
0,0,1,20308567,5
0,0,1,20308568,5
0,0,1,20308569,5
0,0,1,20308570,5
0,0,1,20308571,5
0,0,1,20308572,5
0,0,1,20308573,5
0,0,1,20308574,5
0,0,1,20308575,5
0,0,1,20308576,5
0,0,1,20308577,5
0,0,1,20308578,5
0,0,1,20308579,5
0,0,1,20308580,5
0,0,1,20308581,5
0,0,1,20308582,5
0,0,1,20308583,5
0,0,1,20308584,5
0,0,1,20308585,5
0,0,1,20308586,5
0,0,1,20308587,5
0,0,1,20308588,5
0,0,1,20308589,5
0,0,1,20308590,5
0,0,1,20308591,5
0,0,1,20308592,5
0,0,1,20308593,5
0,0,1,20308594,5
0,0,1,20308595,5
0,0,1,20308596,5
0,0,1,20308597,5
0,0,1,20308598,5
0,0,1,20308599,5
0,0,1,20308600,5
0,0,1,20308601,5
0,0,1,20308602,5
0,0,1,20308603,5
0,0,1,20308604,5
0,0,1,20308605,5
0,0,1,20308606,5
0,0,1,20308607,5
0,0,1,20308608,5
0,0,1,20308609,5
0,0,1,20308610,5
0,0,1,20308611,5
0,0,1,20308612,5
0,0,1,20308613,5
0,0,1,20308614,5
0,0,1,20308615,5
0,0,1,20308616,5
0,0,1,20308617,5
0,0,1,20308618,5
0,0,1,20308619,5
0,0,1,20308620,5
0,0,1,20308621,5
0,0,1,20308622,5
0,0,1,20308623,5
0,0,1,20308624,5
0,0,1,20308625,5
0,0,1,20308626,5
0,0,1,20308627,5
0,0,1,20308628,5
0,0,1,20308629,5
0,0,1,20308630,5
0,0,1,20308631,5
0,0,1,20308632,5
0,0,1,20308633,5
0,0,1,20308634,5
0,0,1,20308635,5
0,0,1,20308636,5
0,0,1,20308637,5
0,0,1,20308638,5
0,0,1,20308639,5
0,0,1,20308640,5
0,0,1,20308641,5
0,0,1,20308642,5
0,0,1,20308643,5
0,0,1,20308644,5
0,0,1,20308645,5
0,0,1,20308646,5
0,0,1,20308647,5
0,0,1,20308648,5
0,0,1,20308649,5
0,0,1,20308650,5
0,0,1,20308651,5
0,0,1,20308652,5
0,0,1,20308653,5
0,0,1,20308654,5
0,0,1,20308655,5
0,0,1,20308656,5
0,0,1,20308657,5
0,0,1,20308658,5
0,0,1,20308659,5
0,0,1,20308660,5
0,0,1,20308661,5
0,0,1,20308662,5
0,0,1,20308663,5
0,0,1,20308664,5
0,0,1,20308665,5
0,0,1,20308666,5
0,0,1,20308667,5
0,0,1,20308668,5
0,0,1,20308669,5
0,0,1,20308670,5
0,0,1,20308671,5
0,0,1,20308672,5
0,0,1,20308673,5
0,0,1,20308674,5
0,0,1,20308675,5
0,0,1,20308676,5
0,0,1,20308677,5
0,0,1,20308678,5
0,0,1,20308679,5
0,0,1,20308680,5
0,0,1,20308681,5
0,0,1,20308682,5
0,0,1,20308683,5
0,0,1,20308684,5
0,0,1,20308685,5
0,0,1,20308686,5
0,0,1,20308687,5
0,0,1,20308688,5
0,0,1,20308689,5
0,0,1,20308690,5
0,0,1,20308691,5
0,0,1,20308692,5
0,0,1,20308693,5
0,0,1,20308694,5
0,0,1,20308695,5
0,0,1,20308696,5
0,0,1,20308697,5
0,0,1,20308698,5
0,0,1,20308699,5
0,0,1,20308700,5
0,0,1,20308701,5
0,0,1,20308702,5
0,0,1,20308703,5
0,0,1,20308704,5
0,0,1,20308705,5
0,0,1,20308706,5
0,0,1,20308707,5
0,0,1,20308708,5
0,0,1,20308709,5
0,0,1,20308710,5
0,0,1,20308711,5
0,0,1,20308712,5
0,0,1,20308713,5
0,0,1,20308714,5
0,0,1,20308715,5
0,0,1,20308716,5
0,0,1,20308717,5
0,0,1,20308718,5
0,0,1,20308719,5
0,0,1,20308720,5
0,0,1,20308721,5
0,0,1,20308722,5
0,0,1,20308723,5
0,0,1,20308724,5
0,0,1,20308725,5
0,0,1,20308726,5
0,0,1,20308727,5
0,0,1,20308728,5
0,0,1,20308729,5
0,0,1,20308730,5
0,0,1,20308731,5
0,0,1,20308732,5
0,0,1,20308733,5
0,0,1,20308734,5
0,0,1,20308735,5
0,0,1,20308736,5
0,0,1,20308737,5
0,0,1,20308738,5
0,0,1,20308739,5
0,0,1,20308740,5
0,0,1,20308741,5
0,0,1,20308742,5
0,0,1,20308743,5
0,0,1,20308744,5
0,0,1,20308745,5
0,0,1,20308746,5
0,0,1,20308747,5
0,0,1,20308748,5
0,0,1,20308749,5
0,0,1,20308750,5
0,0,1,20308751,5
0,0,1,20308752,5
0,0,1,20308753,5
0,0,1,20308754,5
0,0,1,20308755,5
0,0,1,20308756,5
0,0,1,20308757,5
0,0,1,20308758,5
0,0,1,20308759,5
0,0,1,20308760,5
0,0,1,20350001,5
0,0,1,20350002,5
0,0,1,20350003,5
0,0,1,20350004,5
0,0,1,20350005,5
0,0,1,20350006,5
0,0,1,20350007,5
0,0,1,20350008,5
0,0,1,20350009,5
0,0,1,20350010,5
0,0,1,20350011,5
0,0,1,20350012,5
0,0,1,20350013,5
0,0,1,20350014,5
0,0,1,20350015,5
0,0,1,20350016,5
0,0,1,20350017,5
0,0,1,20350018,5
0,0,1,20350019,5
0,0,1,20350020,5
0,0,1,20350021,5
0,0,1,20350022,5
0,0,1,20350023,5
0,0,1,20350024,5
0,0,1,20350025,5
0,0,1,20350026,5
0,0,1,20350027,5
0,0,1,20350028,5
0,0,1,20350029,5
0,0,1,20350030,5
0,0,1,20350031,5
0,0,1,20350032,5
0,0,1,20350033,5
0,0,1,20350034,5
0,0,1,20350035,5
0,0,1,20350036,5
0,0,1,20350037,5
0,0,1,20350038,5
0,0,1,20350039,5
0,0,1,20350040,5
0,0,1,20350041,5
0,0,1,20350042,5
0,0,1,20350043,5
0,0,1,20350044,5
0,0,1,20350045,5
0,0,1,20350046,5
0,0,1,20350047,5
0,0,1,20350048,5
0,0,1,20350049,5
0,0,1,20350050,5
0,0,1,20350051,5
0,0,1,20350052,5
0,0,1,20350053,5
0,0,1,20350054,5
0,0,1,20350055,5
0,0,1,20350056,5
0,0,1,20350057,5
0,0,1,20350058,5
0,0,1,20350059,5
0,0,1,20350060,5
0,0,1,20350061,5
0,0,1,20350062,5
0,0,1,20350063,5
0,0,1,20350064,5
0,0,1,20350065,5
0,0,1,20350066,5
0,0,1,20350067,5
0,0,1,20350068,5
0,0,1,20350069,5
0,0,1,20350070,5
0,0,1,20350071,5
0,0,1,20350072,5
0,0,1,20350073,5
0,0,1,20350074,5
0,0,1,20350075,5
0,0,1,20350076,5
0,0,1,20350077,5
0,0,1,20350078,5
0,0,1,20350079,5
0,0,1,20350080,5
0,0,1,20350081,5
0,0,1,20350082,5
0,0,1,20350083,5
0,0,1,20350084,5
0,0,1,20350085,5
0,0,1,20350086,5
0,0,1,20350087,5
0,0,1,20350088,5
0,0,1,20350089,5
0,0,1,20350090,5
0,0,1,20350091,5
0,0,1,20350092,5
0,0,1,20350093,5
0,0,1,20350094,5
0,0,1,20350095,5
0,0,1,20350096,5
0,0,1,20350097,5
0,0,1,20350098,5
0,0,1,20350099,5
0,0,1,20350100,5
0,0,1,20350101,5
0,0,1,20350102,5
0,0,1,20350103,5
0,0,1,20350104,5
0,0,1,20350105,5
0,0,1,20350106,5
0,0,1,20350107,5
0,0,1,20350108,5
0,0,1,20350109,5
0,0,1,20350110,5
0,0,1,20350111,5
0,0,1,20350112,5
0,0,1,20350113,5
0,0,1,20350114,5
0,0,1,20350115,5
0,0,1,20350116,5
0,0,1,20350117,5
0,0,1,20350118,5
0,0,1,20350119,5
0,0,1,20350120,5
0,0,1,20350121,5
0,0,1,20350122,5
0,0,1,20350123,5
0,0,1,20350124,5
0,0,1,20350125,5
0,0,1,20350126,5
0,0,1,20350127,5
0,0,1,20350128,5
0,0,1,20350129,5
0,0,1,20350130,5
0,0,1,20350131,5
0,0,1,20350132,5
0,0,1,20350133,5
0,0,1,20350134,5
0,0,1,20350135,5
0,0,1,20350136,5
0,0,1,20350137,5
0,0,1,20350138,5
0,0,1,20350139,5
0,0,1,20350140,5
0,0,1,20350141,5
0,0,1,20350142,5
0,0,1,20350143,5
0,0,1,20350144,5
0,0,1,20350145,5
0,0,1,20350146,5
0,0,1,20350147,5
0,0,1,20350148,5
0,0,1,20350149,5
0,0,1,20350150,5
0,0,1,20350151,5
0,0,1,20350152,5
0,0,1,20350153,5
0,0,1,20350154,5
0,0,1,20350155,5
0,0,1,20350156,5
0,0,1,20350157,5
0,0,1,20350158,5
0,0,1,20350159,5
0,0,1,20350160,5
0,0,1,20350161,5
0,0,1,20350162,5
0,0,1,20350163,5
0,0,1,20350164,5
0,0,1,20350165,5
0,0,1,20350166,5
0,0,1,20350167,5
0,0,1,20350168,5
0,0,1,20350169,5
0,0,1,20350170,5
0,0,1,20350171,5
0,0,1,20350172,5
0,0,1,20350173,5
0,0,1,20350174,5
0,0,1,20350175,5
0,0,1,20350176,5
0,0,1,20350177,5
0,0,1,20350178,5
0,0,1,20350179,5
0,0,1,20350180,5
0,0,1,20350181,5
0,0,1,20350182,5
0,0,1,20350183,5
0,0,1,20350184,5
0,0,1,20350185,5
0,0,1,20350186,5
0,0,1,20350187,5
0,0,1,20350188,5
0,0,1,20350189,5
0,0,1,20350190,5
0,0,1,20350191,5
0,0,1,20350192,5
0,0,1,20350193,5
0,0,1,20350194,5
0,0,1,20350195,5
0,0,1,20350196,5
0,0,1,20350197,5
0,0,1,20350198,5
0,0,1,20350199,5
0,0,1,20350200,5
0,0,1,20350201,5
0,0,1,20350202,5
0,0,1,20350203,5
0,0,1,20350204,5
0,0,1,20350205,5
0,0,1,20350206,5
0,0,1,20350207,5
0,0,1,20350208,5
0,0,1,20350209,5
0,0,1,20350210,5
0,0,1,20350211,5
0,0,1,20350212,5
0,0,1,20350213,5
0,0,1,20350214,5
0,0,1,20350215,5
0,0,1,20350216,5
0,0,1,20350217,5
0,0,1,20350218,5
0,0,1,20350219,5
0,0,1,20350220,5
0,0,1,20350221,5
0,0,1,20350222,5
0,0,1,20350223,5
0,0,1,20350224,5
0,0,1,20350225,5
0,0,1,20350226,5
0,0,1,20350227,5
0,0,1,20350228,5
0,0,1,20350229,5
0,0,1,20350230,5
0,0,1,20350231,5
0,0,1,20350232,5
0,0,1,20350233,5
0,0,1,20350234,5
0,0,1,20350235,5
0,0,1,20350236,5
0,0,1,20350237,5
0,0,1,20350238,5
0,0,1,20350239,5
0,0,1,20350240,5
0,0,1,20350241,5
0,0,1,20350242,5
0,0,1,20350243,5
0,0,1,20350244,5
0,0,1,20350245,5
0,0,1,20350246,5
0,0,1,20350247,5
0,0,1,20350248,5
0,0,1,20350249,5
0,0,1,20350250,5
0,0,1,20350251,5
0,0,1,20350252,5
0,0,1,20350253,5
0,0,1,20350254,5
0,0,1,20350255,5
0,0,1,20350256,5
0,0,1,20350257,5
0,0,1,20350258,5
0,0,1,20350259,5
0,0,1,20350260,5
0,0,1,20350261,5
0,0,1,20350262,5
0,0,1,20350263,5
0,0,1,20350264,5
0,0,1,20350265,5
0,0,1,20350266,5
0,0,1,20350267,5
0,0,1,20350268,5
0,0,1,20350269,5
0,0,1,20350270,5
0,0,1,20350271,5
0,0,1,20350272,5
0,0,1,20350273,5
0,0,1,20350274,5
0,0,1,20350275,5
0,0,1,20350276,5
0,0,1,20350277,5
0,0,1,20350278,5
0,0,1,20350279,5
0,0,1,20350280,5
0,0,1,20350281,5
0,0,1,20350282,5
0,0,1,20350283,5
0,0,1,20350284,5
0,0,1,20350285,5
0,0,1,20350286,5
0,0,1,20350287,5
0,0,1,20350288,5
0,0,1,20350289,5
0,0,1,20350290,5
0,0,1,20350291,5
0,0,1,20350292,5
0,0,1,20350293,5
0,0,1,20350294,5
0,0,1,20350295,5
0,0,1,20350296,5
0,0,1,20350297,5
0,0,1,20350298,5
0,0,1,20350299,5
0,0,1,20350300,5
0,0,1,20350301,5
0,0,1,20350302,5
0,0,1,20350303,5
0,0,1,20350304,5
0,0,1,20350305,5
0,0,1,20350306,5
0,0,1,20350307,5
0,0,1,20350308,5
0,0,1,20350309,5
0,0,1,20350310,5
0,0,1,20350311,5
0,0,1,20350312,5
0,0,1,20350313,5
0,0,1,20350314,5
0,0,1,20350315,5
0,0,1,20350316,5
0,0,1,20350317,5
0,0,1,20350318,5
0,0,1,20350319,5
0,0,1,20350320,5
0,0,1,20350321,5
0,0,1,20350322,5
0,0,1,20350323,5
0,0,1,20350324,5
0,0,1,20350325,5
0,0,1,20350326,5
0,0,1,20350327,5
0,0,1,20350328,5
0,0,1,20350329,5
0,0,1,20350330,5
0,0,1,20350331,5
0,0,1,20350332,5
0,0,1,20350333,5
0,0,1,20350334,5
0,0,1,20350335,5
0,0,1,20350336,5
0,0,1,20350337,5
0,0,1,20350338,5
0,0,1,20350339,5
0,0,1,20350340,5
0,0,1,20350341,5
0,0,1,20350342,5
0,0,1,20350343,5
0,0,1,20350344,5
0,0,1,20350345,5
0,0,1,20350346,5
0,0,1,20350347,5
0,0,1,20350348,5
0,0,1,20350349,5
0,0,1,20350350,5
0,0,1,20350351,5
0,0,1,20350352,5
0,0,1,20350353,5
0,0,1,20350354,5
0,0,1,20350355,5
0,0,1,20350356,5
0,0,1,20350357,5
0,0,1,20350358,5
0,0,1,20350359,5
0,0,1,20350360,5
0,0,1,20350361,5
0,0,1,20350362,5
0,0,1,20350363,5
0,0,1,20350364,5
0,0,1,20350365,5
0,0,1,20350366,5
0,0,1,20350367,5
0,0,1,20350368,5
0,0,1,20350369,5
0,0,1,20350370,5
0,0,1,20350371,5
0,0,1,20350372,5
0,0,1,20350373,5
0,0,1,20350374,5
0,0,1,20350375,5
0,0,1,20350376,5
0,0,1,20350377,5
0,0,1,20350378,5
0,0,1,20350379,5
0,0,1,20350380,5
0,0,1,20350381,5
0,0,1,20350382,5
0,0,1,20350383,5
0,0,1,20350384,5
0,0,1,20350385,5
0,0,1,20350386,5
0,0,1,20350387,5
0,0,1,20350388,5
0,0,1,20350389,5
0,0,1,20350390,5
0,0,1,20350391,5
0,0,1,20350392,5
0,0,1,20350393,5
0,0,1,20350394,5
0,0,1,20350395,5
0,0,1,20350396,5
0,0,1,20350397,5
0,0,1,20350398,5
0,0,1,20350399,5
0,0,1,20350400,5
0,0,1,20350401,5
0,0,1,20350402,5
0,0,1,20350403,5
0,0,1,20350404,5
0,0,1,20350405,5
0,0,1,20350406,5
0,0,1,20350407,5
0,0,1,20350408,5
0,0,1,20350409,5
0,0,1,20350410,5
0,0,1,20350411,5
0,0,1,20350412,5
0,0,1,20350413,5
0,0,1,20350414,5
0,0,1,20350415,5
0,0,1,20350416,5
0,0,1,20350417,5
0,0,1,20350418,5
0,0,1,20350419,5
0,0,1,20350420,5
0,0,1,20350421,5
0,0,1,20350422,5
0,0,1,20350423,5
0,0,1,20350424,5
0,0,1,20350425,5
0,0,1,20350426,5
0,0,1,20350427,5
0,0,1,20350428,5
0,0,1,20350429,5
0,0,1,20350430,5
0,0,1,20350431,5
0,0,1,20350432,5
0,0,1,20350433,5
0,0,1,20350434,5
0,0,1,20350435,5
0,0,1,20350436,5
0,0,1,20350437,5
0,0,1,20350438,5
0,0,1,20350439,5
0,0,1,20350440,5
0,0,1,20350441,5
0,0,1,20350442,5
0,0,1,20350443,5
0,0,1,20350444,5
0,0,1,20350445,5
0,0,1,20350446,5
0,0,1,20350447,5
0,0,1,20350448,5
0,0,1,20350449,5
0,0,1,20350450,5
0,0,1,20350451,5
0,0,1,20350452,5
0,0,1,20350453,5
0,0,1,20350454,5
0,0,1,20350455,5
0,0,1,20350456,5
0,0,1,20350457,5
0,0,1,20350458,5
0,0,1,20350459,5
0,0,1,20350460,5
0,0,1,20350461,5
0,0,1,20350462,5
0,0,1,20350463,5
0,0,1,20350464,5
0,0,1,20350465,5
0,0,1,20350466,5
0,0,1,20350467,5
0,0,1,20350468,5
0,0,1,20350469,5
0,0,1,20350470,5
0,0,1,20350471,5
0,0,1,20350472,5
0,0,1,20350473,5
0,0,1,20350474,5
0,0,1,20350475,5
0,0,1,20350476,5
0,0,1,20350477,5
0,0,1,20350478,5
0,0,1,20350479,5
0,0,1,20350480,5
0,0,1,20350481,5
0,0,1,20350482,5
0,0,1,20350483,5
0,0,1,20350484,5
0,0,1,20350485,5
0,0,1,20350486,5
0,0,1,20350487,5
0,0,1,20350488,5
0,0,1,20350489,5
0,0,1,20350490,5
0,0,1,20350491,5
0,0,1,20350492,5
0,0,1,20350493,5
0,0,1,20350494,5
0,0,1,20350495,5
0,0,1,20350496,5
0,0,1,20350497,5
0,0,1,20350498,5
0,0,1,20350499,5
0,0,1,20350500,5
0,0,1,20350501,5
0,0,1,20350502,5
0,0,1,20350503,5
0,0,1,20350504,5
0,0,1,20350505,5
0,0,1,20350506,5
0,0,1,20350507,5
0,0,1,20350508,5
0,0,1,20350509,5
0,0,1,20350510,5
0,0,1,20350511,5
0,0,1,20350512,5
0,0,1,20350513,5
0,0,1,20350514,5
0,0,1,20350515,5
0,0,1,20350516,5
0,0,1,20350517,5
0,0,1,20350518,5
0,0,1,20350519,5
0,0,1,20350520,5
0,0,1,20350521,5
0,0,1,20350522,5
0,0,1,20350523,5
0,0,1,20350524,5
0,0,1,20350525,5
0,0,1,20350526,5
0,0,1,20350527,5
0,0,1,20350528,5
0,0,1,20350529,5
0,0,1,20350530,5
0,0,1,20350531,5
0,0,1,20350532,5
0,0,1,20350533,5
0,0,1,20350534,5
0,0,1,20350535,5
0,0,1,20350536,5
0,0,1,20350537,5
0,0,1,20350538,5
0,0,1,20350539,5
0,0,1,20350540,5
0,0,1,20350541,5
0,0,1,20350542,5
0,0,1,20350543,5
0,0,1,20350544,5
0,0,1,20350545,5
0,0,1,20350546,5
0,0,1,20350547,5
0,0,1,20350548,5
0,0,1,20350549,5
0,0,1,20350550,5
0,0,1,20350551,5
0,0,1,20350552,5
0,0,1,20350553,5
0,0,1,20350554,5
0,0,1,20350555,5
0,0,1,20350556,5
0,0,1,20350557,5
0,0,1,20350558,5
0,0,1,20350559,5
0,0,1,20350560,5
0,0,1,20350561,5
0,0,1,20350562,5
0,0,1,20350563,5
0,0,1,20350564,5
0,0,1,20350565,5
0,0,1,20350566,5
0,0,1,20350567,5
0,0,1,20350568,5
0,0,1,20350569,5
0,0,1,20350570,5
0,0,1,20350571,5
0,0,1,20350572,5
0,0,1,20350573,5
0,0,1,20350574,5
0,0,1,20350575,5
0,0,1,20350576,5
0,0,1,20350577,5
0,0,1,20350578,5
0,0,1,20350579,5
0,0,1,20350580,5
0,0,1,20350581,5
0,0,1,20350582,5
0,0,1,20350583,5
0,0,1,20350584,5
0,0,1,20350585,5
0,0,1,20350586,5
0,0,1,20350587,5
0,0,1,20350588,5
0,0,1,20350589,5
0,0,1,20350590,5
0,0,1,20350591,5
0,0,1,20350592,5
0,0,1,20350593,5
0,0,1,20350594,5
0,0,1,20350595,5
0,0,1,20350596,5
0,0,1,20350597,5
0,0,1,20350598,5
0,0,1,20350599,5
0,0,1,20350600,5
0,0,1,20350601,5
0,0,1,20350602,5
0,0,1,20350603,5
0,0,1,20350604,5
0,0,1,20350605,5
0,0,1,20350606,5
0,0,1,20350607,5
0,0,1,20350608,5
0,0,1,20350609,5
0,0,1,20350610,5
0,0,1,20350611,5
0,0,1,20350612,5
0,0,1,20350613,5
0,0,1,20350614,5
0,0,1,20350615,5
0,0,1,20350616,5
0,0,1,20350617,5
0,0,1,20350618,5
0,0,1,20350619,5
0,0,1,20350620,5
0,0,1,20350621,5
0,0,1,20350622,5
0,0,1,20350623,5
0,0,1,20350624,5
0,0,1,20350625,5
0,0,1,20350626,5
0,0,1,20350627,5
0,0,1,20350628,5
0,0,1,20350629,5
0,0,1,20350630,5
0,0,1,20350631,5
0,0,1,20350632,5
0,0,1,20350633,5
0,0,1,20350634,5
0,0,1,20350635,5
0,0,1,20350636,5
0,0,1,20350637,5
0,0,1,20350638,5
0,0,1,20350639,5
0,0,1,20350640,5
0,0,1,20350641,5
0,0,1,20350642,5
0,0,1,20350643,5
0,0,1,20350644,5
0,0,1,20350645,5
0,0,1,20350646,5
0,0,1,20350647,5
0,0,1,20350648,5
0,0,1,20350649,5
0,0,1,20350650,5
0,0,1,20350651,5
0,0,1,20350652,5
0,0,1,20350653,5
0,0,1,20350654,5
0,0,1,20350655,5
0,0,1,20350656,5
0,0,1,20350657,5
0,0,1,20350658,5
0,0,1,20350659,5
0,0,1,20350660,5
0,0,1,20350661,5
0,0,1,20350662,5
0,0,1,20350663,5
0,0,1,20350664,5
0,0,1,20350665,5
0,0,1,20350666,5
0,0,1,20350667,5
0,0,1,20350668,5
0,0,1,20350669,5
0,0,1,20350670,5
0,0,1,20350671,5
0,0,1,20350672,5
0,0,1,20350673,5
0,0,1,20350674,5
0,0,1,20350675,5
0,0,1,20350676,5
0,0,1,20350677,5
0,0,1,20350678,5
0,0,1,20350679,5
0,0,1,20350680,5
0,0,1,20350681,5
0,0,1,20350682,5
0,0,1,20350683,5
0,0,1,20350684,5
0,0,1,20350685,5
0,0,1,20350686,5
0,0,1,20350687,5
0,0,1,20350688,5
0,0,1,20350689,5
0,0,1,20350690,5
0,0,1,20350691,5
0,0,1,20350692,5
0,0,1,20350693,5
0,0,1,20350694,5
0,0,1,20350695,5
0,0,1,20350696,5
0,0,1,20350697,5
0,0,1,20350698,5
0,0,1,20350699,5
0,0,1,20350700,5
0,0,1,20350701,5
0,0,1,20350702,5
0,0,1,20350703,5
0,0,1,20350704,5
0,0,1,20350705,5
0,0,1,20350706,5
0,0,1,20350707,5
0,0,1,20350708,5
0,0,1,20350709,5
0,0,1,20350710,5
0,0,1,20350711,5
0,0,1,20350712,5
0,0,1,20350713,5
0,0,1,20350714,5
0,0,1,20350715,5
0,0,1,20350716,5
0,0,1,20350717,5
0,0,1,20350718,5
0,0,1,20350719,5
0,0,1,20350720,5
0,0,1,20350721,5
0,0,1,20350722,5
0,0,1,20350723,5
0,0,1,20350724,5
0,0,1,20350725,5
0,0,1,20350726,5
0,0,1,20350727,5
0,0,1,20350728,5
0,0,1,20350729,5
0,0,1,20350730,5
0,0,1,20350731,5
0,0,1,20350732,5
0,0,1,20350733,5
0,0,1,20350734,5
0,0,1,20350735,5
0,0,1,20350736,5
0,0,1,20350737,5
0,0,1,20350738,5
0,0,1,20350739,5
0,0,1,20350740,5
0,0,1,20350741,5
0,0,1,20350742,5
0,0,1,20350743,5
0,0,1,20350744,5
0,0,1,20350745,5
0,0,1,20350746,5
0,0,1,20350747,5
0,0,1,20350748,5
0,0,1,20350749,5
0,0,1,20350750,5
0,0,1,20350751,5
0,0,1,20350752,5
0,0,1,20350753,5
0,0,1,20350754,5
0,0,1,20350755,5
0,0,1,20350756,5
0,0,1,20350757,5
0,0,1,20350758,5
0,0,1,20350759,5
0,0,1,20350760,5
0,0,1,20350761,5
0,0,1,20350762,5
0,0,1,20350763,5
0,0,1,20350764,5
0,0,1,20350765,5
0,0,1,20350766,5
0,0,1,20350767,5
0,0,1,20350768,5
0,0,1,20350769,5
0,0,1,20350770,5
0,0,1,20350771,5
0,0,1,20350772,5
0,0,1,20350773,5
0,0,1,20350774,5
0,0,1,20350775,5
0,0,1,20350776,5
0,0,1,20350777,5
0,0,1,20350778,5
0,0,1,20350779,5
0,0,1,20350780,5
0,0,1,20350781,5
0,0,1,20350782,5
0,0,1,20350783,5
0,0,1,20350784,5
0,0,1,20350785,5
0,0,1,20350786,5
0,0,1,20350787,5
0,0,1,20350788,5
0,0,1,20350789,5
0,0,1,20350790,5
0,0,1,20350791,5
0,0,1,20350792,5
0,0,1,20350793,5
0,0,1,20350794,5
0,0,1,20350795,5
0,0,1,20350796,5
0,0,1,20350797,5
0,0,1,20350798,5
0,0,1,20350799,5
0,0,1,20350800,5
0,0,1,20350801,5
0,0,1,20350802,5
0,0,1,20350803,5
0,0,1,20350804,5
0,0,1,20350805,5
0,0,1,20350806,5
0,0,1,20350807,5
0,0,1,20350808,5
0,0,1,20350809,5
0,0,1,20350810,5
0,0,1,20350811,5
0,0,1,20350812,5
0,0,1,20350813,5
0,0,1,20350814,5
0,0,1,20350815,5
0,0,1,20350816,5
0,0,1,20350817,5
0,0,1,20350818,5
0,0,1,20350819,5
0,0,1,20350820,5
0,0,1,20350821,5
0,0,1,20350822,5
0,0,1,20350823,5
0,0,1,20350824,5
0,0,1,20350825,5
0,0,1,20350826,5
0,0,1,20350827,5
0,0,1,20350828,5
0,0,1,20350829,5
0,0,1,20350830,5
0,0,1,20350831,5
0,0,1,20350832,5
0,0,1,20350833,5
0,0,1,20350834,5
0,0,1,20350835,5
0,0,1,20350836,5
0,0,1,20350837,5
0,0,1,20350838,5
0,0,1,20350839,5
0,0,1,20350840,5
0,0,1,20350841,5
0,0,1,20350842,5
0,0,1,20350843,5
0,0,1,20350844,5
0,0,1,20350845,5
0,0,1,20350846,5
0,0,1,20350847,5
0,0,1,20350848,5
0,0,1,20350849,5
0,0,1,20350850,5
0,0,1,20350851,5
0,0,1,20350852,5
0,0,1,20350853,5
0,0,1,20350854,5
0,0,1,20350855,5
0,0,1,20350856,5
0,0,1,20350857,5
0,0,1,20350858,5
0,0,1,20350859,5
0,0,1,20350860,5
0,0,1,20350861,5
0,0,1,20350862,5
0,0,1,20350863,5
0,0,1,20350864,5
0,0,1,20350865,5
0,0,1,20350866,5
0,0,1,20350867,5
0,0,1,20350868,5
0,0,1,20350869,5
0,0,1,20350870,5
0,0,1,20350871,5
0,0,1,20350872,5
0,0,1,20350873,5
0,0,1,20350874,5
0,0,1,20350875,5
0,0,1,20350876,5
0,0,1,20350877,5
0,0,1,20350878,5
0,0,1,20350879,5
0,0,1,20350880,5
0,0,1,20350881,5
0,0,1,20350882,5
0,0,1,20350883,5
0,0,1,20350884,5
0,0,1,20350885,5
0,0,1,20350886,5
0,0,1,20350887,5
0,0,1,20350888,5
0,0,1,20350889,5
0,0,1,20350890,5
0,0,1,20350891,5
0,0,1,20350892,5
0,0,1,20350893,5
0,0,1,20350894,5
0,0,1,20350895,5
0,0,1,20350896,5
0,0,1,20350897,5
0,0,1,20350898,5
0,0,1,20350899,5
0,0,1,20350900,5
0,0,1,20350901,5
0,0,1,20350902,5
0,0,1,20350903,5
0,0,1,20350904,5
0,0,1,20350905,5
0,0,1,20350906,5
0,0,1,20350907,5
0,0,1,20350908,5
0,0,1,20350909,5
0,0,1,20350910,5
0,0,1,20350911,5
0,0,1,20350912,5
0,0,1,20350913,5
0,0,1,20350914,5
0,0,1,20350915,5
0,0,1,20350916,5
0,0,1,20350917,5
0,0,1,20350918,5
0,0,1,20350919,5
0,0,1,20350920,5
0,0,1,20350921,5
0,0,1,20350922,5
0,0,1,20350923,5
0,0,1,20350924,5
0,0,1,20350925,5
0,0,1,20350926,5
0,0,1,20350927,5
0,0,1,20350928,5
0,0,1,20350929,5
0,0,1,20350930,5
0,0,1,20350931,5
0,0,1,20350932,5
0,0,1,20350933,5
0,0,1,20350934,5
0,0,1,20350935,5
0,0,1,20350936,5
0,0,1,20350937,5
0,0,1,20350938,5
0,0,1,20350939,5
0,0,1,20350940,5
0,0,1,20350941,5
0,0,1,20350942,5
0,0,1,20350943,5
0,0,1,20350944,5
0,0,1,20350945,5
0,0,1,20350946,5
0,0,1,20350947,5
0,0,1,20350948,5
0,0,1,20350949,5
0,0,1,20350950,5
0,0,1,20350951,5
0,0,1,20350952,5
0,0,1,20350953,5
0,0,1,20350954,5
0,0,1,20350955,5
0,0,1,20350956,5
0,0,1,20350957,5
0,0,1,20350958,5
0,0,1,20350959,5
0,0,1,20350960,5
0,0,1,20350961,5
0,0,1,20350962,5
0,0,1,20350963,5
0,0,1,20350964,5
0,0,1,20350965,5
0,0,1,20350966,5
0,0,1,20350967,5
0,0,1,20350968,5
0,0,1,20350969,5
0,0,1,20350970,5
0,0,1,20350971,5
0,0,1,20350972,5
0,0,1,20350973,5
0,0,1,20350974,5
0,0,1,20350975,5
0,0,1,20350976,5
0,0,1,20350977,5
0,0,1,20350978,5
0,0,1,20350979,5
0,0,1,20350980,5
0,0,1,20350981,5
0,0,1,20350982,5
0,0,1,20350983,5
0,0,1,20350984,5
0,0,1,20350985,5
0,0,1,20350986,5
0,0,1,20350987,5
0,0,1,20350988,5
0,0,1,20350989,5
0,0,1,20350990,5
0,0,1,20350991,5
0,0,1,20350992,5
0,0,1,20350993,5
0,0,1,20350994,5
0,0,1,20350995,5
0,0,1,20350996,5
0,0,1,20350997,5
0,0,1,20350998,5
0,0,1,20350999,5
0,0,1,20351000,5
0,0,1,20351001,5
0,0,1,20351002,5
0,0,1,20351003,5
0,0,1,20351004,5
0,0,1,20351005,5
0,0,1,20351006,5
0,0,1,20351007,5
0,0,1,20351008,5
0,0,1,20351009,5
0,0,1,20351010,5
0,0,1,20351011,5
0,0,1,20351012,5
0,0,1,20351013,5
0,0,1,20351014,5
0,0,1,20351015,5
0,0,1,20351016,5
0,0,1,20351017,5
0,0,1,20351018,5
0,0,1,20351019,5
0,0,1,20351020,5
0,0,1,20351021,5
0,0,1,20351022,5
0,0,1,20351023,5
0,0,1,20351024,5
0,0,1,20351025,5
0,0,1,20351026,5
0,0,1,20351027,5
0,0,1,20351028,5
0,0,1,20351029,5
0,0,1,20351030,5
0,0,1,20351031,5
0,0,1,20351032,5
0,0,1,20351033,5
0,0,1,20351034,5
0,0,1,20351035,5
0,0,1,20351036,5
0,0,1,20351037,5
0,0,1,20351038,5
0,0,1,20351039,5
0,0,1,20351040,5
0,0,1,20351041,5
0,0,1,20351042,5
0,0,1,20351043,5
0,0,1,20351044,5
0,0,1,20351045,5
0,0,1,20351046,5
0,0,1,20351047,5
0,0,1,20351048,5
0,0,1,20351049,5
0,0,1,20351050,5
0,0,1,20351051,5
0,0,1,20351052,5
0,0,1,20351053,5
0,0,1,20351054,5
0,0,1,20351055,5
0,0,1,20351056,5
0,0,1,20351057,5
0,0,1,20351058,5
0,0,1,20351059,5
0,0,1,20351060,5
0,0,1,20351061,5
0,0,1,20351062,5
0,0,1,20351063,5
0,0,1,20351064,5
0,0,1,20351065,5
0,0,1,20351066,5
0,0,1,20351067,5
0,0,1,20351068,5
0,0,1,20351069,5
0,0,1,20351070,5
0,0,1,20351071,5
0,0,1,20351072,5
0,0,1,20351073,5
0,0,1,20351074,5
0,0,1,20351075,5
0,0,1,20351076,5
0,0,1,20351077,5
0,0,1,20351078,5
0,0,1,20351079,5
0,0,1,20351080,5
0,0,1,20351081,5
0,0,1,20351082,5
0,0,1,20351083,5
0,0,1,20351084,5
0,0,1,20351085,5
0,0,1,20351086,5
0,0,1,20351087,5
0,0,1,20351088,5
0,0,1,20351089,5
0,0,1,20351090,5
0,0,1,20351091,5
0,0,1,20351092,5
0,0,1,20351093,5
0,0,1,20351094,5
0,0,1,20351095,5
0,0,1,20351096,5
0,0,1,20351097,5
0,0,1,20351098,5
0,0,1,20351099,5
0,0,1,20351100,5
0,0,1,20351101,5
0,0,1,20351102,5
0,0,1,20351103,5
0,0,1,20351104,5
0,0,1,20351105,5
0,0,1,20351106,5
0,0,1,20351107,5
0,0,1,20351108,5
0,0,1,20351109,5
0,0,1,20351110,5
0,0,1,20351111,5
0,0,1,20351112,5
0,0,1,20351113,5
0,0,1,20351114,5
0,0,1,20351115,5
0,0,1,20351116,5
0,0,1,20351117,5
0,0,1,20351118,5
0,0,1,20351119,5
0,0,1,20351120,5
0,0,1,20351121,5
0,0,1,20351122,5
0,0,1,20351123,5
0,0,1,20351124,5
0,0,1,20351125,5
0,0,1,20351126,5
0,0,1,20351127,5
0,0,1,20351128,5
0,0,1,20351129,5
0,0,1,20351130,5
0,0,1,20351131,5
0,0,1,20351132,5
0,0,1,20351133,5
0,0,1,20351134,5
0,0,1,20351135,5
0,0,1,20351136,5
0,0,1,20351137,5
0,0,1,20351138,5
0,0,1,20351139,5
0,0,1,20351140,5
0,0,1,20351141,5
0,0,1,20351142,5
0,0,1,20351143,5
0,0,1,20351144,5
0,0,1,20351145,5
0,0,1,20351146,5
0,0,1,20351147,5
0,0,1,20351148,5
0,0,1,20351149,5
0,0,1,20351150,5
0,0,1,20351151,5
0,0,1,20351152,5
0,0,1,20351153,5
0,0,1,20351154,5
0,0,1,20351155,5
0,0,1,20351156,5
0,0,1,20351157,5
0,0,1,20351158,5
0,0,1,20351159,5
0,0,1,20351160,5
0,0,1,20351161,5
0,0,1,20351162,5
0,0,1,20351163,5
0,0,1,20351164,5
0,0,1,20351165,5
0,0,1,20351166,5
0,0,1,20351167,5
0,0,1,20351168,5
0,0,1,20351169,5
0,0,1,20351170,5
0,0,1,20351171,5
0,0,1,20351172,5
0,0,1,20351173,5
0,0,1,20351174,5
0,0,1,20351175,5
0,0,1,20351176,5
0,0,1,20351177,5
0,0,1,20351178,5
0,0,1,20351179,5
0,0,1,20351180,5
0,0,1,20351181,5
0,0,1,20351182,5
0,0,1,20351183,5
0,0,1,20351184,5
0,0,1,20351185,5
0,0,1,20351186,5
0,0,1,20351187,5
0,0,1,20351188,5
0,0,1,20351189,5
0,0,1,20351190,5
0,0,1,20351191,5
0,0,1,20351192,5
0,0,1,20351193,5
0,0,1,20351194,5
0,0,1,20351195,5
0,0,1,20351196,5
0,0,1,20351197,5
0,0,1,20351198,5
0,0,1,20351199,5
0,0,1,20351200,5
0,0,1,20351201,5
0,0,1,20351202,5
0,0,1,20351203,5
0,0,1,20351204,5
0,0,1,20351205,5
0,0,1,20351206,5
0,0,1,20351207,5
0,0,1,20351208,5
0,0,1,20351209,5
0,0,1,20351210,5
0,0,1,20351211,5
0,0,1,20351212,5
0,0,1,20351213,5
0,0,1,20351214,5
0,0,1,20351215,5
0,0,1,20351216,5
0,0,1,20351217,5
0,0,1,20351218,5
0,0,1,20351219,5
0,0,1,20351220,5
0,0,1,20351221,5
0,0,1,20351222,5
0,0,1,20351223,5
0,0,1,20351224,5
0,0,1,20351225,5
0,0,1,20351226,5
0,0,1,20351227,5
0,0,1,20351228,5
0,0,1,20351229,5
0,0,1,20351230,5
0,0,1,20351231,5
0,0,1,20351232,5
0,0,1,20351233,5
0,0,1,20351234,5
0,0,1,20351235,5
0,0,1,20351236,5
0,0,1,20351237,5
0,0,1,20351238,5
0,0,1,20351239,5
0,0,1,20351240,5
0,0,1,20351241,5
0,0,1,20351242,5
0,0,1,20351243,5
0,0,1,20351244,5
0,0,1,20351245,5
0,0,1,20351246,5
0,0,1,20351247,5
0,0,1,20351248,5
0,0,1,20351249,5
0,0,1,20351250,5
0,0,1,20351251,5
0,0,1,20351252,5
0,0,1,20351253,5
0,0,1,20351254,5
0,0,1,20351255,5
0,0,1,20351256,5
0,0,1,20351257,5
0,0,1,20351258,5
0,0,1,20351259,5
0,0,1,20351260,5
0,0,1,20351261,5
0,0,1,20351262,5
0,0,1,20351263,5
0,0,1,20351264,5
0,0,1,20351265,5
0,0,1,20351266,5
0,0,1,20351267,5
0,0,1,20351268,5
0,0,1,20351269,5
0,0,1,20351270,5
0,0,1,20351271,5
0,0,1,20351272,5
0,0,1,20351273,5
0,0,1,20351274,5
0,0,1,20351275,5
0,0,1,20351276,5
0,0,1,20351277,5
0,0,1,20351278,5
0,0,1,20351279,5
0,0,1,20351280,5
0,0,1,20351281,5
0,0,1,20351282,5
0,0,1,20351283,5
0,0,1,20351284,5
0,0,1,20351285,5
0,0,1,20351286,5
0,0,1,20351287,5
0,0,1,20351288,5
0,0,1,20351289,5
0,0,1,20351290,5
0,0,1,20351291,5
0,0,1,20351292,5
0,0,1,20351293,5
0,0,1,20351294,5
0,0,1,20351295,5
0,0,1,20351296,5
0,0,1,20351297,5
0,0,1,20351298,5
0,0,1,20351299,5
0,0,1,20351300,5
0,0,1,20351301,5
0,0,1,20351302,5
0,0,1,20351303,5
0,0,1,20351304,5
0,0,1,20351305,5
0,0,1,20351306,5
0,0,1,20351307,5
0,0,1,20351308,5
0,0,1,20351309,5
0,0,1,20351310,5
0,0,1,20351311,5
0,0,1,20351312,5
0,0,1,20351313,5
0,0,1,20351314,5
0,0,1,20351315,5
0,0,1,20351316,5
0,0,1,20351317,5
0,0,1,20351318,5
0,0,1,20351319,5
0,0,1,20351320,5
0,0,1,20351321,5
0,0,1,20351322,5
0,0,1,20351323,5
0,0,1,20351324,5
0,0,1,20351325,5
0,0,1,20351326,5
0,0,1,20351327,5
0,0,1,20351328,5
0,0,1,20351329,5
0,0,1,20351330,5
0,0,1,20351331,5
0,0,1,20351332,5
0,0,1,20351333,5
0,0,1,20351334,5
0,0,1,20351335,5
0,0,1,20351336,5
0,0,1,20351337,5
0,0,1,20351338,5
0,0,1,20351339,5
0,0,1,20351340,5
0,0,1,20351341,5
0,0,1,20351342,5
0,0,1,20351343,5
0,0,1,20351344,5
0,0,1,20351345,5
0,0,1,20351346,5
0,0,1,20351347,5
0,0,1,20351348,5
0,0,1,20351349,5
0,0,1,20351350,5
0,0,1,20351351,5
0,0,1,20351352,5
0,0,1,20351353,5
0,0,1,20351354,5
0,0,1,20351355,5
0,0,1,20351356,5
0,0,1,20351357,5
0,0,1,20351358,5
0,0,1,20351359,5
0,0,1,20351360,5
0,0,1,20351361,5
0,0,1,20351362,5
0,0,1,20351363,5
0,0,1,20351364,5
0,0,1,20351365,5
0,0,1,20351366,5
0,0,1,20351367,5
0,0,1,20351368,5
0,0,1,20351369,5
0,0,1,20351370,5
0,0,1,20351371,5
0,0,1,20351372,5
0,0,1,20351373,5
0,0,1,20351374,5
0,0,1,20351375,5
0,0,1,20351376,5
0,0,1,20351377,5
0,0,1,20351378,5
0,0,1,20351379,5
0,0,1,20351380,5
0,0,1,20351381,5
0,0,1,20351382,5
0,0,1,20351383,5
0,0,1,20351384,5
0,0,1,20351385,5
0,0,1,20351386,5
0,0,1,20351387,5
0,0,1,20351388,5
0,0,1,20351389,5
0,0,1,20351390,5
0,0,1,20351391,5
0,0,1,20351392,5
0,0,1,20351393,5
0,0,1,20351394,5
0,0,1,20351395,5
0,0,1,20351396,5
0,0,1,20351397,5
0,0,1,20351398,5
0,0,1,20351399,5
0,0,1,20351400,5
0,0,1,20351401,5
0,0,1,20351402,5
0,0,1,20351403,5
0,0,1,20351404,5
0,0,1,20351405,5
0,0,1,20351406,5
0,0,1,20351407,5
0,0,1,20351408,5
0,0,1,20351409,5
0,0,1,20351410,5
0,0,1,20351411,5
0,0,1,20351412,5
0,0,1,20351413,5
0,0,1,20351414,5
0,0,1,20351415,5
0,0,1,20351416,5
0,0,1,20351417,5
0,0,1,20351418,5
0,0,1,20351419,5
0,0,1,20351420,5
0,0,1,20351421,5
0,0,1,20351422,5
0,0,1,20351423,5
0,0,1,20351424,5
0,0,1,20351425,5
0,0,1,20351426,5
0,0,1,20351427,5
0,0,1,20351428,5
0,0,1,20351429,5
0,0,1,20351430,5
0,0,1,20351431,5
0,0,1,20351432,5
0,0,1,20351433,5
0,0,1,20351434,5
0,0,1,20351435,5
0,0,1,20351436,5
0,0,1,20351437,5
0,0,1,20351438,5
0,0,1,20351439,5
0,0,1,20351440,5
0,0,1,20351441,5
0,0,1,20351442,5
0,0,1,20351443,5
0,0,1,20351444,5
0,0,1,20351445,5
0,0,1,20351446,5
0,0,1,20351447,5
0,0,1,20351448,5
0,0,1,20351449,5
0,0,1,20351450,5
0,0,1,20351451,5
0,0,1,20351452,5
0,0,1,20351453,5
0,0,1,20351454,5
0,0,1,20351455,5
0,0,1,20351456,5
0,0,1,20351457,5
0,0,1,20351458,5
0,0,1,20351459,5
0,0,1,20351460,5
0,0,1,20351461,5
0,0,1,20351462,5
0,0,1,20351463,5
0,0,1,20351464,5
0,0,1,20351465,5
0,0,1,20351466,5
0,0,1,20351467,5
0,0,1,20351468,5
0,0,1,20351469,5
0,0,1,20351470,5
0,0,1,20351471,5
0,0,1,20351472,5
0,0,1,20351473,5
0,0,1,20351474,5
0,0,1,20351475,5
0,0,1,20351476,5
0,0,1,20351477,5
0,0,1,20351478,5
0,0,1,20351479,5
0,0,1,20351480,5
0,0,1,20351481,5
0,0,1,20351482,5
0,0,1,20351483,5
0,0,1,20351484,5
0,0,1,20351485,5
0,0,1,20351486,5
0,0,1,20351487,5
0,0,1,20351488,5
0,0,1,20351489,5
0,0,1,20351490,5
0,0,1,20351491,5
0,0,1,20351492,5
0,0,1,20351493,5
0,0,1,20351494,5
0,0,1,20351495,5
0,0,1,20351496,5
0,0,1,20351497,5
0,0,1,20351498,5
0,0,1,20351499,5
0,0,1,20351500,5
0,0,1,20351501,5
0,0,1,20351502,5
0,0,1,20351503,5
0,0,1,20351504,5
0,0,1,20351505,5
0,0,1,20351506,5
0,0,1,20351507,5
0,0,1,20351508,5
0,0,1,20351509,5
0,0,1,20351510,5
0,0,1,20351511,5
0,0,1,20351512,5
0,0,1,20351513,5
0,0,1,20351514,5
0,0,1,20351515,5
0,0,1,20351516,5
0,0,1,20351517,5
0,0,1,20351518,5
0,0,1,20351519,5
0,0,1,20351520,5
0,0,1,20351521,5
0,0,1,20351522,5
0,0,1,20351523,5
0,0,1,20351524,5
0,0,1,20351525,5
0,0,1,20351526,5
0,0,1,20351527,5
0,0,1,20351528,5
0,0,1,20351529,5
0,0,1,20351530,5
0,0,1,20351531,5
0,0,1,20351532,5
0,0,1,20351533,5
0,0,1,20351534,5
0,0,1,20351535,5
0,0,1,20351536,5
0,0,1,20351537,5
0,0,1,20351538,5
0,0,1,20351539,5
0,0,1,20351540,5
0,0,1,20351541,5
0,0,1,20351542,5
0,0,1,20351543,5
0,0,1,20351544,5
0,0,1,20351545,5
0,0,1,20351546,5
0,0,1,20351547,5
0,0,1,20351548,5
0,0,1,20351549,5
0,0,1,20351550,5
0,0,1,20351551,5
0,0,1,20351552,5
0,0,1,20351553,5
0,0,1,20351554,5
0,0,1,20351555,5
0,0,1,20351556,5
0,0,1,20351557,5
0,0,1,20351558,5
0,0,1,20351559,5
0,0,1,20351560,5
0,0,1,20351561,5
0,0,1,20351562,5
0,0,1,20351563,5
0,0,1,20351564,5
0,0,1,20351565,5
0,0,1,20351566,5
0,0,1,20351567,5
0,0,1,20351568,5
0,0,1,20351569,5
0,0,1,20351570,5
0,0,1,20351571,5
0,0,1,20351572,5
0,0,1,20351573,5
0,0,1,20351574,5
0,0,1,20351575,5
0,0,1,20351576,5
0,0,1,20351577,5
0,0,1,20351578,5
0,0,1,20351579,5
0,0,1,20351580,5
0,0,1,20351581,5
0,0,1,20351582,5
0,0,1,20351583,5
0,0,1,20351584,5
0,0,1,20351585,5
0,0,1,20351586,5
0,0,1,20351587,5
0,0,1,20351588,5
0,0,1,20351589,5
0,0,1,20351590,5
0,0,1,20351591,5
0,0,1,20351592,5
0,0,1,20351593,5
0,0,1,20351594,5
0,0,1,20351595,5
0,0,1,20351596,5
0,0,1,20351597,5
0,0,1,20351598,5
0,0,1,20351599,5
0,0,1,20351600,5
0,0,1,20351601,5
0,0,1,20351602,5
0,0,1,20351603,5
0,0,1,20351604,5
0,0,1,20351605,5
0,0,1,20351606,5
0,0,1,20351607,5
0,0,1,20351608,5
0,0,1,20351609,5
0,0,1,20351610,5
0,0,1,20351611,5
0,0,1,20351612,5
0,0,1,20351613,5
0,0,1,20351614,5
0,0,1,20351615,5
0,0,1,20351616,5
0,0,1,20351617,5
0,0,1,20351618,5
0,0,1,20351619,5
0,0,1,20351620,5
0,0,1,20351621,5
0,0,1,20351622,5
0,0,1,20351623,5
0,0,1,20351624,5
0,0,1,20351625,5
0,0,1,20351626,5
0,0,1,20351627,5
0,0,1,20351628,5
0,0,1,20351629,5
0,0,1,20351630,5
0,0,1,20351631,5
0,0,1,20351632,5
0,0,1,20351633,5
0,0,1,20351634,5
0,0,1,20351635,5
0,0,1,20351636,5
0,0,1,20351637,5
0,0,1,20351638,5
0,0,1,20351639,5
0,0,1,20351640,5
0,0,1,20351641,5
0,0,1,20351642,5
0,0,1,20351643,5
0,0,1,20351644,5
0,0,1,20351645,5
0,0,1,20351646,5
0,0,1,20351647,5
0,0,1,20351648,5
0,0,1,20351649,5
0,0,1,20351650,5
0,0,1,20351651,5
0,0,1,20351652,5
0,0,1,20351653,5
0,0,1,20351654,5
0,0,1,20351655,5
0,0,1,20351656,5
0,0,1,20351657,5
0,0,1,20351658,5
0,0,1,20351659,5
0,0,1,20351660,5
0,0,1,20351661,5
0,0,1,20351662,5
0,0,1,20351663,5
0,0,1,20351664,5
0,0,1,20351665,5
0,0,1,20351666,5
0,0,1,20351667,5
0,0,1,20351668,5
0,0,1,20351669,5
0,0,1,20351670,5
0,0,1,20351671,5
0,0,1,20351672,5
0,0,1,20351673,5
0,0,1,20351674,5
0,0,1,20351675,5
0,0,1,20351676,5
0,0,1,20351677,5
0,0,1,20351678,5
0,0,1,20351679,5
0,0,1,20351680,5
0,0,1,20351681,5
0,0,1,20351682,5
0,0,1,20351683,5
0,0,1,20351684,5
0,0,1,20351685,5
0,0,1,20351686,5
0,0,1,20351687,5
0,0,1,20351688,5
0,0,1,20351689,5
0,0,1,20351690,5
0,0,1,20351691,5
0,0,1,20351692,5
0,0,1,20351693,5
0,0,1,20351694,5
0,0,1,20351695,5
0,0,1,20351696,5
0,0,1,20351697,5
0,0,1,20351698,5
0,0,1,20351699,5
0,0,1,20351700,5
0,0,1,20351701,5
0,0,1,20351702,5
0,0,1,20351703,5
0,0,1,20351704,5
0,0,1,20351705,5
0,0,1,20351706,5
0,0,1,20351707,5
0,0,1,20351708,5
0,0,1,20351709,5
0,0,1,20351710,5
0,0,1,20351711,5
0,0,1,20351712,5
0,0,1,20351713,5
0,0,1,20351714,5
0,0,1,20351715,5
0,0,1,20351716,5
0,0,1,20351717,5
0,0,1,20351718,5
0,0,1,20351719,5
0,0,1,20351720,5
0,0,1,20351721,5
0,0,1,20351722,5
0,0,1,20351723,5
0,0,1,20351724,5
0,0,1,20351725,5
0,0,1,20351726,5
0,0,1,20351727,5
0,0,1,20351728,5
0,0,1,20351729,5
0,0,1,20351730,5
0,0,1,20351731,5
0,0,1,20351732,5
0,0,1,20351733,5
0,0,1,20351734,5
0,0,1,20351735,5
0,0,1,20351736,5
0,0,1,20351737,5
0,0,1,20351738,5
0,0,1,20351739,5
0,0,1,20351740,5
0,0,1,20351741,5
0,0,1,20351742,5
0,0,1,20351743,5
0,0,1,20351744,5
0,0,1,20351745,5
0,0,1,20351746,5
0,0,1,20351747,5
0,0,1,20351748,5
0,0,1,20351749,5
0,0,1,20351750,5
0,0,1,20351751,5
0,0,1,20351752,5
0,0,1,20351753,5
0,0,1,20351754,5
0,0,1,20351755,5
0,0,1,20351756,5
0,0,1,20351757,5
0,0,1,20351758,5
0,0,1,20351759,5
0,0,1,20351760,5
0,0,1,20351761,5
0,0,1,20351762,5
0,0,1,20351763,5
0,0,1,20351764,5
0,0,1,20351765,5
0,0,1,20351766,5
0,0,1,20351767,5
0,0,1,20351768,5
0,0,1,20351769,5
0,0,1,20351770,5
0,0,1,20351771,5
0,0,1,20351772,5
0,0,1,20351773,5
0,0,1,20351774,5
0,0,1,20351775,5
0,0,1,20351776,5
0,0,1,20351777,5
0,0,1,20351778,5
0,0,1,20351779,5
0,0,1,20351780,5
0,0,1,20351781,5
0,0,1,20351782,5
0,0,1,20351783,5
0,0,1,20351784,5
0,0,1,20351785,5
0,0,1,20351786,5
0,0,1,20351787,5
0,0,1,20351788,5
0,0,1,20351789,5
0,0,1,20351790,5
0,0,1,20351791,5
0,0,1,20351792,5
0,0,1,20351793,5
0,0,1,20351794,5
0,0,1,20351795,5
0,0,1,20351796,5
0,0,1,20351797,5
0,0,1,20351798,5
0,0,1,20351799,5
0,0,1,20351800,5
0,0,1,20351801,5
0,0,1,20351802,5
0,0,1,20351803,5
0,0,1,20351804,5
0,0,1,20351805,5
0,0,1,20351806,5
0,0,1,20351807,5
0,0,1,20351808,5
0,0,1,20351809,5
0,0,1,20351810,5
0,0,1,20351811,5
0,0,1,20351812,5
0,0,1,20351813,5
0,0,1,20351814,5
0,0,1,20351815,5
0,0,1,20351816,5
0,0,1,20351817,5
0,0,1,20351818,5
0,0,1,20351819,5
0,0,1,20351820,5
0,0,1,20351821,5
0,0,1,20351822,5
0,0,1,20351823,5
0,0,1,20351824,5
0,0,1,20351825,5
0,0,1,20351826,5
0,0,1,20351827,5
0,0,1,20351828,5
0,0,1,20351829,5
0,0,1,20351830,5
0,0,1,20351831,5
0,0,1,20351832,5
0,0,1,20351833,5
0,0,1,20351834,5
0,0,1,20351835,5
0,0,1,20351836,5
0,0,1,20351837,5
0,0,1,20351838,5
0,0,1,20351839,5
0,0,1,20351840,5
0,0,1,20351841,5
0,0,1,20351842,5
0,0,1,20351843,5
0,0,1,20351844,5
0,0,1,20351845,5
0,0,1,20351846,5
0,0,1,20351847,5
0,0,1,20351848,5
0,0,1,20351849,5
0,0,1,20351850,5
0,0,1,20351851,5
0,0,1,20351852,5
0,0,1,20351853,5
0,0,1,20351854,5
0,0,1,20351855,5
0,0,1,20351856,5
0,0,1,20351857,5
0,0,1,20351858,5
0,0,1,20351859,5
0,0,1,20351860,5
0,0,1,20351861,5
0,0,1,20351862,5
0,0,1,20351863,5
0,0,1,20351864,5
0,0,1,20351865,5
0,0,1,20351866,5
0,0,1,20351867,5
0,0,1,20351868,5
0,0,1,20351869,5
0,0,1,20351870,5
0,0,1,20351871,5
0,0,1,20351872,5
0,0,1,20351873,5
0,0,1,20351874,5
0,0,1,20351875,5
0,0,1,20351876,5
0,0,1,20351877,5
0,0,1,20351878,5
0,0,1,20351879,5
0,0,1,20351880,5
0,0,1,20351881,5
0,0,1,20351882,5
0,0,1,20351883,5
0,0,1,20351884,5
0,0,1,20351885,5
0,0,1,20351886,5
0,0,1,20351887,5
0,0,1,20351888,5
0,0,1,20351889,5
0,0,1,20351890,5
0,0,1,20351891,5
0,0,1,20351892,5
0,0,1,20351893,5
0,0,1,20351894,5
0,0,1,20351895,5
0,0,1,20351896,5
0,0,1,20351897,5
0,0,1,20351898,5
0,0,1,20351899,5
0,0,1,20351900,5
0,0,1,20351901,5
0,0,1,20351902,5
0,0,1,20351903,5
0,0,1,20351904,5
0,0,1,20351905,5
0,0,1,20351906,5
0,0,1,20351907,5
0,0,1,20351908,5
0,0,1,20351909,5
0,0,1,20351910,5
0,0,1,20351911,5
0,0,1,20351912,5
0,0,1,20351913,5
0,0,1,20351914,5
0,0,1,20351915,5
0,0,1,20351916,5
0,0,1,20351917,5
0,0,1,20351918,5
0,0,1,20351919,5
0,0,1,20351920,5
0,0,1,20351921,5
0,0,1,20351922,5
0,0,1,20351923,5
0,0,1,20351924,5
0,0,1,20351925,5
0,0,1,20351926,5
0,0,1,20351927,5
0,0,1,20351928,5
0,0,1,20351929,5
0,0,1,20351930,5
0,0,1,20351931,5
0,0,1,20351932,5
0,0,1,20351933,5
0,0,1,20351934,5
0,0,1,20351935,5
0,0,1,20351936,5
0,0,1,20351937,5
0,0,1,20351938,5
0,0,1,20351939,5
0,0,1,20351940,5
0,0,1,20351941,5
0,0,1,20351942,5
0,0,1,20351943,5
0,0,1,20351944,5
0,0,1,20351945,5
0,0,1,20351946,5
0,0,1,20351947,5
0,0,1,20351948,5
0,0,1,20351949,5
0,0,1,20351950,5
0,0,1,20351951,5
0,0,1,20351952,5
0,0,1,20351953,5
0,0,1,20351954,5
0,0,1,20351955,5
0,0,1,20351956,5
0,0,1,20351957,5
0,0,1,20351958,5
0,0,1,20351959,5
0,0,1,20351960,5
0,0,1,20351961,5
0,0,1,20351962,5
0,0,1,20351963,5
0,0,1,20351964,5
0,0,1,20351965,5
0,0,1,20351966,5
0,0,1,20351967,5
0,0,1,20351968,5
0,0,1,20351969,5
0,0,1,20351970,5
0,0,1,20351971,5
0,0,1,20351972,5
0,0,1,20351973,5
0,0,1,20351974,5
0,0,1,20351975,5
0,0,1,20351976,5
0,0,1,20351977,5
0,0,1,20351978,5
0,0,1,20351979,5
0,0,1,20351980,5
0,0,1,20351981,5
0,0,1,20351982,5
0,0,1,20351983,5
0,0,1,20351984,5
0,0,1,20351985,5
0,0,1,20351986,5
0,0,1,20351987,5
0,0,1,20351988,5
0,0,1,20351989,5
0,0,1,20351990,5
0,0,1,20351991,5
0,0,1,20351992,5
0,0,1,20351993,5
0,0,1,20351994,5
0,0,1,20351995,5
0,0,1,20351996,5
0,0,1,20351997,5
0,0,1,20351998,5
0,0,1,20351999,5
0,0,1,20352000,5
0,0,1,20352001,5
0,0,1,20352002,5
0,0,1,20352003,5
0,0,1,20352004,5
0,0,1,20352005,5
0,0,1,20352006,5
0,0,1,20352007,5
0,0,1,20352008,5
0,0,1,20352009,5
0,0,1,20352010,5
0,0,1,20352011,5
0,0,1,20352012,5
0,0,1,20352013,5
0,0,1,20352014,5
0,0,1,20352015,5
0,0,1,20352016,5
0,0,1,20352017,5
0,0,1,20352018,5
0,0,1,20352019,5
0,0,1,20352020,5
0,0,1,20352021,5
0,0,1,20352022,5
0,0,1,20352023,5
0,0,1,20352024,5
0,0,1,20352025,5
0,0,1,20352026,5
0,0,1,20352027,5
0,0,1,20352028,5
0,0,1,20352029,5
0,0,1,20352030,5
0,0,1,20352031,5
0,0,1,20352032,5
0,0,1,20352033,5
0,0,1,20352034,5
0,0,1,20352035,5
0,0,1,20352036,5
0,0,1,20352037,5
0,0,1,20352038,5
0,0,1,20352039,5
0,0,1,20352040,5
0,0,1,20352041,5
0,0,1,20352042,5
0,0,1,20352043,5
0,0,1,20352044,5
0,0,1,20352045,5
0,0,1,20352046,5
0,0,1,20352047,5
0,0,1,20352048,5
0,0,1,20352049,5
0,0,1,20352050,5
0,0,1,20352051,5
0,0,1,20352052,5
0,0,1,20352053,5
0,0,1,20352054,5
0,0,1,20352055,5
0,0,1,20352056,5
0,0,1,20352057,5
0,0,1,20352058,5
0,0,1,20352059,5
0,0,1,20352060,5
0,0,1,20352061,5
0,0,1,20352062,5
0,0,1,20352063,5
0,0,1,20352064,5
0,0,1,20352065,5
0,0,1,20352066,5
0,0,1,20352067,5
0,0,1,20352068,5
0,0,1,20352069,5
0,0,1,20352070,5
0,0,1,20352071,5
0,0,1,20352072,5
0,0,1,20352073,5
0,0,1,20352074,5
0,0,1,20352075,5
0,0,1,20352076,5
0,0,1,20352077,5
0,0,1,20352078,5
0,0,1,20352079,5
0,0,1,20352080,5
0,0,1,20352081,5
0,0,1,20352082,5
0,0,1,20352083,5
0,0,1,20352084,5
0,0,1,20352085,5
0,0,1,20352086,5
0,0,1,20352087,5
0,0,1,20352088,5
0,0,1,20352089,5
0,0,1,20352090,5
0,0,1,20352091,5
0,0,1,20352092,5
0,0,1,20352093,5
0,0,1,20352094,5
0,0,1,20352095,5
0,0,1,20352096,5
0,0,1,20352097,5
0,0,1,20352098,5
0,0,1,20352099,5
0,0,1,20352100,5
0,0,1,20352101,5
0,0,1,20352102,5
0,0,1,20352103,5
0,0,1,20352104,5
0,0,1,20352105,5
0,0,1,20352106,5
0,0,1,20352107,5
0,0,1,20352108,5
0,0,1,20352109,5
0,0,1,20352110,5
0,0,1,20352111,5
0,0,1,20352112,5
0,0,1,20352113,5
0,0,1,20352114,5
0,0,1,20352115,5
0,0,1,20352116,5
0,0,1,20352117,5
0,0,1,20352118,5
0,0,1,20352119,5
0,0,1,20352120,5
0,0,1,20352121,5
0,0,1,20352122,5
0,0,1,20352123,5
0,0,1,20352124,5
0,0,1,20352125,5
0,0,1,20352126,5
0,0,1,20352127,5
0,0,1,20352128,5
0,0,1,20352129,5
0,0,1,20352130,5
0,0,1,20352131,5
0,0,1,20352132,5
0,0,1,20352133,5
0,0,1,20352134,5
0,0,1,20352135,5
0,0,1,20352136,5
0,0,1,20352137,5
0,0,1,20352138,5
0,0,1,20352139,5
0,0,1,20352140,5
0,0,1,20352141,5
0,0,1,20352142,5
0,0,1,20352143,5
0,0,1,20352144,5
0,0,1,20352145,5
0,0,1,20352146,5
0,0,1,20352147,5
0,0,1,20352148,5
0,0,1,20352149,5
0,0,1,20352150,5
0,0,1,20352151,5
0,0,1,20352152,5
0,0,1,20352153,5
0,0,1,20352154,5
0,0,1,20352155,5
0,0,1,20352156,5
0,0,1,20352157,5
0,0,1,20352158,5
0,0,1,20352159,5
0,0,1,20352160,5
0,0,1,20352161,5
0,0,1,20352162,5
0,0,1,20352163,5
0,0,1,20352164,5
0,0,1,20352165,5
0,0,1,20352166,5
0,0,1,20352167,5
0,0,1,20352168,5
0,0,1,20352169,5
0,0,1,20352170,5
0,0,1,20352171,5
0,0,1,20352172,5
0,0,1,20352173,5
0,0,1,20352174,5
0,0,1,20352175,5
0,0,1,20352176,5
0,0,1,20352177,5
0,0,1,20352178,5
0,0,1,20352179,5
0,0,1,20352180,5
0,0,1,20352181,5
0,0,1,20352182,5
0,0,1,20352183,5
0,0,1,20352184,5
0,0,1,20352185,5
0,0,1,20352186,5
0,0,1,20352187,5
0,0,1,20352188,5
0,0,1,20352189,5
0,0,1,20352190,5
0,0,1,20352191,5
0,0,1,20352192,5
0,0,1,20352193,5
0,0,1,20352194,5
0,0,1,20352195,5
0,0,1,20352196,5
0,0,1,20352197,5
0,0,1,20352198,5
0,0,1,20352199,5
0,0,1,20352200,5
0,0,1,20352201,5
0,0,1,20352202,5
0,0,1,20352203,5
0,0,1,20352204,5
0,0,1,20352205,5
0,0,1,20352206,5
0,0,1,20352207,5
0,0,1,20352208,5
0,0,1,20352209,5
0,0,1,20352210,5
0,0,1,20352211,5
0,0,1,20352212,5
0,0,1,20352213,5
0,0,1,20352214,5
0,0,1,20352215,5
0,0,1,20352216,5
0,0,1,20352217,5
0,0,1,20352218,5
0,0,1,20352219,5
0,0,1,20352220,5
0,0,1,20352221,5
0,0,1,20352222,5
0,0,1,20352223,5
0,0,1,20352224,5
0,0,1,20352225,5
0,0,1,20352226,5
0,0,1,20352227,5
0,0,1,20352228,5
0,0,1,20352229,5
0,0,1,20352230,5
0,0,1,20352231,5
0,0,1,20352232,5
0,0,1,20352233,5
0,0,1,20352234,5
0,0,1,20352235,5
0,0,1,20352236,5
0,0,1,20352237,5
0,0,1,20352238,5
0,0,1,20352239,5
0,0,1,20352240,5
0,0,1,20352241,5
0,0,1,20352242,5
0,0,1,20352243,5
0,0,1,20352244,5
0,0,1,20352245,5
0,0,1,20352246,5
0,0,1,20352247,5
0,0,1,20352248,5
0,0,1,20352249,5
0,0,1,20352250,5
0,0,1,20352251,5
0,0,1,20352252,5
0,0,1,20352253,5
0,0,1,20352254,5
0,0,1,20352255,5
0,0,1,20352256,5
0,0,1,20352257,5
0,0,1,20352258,5
0,0,1,20352259,5
0,0,1,20352260,5
0,0,1,20352261,5
0,0,1,20352262,5
0,0,1,20352263,5
0,0,1,20352264,5
0,0,1,20352265,5
0,0,1,20352266,5
0,0,1,20352267,5
0,0,1,20352268,5
0,0,1,20352269,5
0,0,1,20352270,5
0,0,1,20352271,5
0,0,1,20352272,5
0,0,1,20352273,5
0,0,1,20352274,5
0,0,1,20352275,5
0,0,1,20352276,5
0,0,1,20352277,5
0,0,1,20352278,5
0,0,1,20352279,5
0,0,1,20352280,5
0,0,1,20352281,5
0,0,1,20352282,5
0,0,1,20352283,5
0,0,1,20352284,5
0,0,1,20352285,5
0,0,1,20352286,5
0,0,1,20352287,5
0,0,1,20352288,5
0,0,1,20352289,5
0,0,1,20352290,5
0,0,1,20352291,5
0,0,1,20352292,5
0,0,1,20352293,5
0,0,1,20352294,5
0,0,1,20352295,5
0,0,1,20352296,5
0,0,1,20352297,5
0,0,1,20352298,5
0,0,1,20352299,5
0,0,1,20352300,5
0,0,1,20352301,5
0,0,1,20352302,5
0,0,1,20352303,5
0,0,1,20352304,5
0,0,1,20352305,5
0,0,1,20352306,5
0,0,1,20352307,5
0,0,1,20352308,5
0,0,1,20352309,5
0,0,1,20352310,5
0,0,1,20352311,5
0,0,1,20352312,5
0,0,1,20352313,5
0,0,1,20352314,5
0,0,1,20352315,5
0,0,1,20352316,5
0,0,1,20352317,5
0,0,1,20352318,5
0,0,1,20352319,5
0,0,1,20352320,5
0,0,1,20352321,5
0,0,1,20352322,5
0,0,1,20352323,5
0,0,1,20352324,5
0,0,1,20352325,5
0,0,1,20352326,5
0,0,1,20352327,5
0,0,1,20352328,5
0,0,1,20352329,5
0,0,1,20352330,5
0,0,1,20352331,5
0,0,1,20352332,5
0,0,1,20352333,5
0,0,1,20352334,5
0,0,1,20352335,5
0,0,1,20352336,5
0,0,1,20352337,5
0,0,1,20352338,5
0,0,1,20352339,5
0,0,1,20352340,5
0,0,1,20352341,5
0,0,1,20352342,5
0,0,1,20352343,5
0,0,1,20352344,5
0,0,1,20352345,5
0,0,1,20352346,5
0,0,1,20352347,5
0,0,1,20352348,5
0,0,1,20352349,5
0,0,1,20352350,5
0,0,1,20352351,5
0,0,1,20352352,5
0,0,1,20352353,5
0,0,1,20352354,5
0,0,1,20352355,5
0,0,1,20352356,5
0,0,1,20352357,5
0,0,1,20352358,5
0,0,1,20352359,5
0,0,1,20352360,5
0,0,1,20352361,5
0,0,1,20352362,5
0,0,1,20352363,5
0,0,1,20352364,5
0,0,1,20352365,5
0,0,1,20352366,5
0,0,1,20352367,5
0,0,1,20352368,5
0,0,1,20352369,5
0,0,1,20352370,5
0,0,1,20352371,5
0,0,1,20352372,5
0,0,1,20352373,5
0,0,1,20352374,5
0,0,1,20352375,5
0,0,1,20352376,5
0,0,1,20352377,5
0,0,1,20352378,5
0,0,1,20352379,5
0,0,1,20352380,5
0,0,1,20352381,5
0,0,1,20352382,5
0,0,1,20352383,5
0,0,1,20352384,5
0,0,1,20352385,5
0,0,1,20352386,5
0,0,1,20352387,5
0,0,1,20352388,5
0,0,1,20352389,5
0,0,1,20352390,5
0,0,1,20352391,5
0,0,1,20352392,5
0,0,1,20352393,5
0,0,1,20352394,5
0,0,1,20352395,5
0,0,1,20352396,5
0,0,1,20352397,5
0,0,1,20352398,5
0,0,1,20352399,5
0,0,1,20352400,5
0,0,1,20352401,5
0,0,1,20352402,5
0,0,1,20352403,5
0,0,1,20352404,5
0,0,1,20352405,5
0,0,1,20352406,5
0,0,1,20352407,5
0,0,1,20352408,5
0,0,1,20352409,5
0,0,1,20352410,5
0,0,1,20352411,5
0,0,1,20352412,5
0,0,1,20352413,5
0,0,1,20352414,5
0,0,1,20352415,5
0,0,1,20352416,5
0,0,1,20352417,5
0,0,1,20352418,5
0,0,1,20352419,5
0,0,1,20352420,5
0,0,1,20352421,5
0,0,1,20352422,5
0,0,1,20352423,5
0,0,1,20352424,5
0,0,1,20352425,5
0,0,1,20352426,5
0,0,1,20352427,5
0,0,1,20352428,5
0,0,1,20352429,5
0,0,1,20352430,5
0,0,1,20352431,5
0,0,1,20352432,5
0,0,1,20352433,5
0,0,1,20352434,5
0,0,1,20352435,5
0,0,1,20352436,5
0,0,1,20352437,5
0,0,1,20352438,5
0,0,1,20352439,5
0,0,1,20352440,5
0,0,1,20352441,5
0,0,1,20352442,5
0,0,1,20352443,5
0,0,1,20352444,5
0,0,1,20352445,5
0,0,1,20352446,5
0,0,1,20352447,5
0,0,1,20352448,5
0,0,1,20352449,5
0,0,1,20352450,5
0,0,1,20352451,5
0,0,1,20352452,5
0,0,1,20352453,5
0,0,1,20352454,5
0,0,1,20352455,5
0,0,1,20352456,5
0,0,1,20352457,5
0,0,1,20352458,5
0,0,1,20352459,5
0,0,1,20352460,5
0,0,1,20352461,5
0,0,1,20352462,5
0,0,1,20352463,5
0,0,1,20352464,5
0,0,1,20352465,5
0,0,1,20352466,5
0,0,1,20352467,5
0,0,1,20352468,5
0,0,1,20352469,5
0,0,1,20352470,5
0,0,1,20352471,5
0,0,1,20352472,5
0,0,1,20352473,5
0,0,1,20352474,5
0,0,1,20352475,5
0,0,1,20352476,5
0,0,1,20352477,5
0,0,1,20352478,5
0,0,1,20352479,5
0,0,1,20352480,5
0,0,1,20352481,5
0,0,1,20352482,5
0,0,1,20352483,5
0,0,1,20352484,5
0,0,1,20352485,5
0,0,1,20352486,5
0,0,1,20352487,5
0,0,1,20352488,5
0,0,1,20352489,5
0,0,1,20352490,5
0,0,1,20352491,5
0,0,1,20352492,5
0,0,1,20352493,5
0,0,1,20352494,5
0,0,1,20352495,5
0,0,1,20352496,5
0,0,1,20352497,5
0,0,1,20352498,5
0,0,1,20352499,5
0,0,1,20352500,5
0,0,1,20352501,5
0,0,1,20352502,5
0,0,1,20352503,5
0,0,1,20352504,5
0,0,1,20352505,5
0,0,1,20352506,5
0,0,1,20352507,5
0,0,1,20352508,5
0,0,1,20352509,5
0,0,1,20352510,5
0,0,1,20352511,5
0,0,1,20352512,5
0,0,1,20352513,5
0,0,1,20352514,5
0,0,1,20352515,5
0,0,1,20352516,5
0,0,1,20352517,5
0,0,1,20352518,5
0,0,1,20352519,5
0,0,1,20352520,5
0,0,1,20352521,5
0,0,1,20352522,5
0,0,1,20352523,5
0,0,1,20352524,5
0,0,1,20352525,5
0,0,1,20352526,5
0,0,1,20352527,5
0,0,1,20352528,5
0,0,1,20352529,5
0,0,1,20352530,5
0,0,1,20352531,5
0,0,1,20352532,5
0,0,1,20352533,5
0,0,1,20352534,5
0,0,1,20352535,5
0,0,1,20352536,5
0,0,1,20352537,5
0,0,1,20352538,5
0,0,1,20352539,5
0,0,1,20352540,5
0,0,1,20352541,5
0,0,1,20352542,5
0,0,1,20352543,5
0,0,1,20352544,5
0,0,1,20352545,5
0,0,1,20352546,5
0,0,1,20352547,5
0,0,1,20352548,5
0,0,1,20352549,5
0,0,1,20352550,5
0,0,1,20352551,5
0,0,1,20352552,5
0,0,1,20352553,5
0,0,1,20352554,5
0,0,1,20352555,5
0,0,1,20352556,5
0,0,1,20352557,5
0,0,1,20352558,5
0,0,1,20352559,5
0,0,1,20352560,5
0,0,1,20352561,5
0,0,1,20352562,5
0,0,1,20352563,5
0,0,1,20352564,5
0,0,1,20352565,5
0,0,1,20352566,5
0,0,1,20352567,5
0,0,1,20352568,5
0,0,1,20352569,5
0,0,1,20352570,5
0,0,1,20352571,5
0,0,1,20352572,5
0,0,1,20352573,5
0,0,1,20352574,5
0,0,1,20352575,5
0,0,1,20352576,5
0,0,1,20352577,5
0,0,1,20352578,5
0,0,1,20352579,5
0,0,1,20352580,5
0,0,1,20352581,5
0,0,1,20352582,5
0,0,1,20352583,5
0,0,1,20352584,5
0,0,1,20352585,5
0,0,1,20352586,5
0,0,1,20352587,5
0,0,1,20352588,5
0,0,1,20352589,5
0,0,1,20352590,5
0,0,1,20352591,5
0,0,1,20352592,5
0,0,1,20352593,5
0,0,1,20352594,5
0,0,1,20352595,5
0,0,1,20352596,5
0,0,1,20352597,5
0,0,1,20352598,5
0,0,1,20352599,5
0,0,1,20352600,5
0,0,1,20352601,5
0,0,1,20352602,5
0,0,1,20352603,5
0,0,1,20352604,5
0,0,1,20352605,5
0,0,1,20352606,5
0,0,1,20352607,5
0,0,1,20352608,5
0,0,1,20352609,5
0,0,1,20352610,5
0,0,1,20352611,5
0,0,1,20352612,5
0,0,1,20352613,5
0,0,1,20352614,5
0,0,1,20352615,5
0,0,1,20352616,5
0,0,1,20352617,5
0,0,1,20352618,5
0,0,1,20352619,5
0,0,1,20352620,5
0,0,1,20352621,5
0,0,1,20352622,5
0,0,1,20352623,5
0,0,1,20352624,5
0,0,1,20352625,5
0,0,1,20352626,5
0,0,1,20352627,5
0,0,1,20352628,5
0,0,1,20352629,5
0,0,1,20352630,5
0,0,1,20352631,5
0,0,1,20352632,5
0,0,1,20352633,5
0,0,1,20352634,5
0,0,1,20352635,5
0,0,1,20352636,5
0,0,1,20352637,5
0,0,1,20352638,5
0,0,1,20352639,5
0,0,1,20352640,5
0,0,1,20352641,5
0,0,1,20352642,5
0,0,1,20352643,5
0,0,1,20352644,5
0,0,1,20352645,5
0,0,1,20352646,5
0,0,1,20352647,5
0,0,1,20352648,5
0,0,1,20352649,5
0,0,1,20352650,5
0,0,1,20352651,5
0,0,1,20352652,5
0,0,1,20352653,5
0,0,1,20352654,5
0,0,1,20352655,5
0,0,1,20352656,5
0,0,1,20352657,5
0,0,1,20352658,5
0,0,1,20352659,5
0,0,1,20352660,5
0,0,1,20352661,5
0,0,1,20352662,5
0,0,1,20352663,5
0,0,1,20352664,5
0,0,1,20352665,5
0,0,1,20352666,5
0,0,1,20352667,5
0,0,1,20352668,5
0,0,1,20352669,5
0,0,1,20352670,5
0,0,1,20352671,5
0,0,1,20352672,5
0,0,1,20352673,5
0,0,1,20352674,5
0,0,1,20352675,5
0,0,1,20352676,5
0,0,1,20352677,5
0,0,1,20352678,5
0,0,1,20352679,5
0,0,1,20352680,5
0,0,1,20352681,5
0,0,1,20352682,5
0,0,1,20352683,5
0,0,1,20352684,5
0,0,1,20352685,5
0,0,1,20352686,5
0,0,1,20352687,5
0,0,1,20352688,5
0,0,1,20352689,5
0,0,1,20352690,5
0,0,1,20352691,5
0,0,1,20352692,5
0,0,1,20352693,5
0,0,1,20352694,5
0,0,1,20352695,5
0,0,1,20352696,5
0,0,1,20352697,5
0,0,1,20352698,5
0,0,1,20352699,5
0,0,1,20352700,5
0,0,1,20352701,5
0,0,1,20352702,5
0,0,1,20352703,5
0,0,1,20352704,5
0,0,1,20352705,5
0,0,1,20352706,5
0,0,1,20352707,5
0,0,1,20352708,5
0,0,1,20352709,5
0,0,1,20352710,5
0,0,1,20352711,5
0,0,1,20352712,5
0,0,1,20352713,5
0,0,1,20352714,5
0,0,1,20352715,5
0,0,1,20352716,5
0,0,1,20352717,5
0,0,1,20352718,5
0,0,1,20352719,5
0,0,1,20352720,5
0,0,1,20352721,5
0,0,1,20352722,5
0,0,1,20352723,5
0,0,1,20352724,5
0,0,1,20352725,5
0,0,1,20352726,5
0,0,1,20352727,5
0,0,1,20352728,5
0,0,1,20352729,5
0,0,1,20352730,5
0,0,1,20352731,5
0,0,1,20352732,5
0,0,1,20352733,5
0,0,1,20352734,5
0,0,1,20352735,5
0,0,1,20352736,5
0,0,1,20352737,5
0,0,1,20352738,5
0,0,1,20352739,5
0,0,1,20352740,5
0,0,1,20352741,5
0,0,1,20352742,5
0,0,1,20352743,5
0,0,1,20352744,5
0,0,1,20352745,5
0,0,1,20352746,5
0,0,1,20352747,5
0,0,1,20352748,5
0,0,1,20352749,5
0,0,1,20352750,5
0,0,1,20352751,5
0,0,1,20352752,5
0,0,1,20352753,5
0,0,1,20352754,5
0,0,1,20352755,5
0,0,1,20352756,5
0,0,1,20352757,5
0,0,1,20352758,5
0,0,1,20352759,5
0,0,1,20352760,5
0,0,1,20352761,5
0,0,1,20352762,5
0,0,1,20352763,5
0,0,1,20352764,5
0,0,1,20352765,5
0,0,1,20352766,5
0,0,1,20352767,5
0,0,1,20352768,5
0,0,1,20352769,5
0,0,1,20352770,5
0,0,1,20352771,5
0,0,1,20352772,5
0,0,1,20352773,5
0,0,1,20352774,5
0,0,1,20352775,5
0,0,1,20352776,5
0,0,1,20352777,5
0,0,1,20352778,5
0,0,1,20352779,5
0,0,1,20352780,5
0,0,1,20352781,5
0,0,1,20352782,5
0,0,1,20352783,5
0,0,1,20352784,5
0,0,1,20352785,5
0,0,1,20352786,5
0,0,1,20352787,5
0,0,1,20352788,5
0,0,1,20352789,5
0,0,1,20352790,5
0,0,1,20352791,5
0,0,1,20352792,5
0,0,1,20352793,5
0,0,1,20352794,5
0,0,1,20352795,5
0,0,1,20352796,5
0,0,1,20352797,5
0,0,1,20352798,5
0,0,1,20352799,5
0,0,1,20352800,5
0,0,1,20352801,5
0,0,1,20352802,5
0,0,1,20352803,5
0,0,1,20352804,5
0,0,1,20352805,5
0,0,1,20352806,5
0,0,1,20352807,5
0,0,1,20352808,5
0,0,1,20352809,5
0,0,1,20352810,5
0,0,1,20352811,5
0,0,1,20352812,5
0,0,1,20352813,5
0,0,1,20352814,5
0,0,1,20352815,5
0,0,1,20352816,5
0,0,1,20352817,5
0,0,1,20352818,5
0,0,1,20352819,5
0,0,1,20352820,5
0,0,1,20352821,5
0,0,1,20352822,5
0,0,1,20352823,5
0,0,1,20352824,5
0,0,1,20352825,5
0,0,1,20352826,5
0,0,1,20352827,5
0,0,1,20352828,5
0,0,1,20352829,5
0,0,1,20352830,5
0,0,1,20352831,5
0,0,1,20352832,5
0,0,1,20352833,5
0,0,1,20352834,5
0,0,1,20352835,5
0,0,1,20352836,5
0,0,1,20352837,5
0,0,1,20352838,5
0,0,1,20352839,5
0,0,1,20352840,5
0,0,1,20352841,5
0,0,1,20352842,5
0,0,1,20352843,5
0,0,1,20352844,5
0,0,1,20352845,5
0,0,1,20352846,5
0,0,1,20352847,5
0,0,1,20352848,5
0,0,1,20352849,5
0,0,1,20352850,5
0,0,1,20352851,5
0,0,1,20352852,5
0,0,1,20352853,5
0,0,1,20352854,5
0,0,1,20352855,5
0,0,1,20352856,5
0,0,1,20352857,5
0,0,1,20352858,5
0,0,1,20352859,5
0,0,1,20352860,5
0,0,1,20352861,5
0,0,1,20352862,5
0,0,1,20352863,5
0,0,1,20352864,5
0,0,1,20352865,5
0,0,1,20352866,5
0,0,1,20352867,5
0,0,1,20352868,5
0,0,1,20352869,5
0,0,1,20352870,5
0,0,1,20352871,5
0,0,1,20352872,5
0,0,1,20352873,5
0,0,1,20352874,5
0,0,1,20352875,5
0,0,1,20352876,5
0,0,1,20352877,5
0,0,1,20352878,5
0,0,1,20352879,5
0,0,1,20352880,5
0,0,1,20352881,5
0,0,1,20352882,5
0,0,1,20352883,5
0,0,1,20352884,5
0,0,1,20352885,5
0,0,1,20352886,5
0,0,1,20352887,5
0,0,1,20352888,5
0,0,1,20352889,5
0,0,1,20352890,5
0,0,1,20352891,5
0,0,1,20352892,5
0,0,1,20352893,5
0,0,1,20352894,5
0,0,1,20352895,5
0,0,1,20352896,5
0,0,1,20352897,5
0,0,1,20352898,5
0,0,1,20352899,5
0,0,1,20352900,5
0,0,1,20352901,5
0,0,1,20352902,5
0,0,1,20352903,5
0,0,1,20352904,5
0,0,1,20352905,5
0,0,1,20352906,5
0,0,1,20352907,5
0,0,1,20352908,5
0,0,1,20352909,5
0,0,1,20352910,5
0,0,1,20352911,5
0,0,1,20352912,5
0,0,1,20352913,5
0,0,1,20352914,5
0,0,1,20352915,5
0,0,1,20352916,5
0,0,1,20352917,5
0,0,1,20352918,5
0,0,1,20352919,5
0,0,1,20352920,5
0,0,1,20352921,5
0,0,1,20352922,5
0,0,1,20352923,5
0,0,1,20352924,5
0,0,1,20352925,5
0,0,1,20352926,5
0,0,1,20352927,5
0,0,1,20352928,5
0,0,1,20352929,5
0,0,1,20352930,5
0,0,1,20352931,5
0,0,1,20352932,5
0,0,1,20352933,5
0,0,1,20352934,5
0,0,1,20352935,5
0,0,1,20352936,5
0,0,1,20352937,5
0,0,1,20352938,5
0,0,1,20352939,5
0,0,1,20352940,5
0,0,1,20352941,5
0,0,1,20352942,5
0,0,1,20352943,5
0,0,1,20352944,5
0,0,1,20352945,5
0,0,1,20352946,5
0,0,1,20352947,5
0,0,1,20352948,5
0,0,1,20352949,5
0,0,1,20352950,5
0,0,1,20352951,5
0,0,1,20352952,5
0,0,1,20352953,5
0,0,1,20352954,5
0,0,1,20352955,5
0,0,1,20352956,5
0,0,1,20352957,5
0,0,1,20352958,5
0,0,1,20352959,5
0,0,1,20352960,5
0,0,1,20352961,5
0,0,1,20352962,5
0,0,1,20352963,5
0,0,1,20352964,5
0,0,1,20352965,5
0,0,1,20352966,5
0,0,1,20352967,5
0,0,1,20352968,5
0,0,1,20352969,5
0,0,1,20352970,5
0,0,1,20352971,5
0,0,1,20352972,5
0,0,1,20352973,5
0,0,1,20352974,5
0,0,1,20352975,5
0,0,1,20352976,5
0,0,1,20352977,5
0,0,1,20352978,5
0,0,1,20352979,5
0,0,1,20352980,5
0,0,1,20352981,5
0,0,1,20352982,5
0,0,1,20352983,5
0,0,1,20352984,5
0,0,1,20352985,5
0,0,1,20352986,5
0,0,1,20352987,5
0,0,1,20352988,5
0,0,1,20352989,5
0,0,1,20352990,5
0,0,1,20352991,5
0,0,1,20352992,5
0,0,1,20352993,5
0,0,1,20352994,5
0,0,1,20352995,5
0,0,1,20352996,5
0,0,1,20352997,5
0,0,1,20352998,5
0,0,1,20352999,5
0,0,1,20353000,5
0,0,1,20353001,5
0,0,1,20353002,5
0,0,1,20353003,5
0,0,1,20353004,5
0,0,1,20353005,5
0,0,1,20353006,5
0,0,1,20353007,5
0,0,1,20353008,5
0,0,1,20353009,5
0,0,1,20353010,5
0,0,1,20353011,5
0,0,1,20353012,5
0,0,1,20353013,5
0,0,1,20353014,5
0,0,1,20353015,5
0,0,1,20353016,5
0,0,1,20353017,5
0,0,1,20353018,5
0,0,1,20353019,5
0,0,1,20353020,5
0,0,1,20353021,5
0,0,1,20353022,5
0,0,1,20353023,5
0,0,1,20353024,5
0,0,1,20353025,5
0,0,1,20353026,5
0,0,1,20353027,5
0,0,1,20353028,5
0,0,1,20353029,5
0,0,1,20353030,5
0,0,1,20353031,5
0,0,1,20353032,5
0,0,1,20353033,5
0,0,1,20353034,5
0,0,1,20353035,5
0,0,1,20353036,5
0,0,1,20353037,5
0,0,1,20353038,5
0,0,1,20353039,5
0,0,1,20353040,5
0,0,1,20353041,5
0,0,1,20353042,5
0,0,1,20353043,5
0,0,1,20353044,5
0,0,1,20353045,5
0,0,1,20353046,5
0,0,1,20353047,5
0,0,1,20353048,5
0,0,1,20353049,5
0,0,1,20353050,5
0,0,1,20353051,5
0,0,1,20353052,5
0,0,1,20353053,5
0,0,1,20353054,5
0,0,1,20353055,5
0,0,1,20353056,5
0,0,1,20353057,5
0,0,1,20353058,5
0,0,1,20353059,5
0,0,1,20353060,5
0,0,1,20353061,5
0,0,1,20353062,5
0,0,1,20353063,5
0,0,1,20353064,5
0,0,1,20353065,5
0,0,1,20353066,5
0,0,1,20353067,5
0,0,1,20353068,5
0,0,1,20353069,5
0,0,1,20353070,5
0,0,1,20353071,5
0,0,1,20353072,5
0,0,1,20353073,5
0,0,1,20353074,5
0,0,1,20353075,5
0,0,1,20353076,5
0,0,1,20353077,5
0,0,1,20353078,5
0,0,1,20353079,5
0,0,1,20353080,5
0,0,1,20353081,5
0,0,1,20353082,5
0,0,1,20353083,5
0,0,1,20353084,5
0,0,1,20353085,5
0,0,1,20353086,5
0,0,1,20353087,5
0,0,1,20353088,5
0,0,1,20353089,5
0,0,1,20353090,5
0,0,1,20353091,5
0,0,1,20353092,5
0,0,1,20353093,5
0,0,1,20353094,5
0,0,1,20353095,5
0,0,1,20353096,5
0,0,1,20353097,5
0,0,1,20353098,5
0,0,1,20353099,5
0,0,1,20353100,5
0,0,1,20353101,5
0,0,1,20353102,5
0,0,1,20353103,5
0,0,1,20353104,5
0,0,1,20353105,5
0,0,1,20353106,5
0,0,1,20353107,5
0,0,1,20353108,5
0,0,1,20353109,5
0,0,1,20353110,5
0,0,1,20353111,5
0,0,1,20353112,5
0,0,1,20353113,5
0,0,1,20353114,5
0,0,1,20353115,5
0,0,1,20353116,5
0,0,1,20353117,5
0,0,1,20353118,5
0,0,1,20353119,5
0,0,1,20353120,5
0,0,1,20353121,5
0,0,1,20353122,5
0,0,1,20353123,5
0,0,1,20353124,5
0,0,1,20353125,5
0,0,1,20353126,5
0,0,1,20353127,5
0,0,1,20353128,5
0,0,1,20353129,5
0,0,1,20353130,5
0,0,1,20353131,5
0,0,1,20353132,5
0,0,1,20353133,5
0,0,1,20353134,5
0,0,1,20353135,5
0,0,1,20353136,5
0,0,1,20353137,5
0,0,1,20353138,5
0,0,1,20353139,5
0,0,1,20353140,5
0,0,1,20353141,5
0,0,1,20353142,5
0,0,1,20353143,5
0,0,1,20353144,5
0,0,1,20353145,5
0,0,1,20353146,5
0,0,1,20353147,5
0,0,1,20353148,5
0,0,1,20353149,5
0,0,1,20353150,5
0,0,1,20353151,5
0,0,1,20353152,5
0,0,1,20353153,5
0,0,1,20353154,5
0,0,1,20353155,5
0,0,1,20353156,5
0,0,1,20353157,5
0,0,1,20353158,5
0,0,1,20353159,5
0,0,1,20353160,5
0,0,1,20353161,5
0,0,1,20353162,5
0,0,1,20353163,5
0,0,1,20353164,5
0,0,1,20353165,5
0,0,1,20353166,5
0,0,1,20353167,5
0,0,1,20353168,5
0,0,1,20353169,5
0,0,1,20353170,5
0,0,1,20353171,5
0,0,1,20353172,5
0,0,1,20353173,5
0,0,1,20353174,5
0,0,1,20353175,5
0,0,1,20353176,5
0,0,1,20353177,5
0,0,1,20353178,5
0,0,1,20353179,5
0,0,1,20353180,5
0,0,1,20353181,5
0,0,1,20353182,5
0,0,1,20353183,5
0,0,1,20353184,5
0,0,1,20353185,5
0,0,1,20353186,5
0,0,1,20353187,5
0,0,1,20353188,5
0,0,1,20353189,5
0,0,1,20353190,5
0,0,1,20353191,5
0,0,1,20353192,5
0,0,1,20353193,5
0,0,1,20353194,5
0,0,1,20353195,5
0,0,1,20353196,5
0,0,1,20353197,5
0,0,1,20353198,5
0,0,1,20353199,5
0,0,1,20353200,5
0,0,1,20353201,5
0,0,1,20353202,5
0,0,1,20353203,5
0,0,1,20353204,5
0,0,1,20353205,5
0,0,1,20353206,5
0,0,1,20353207,5
0,0,1,20353208,5
0,0,1,20353209,5
0,0,1,20353210,5
0,0,1,20353211,5
0,0,1,20353212,5
0,0,1,20353213,5
0,0,1,20353214,5
0,0,1,20353215,5
0,0,1,20353216,5
0,0,1,20353217,5
0,0,1,20353218,5
0,0,1,20353219,5
0,0,1,20353220,5
0,0,1,20353221,5
0,0,1,20353222,5
0,0,1,20353223,5
0,0,1,20353224,5
0,0,1,20353225,5
0,0,1,20353226,5
0,0,1,20353227,5
0,0,1,20353228,5
0,0,1,20353229,5
0,0,1,20353230,5
0,0,1,20353231,5
0,0,1,20353232,5
0,0,1,20353233,5
0,0,1,20353234,5
0,0,1,20353235,5
0,0,1,20353236,5
0,0,1,20353237,5
0,0,1,20353238,5
0,0,1,20353239,5
0,0,1,20353240,5
0,0,1,20353241,5
0,0,1,20353242,5
0,0,1,20353243,5
0,0,1,20353244,5
0,0,1,20353245,5
0,0,1,20353246,5
0,0,1,20353247,5
0,0,1,20353248,5
0,0,1,20353249,5
0,0,1,20353250,5
0,0,1,20353251,5
0,0,1,20353252,5
0,0,1,20353253,5
0,0,1,20353254,5
0,0,1,20353255,5
0,0,1,20353256,5
0,0,1,20353257,5
0,0,1,20353258,5
0,0,1,20353259,5
0,0,1,20353260,5
0,0,1,20353261,5
0,0,1,20353262,5
0,0,1,20353263,5
0,0,1,20353264,5
0,0,1,20353265,5
0,0,1,20353266,5
0,0,1,20353267,5
0,0,1,20353268,5
0,0,1,20353269,5
0,0,1,20353270,5
0,0,1,20353271,5
0,0,1,20353272,5
0,0,1,20353273,5
0,0,1,20353274,5
0,0,1,20353275,5
0,0,1,20353276,5
0,0,1,20353277,5
0,0,1,20353278,5
0,0,1,20353279,5
0,0,1,20353280,5
0,0,1,20353281,5
0,0,1,20353282,5
0,0,1,20353283,5
0,0,1,20353284,5
0,0,1,20353285,5
0,0,1,20353286,5
0,0,1,20353287,5
0,0,1,20353288,5
0,0,1,20353289,5
0,0,1,20353290,5
0,0,1,20353291,5
0,0,1,20353292,5
0,0,1,20353293,5
0,0,1,20353294,5
0,0,1,20353295,5
0,0,1,20353296,5
0,0,1,20353297,5
0,0,1,20353298,5
0,0,1,20353299,5
0,0,1,20353300,5
0,0,1,20353301,5
0,0,1,20353302,5
0,0,1,20353303,5
0,0,1,20353304,5
0,0,1,20353305,5
0,0,1,20353306,5
0,0,1,20353307,5
0,0,1,20353308,5
0,0,1,20353309,5
0,0,1,20353310,5
0,0,1,20353311,5
0,0,1,20353312,5
0,0,1,20353313,5
0,0,1,20353314,5
0,0,1,20353315,5
0,0,1,20353316,5
0,0,1,20353317,5
0,0,1,20353318,5
0,0,1,20353319,5
0,0,1,20353320,5
0,0,1,20353321,5
0,0,1,20353322,5
0,0,1,20353323,5
0,0,1,20353324,5
0,0,1,20353325,5
0,0,1,20353326,5
0,0,1,20353327,5
0,0,1,20353328,5
0,0,1,20353329,5
0,0,1,20353330,5
0,0,1,20353331,5
0,0,1,20353332,5
0,0,1,20353333,5
0,0,1,20353334,5
0,0,1,20353335,5
0,0,1,20353336,5
0,0,1,20353337,5
0,0,1,20353338,5
0,0,1,20353339,5
0,0,1,20353340,5
0,0,1,20353341,5
0,0,1,20353342,5
0,0,1,20353343,5
0,0,1,20353344,5
0,0,1,20353345,5
0,0,1,20353346,5
0,0,1,20353347,5
0,0,1,20353348,5
0,0,1,20353349,5
0,0,1,20353350,5
0,0,1,20353351,5
0,0,1,20353352,5
0,0,1,20353353,5
0,0,1,20353354,5
0,0,1,20353355,5
0,0,1,20353356,5
0,0,1,20353357,5
0,0,1,20353358,5
0,0,1,20353359,5
0,0,1,20353360,5
0,0,1,20353361,5
0,0,1,20353362,5
0,0,1,20353363,5
0,0,1,20353364,5
0,0,1,20353365,5
0,0,1,20353366,5
0,0,1,20353367,5
0,0,1,20353368,5
0,0,1,20353369,5
0,0,1,20353370,5
0,0,1,20353371,5
0,0,1,20353372,5
0,0,1,20353373,5
0,0,1,20353374,5
0,0,1,20353375,5
0,0,1,20353376,5
0,0,1,20353377,5
0,0,1,20353378,5
0,0,1,20353379,5
0,0,1,20353380,5
0,0,1,20353381,5
0,0,1,20353382,5
0,0,1,20353383,5
0,0,1,20353384,5
0,0,1,20353385,5
0,0,1,20353386,5
0,0,1,20353387,5
0,0,1,20353388,5
0,0,1,20353389,5
0,0,1,20353390,5
0,0,1,20353391,5
0,0,1,20353392,5
0,0,1,20353393,5
0,0,1,20353394,5
0,0,1,20353395,5
0,0,1,20353396,5
0,0,1,20353397,5
0,0,1,20353398,5
0,0,1,20353399,5
0,0,1,20353400,5
0,0,1,20353401,5
0,0,1,20353402,5
0,0,1,20353403,5
0,0,1,20353404,5
0,0,1,20353405,5
0,0,1,20353406,5
0,0,1,20353407,5
0,0,1,20353408,5
0,0,1,20353409,5
0,0,1,20353410,5
0,0,1,20353411,5
0,0,1,20353412,5
0,0,1,20353413,5
0,0,1,20353414,5
0,0,1,20353415,5
0,0,1,20353416,5
0,0,1,20353417,5
0,0,1,20353418,5
0,0,1,20353419,5
0,0,1,20353420,5
0,0,1,20353421,5
0,0,1,20353422,5
0,0,1,20353423,5
0,0,1,20353424,5
0,0,1,20353425,5
0,0,1,20353426,5
0,0,1,20353427,5
0,0,1,20353428,5
0,0,1,20353429,5
0,0,1,20353430,5
0,0,1,20353431,5
0,0,1,20353432,5
0,0,1,20353433,5
0,0,1,20353434,5
0,0,1,20353435,5
0,0,1,20353436,5
0,0,1,20353437,5
0,0,1,20353438,5
0,0,1,20353439,5
0,0,1,20353440,5
0,0,1,20353441,5
0,0,1,20353442,5
0,0,1,20353443,5
0,0,1,20353444,5
0,0,1,20353445,5
0,0,1,20353446,5
0,0,1,20353447,5
0,0,1,20353448,5
0,0,1,20353449,5
0,0,1,20353450,5
0,0,1,20353451,5
0,0,1,20353452,5
0,0,1,20353453,5
0,0,1,20353454,5
0,0,1,20353455,5
0,0,1,20353456,5
0,0,1,20353457,5
0,0,1,20353458,5
0,0,1,20353459,5
0,0,1,20353460,5
0,0,1,20353461,5
0,0,1,20353462,5
0,0,1,20353463,5
0,0,1,20353464,5
0,0,1,20353465,5
0,0,1,20353466,5
0,0,1,20353467,5
0,0,1,20353468,5
0,0,1,20353469,5
0,0,1,20353470,5
0,0,1,20353471,5
0,0,1,20353472,5
0,0,1,20353473,5
0,0,1,20353474,5
0,0,1,20353475,5
0,0,1,20353476,5
0,0,1,20353477,5
0,0,1,20353478,5
0,0,1,20353479,5
0,0,1,20353480,5
0,0,1,20353481,5
0,0,1,20353482,5
0,0,1,20353483,5
0,0,1,20353484,5
0,0,1,20353485,5
0,0,1,20353486,5
0,0,1,20353487,5
0,0,1,20353488,5
0,0,1,20353489,5
0,0,1,20353490,5
0,0,1,20353491,5
0,0,1,20353492,5
0,0,1,20353493,5
0,0,1,20353494,5
0,0,1,20353495,5
0,0,1,20353496,5
0,0,1,20353497,5
0,0,1,20353498,5
0,0,1,20353499,5
0,0,1,20353500,5
0,0,1,20353501,5
0,0,1,20353502,5
0,0,1,20353503,5
0,0,1,20353504,5
0,0,1,20353505,5
0,0,1,20353506,5
0,0,1,20353507,5
0,0,1,20353508,5
0,0,1,20353509,5
0,0,1,20353510,5
0,0,1,20353511,5
0,0,1,20353512,5
0,0,1,20353513,5
0,0,1,20353514,5
0,0,1,20353515,5
0,0,1,20353516,5
0,0,1,20353517,5
0,0,1,20353518,5
0,0,1,20353519,5
0,0,1,20353520,5
0,0,1,20353521,5
0,0,1,20353522,5
0,0,1,20353523,5
0,0,1,20353524,5
0,0,1,20353525,5
0,0,1,20353526,5
0,0,1,20353527,5
0,0,1,20353528,5
0,0,1,20353529,5
0,0,1,20353530,5
0,0,1,20353531,5
0,0,1,20353532,5
0,0,1,20353533,5
0,0,1,20353534,5
0,0,1,20353535,5
0,0,1,20353536,5
0,0,1,20353537,5
0,0,1,20353538,5
0,0,1,20353539,5
0,0,1,20353540,5
0,0,1,20353541,5
0,0,1,20353542,5
0,0,1,20353543,5
0,0,1,20353544,5
0,0,1,20353545,5
0,0,1,20353546,5
0,0,1,20353547,5
0,0,1,20353548,5
0,0,1,20353549,5
0,0,1,20353550,5
0,0,1,20353551,5
0,0,1,20353552,5
0,0,1,20353553,5
0,0,1,20353554,5
0,0,1,20353555,5
0,0,1,20353556,5
0,0,1,20353557,5
0,0,1,20353558,5
0,0,1,20353559,5
0,0,1,20353560,5
0,0,1,20353561,5
0,0,1,20353562,5
0,0,1,20353563,5
0,0,1,20353564,5
0,0,1,20353565,5
0,0,1,20353566,5
0,0,1,20353567,5
0,0,1,20353568,5
0,0,1,20353569,5
0,0,1,20353570,5
0,0,1,20353571,5
0,0,1,20353572,5
0,0,1,20353573,5
0,0,1,20353574,5
0,0,1,20353575,5
0,0,1,20353576,5
0,0,1,20353577,5
0,0,1,20353578,5
0,0,1,20353579,5
0,0,1,20353580,5
0,0,1,20353581,5
0,0,1,20353582,5
0,0,1,20353583,5
0,0,1,20353584,5
0,0,1,20353585,5
0,0,1,20353586,5
0,0,1,20353587,5
0,0,1,20353588,5
0,0,1,20353589,5
0,0,1,20353590,5
0,0,1,20353591,5
0,0,1,20353592,5
0,0,1,20353593,5
0,0,1,20353594,5
0,0,1,20353595,5
0,0,1,20353596,5
0,0,1,20353597,5
0,0,1,20353598,5
0,0,1,20353599,5
0,0,1,20353600,5
0,0,1,20353601,5
0,0,1,20353602,5
0,0,1,20353603,5
0,0,1,20353604,5
0,0,1,20353605,5
0,0,1,20353606,5
0,0,1,20353607,5
0,0,1,20353608,5
0,0,1,20353609,5
0,0,1,20353610,5
0,0,1,20353611,5
0,0,1,20353612,5
0,0,1,20353613,5
0,0,1,20353614,5
0,0,1,20353615,5
0,0,1,20353616,5
0,0,1,20353617,5
0,0,1,20353618,5
0,0,1,20353619,5
0,0,1,20353620,5
0,0,1,20353621,5
0,0,1,20353622,5
0,0,1,20353623,5
0,0,1,20353624,5
0,0,1,20353625,5
0,0,1,20353626,5
0,0,1,20353627,5
0,0,1,20353628,5
0,0,1,20353629,5
0,0,1,20353630,5
0,0,1,20353631,5
0,0,1,20353632,5
0,0,1,20353633,5
0,0,1,20353634,5
0,0,1,20353635,5
0,0,1,20353636,5
0,0,1,20353637,5
0,0,1,20353638,5
0,0,1,20353639,5
0,0,1,20353640,5
0,0,1,20353641,5
0,0,1,20353642,5
0,0,1,20353643,5
0,0,1,20353644,5
0,0,1,20353645,5
0,0,1,20353646,5
0,0,1,20353647,5
0,0,1,20353648,5
0,0,1,20353649,5
0,0,1,20353650,5
0,0,1,20353651,5
0,0,1,20353652,5
0,0,1,20353653,5
0,0,1,20353654,5
0,0,1,20353655,5
0,0,1,20353656,5
0,0,1,20353657,5
0,0,1,20353658,5
0,0,1,20353659,5
0,0,1,20353660,5
0,0,1,20353661,5
0,0,1,20353662,5
0,0,1,20353663,5
0,0,1,20353664,5
0,0,1,20353665,5
0,0,1,20353666,5
0,0,1,20353667,5
0,0,1,20353668,5
0,0,1,20353669,5
0,0,1,20353670,5
0,0,1,20353671,5
0,0,1,20353672,5
0,0,1,20353673,5
0,0,1,20353674,5
0,0,1,20353675,5
0,0,1,20353676,5
0,0,1,20353677,5
0,0,1,20353678,5
0,0,1,20353679,5
0,0,1,20353680,5
0,0,1,20353681,5
0,0,1,20353682,5
0,0,1,20353683,5
0,0,1,20353684,5
0,0,1,20353685,5
0,0,1,20353686,5
0,0,1,20353687,5
0,0,1,20353688,5
0,0,1,20353689,5
0,0,1,20353690,5
0,0,1,20353691,5
0,0,1,20353692,5
0,0,1,20353693,5
0,0,1,20353694,5
0,0,1,20353695,5
0,0,1,20353696,5
0,0,1,20353697,5
0,0,1,20353698,5
0,0,1,20353699,5
0,0,1,20353700,5
0,0,1,20353701,5
0,0,1,20353702,5
0,0,1,20353703,5
0,0,1,20353704,5
0,0,1,20353705,5
0,0,1,20353706,5
0,0,1,20353707,5
0,0,1,20353708,5
0,0,1,20353709,5
0,0,1,20353710,5
0,0,1,20353711,5
0,0,1,20353712,5
0,0,1,20353713,5
0,0,1,20353714,5
0,0,1,20353715,5
0,0,1,20353716,5
0,0,1,20353717,5
0,0,1,20353718,5
0,0,1,20353719,5
0,0,1,20353720,5
0,0,1,20353721,5
0,0,1,20353722,5
0,0,1,20353723,5
0,0,1,20353724,5
0,0,1,20353725,5
0,0,1,20353726,5
0,0,1,20353727,5
0,0,1,20353728,5
0,0,1,20353729,5
0,0,1,20353730,5
0,0,1,20353731,5
0,0,1,20353732,5
0,0,1,20353733,5
0,0,1,20353734,5
0,0,1,20353735,5
0,0,1,20353736,5
0,0,1,20353737,5
0,0,1,20353738,5
0,0,1,20353739,5
0,0,1,20353740,5
0,0,1,20353741,5
0,0,1,20353742,5
0,0,1,20353743,5
0,0,1,20353744,5
0,0,1,20353745,5
0,0,1,20353746,5
0,0,1,20353747,5
0,0,1,20353748,5
0,0,1,20353749,5
0,0,1,20353750,5
0,0,1,20353751,5
0,0,1,20353752,5
0,0,1,20353753,5
0,0,1,20353754,5
0,0,1,20353755,5
0,0,1,20353756,5
0,0,1,20353757,5
0,0,1,20353758,5
0,0,1,20353759,5
0,0,1,20353760,5
0,0,1,20353761,5
0,0,1,20353762,5
0,0,1,20353763,5
0,0,1,20353764,5
0,0,1,20353765,5
0,0,1,20353766,5
0,0,1,20353767,5
0,0,1,20353768,5
0,0,1,20353769,5
0,0,1,20353770,5
0,0,1,20353771,5
0,0,1,20353772,5
0,0,1,20353773,5
0,0,1,20353774,5
0,0,1,20353775,5
0,0,1,20353776,5
0,0,1,20353777,5
0,0,1,20353778,5
0,0,1,20353779,5
0,0,1,20353780,5
0,0,1,20353781,5
0,0,1,20353782,5
0,0,1,20353783,5
0,0,1,20353784,5
0,0,1,20353785,5
0,0,1,20353786,5
0,0,1,20353787,5
0,0,1,20353788,5
0,0,1,20353789,5
0,0,1,20353790,5
0,0,1,20353791,5
0,0,1,20353792,5
0,0,1,20353793,5
0,0,1,20353794,5
0,0,1,20353795,5
0,0,1,20353796,5
0,0,1,20353797,5
0,0,1,20353798,5
0,0,1,20353799,5
0,0,1,20353800,5
0,0,1,20353801,5
0,0,1,20353802,5
0,0,1,20353803,5
0,0,1,20353804,5
0,0,1,20353805,5
0,0,1,20353806,5
0,0,1,20353807,5
0,0,1,20353808,5
0,0,1,20353809,5
0,0,1,20353810,5
0,0,1,20353811,5
0,0,1,20353812,5
0,0,1,20353813,5
0,0,1,20353814,5
0,0,1,20353815,5
0,0,1,20353816,5
0,0,1,20353817,5
0,0,1,20353818,5
0,0,1,20353819,5
0,0,1,20353820,5
0,0,1,20353821,5
0,0,1,20353822,5
0,0,1,20353823,5
0,0,1,20353824,5
0,0,1,20353825,5
0,0,1,20353826,5
0,0,1,20353827,5
0,0,1,20353828,5
0,0,1,20353829,5
0,0,1,20353830,5
0,0,1,20353831,5
0,0,1,20353832,5
0,0,1,20353833,5
0,0,1,20353834,5
0,0,1,20353835,5
0,0,1,20353836,5
0,0,1,20353837,5
0,0,1,20353838,5
0,0,1,20353839,5
0,0,1,20353840,5
0,0,1,20353841,5
0,0,1,20353842,5
0,0,1,20353843,5
0,0,1,20353844,5
0,0,1,20353845,5
0,0,1,20353846,5
0,0,1,20353847,5
0,0,1,20353848,5
0,0,1,20353849,5
0,0,1,20353850,5
0,0,1,20353851,5
0,0,1,20353852,5
0,0,1,20353853,5
0,0,1,20353854,5
0,0,1,20353855,5
0,0,1,20353856,5
0,0,1,20353857,5
0,0,1,20353858,5
0,0,1,20353859,5
0,0,1,20353860,5
0,0,1,20353861,5
0,0,1,20353862,5
0,0,1,20353863,5
0,0,1,20353864,5
0,0,1,20353865,5
0,0,1,20353866,5
0,0,1,20353867,5
0,0,1,20353868,5
0,0,1,20353869,5
0,0,1,20353870,5
0,0,1,20353871,5
0,0,1,20353872,5
0,0,1,20353873,5
0,0,1,20353874,5
0,0,1,20353875,5
0,0,1,20353876,5
0,0,1,20353877,5
0,0,1,20353878,5
0,0,1,20353879,5
0,0,1,20353880,5
0,0,1,20353881,5
0,0,1,20353882,5
0,0,1,20353883,5
0,0,1,20353884,5
0,0,1,20353885,5
0,0,1,20353886,5
0,0,1,20353887,5
0,0,1,20353888,5
0,0,1,20353889,5
0,0,1,20353890,5
0,0,1,20353891,5
0,0,1,20353892,5
0,0,1,20353893,5
0,0,1,20353894,5
0,0,1,20353895,5
0,0,1,20353896,5
0,0,1,20353897,5
0,0,1,20353898,5
0,0,1,20353899,5
0,0,1,20353900,5
0,0,1,20353901,5
0,0,1,20353902,5
0,0,1,20353903,5
0,0,1,20353904,5
0,0,1,20353905,5
0,0,1,20353906,5
0,0,1,20353907,5
0,0,1,20353908,5
0,0,1,20353909,5
0,0,1,20353910,5
0,0,1,20353911,5
0,0,1,20353912,5
0,0,1,20353913,5
0,0,1,20353914,5
0,0,1,20353915,5
0,0,1,20353916,5
0,0,1,20353917,5
0,0,1,20353918,5
0,0,1,20353919,5
0,0,1,20353920,5
0,0,1,20353921,5
0,0,1,20353922,5
0,0,1,20353923,5
0,0,1,20353924,5
0,0,1,20353925,5
0,0,1,20353926,5
0,0,1,20353927,5
0,0,1,20353928,5
0,0,1,20353929,5
0,0,1,20353930,5
0,0,1,20353931,5
0,0,1,20353932,5
0,0,1,20353933,5
0,0,1,20353934,5
0,0,1,20353935,5
0,0,1,20353936,5
0,0,1,20353937,5
0,0,1,20353938,5
0,0,1,20353939,5
0,0,1,20353940,5
0,0,1,20353941,5
0,0,1,20353942,5
0,0,1,20353943,5
0,0,1,20353944,5
0,0,1,20353945,5
0,0,1,20353946,5
0,0,1,20353947,5
0,0,1,20353948,5
0,0,1,20353949,5
0,0,1,20353950,5
0,0,1,20353951,5
0,0,1,20353952,5
0,0,1,20353953,5
0,0,1,20353954,5
0,0,1,20353955,5
0,0,1,20353956,5
0,0,1,20353957,5
0,0,1,20353958,5
0,0,1,20353959,5
0,0,1,20353960,5
0,0,1,20353961,5
0,0,1,20353962,5
0,0,1,20353963,5
0,0,1,20353964,5
0,0,1,20353965,5
0,0,1,20353966,5
0,0,1,20353967,5
0,0,1,20353968,5
0,0,1,20353969,5
0,0,1,20353970,5
0,0,1,20353971,5
0,0,1,20353972,5
0,0,1,20353973,5
0,0,1,20353974,5
0,0,1,20353975,5
0,0,1,20353976,5
0,0,1,20353977,5
0,0,1,20353978,5
0,0,1,20353979,5
0,0,1,20353980,5
0,0,1,20353981,5
0,0,1,20353982,5
0,0,1,20353983,5
0,0,1,20353984,5
0,0,1,20353985,5
0,0,1,20353986,5
0,0,1,20353987,5
0,0,1,20353988,5
0,0,1,20353989,5
0,0,1,20353990,5
0,0,1,20353991,5
0,0,1,20353992,5
0,0,1,20353993,5
0,0,1,20353994,5
0,0,1,20353995,5
0,0,1,20353996,5
0,0,1,20353997,5
0,0,1,20353998,5
0,0,1,20353999,5
0,0,1,20354000,5
0,0,1,20354001,5
0,0,1,20354002,5
0,0,1,20354003,5
0,0,1,20354004,5
0,0,1,20354005,5
0,0,1,20354006,5
0,0,1,20354007,5
0,0,1,20354008,5
0,0,1,20354009,5
0,0,1,20354010,5
0,0,1,20354011,5
0,0,1,20354012,5
0,0,1,20354013,5
0,0,1,20354014,5
0,0,1,20354015,5
0,0,1,20354016,5
0,0,1,20354017,5
0,0,1,20354018,5
0,0,1,20354019,5
0,0,1,20354020,5
0,0,1,20354021,5
0,0,1,20354022,5
0,0,1,20354023,5
0,0,1,20354024,5
0,0,1,20354025,5
0,0,1,20354026,5
0,0,1,20354027,5
0,0,1,20354028,5
0,0,1,20354029,5
0,0,1,20354030,5
0,0,1,20354031,5
0,0,1,20354032,5
0,0,1,20354033,5
0,0,1,20354034,5
0,0,1,20354035,5
0,0,1,20354036,5
0,0,1,20354037,5
0,0,1,20354038,5
0,0,1,20354039,5
0,0,1,20354040,5
0,0,1,20354041,5
0,0,1,20354042,5
0,0,1,20354043,5
0,0,1,20354044,5
0,0,1,20354045,5
0,0,1,20354046,5
0,0,1,20354047,5
0,0,1,20354048,5
0,0,1,20354049,5
0,0,1,20354050,5
0,0,1,20354051,5
0,0,1,20354052,5
0,0,1,20354053,5
0,0,1,20354054,5
0,0,1,20354055,5
0,0,1,20354056,5
0,0,1,20354057,5
0,0,1,20354058,5
0,0,1,20354059,5
0,0,1,20354060,5
0,0,1,20354061,5
0,0,1,20354062,5
0,0,1,20354063,5
0,0,1,20354064,5
0,0,1,20354065,5
0,0,1,20354066,5
0,0,1,20354067,5
0,0,1,20354068,5
0,0,1,20354069,5
0,0,1,20354070,5
0,0,1,20354071,5
0,0,1,20354072,5
0,0,1,20354073,5
0,0,1,20354074,5
0,0,1,20354075,5
0,0,1,20354076,5
0,0,1,20354077,5
0,0,1,20354078,5
0,0,1,20354079,5
0,0,1,20354080,5
0,0,1,20354081,5
0,0,1,20354082,5
0,0,1,20354083,5
0,0,1,20354084,5
0,0,1,20354085,5
0,0,1,20354086,5
0,0,1,20354087,5
0,0,1,20354088,5
0,0,1,20354089,5
0,0,1,20354090,5
0,0,1,20354091,5
0,0,1,20354092,5
0,0,1,20354093,5
0,0,1,20354094,5
0,0,1,20354095,5
0,0,1,20354096,5
0,0,1,20354097,5
0,0,1,20354098,5
0,0,1,20354099,5
0,0,1,20354100,5
0,0,1,20354101,5
0,0,1,20354102,5
0,0,1,20354103,5
0,0,1,20354104,5
0,0,1,20354105,5
0,0,1,20354106,5
0,0,1,20354107,5
0,0,1,20354108,5
0,0,1,20354109,5
0,0,1,20354110,5
0,0,1,20354111,5
0,0,1,20354112,5
0,0,1,20354113,5
0,0,1,20354114,5
0,0,1,20354115,5
0,0,1,20354116,5
0,0,1,20354117,5
0,0,1,20354118,5
0,0,1,20354119,5
0,0,1,20354120,5
0,0,1,20354121,5
0,0,1,20354122,5
0,0,1,20354123,5
0,0,1,20354124,5
0,0,1,20354125,5
0,0,1,20354126,5
0,0,1,20354127,5
0,0,1,20354128,5
0,0,1,20354129,5
0,0,1,20354130,5
0,0,1,20354131,5
0,0,1,20354132,5
0,0,1,20354133,5
0,0,1,20354134,5
0,0,1,20354135,5
0,0,1,20354136,5
0,0,1,20354137,5
0,0,1,20354138,5
0,0,1,20354139,5
0,0,1,20354140,5
0,0,1,20354141,5
0,0,1,20354142,5
0,0,1,20354143,5
0,0,1,20354144,5
0,0,1,20354145,5
0,0,1,20354146,5
0,0,1,20354147,5
0,0,1,20354148,5
0,0,1,20354149,5
0,0,1,20354150,5
0,0,1,20354151,5
0,0,1,20354152,5
0,0,1,20354153,5
0,0,1,20354154,5
0,0,1,20354155,5
0,0,1,20354156,5
0,0,1,20354157,5
0,0,1,20354158,5
0,0,1,20354159,5
0,0,1,20354160,5
0,0,1,20354161,5
0,0,1,20354162,5
0,0,1,20354163,5
0,0,1,20354164,5
0,0,1,20354165,5
0,0,1,20354166,5
0,0,1,20354167,5
0,0,1,20354168,5
0,0,1,20354169,5
0,0,1,20354170,5
0,0,1,20354171,5
0,0,1,20354172,5
0,0,1,20354173,5
0,0,1,20354174,5
0,0,1,20354175,5
0,0,1,20354176,5
0,0,1,20354177,5
0,0,1,20354178,5
0,0,1,20354179,5
0,0,1,20354180,5
0,0,1,20354181,5
0,0,1,20354182,5
0,0,1,20354183,5
0,0,1,20354184,5
0,0,1,20354185,5
0,0,1,20354186,5
0,0,1,20354187,5
0,0,1,20354188,5
0,0,1,20354189,5
0,0,1,20354190,5
0,0,1,20354191,5
0,0,1,20354192,5
0,0,1,20354193,5
0,0,1,20354194,5
0,0,1,20354195,5
0,0,1,20354196,5
0,0,1,20354197,5
0,0,1,20354198,5
0,0,1,20354199,5
0,0,1,20354200,5
0,0,1,20354201,5
0,0,1,20354202,5
0,0,1,20354203,5
0,0,1,20354204,5
0,0,1,20354205,5
0,0,1,20354206,5
0,0,1,20354207,5
0,0,1,20354208,5
0,0,1,20354209,5
0,0,1,20354210,5
0,0,1,20354211,5
0,0,1,20354212,5
0,0,1,20354213,5
0,0,1,20354214,5
0,0,1,20354215,5
0,0,1,20354216,5
0,0,1,20354217,5
0,0,1,20354218,5
0,0,1,20354219,5
0,0,1,20354220,5
0,0,1,20354221,5
0,0,1,20354222,5
0,0,1,20354223,5
0,0,1,20354224,5
0,0,1,20354225,5
0,0,1,20354226,5
0,0,1,20354227,5
0,0,1,20354228,5
0,0,1,20354229,5
0,0,1,20354230,5
0,0,1,20354231,5
0,0,1,20354232,5
0,0,1,20354233,5
0,0,1,20354234,5
0,0,1,20354235,5
0,0,1,20354236,5
0,0,1,20354237,5
0,0,1,20354238,5
0,0,1,20354239,5
0,0,1,20354240,5
0,0,1,20354241,5
0,0,1,20354242,5
0,0,1,20354243,5
0,0,1,20354244,5
0,0,1,20354245,5
0,0,1,20354246,5
0,0,1,20354247,5
0,0,1,20354248,5
0,0,1,20354249,5
0,0,1,20354250,5
0,0,1,20354251,5
0,0,1,20354252,5
0,0,1,20354253,5
0,0,1,20354254,5
0,0,1,20354255,5
0,0,1,20354256,5
0,0,1,20354257,5
0,0,1,20354258,5
0,0,1,20354259,5
0,0,1,20354260,5
0,0,1,20354261,5
0,0,1,20354262,5
0,0,1,20354263,5
0,0,1,20354264,5
0,0,1,20354265,5
0,0,1,20354266,5
0,0,1,20354267,5
0,0,1,20354268,5
0,0,1,20354269,5
0,0,1,20354270,5
0,0,1,20354271,5
0,0,1,20354272,5
0,0,1,20354273,5
0,0,1,20354274,5
0,0,1,20354275,5
0,0,1,20354276,5
0,0,1,20354277,5
0,0,1,20354278,5
0,0,1,20354279,5
0,0,1,20354280,5
0,0,1,20354281,5
0,0,1,20354282,5
0,0,1,20354283,5
0,0,1,20354284,5
0,0,1,20354285,5
0,0,1,20354286,5
0,0,1,20354287,5
0,0,1,20354288,5
0,0,1,20354289,5
0,0,1,20354290,5
0,0,1,20354291,5
0,0,1,20354292,5
0,0,1,20354293,5
0,0,1,20354294,5
0,0,1,20354295,5
0,0,1,20354296,5
0,0,1,20354297,5
0,0,1,20354298,5
0,0,1,20354299,5
0,0,1,20354300,5
0,0,1,20354301,5
0,0,1,20354302,5
0,0,1,20354303,5
0,0,1,20354304,5
0,0,1,20354305,5
0,0,1,20354306,5
0,0,1,20354307,5
0,0,1,20354308,5
0,0,1,20354309,5
0,0,1,20354310,5
0,0,1,20354311,5
0,0,1,20354312,5
0,0,1,20354313,5
0,0,1,20354314,5
0,0,1,20354315,5
0,0,1,20354316,5
0,0,1,20354317,5
0,0,1,20354318,5
0,0,1,20354319,5
0,0,1,20354320,5
0,0,1,20354321,5
0,0,1,20354322,5
0,0,1,20354323,5
0,0,1,20354324,5
0,0,1,20354325,5
0,0,1,20354326,5
0,0,1,20354327,5
0,0,1,20354328,5
0,0,1,20354329,5
0,0,1,20354330,5
0,0,1,20354331,5
0,0,1,20354332,5
0,0,1,20354333,5
0,0,1,20354334,5
0,0,1,20354335,5
0,0,1,20354336,5
0,0,1,20354337,5
0,0,1,20354338,5
0,0,1,20354339,5
0,0,1,20354340,5
0,0,1,20354341,5
0,0,1,20354342,5
0,0,1,20354343,5
0,0,1,20354344,5
0,0,1,20354345,5
0,0,1,20354346,5
0,0,1,20354347,5
0,0,1,20354348,5
0,0,1,20354349,5
0,0,1,20354350,5
0,0,1,20354351,5
0,0,1,20354352,5
0,0,1,20354353,5
0,0,1,20354354,5
0,0,1,20354355,5
0,0,1,20354356,5
0,0,1,20354357,5
0,0,1,20354358,5
0,0,1,20354359,5
0,0,1,20354360,5
0,0,1,20354361,5
0,0,1,20354362,5
0,0,1,20354363,5
0,0,1,20354364,5
0,0,1,20354365,5
0,0,1,20354366,5
0,0,1,20354367,5
0,0,1,20354368,5
0,0,1,20354369,5
0,0,1,20354370,5
0,0,1,20354371,5
0,0,1,20354372,5
0,0,1,20354373,5
0,0,1,20354374,5
0,0,1,20354375,5
0,0,1,20354376,5
0,0,1,20354377,5
0,0,1,20354378,5
0,0,1,20354379,5
0,0,1,20354380,5
0,0,1,20354381,5
0,0,1,20354382,5
0,0,1,20354383,5
0,0,1,20354384,5
0,0,1,20354385,5
0,0,1,20354386,5
0,0,1,20354387,5
0,0,1,20354388,5
0,0,1,20354389,5
0,0,1,20354390,5
0,0,1,20354391,5
0,0,1,20354392,5
0,0,1,20354393,5
0,0,1,20354394,5
0,0,1,20354395,5
0,0,1,20354396,5
0,0,1,20354397,5
0,0,1,20354398,5
0,0,1,20354399,5
0,0,1,20354400,5
0,0,1,20354401,5
0,0,1,20354402,5
0,0,1,20354403,5
0,0,1,20354404,5
0,0,1,20354405,5
0,0,1,20354406,5
0,0,1,20354407,5
0,0,1,20354408,5
0,0,1,20354409,5
0,0,1,20354410,5
0,0,1,20354411,5
0,0,1,20354412,5
0,0,1,20354413,5
0,0,1,20354414,5
0,0,1,20354415,5
0,0,1,20354416,5
0,0,1,20354417,5
0,0,1,20354418,5
0,0,1,20354419,5
0,0,1,20354420,5
0,0,1,20354421,5
0,0,1,20354422,5
0,0,1,20354423,5
0,0,1,20354424,5
0,0,1,20354425,5
0,0,1,20354426,5
0,0,1,20354427,5
0,0,1,20354428,5
0,0,1,20354429,5
0,0,1,20354430,5
0,0,1,20354431,5
0,0,1,20354432,5
0,0,1,20354433,5
0,0,1,20354434,5
0,0,1,20354435,5
0,0,1,20354436,5
0,0,1,20354437,5
0,0,1,20354438,5
0,0,1,20354439,5
0,0,1,20354440,5
0,0,1,20354441,5
0,0,1,20354442,5
0,0,1,20354443,5
0,0,1,20354444,5
0,0,1,20354445,5
0,0,1,20354446,5
0,0,1,20354447,5
0,0,1,20354448,5
0,0,1,20354449,5
0,0,1,20354450,5
0,0,1,20354451,5
0,0,1,20354452,5
0,0,1,20354453,5
0,0,1,20354454,5
0,0,1,20354455,5
0,0,1,20354456,5
0,0,1,20354457,5
0,0,1,20354458,5
0,0,1,20354459,5
0,0,1,20354460,5
0,0,1,20354461,5
0,0,1,20354462,5
0,0,1,20354463,5
0,0,1,20354464,5
0,0,1,20354465,5
0,0,1,20354466,5
0,0,1,20354467,5
0,0,1,20354468,5
0,0,1,20354469,5
0,0,1,20354470,5
0,0,1,20354471,5
0,0,1,20354472,5
0,0,1,20354473,5
0,0,1,20354474,5
0,0,1,20354475,5
0,0,1,20354476,5
0,0,1,20354477,5
0,0,1,20354478,5
0,0,1,20354479,5
0,0,1,20354480,5
0,0,1,20354481,5
0,0,1,20354482,5
0,0,1,20354483,5
0,0,1,20354484,5
0,0,1,20354485,5
0,0,1,20354486,5
0,0,1,20354487,5
0,0,1,20354488,5
0,0,1,20354489,5
0,0,1,20354490,5
0,0,1,20354491,5
0,0,1,20354492,5
0,0,1,20354493,5
0,0,1,20354494,5
0,0,1,20354495,5
0,0,1,20354496,5
0,0,1,20354497,5
0,0,1,20354498,5
0,0,1,20354499,5
0,0,1,20354500,5
0,0,1,20354501,5
0,0,1,20354502,5
0,0,1,20354503,5
0,0,1,20354504,5
0,0,1,20354505,5
0,0,1,20354506,5
0,0,1,20354507,5
0,0,1,20354508,5
0,0,1,20354509,5
0,0,1,20354510,5
0,0,1,20354511,5
0,0,1,20354512,5
0,0,1,20354513,5
0,0,1,20354514,5
0,0,1,20354515,5
0,0,1,20354516,5
0,0,1,20354517,5
0,0,1,20354518,5
0,0,1,20354519,5
0,0,1,20354520,5
0,0,1,20354521,5
0,0,1,20354522,5
0,0,1,20354523,5
0,0,1,20354524,5
0,0,1,20354525,5
0,0,1,20354526,5
0,0,1,20354527,5
0,0,1,20354528,5
0,0,1,20354529,5
0,0,1,20354530,5
0,0,1,20354531,5
0,0,1,20354532,5
0,0,1,20354533,5
0,0,1,20354534,5
0,0,1,20354535,5
0,0,1,20354536,5
0,0,1,20354537,5
0,0,1,20354538,5
0,0,1,20354539,5
0,0,1,20354540,5
0,0,1,20354541,5
0,0,1,20354542,5
0,0,1,20354543,5
0,0,1,20354544,5
0,0,1,20354545,5
0,0,1,20354546,5
0,0,1,20354547,5
0,0,1,20354548,5
0,0,1,20354549,5
0,0,1,20354550,5
0,0,1,20354551,5
0,0,1,20354552,5
0,0,1,20354553,5
0,0,1,20354554,5
0,0,1,20354555,5
0,0,1,20354556,5
0,0,1,20354557,5
0,0,1,20354558,5
0,0,1,20354559,5
0,0,1,20354560,5
0,0,1,20354561,5
0,0,1,20354562,5
0,0,1,20354563,5
0,0,1,20354564,5
0,0,1,20354565,5
0,0,1,20354566,5
0,0,1,20354567,5
0,0,1,20354568,5
0,0,1,20354569,5
0,0,1,20354570,5
0,0,1,20354571,5
0,0,1,20354572,5
0,0,1,20354573,5
0,0,1,20354574,5
0,0,1,20354575,5
0,0,1,20354576,5
0,0,1,20354577,5
0,0,1,20354578,5
0,0,1,20354579,5
0,0,1,20354580,5
0,0,1,20354581,5
0,0,1,20354582,5
0,0,1,20354583,5
0,0,1,20354584,5
0,0,1,20354585,5
0,0,1,20354586,5
0,0,1,20354587,5
0,0,1,20354588,5
0,0,1,20354589,5
0,0,1,20354590,5
0,0,1,20354591,5
0,0,1,20354592,5
0,0,1,20354593,5
0,0,1,20354594,5
0,0,1,20354595,5
0,0,1,20354596,5
0,0,1,20354597,5
0,0,1,20354598,5
0,0,1,20354599,5
0,0,1,20354600,5
0,0,1,20354601,5
0,0,1,20354602,5
0,0,1,20354603,5
0,0,1,20354604,5
0,0,1,20354605,5
0,0,1,20354606,5
0,0,1,20354607,5
0,0,1,20354608,5
0,0,1,20354609,5
0,0,1,20354610,5
0,0,1,20354611,5
0,0,1,20354612,5
0,0,1,20354613,5
0,0,1,20354614,5
0,0,1,20354615,5
0,0,1,20354616,5
0,0,1,20354617,5
0,0,1,20354618,5
0,0,1,20354619,5
0,0,1,20354620,5
0,0,1,20354621,5
0,0,1,20354622,5
0,0,1,20354623,5
0,0,1,20354624,5
0,0,1,20354625,5
0,0,1,20354626,5
0,0,1,20354627,5
0,0,1,20354628,5
0,0,1,20354629,5
0,0,1,20354630,5
0,0,1,20354631,5
0,0,1,20354632,5
0,0,1,20354633,5
0,0,1,20354634,5
0,0,1,20354635,5
0,0,1,20354636,5
0,0,1,20354637,5
0,0,1,20354638,5
0,0,1,20354639,5
0,0,1,20354640,5
0,0,1,20354641,5
0,0,1,20354642,5
0,0,1,20354643,5
0,0,1,20354644,5
0,0,1,20354645,5
0,0,1,20354646,5
0,0,1,20354647,5
0,0,1,20354648,5
0,0,1,20354649,5
0,0,1,20354650,5
0,0,1,20354651,5
0,0,1,20354652,5
0,0,1,20354653,5
0,0,1,20354654,5
0,0,1,20354655,5
0,0,1,20354656,5
0,0,1,20354657,5
0,0,1,20354658,5
0,0,1,20354659,5
0,0,1,20354660,5
0,0,1,20354661,5
0,0,1,20354662,5
0,0,1,20354663,5
0,0,1,20354664,5
0,0,1,20354665,5
0,0,1,20354666,5
0,0,1,20354667,5
0,0,1,20354668,5
0,0,1,20354669,5
0,0,1,20354670,5
0,0,1,20354671,5
0,0,1,20354672,5
0,0,1,20354673,5
0,0,1,20354674,5
0,0,1,20354675,5
0,0,1,20354676,5
0,0,1,20354677,5
0,0,1,20354678,5
0,0,1,20354679,5
0,0,1,20354680,5
0,0,1,20354681,5
0,0,1,20354682,5
0,0,1,20354683,5
0,0,1,20354684,5
0,0,1,20354685,5
0,0,1,20354686,5
0,0,1,20354687,5
0,0,1,20354688,5
0,0,1,20354689,5
0,0,1,20354690,5
0,0,1,20354691,5
0,0,1,20354692,5
0,0,1,20354693,5
0,0,1,20354694,5
0,0,1,20354695,5
0,0,1,20354696,5
0,0,1,20354697,5
0,0,1,20354698,5
0,0,1,20354699,5
0,0,1,20354700,5
0,0,1,20354701,5
0,0,1,20354702,5
0,0,1,20354703,5
0,0,1,20354704,5
0,0,1,20354705,5
0,0,1,20354706,5
0,0,1,20354707,5
0,0,1,20354708,5
0,0,1,20354709,5
0,0,1,20354710,5
0,0,1,20354711,5
0,0,1,20354712,5
0,0,1,20354713,5
0,0,1,20354714,5
0,0,1,20354715,5
0,0,1,20354716,5
0,0,1,20354717,5
0,0,1,20354718,5
0,0,1,20354719,5
0,0,1,20354720,5
0,0,1,20354721,5
0,0,1,20354722,5
0,0,1,20354723,5
0,0,1,20354724,5
0,0,1,20354725,5
0,0,1,20354726,5
0,0,1,20354727,5
0,0,1,20354728,5
0,0,1,20354729,5
0,0,1,20354730,5
0,0,1,20354731,5
0,0,1,20354732,5
0,0,1,20354733,5
0,0,1,20354734,5
0,0,1,20354735,5
0,0,1,20354736,5
0,0,1,20354737,5
0,0,1,20354738,5
0,0,1,20354739,5
0,0,1,20354740,5
0,0,1,20354741,5
0,0,1,20354742,5
0,0,1,20354743,5
0,0,1,20354744,5
0,0,1,20354745,5
0,0,1,20354746,5
0,0,1,20354747,5
0,0,1,20354748,5
0,0,1,20354749,5
0,0,1,20354750,5
0,0,1,20354751,5
0,0,1,20354752,5
0,0,1,20354753,5
0,0,1,20354754,5
0,0,1,20354755,5
0,0,1,20354756,5
0,0,1,20354757,5
0,0,1,20354758,5
0,0,1,20354759,5
0,0,1,20354760,5
0,0,1,20354761,5
0,0,1,20354762,5
0,0,1,20354763,5
0,0,1,20354764,5
0,0,1,20354765,5
0,0,1,20354766,5
0,0,1,20354767,5
0,0,1,20354768,5
0,0,1,20354769,5
0,0,1,20354770,5
0,0,1,20354771,5
0,0,1,20354772,5
0,0,1,20354773,5
0,0,1,20354774,5
0,0,1,20354775,5
0,0,1,20354776,5
0,0,1,20354777,5
0,0,1,20354778,5
0,0,1,20354779,5
0,0,1,20354780,5
0,0,1,20354781,5
0,0,1,20354782,5
0,0,1,20354783,5
0,0,1,20354784,5
0,0,1,20354785,5
0,0,1,20354786,5
0,0,1,20354787,5
0,0,1,20354788,5
0,0,1,20354789,5
0,0,1,20354790,5
0,0,1,20354791,5
0,0,1,20354792,5
0,0,1,20354793,5
0,0,1,20354794,5
0,0,1,20354795,5
0,0,1,20354796,5
0,0,1,20354797,5
0,0,1,20354798,5
0,0,1,20354799,5
0,0,1,20354800,5
0,0,1,20354801,5
0,0,1,20354802,5
0,0,1,20354803,5
0,0,1,20354804,5
0,0,1,20354805,5
0,0,1,20354806,5
0,0,1,20354807,5
0,0,1,20354808,5
0,0,1,20354809,5
0,0,1,20354810,5
0,0,1,20354811,5
0,0,1,20354812,5
0,0,1,20354813,5
0,0,1,20354814,5
0,0,1,20354815,5
0,0,1,20354816,5
0,0,1,20354817,5
0,0,1,20354818,5
0,0,1,20354819,5
0,0,1,20354820,5
0,0,1,20354821,5
0,0,1,20354822,5
0,0,1,20354823,5
0,0,1,20354824,5
0,0,1,20354825,5
0,0,1,20354826,5
0,0,1,20354827,5
0,0,1,20354828,5
0,0,1,20354829,5
0,0,1,20354830,5
0,0,1,20354831,5
0,0,1,20354832,5
0,0,1,20354833,5
0,0,1,20354834,5
0,0,1,20354835,5
0,0,1,20354836,5
0,0,1,20354837,5
0,0,1,20354838,5
0,0,1,20354839,5
0,0,1,20354840,5
0,0,1,20354841,5
0,0,1,20354842,5
0,0,1,20354843,5
0,0,1,20354844,5
0,0,1,20354845,5
0,0,1,20354846,5
0,0,1,20354847,5
0,0,1,20354848,5
0,0,1,20354849,5
0,0,1,20354850,5
0,0,1,20354851,5
0,0,1,20354852,5
0,0,1,20354853,5
0,0,1,20354854,5
0,0,1,20354855,5
0,0,1,20354856,5
0,0,1,20354857,5
0,0,1,20354858,5
0,0,1,20354859,5
0,0,1,20354860,5
0,0,1,20354861,5
0,0,1,20354862,5
0,0,1,20354863,5
0,0,1,20354864,5
0,0,1,20354865,5
0,0,1,20354866,5
0,0,1,20354867,5
0,0,1,20354868,5
0,0,1,20354869,5
0,0,1,20354870,5
0,0,1,20354871,5
0,0,1,20354872,5
0,0,1,20354873,5
0,0,1,20354874,5
0,0,1,20354875,5
0,0,1,20354876,5
0,0,1,20354877,5
0,0,1,20354878,5
0,0,1,20354879,5
0,0,1,20354880,5
0,0,1,20354881,5
0,0,1,20354882,5
0,0,1,20354883,5
0,0,1,20354884,5
0,0,1,20354885,5
0,0,1,20354886,5
0,0,1,20354887,5
0,0,1,20354888,5
0,0,1,20354889,5
0,0,1,20354890,5
0,0,1,20354891,5
0,0,1,20354892,5
0,0,1,20354893,5
0,0,1,20354894,5
0,0,1,20354895,5
0,0,1,20354896,5
0,0,1,20354897,5
0,0,1,20354898,5
0,0,1,20354899,5
0,0,1,20354900,5
0,0,1,20354901,5
0,0,1,20354902,5
0,0,1,20354903,5
0,0,1,20354904,5
0,0,1,20354905,5
0,0,1,20354906,5
0,0,1,20354907,5
0,0,1,20354908,5
0,0,1,20354909,5
0,0,1,20354910,5
0,0,1,20354911,5
0,0,1,20354912,5
0,0,1,20354913,5
0,0,1,20354914,5
0,0,1,20354915,5
0,0,1,20354916,5
0,0,1,20354917,5
0,0,1,20354918,5
0,0,1,20354919,5
0,0,1,20354920,5
0,0,1,20354921,5
0,0,1,20354922,5
0,0,1,20354923,5
0,0,1,20354924,5
0,0,1,20354925,5
0,0,1,20354926,5
0,0,1,20354927,5
0,0,1,20354928,5
0,0,1,20354929,5
0,0,1,20354930,5
0,0,1,20354931,5
0,0,1,20354932,5
0,0,1,20354933,5
0,0,1,20354934,5
0,0,1,20354935,5
0,0,1,20354936,5
0,0,1,20354937,5
0,0,1,20354938,5
0,0,1,20354939,5
0,0,1,20354940,5
0,0,1,20354941,5
0,0,1,20354942,5
0,0,1,20354943,5
0,0,1,20354944,5
0,0,1,20354945,5
0,0,1,20354946,5
0,0,1,20354947,5
0,0,1,20354948,5
0,0,1,20354949,5
0,0,1,20354950,5
0,0,1,20354951,5
0,0,1,20354952,5
0,0,1,20354953,5
0,0,1,20354954,5
0,0,1,20354955,5
0,0,1,20354956,5
0,0,1,20354957,5
0,0,1,20354958,5
0,0,1,20354959,5
0,0,1,20354960,5
0,0,1,20354961,5
0,0,1,20354962,5
0,0,1,20354963,5
0,0,1,20354964,5
0,0,1,20354965,5
0,0,1,20354966,5
0,0,1,20354967,5
0,0,1,20354968,5
0,0,1,20354969,5
0,0,1,20354970,5
0,0,1,20354971,5
0,0,1,20354972,5
0,0,1,20354973,5
0,0,1,20354974,5
0,0,1,20354975,5
0,0,1,20354976,5
0,0,1,20354977,5
0,0,1,20354978,5
0,0,1,20354979,5
0,0,1,20354980,5
0,0,1,20354981,5
0,0,1,20354982,5
0,0,1,20354983,5
0,0,1,20354984,5
0,0,1,20354985,5
0,0,1,20354986,5
0,0,1,20354987,5
0,0,1,20354988,5
0,0,1,20354989,5
0,0,1,20354990,5
0,0,1,20354991,5
0,0,1,20354992,5
0,0,1,20354993,5
0,0,1,20354994,5
0,0,1,20354995,5
0,0,1,20354996,5
0,0,1,20354997,5
0,0,1,20354998,5
0,0,1,20354999,5
0,0,1,20355000,5
0,0,1,20355001,5
0,0,1,20355002,5
0,0,1,20355003,5
0,0,1,20355004,5
0,0,1,20355005,5
0,0,1,20355006,5
0,0,1,20355007,5
0,0,1,20355008,5
0,0,1,20355009,5
0,0,1,20355010,5
0,0,1,20355011,5
0,0,1,20355012,5
0,0,1,20355013,5
0,0,1,20355014,5
0,0,1,20355015,5
0,0,1,20355016,5
0,0,1,20355017,5
0,0,1,20355018,5
0,0,1,20355019,5
0,0,1,20355020,5
0,0,1,20355021,5
0,0,1,20355022,5
0,0,1,20355023,5
0,0,1,20355024,5
0,0,1,20355025,5
0,0,1,20355026,5
0,0,1,20355027,5
0,0,1,20355028,5
0,0,1,20355029,5
0,0,1,20355030,5
0,0,1,20355031,5
0,0,1,20355032,5
0,0,1,20355033,5
0,0,1,20355034,5
0,0,1,20355035,5
0,0,1,20355036,5
0,0,1,20355037,5
0,0,1,20355038,5
0,0,1,20355039,5
0,0,1,20355040,5
0,0,1,20355041,5
0,0,1,20355042,5
0,0,1,20355043,5
0,0,1,20355044,5
0,0,1,20355045,5
0,0,1,20355046,5
0,0,1,20355047,5
0,0,1,20355048,5
0,0,1,20355049,5
0,0,1,20355050,5
0,0,1,20355051,5
0,0,1,20355052,5
0,0,1,20355053,5
0,0,1,20355054,5
0,0,1,20355055,5
0,0,1,20355056,5
0,0,1,20355057,5
0,0,1,20355058,5
0,0,1,20355059,5
0,0,1,20355060,5
0,0,1,20355061,5
0,0,1,20355062,5
0,0,1,20355063,5
0,0,1,20355064,5
0,0,1,20355065,5
0,0,1,20355066,5
0,0,1,20355067,5
0,0,1,20355068,5
0,0,1,20355069,5
0,0,1,20355070,5
0,0,1,20355071,5
0,0,1,20355072,5
0,0,1,20355073,5
0,0,1,20355074,5
0,0,1,20355075,5
0,0,1,20355076,5
0,0,1,20355077,5
0,0,1,20355078,5
0,0,1,20355079,5
0,0,1,20355080,5
0,0,1,20355081,5
0,0,1,20355082,5
0,0,1,20355083,5
0,0,1,20355084,5
0,0,1,20355085,5
0,0,1,20355086,5
0,0,1,20355087,5
0,0,1,20355088,5
0,0,1,20355089,5
0,0,1,20355090,5
0,0,1,20355091,5
0,0,1,20355092,5
0,0,1,20355093,5
0,0,1,20355094,5
0,0,1,20355095,5
0,0,1,20355096,5
0,0,1,20355097,5
0,0,1,20355098,5
0,0,1,20355099,5
0,0,1,20355100,5
0,0,1,20355101,5
0,0,1,20355102,5
0,0,1,20355103,5
0,0,1,20355104,5
0,0,1,20355105,5
0,0,1,20355106,5
0,0,1,20355107,5
0,0,1,20355108,5
0,0,1,20355109,5
0,0,1,20355110,5
0,0,1,20355111,5
0,0,1,20355112,5
0,0,1,20355113,5
0,0,1,20355114,5
0,0,1,20355115,5
0,0,1,20355116,5
0,0,1,20355117,5
0,0,1,20355118,5
0,0,1,20355119,5
0,0,1,20355120,5
0,0,1,20355121,5
0,0,1,20355122,5
0,0,1,20355123,5
0,0,1,20355124,5
0,0,1,20355125,5
0,0,1,20355126,5
0,0,1,20355127,5
0,0,1,20355128,5
0,0,1,20355129,5
0,0,1,20355130,5
0,0,1,20355131,5
0,0,1,20355132,5
0,0,1,20355133,5
0,0,1,20355134,5
0,0,1,20355135,5
0,0,1,20355136,5
0,0,1,20355137,5
0,0,1,20355138,5
0,0,1,20355139,5
0,0,1,20355140,5
0,0,1,20355141,5
0,0,1,20355142,5
0,0,1,20355143,5
0,0,1,20355144,5
0,0,1,20355145,5
0,0,1,20355146,5
0,0,1,20355147,5
0,0,1,20355148,5
0,0,1,20355149,5
0,0,1,20355150,5
0,0,1,20355151,5
0,0,1,20355152,5
0,0,1,20355153,5
0,0,1,20355154,5
0,0,1,20355155,5
0,0,1,20355156,5
0,0,1,20355157,5
0,0,1,20355158,5
0,0,1,20355159,5
0,0,1,20355160,5
0,0,1,20355161,5
0,0,1,20355162,5
0,0,1,20355163,5
0,0,1,20355164,5
0,0,1,20355165,5
0,0,1,20355166,5
0,0,1,20355167,5
0,0,1,20355168,5
0,0,1,20355169,5
0,0,1,20355170,5
0,0,1,20355171,5
0,0,1,20355172,5
0,0,1,20355173,5
0,0,1,20355174,5
0,0,1,20355175,5
0,0,1,20355176,5
0,0,1,20355177,5
0,0,1,20355178,5
0,0,1,20355179,5
0,0,1,20355180,5
0,0,1,20355181,5
0,0,1,20355182,5
0,0,1,20355183,5
0,0,1,20355184,5
0,0,1,20355185,5
0,0,1,20355186,5
0,0,1,20355187,5
0,0,1,20355188,5
0,0,1,20355189,5
0,0,1,20355190,5
0,0,1,20355191,5
0,0,1,20355192,5
0,0,1,20355193,5
0,0,1,20355194,5
0,0,1,20355195,5
0,0,1,20355196,5
0,0,1,20355197,5
0,0,1,20355198,5
0,0,1,20355199,5
0,0,1,20355200,5
0,0,1,20355201,5
0,0,1,20355202,5
0,0,1,20355203,5
0,0,1,20355204,5
0,0,1,20355205,5
0,0,1,20355206,5
0,0,1,20355207,5
0,0,1,20355208,5
0,0,1,20355209,5
0,0,1,20355210,5
0,0,1,20355211,5
0,0,1,20355212,5
0,0,1,20355213,5
0,0,1,20355214,5
0,0,1,20355215,5
0,0,1,20355216,5
0,0,1,20355217,5
0,0,1,20355218,5
0,0,1,20355219,5
0,0,1,20355220,5
0,0,1,20355221,5
0,0,1,20355222,5
0,0,1,20355223,5
0,0,1,20355224,5
0,0,1,20355225,5
0,0,1,20355226,5
0,0,1,20355227,5
0,0,1,20355228,5
0,0,1,20355229,5
0,0,1,20355230,5
0,0,1,20355231,5
0,0,1,20355232,5
0,0,1,20355233,5
0,0,1,20355234,5
0,0,1,20355235,5
0,0,1,20355236,5
0,0,1,20355237,5
0,0,1,20355238,5
0,0,1,20355239,5
0,0,1,20355240,5
0,0,1,20355241,5
0,0,1,20355242,5
0,0,1,20355243,5
0,0,1,20355244,5
0,0,1,20355245,5
0,0,1,20355246,5
0,0,1,20355247,5
0,0,1,20355248,5
0,0,1,20355249,5
0,0,1,20355250,5
0,0,1,20355251,5
0,0,1,20355252,5
0,0,1,20355253,5
0,0,1,20355254,5
0,0,1,20355255,5
0,0,1,20355256,5
0,0,1,20355257,5
0,0,1,20355258,5
0,0,1,20355259,5
0,0,1,20355260,5
0,0,1,20355261,5
0,0,1,20355262,5
0,0,1,20355263,5
0,0,1,20355264,5
0,0,1,20355265,5
0,0,1,20355266,5
0,0,1,20355267,5
0,0,1,20355268,5
0,0,1,20355269,5
0,0,1,20355270,5
0,0,1,20355271,5
0,0,1,20355272,5
0,0,1,20355273,5
0,0,1,20355274,5
0,0,1,20355275,5
0,0,1,20355276,5
0,0,1,20355277,5
0,0,1,20355278,5
0,0,1,20355279,5
0,0,1,20355280,5
0,0,1,20355281,5
0,0,1,20355282,5
0,0,1,20355283,5
0,0,1,20355284,5
0,0,1,20355285,5
0,0,1,20355286,5
0,0,1,20355287,5
0,0,1,20355288,5
0,0,1,20355289,5
0,0,1,20355290,5
0,0,1,20355291,5
0,0,1,20355292,5
0,0,1,20355293,5
0,0,1,20355294,5
0,0,1,20355295,5
0,0,1,20355296,5
0,0,1,20355297,5
0,0,1,20355298,5
0,0,1,20355299,5
0,0,1,20355300,5
0,0,1,20355301,5
0,0,1,20355302,5
0,0,1,20355303,5
0,0,1,20355304,5
0,0,1,20355305,5
0,0,1,20355306,5
0,0,1,20355307,5
0,0,1,20355308,5
0,0,1,20355309,5
0,0,1,20355310,5
0,0,1,20355311,5
0,0,1,20355312,5
0,0,1,20355313,5
0,0,1,20355314,5
0,0,1,20355315,5
0,0,1,20355316,5
0,0,1,20355317,5
0,0,1,20355318,5
0,0,1,20355319,5
0,0,1,20355320,5
0,0,1,20355321,5
0,0,1,20355322,5
0,0,1,20355323,5
0,0,1,20355324,5
0,0,1,20355325,5
0,0,1,20355326,5
0,0,1,20355327,5
0,0,1,20355328,5
0,0,1,20355329,5
0,0,1,20355330,5
0,0,1,20355331,5
0,0,1,20355332,5
0,0,1,20355333,5
0,0,1,20355334,5
0,0,1,20355335,5
0,0,1,20355336,5
0,0,1,20355337,5
0,0,1,20355338,5
0,0,1,20355339,5
0,0,1,20355340,5
0,0,1,20355341,5
0,0,1,20355342,5
0,0,1,20355343,5
0,0,1,20355344,5
0,0,1,20355345,5
0,0,1,20355346,5
0,0,1,20355347,5
0,0,1,20355348,5
0,0,1,20355349,5
0,0,1,20355350,5
0,0,1,20355351,5
0,0,1,20355352,5
0,0,1,20355353,5
0,0,1,20355354,5
0,0,1,20355355,5
0,0,1,20355356,5
0,0,1,20355357,5
0,0,1,20355358,5
0,0,1,20355359,5
0,0,1,20355360,5
0,0,1,20355361,5
0,0,1,20355362,5
0,0,1,20355363,5
0,0,1,20355364,5
0,0,1,20355365,5
0,0,1,20355366,5
0,0,1,20355367,5
0,0,1,20355368,5
0,0,1,20355369,5
0,0,1,20355370,5
0,0,1,20355371,5
0,0,1,20355372,5
0,0,1,20355373,5
0,0,1,20355374,5
0,0,1,20355375,5
0,0,1,20355376,5
0,0,1,20355377,5
0,0,1,20355378,5
0,0,1,20355379,5
0,0,1,20355380,5
0,0,1,20355381,5
0,0,1,20355382,5
0,0,1,20355383,5
0,0,1,20355384,5
0,0,1,20355385,5
0,0,1,20355386,5
0,0,1,20355387,5
0,0,1,20355388,5
0,0,1,20355389,5
0,0,1,20355390,5
0,0,1,20355391,5
0,0,1,20355392,5
0,0,1,20355393,5
0,0,1,20355394,5
0,0,1,20355395,5
0,0,1,20355396,5
0,0,1,20355397,5
0,0,1,20355398,5
0,0,1,20355399,5
0,0,1,20355400,5
0,0,1,20355401,5
0,0,1,20355402,5
0,0,1,20355403,5
0,0,1,20355404,5
0,0,1,20355405,5
0,0,1,20355406,5
0,0,1,20355407,5
0,0,1,20355408,5
0,0,1,20355409,5
0,0,1,20355410,5
0,0,1,20355411,5
0,0,1,20355412,5
0,0,1,20355413,5
0,0,1,20355414,5
0,0,1,20355415,5
0,0,1,20355416,5
0,0,1,20355417,5
0,0,1,20355418,5
0,0,1,20355419,5
0,0,1,20355420,5
0,0,1,20355421,5
0,0,1,20355422,5
0,0,1,20355423,5
0,0,1,20355424,5
0,0,1,20355425,5
0,0,1,20355426,5
0,0,1,20355427,5
0,0,1,20355428,5
0,0,1,20355429,5
0,0,1,20355430,5
0,0,1,20355431,5
0,0,1,20355432,5
0,0,1,20355433,5
0,0,1,20355434,5
0,0,1,20355435,5
0,0,1,20355436,5
0,0,1,20355437,5
0,0,1,20355438,5
0,0,1,20355439,5
0,0,1,20355440,5
0,0,1,20355441,5
0,0,1,20355442,5
0,0,1,20355443,5
0,0,1,20355444,5
0,0,1,20355445,5
0,0,1,20355446,5
0,0,1,20355447,5
0,0,1,20355448,5
0,0,1,20355449,5
0,0,1,20355450,5
0,0,1,20355451,5
0,0,1,20355452,5
0,0,1,20355453,5
0,0,1,20355454,5
0,0,1,20355455,5
0,0,1,20355456,5
0,0,1,20355457,5
0,0,1,20355458,5
0,0,1,20355459,5
0,0,1,20355460,5
0,0,1,20355461,5
0,0,1,20355462,5
0,0,1,20355463,5
0,0,1,20355464,5
0,0,1,20355465,5
0,0,1,20355466,5
0,0,1,20355467,5
0,0,1,20355468,5
0,0,1,20355469,5
0,0,1,20355470,5
0,0,1,20355471,5
0,0,1,20355472,5
0,0,1,20355473,5
0,0,1,20355474,5
0,0,1,20355475,5
0,0,1,20355476,5
0,0,1,20355477,5
0,0,1,20355478,5
0,0,1,20355479,5
0,0,1,20355480,5
0,0,1,20355481,5
0,0,1,20355482,5
0,0,1,20355483,5
0,0,1,20355484,5
0,0,1,20355485,5
0,0,1,20355486,5
0,0,1,20355487,5
0,0,1,20355488,5
0,0,1,20355489,5
0,0,1,20355490,5
0,0,1,20355491,5
0,0,1,20355492,5
0,0,1,20355493,5
0,0,1,20355494,5
0,0,1,20355495,5
0,0,1,20355496,5
0,0,1,20355497,5
0,0,1,20355498,5
0,0,1,20355499,5
0,0,1,20355500,5
0,0,1,20355501,5
0,0,1,20355502,5
0,0,1,20355503,5
0,0,1,20355504,5
0,0,1,20355505,5
0,0,1,20355506,5
0,0,1,20355507,5
0,0,1,20355508,5
0,0,1,20355509,5
0,0,1,20355510,5
0,0,1,20355511,5
0,0,1,20355512,5
0,0,1,20355513,5
0,0,1,20355514,5
0,0,1,20355515,5
0,0,1,20355516,5
0,0,1,20355517,5
0,0,1,20355518,5
0,0,1,20355519,5
0,0,1,20355520,5
0,0,1,20355521,5
0,0,1,20355522,5
0,0,1,20355523,5
0,0,1,20355524,5
0,0,1,20355525,5
0,0,1,20355526,5
0,0,1,20355527,5
0,0,1,20355528,5
0,0,1,20355529,5
0,0,1,20355530,5
0,0,1,20355531,5
0,0,1,20355532,5
0,0,1,20355533,5
0,0,1,20355534,5
0,0,1,20355535,5
0,0,1,20355536,5
0,0,1,20355537,5
0,0,1,20355538,5
0,0,1,20355539,5
0,0,1,20355540,5
0,0,1,20355541,5
0,0,1,20355542,5
0,0,1,20355543,5
0,0,1,20355544,5
0,0,1,20355545,5
0,0,1,20355546,5
0,0,1,20355547,5
0,0,1,20355548,5
0,0,1,20355549,5
0,0,1,20355550,5
0,0,1,20355551,5
0,0,1,20355552,5
0,0,1,20355553,5
0,0,1,20355554,5
0,0,1,20355555,5
0,0,1,20355556,5
0,0,1,20355557,5
0,0,1,20355558,5
0,0,1,20355559,5
0,0,1,20355560,5
0,0,1,20355561,5
0,0,1,20355562,5
0,0,1,20355563,5
0,0,1,20355564,5
0,0,1,20355565,5
0,0,1,20355566,5
0,0,1,20355567,5
0,0,1,20355568,5
0,0,1,20355569,5
0,0,1,20355570,5
0,0,1,20355571,5
0,0,1,20355572,5
0,0,1,20355573,5
0,0,1,20355574,5
0,0,1,20355575,5
0,0,1,20355576,5
0,0,1,20355577,5
0,0,1,20355578,5
0,0,1,20355579,5
0,0,1,20355580,5
0,0,1,20355581,5
0,0,1,20355582,5
0,0,1,20355583,5
0,0,1,20355584,5
0,0,1,20355585,5
0,0,1,20355586,5
0,0,1,20355587,5
0,0,1,20355588,5
0,0,1,20355589,5
0,0,1,20355590,5
0,0,1,20355591,5
0,0,1,20355592,5
0,0,1,20355593,5
0,0,1,20355594,5
0,0,1,20355595,5
0,0,1,20355596,5
0,0,1,20355597,5
0,0,1,20355598,5
0,0,1,20355599,5
0,0,1,20355600,5
0,0,1,20355601,5
0,0,1,20355602,5
0,0,1,20355603,5
0,0,1,20355604,5
0,0,1,20355605,5
0,0,1,20355606,5
0,0,1,20355607,5
0,0,1,20355608,5
0,0,1,20355609,5
0,0,1,20355610,5
0,0,1,20355611,5
0,0,1,20355612,5
0,0,1,20355613,5
0,0,1,20355614,5
0,0,1,20355615,5
0,0,1,20355616,5
0,0,1,20355617,5
0,0,1,20355618,5
0,0,1,20355619,5
0,0,1,20355620,5
0,0,1,20355621,5
0,0,1,20355622,5
0,0,1,20355623,5
0,0,1,20355624,5
0,0,1,20355625,5
0,0,1,20355626,5
0,0,1,20355627,5
0,0,1,20355628,5
0,0,1,20355629,5
0,0,1,20355630,5
0,0,1,20355631,5
0,0,1,20355632,5
0,0,1,20355633,5
0,0,1,20355634,5
0,0,1,20355635,5
0,0,1,20355636,5
0,0,1,20355637,5
0,0,1,20355638,5
0,0,1,20355639,5
0,0,1,20355640,5
0,0,1,20355641,5
0,0,1,20355642,5
0,0,1,20355643,5
0,0,1,20355644,5
0,0,1,20355645,5
0,0,1,20355646,5
0,0,1,20355647,5
0,0,1,20355648,5
0,0,1,20355649,5
0,0,1,20355650,5
0,0,1,20355651,5
0,0,1,20355652,5
0,0,1,20355653,5
0,0,1,20355654,5
0,0,1,20355655,5
0,0,1,20355656,5
0,0,1,20355657,5
0,0,1,20355658,5
0,0,1,20355659,5
0,0,1,20355660,5
0,0,1,20355661,5
0,0,1,20355662,5
0,0,1,20355663,5
0,0,1,20355664,5
0,0,1,20355665,5
0,0,1,20355666,5
0,0,1,20355667,5
0,0,1,20355668,5
0,0,1,20355669,5
0,0,1,20355670,5
0,0,1,20355671,5
0,0,1,20355672,5
0,0,1,20355673,5
0,0,1,20355674,5
0,0,1,20355675,5
0,0,1,20355676,5
0,0,1,20355677,5
0,0,1,20355678,5
0,0,1,20355679,5
0,0,1,20355680,5
0,0,1,20355681,5
0,0,1,20355682,5
0,0,1,20355683,5
0,0,1,20355684,5
0,0,1,20355685,5
0,0,1,20355686,5
0,0,1,20355687,5
0,0,1,20355688,5
0,0,1,20355689,5
0,0,1,20355690,5
0,0,1,20355691,5
0,0,1,20355692,5
0,0,1,20355693,5
0,0,1,20355694,5
0,0,1,20355695,5
0,0,1,20355696,5
0,0,1,20355697,5
0,0,1,20355698,5
0,0,1,20355699,5
0,0,1,20355700,5
0,0,1,20355701,5
0,0,1,20355702,5
0,0,1,20355703,5
0,0,1,20355704,5
0,0,1,20355705,5
0,0,1,20355706,5
0,0,1,20355707,5
0,0,1,20355708,5
0,0,1,20355709,5
0,0,1,20355710,5
0,0,1,20355711,5
0,0,1,20355712,5
0,0,1,20355713,5
0,0,1,20355714,5
0,0,1,20355715,5
0,0,1,20355716,5
0,0,1,20355717,5
0,0,1,20355718,5
0,0,1,20355719,5
0,0,1,20355720,5
0,0,1,20355721,5
0,0,1,20355722,5
0,0,1,20355723,5
0,0,1,20355724,5
0,0,1,20355725,5
0,0,1,20355726,5
0,0,1,20355727,5
0,0,1,20355728,5
0,0,1,20355729,5
0,0,1,20355730,5
0,0,1,20355731,5
0,0,1,20355732,5
0,0,1,20355733,5
0,0,1,20355734,5
0,0,1,20355735,5
0,0,1,20355736,5
0,0,1,20355737,5
0,0,1,20355738,5
0,0,1,20355739,5
0,0,1,20355740,5
0,0,1,20355741,5
0,0,1,20355742,5
0,0,1,20355743,5
0,0,1,20355744,5
0,0,1,20355745,5
0,0,1,20355746,5
0,0,1,20355747,5
0,0,1,20355748,5
0,0,1,20355749,5
0,0,1,20355750,5
0,0,1,20355751,5
0,0,1,20355752,5
0,0,1,20355753,5
0,0,1,20355754,5
0,0,1,20355755,5
0,0,1,20355756,5
0,0,1,20355757,5
0,0,1,20355758,5
0,0,1,20355759,5
0,0,1,20355760,5
0,0,1,20355761,5
0,0,1,20355762,5
0,0,1,20355763,5
0,0,1,20355764,5
0,0,1,20355765,5
0,0,1,20355766,5
0,0,1,20355767,5
0,0,1,20355768,5
0,0,1,20355769,5
0,0,1,20355770,5
0,0,1,20355771,5
0,0,1,20355772,5
0,0,1,20355773,5
0,0,1,20355774,5
0,0,1,20355775,5
0,0,1,20355776,5
0,0,1,20355777,5
0,0,1,20355778,5
0,0,1,20355779,5
0,0,1,20355780,5
0,0,1,20355781,5
0,0,1,20355782,5
0,0,1,20355783,5
0,0,1,20355784,5
0,0,1,20355785,5
0,0,1,20355786,5
0,0,1,20355787,5
0,0,1,20355788,5
0,0,1,20355789,5
0,0,1,20355790,5
0,0,1,20355791,5
0,0,1,20355792,5
0,0,1,20355793,5
0,0,1,20355794,5
0,0,1,20355795,5
0,0,1,20355796,5
0,0,1,20355797,5
0,0,1,20355798,5
0,0,1,20355799,5
0,0,1,20355800,5
0,0,1,20355801,5
0,0,1,20355802,5
0,0,1,20355803,5
0,0,1,20355804,5
0,0,1,20355805,5
0,0,1,20355806,5
0,0,1,20355807,5
0,0,1,20355808,5
0,0,1,20355809,5
0,0,1,20355810,5
0,0,1,20355811,5
0,0,1,20355812,5
0,0,1,20355813,5
0,0,1,20355814,5
0,0,1,20355815,5
0,0,1,20355816,5
0,0,1,20355817,5
0,0,1,20355818,5
0,0,1,20355819,5
0,0,1,20355820,5
0,0,1,20355821,5
0,0,1,20355822,5
0,0,1,20355823,5
0,0,1,20355824,5
0,0,1,20355825,5
0,0,1,20355826,5
0,0,1,20355827,5
0,0,1,20355828,5
0,0,1,20355829,5
0,0,1,20355830,5
0,0,1,20355831,5
0,0,1,20355832,5
0,0,1,20355833,5
0,0,1,20355834,5
0,0,1,20355835,5
0,0,1,20355836,5
0,0,1,20355837,5
0,0,1,20355838,5
0,0,1,20355839,5
0,0,1,20355840,5
0,0,1,20355841,5
0,0,1,20355842,5
0,0,1,20355843,5
0,0,1,20355844,5
0,0,1,20355845,5
0,0,1,20355846,5
0,0,1,20355847,5
0,0,1,20355848,5
0,0,1,20355849,5
0,0,1,20355850,5
0,0,1,20355851,5
0,0,1,20355852,5
0,0,1,20355853,5
0,0,1,20355854,5
0,0,1,20355855,5
0,0,1,20355856,5
0,0,1,20355857,5
0,0,1,20355858,5
0,0,1,20355859,5
0,0,1,20355860,5
0,0,1,20355861,5
0,0,1,20355862,5
0,0,1,20355863,5
0,0,1,20355864,5
0,0,1,20355865,5
0,0,1,20355866,5
0,0,1,20355867,5
0,0,1,20355868,5
0,0,1,20355869,5
0,0,1,20355870,5
0,0,1,20355871,5
0,0,1,20355872,5
0,0,1,20355873,5
0,0,1,20355874,5
0,0,1,20355875,5
0,0,1,20355876,5
0,0,1,20355877,5
0,0,1,20355878,5
0,0,1,20355879,5
0,0,1,20355880,5
0,0,1,20355881,5
0,0,1,20355882,5
0,0,1,20355883,5
0,0,1,20355884,5
0,0,1,20355885,5
0,0,1,20355886,5
0,0,1,20355887,5
0,0,1,20355888,5
0,0,1,20355889,5
0,0,1,20355890,5
0,0,1,20355891,5
0,0,1,20355892,5
0,0,1,20355893,5
0,0,1,20355894,5
0,0,1,20355895,5
0,0,1,20355896,5
0,0,1,20355897,5
0,0,1,20355898,5
0,0,1,20355899,5
0,0,1,20355900,5
0,0,1,20355901,5
0,0,1,20355902,5
0,0,1,20355903,5
0,0,1,20355904,5
0,0,1,20355905,5
0,0,1,20355906,5
0,0,1,20355907,5
0,0,1,20355908,5
0,0,1,20355909,5
0,0,1,20355910,5
0,0,1,20355911,5
0,0,1,20355912,5
0,0,1,20355913,5
0,0,1,20355914,5
0,0,1,20355915,5
0,0,1,20355916,5
0,0,1,20355917,5
0,0,1,20355918,5
0,0,1,20355919,5
0,0,1,20355920,5
0,0,1,20355921,5
0,0,1,20355922,5
0,0,1,20355923,5
0,0,1,20355924,5
0,0,1,20355925,5
0,0,1,20355926,5
0,0,1,20355927,5
0,0,1,20355928,5
0,0,1,20355929,5
0,0,1,20355930,5
0,0,1,20355931,5
0,0,1,20355932,5
0,0,1,20355933,5
0,0,1,20355934,5
0,0,1,20355935,5
0,0,1,20355936,5
0,0,1,20355937,5
0,0,1,20355938,5
0,0,1,20355939,5
0,0,1,20355940,5
0,0,1,20355941,5
0,0,1,20355942,5
0,0,1,20355943,5
0,0,1,20355944,5
0,0,1,20355945,5
0,0,1,20355946,5
0,0,1,20355947,5
0,0,1,20355948,5
0,0,1,20355949,5
0,0,1,20355950,5
0,0,1,20355951,5
0,0,1,20355952,5
0,0,1,20355953,5
0,0,1,20355954,5
0,0,1,20355955,5
0,0,1,20355956,5
0,0,1,20355957,5
0,0,1,20355958,5
0,0,1,20355959,5
0,0,1,20355960,5
0,0,1,20355961,5
0,0,1,20355962,5
0,0,1,20355963,5
0,0,1,20355964,5
0,0,1,20355965,5
0,0,1,20355966,5
0,0,1,20355967,5
0,0,1,20355968,5
0,0,1,20355969,5
0,0,1,20355970,5
0,0,1,20355971,5
0,0,1,20355972,5
0,0,1,20355973,5
0,0,1,20355974,5
0,0,1,20355975,5
0,0,1,20355976,5
0,0,1,20355977,5
0,0,1,20355978,5
0,0,1,20355979,5
0,0,1,20355980,5
0,0,1,20355981,5
0,0,1,20355982,5
0,0,1,20355983,5
0,0,1,20355984,5
0,0,1,20355985,5
0,0,1,20355986,5
0,0,1,20355987,5
0,0,1,20355988,5
0,0,1,20355989,5
0,0,1,20355990,5
0,0,1,20355991,5
0,0,1,20355992,5
0,0,1,20355993,5
0,0,1,20355994,5
0,0,1,20355995,5
0,0,1,20355996,5
0,0,1,20355997,5
0,0,1,20355998,5
0,0,1,20355999,5
0,0,1,20356000,5
0,0,1,20356001,5
0,0,1,20356002,5
0,0,1,20356003,5
0,0,1,20356004,5
0,0,1,20356005,5
0,0,1,20356006,5
0,0,1,20356007,5
0,0,1,20356008,5
0,0,1,20356009,5
0,0,1,20356010,5
0,0,1,20356011,5
0,0,1,20356012,5
0,0,1,20356013,5
0,0,1,20356014,5
0,0,1,20356015,5
0,0,1,20356016,5
0,0,1,20356017,5
0,0,1,20356018,5
0,0,1,20356019,5
0,0,1,20356020,5
0,0,1,20356021,5
0,0,1,20356022,5
0,0,1,20356023,5
0,0,1,20356024,5
0,0,1,20356025,5
0,0,1,20356026,5
0,0,1,20356027,5
0,0,1,20356028,5
0,0,1,20356029,5
0,0,1,20356030,5
0,0,1,20356031,5
0,0,1,20356032,5
0,0,1,20356033,5
0,0,1,20356034,5
0,0,1,20356035,5
0,0,1,20356036,5
0,0,1,20356037,5
0,0,1,20356038,5
0,0,1,20356039,5
0,0,1,20356040,5
0,0,1,20356041,5
0,0,1,20356042,5
0,0,1,20356043,5
0,0,1,20356044,5
0,0,1,20356045,5
0,0,1,20356046,5
0,0,1,20356047,5
0,0,1,20356048,5
0,0,1,20356049,5
0,0,1,20356050,5
0,0,1,20356051,5
0,0,1,20356052,5
0,0,1,20356053,5
0,0,1,20356054,5
0,0,1,20356055,5
0,0,1,20356056,5
0,0,1,20356057,5
0,0,1,20356058,5
0,0,1,20356059,5
0,0,1,20356060,5
0,0,1,20356061,5
0,0,1,20356062,5
0,0,1,20356063,5
0,0,1,20356064,5
0,0,1,20356065,5
0,0,1,20356066,5
0,0,1,20356067,5
0,0,1,20356068,5
0,0,1,20356069,5
0,0,1,20356070,5
0,0,1,20356071,5
0,0,1,20356072,5
0,0,1,20356073,5
0,0,1,20356074,5
0,0,1,20356075,5
0,0,1,20356076,5
0,0,1,20356077,5
0,0,1,20356078,5
0,0,1,20356079,5
0,0,1,20356080,5
0,0,1,20356081,5
0,0,1,20356082,5
0,0,1,20356083,5
0,0,1,20356084,5
0,0,1,20356085,5
0,0,1,20356086,5
0,0,1,20356087,5
0,0,1,20356088,5
0,0,1,20356089,5
0,0,1,20356090,5
0,0,1,20356091,5
0,0,1,20356092,5
0,0,1,20356093,5
0,0,1,20356094,5
0,0,1,20356095,5
0,0,1,20356096,5
0,0,1,20356097,5
0,0,1,20356098,5
0,0,1,20356099,5
0,0,1,20356100,5
0,0,1,20356101,5
0,0,1,20356102,5
0,0,1,20356103,5
0,0,1,20356104,5
0,0,1,20356105,5
0,0,1,20356106,5
0,0,1,20356107,5
0,0,1,20356108,5
0,0,1,20356109,5
0,0,1,20356110,5
0,0,1,20356111,5
0,0,1,20356112,5
0,0,1,20356113,5
0,0,1,20356114,5
0,0,1,20356115,5
0,0,1,20356116,5
0,0,1,20356117,5
0,0,1,20356118,5
0,0,1,20356119,5
0,0,1,20356120,5
0,0,1,20356121,5
0,0,1,20356122,5
0,0,1,20356123,5
0,0,1,20356124,5
0,0,1,20356125,5
0,0,1,20356126,5
0,0,1,20356127,5
0,0,1,20356128,5
0,0,1,20356129,5
0,0,1,20356130,5
0,0,1,20356131,5
0,0,1,20356132,5
0,0,1,20356133,5
0,0,1,20356134,5
0,0,1,20356135,5
0,0,1,20356136,5
0,0,1,20356137,5
0,0,1,20356138,5
0,0,1,20356139,5
0,0,1,20356140,5
0,0,1,20356141,5
0,0,1,20356142,5
0,0,1,20356143,5
0,0,1,20356144,5
0,0,1,20356145,5
0,0,1,20356146,5
0,0,1,20356147,5
0,0,1,20356148,5
0,0,1,20356149,5
0,0,1,20356150,5
0,0,1,20356151,5
0,0,1,20356152,5
0,0,1,20356153,5
0,0,1,20356154,5
0,0,1,20356155,5
0,0,1,20356156,5
0,0,1,20356157,5
0,0,1,20356158,5
0,0,1,20356159,5
0,0,1,20356160,5
0,0,1,20356161,5
0,0,1,20356162,5
0,0,1,20356163,5
0,0,1,20356164,5
0,0,1,20356165,5
0,0,1,20356166,5
0,0,1,20356167,5
0,0,1,20356168,5
0,0,1,20356169,5
0,0,1,20356170,5
0,0,1,20356171,5
0,0,1,20356172,5
0,0,1,20356173,5
0,0,1,20356174,5
0,0,1,20356175,5
0,0,1,20356176,5
0,0,1,20356177,5
0,0,1,20356178,5
0,0,1,20356179,5
0,0,1,20356180,5
0,0,1,20356181,5
0,0,1,20356182,5
0,0,1,20356183,5
0,0,1,20356184,5
0,0,1,20356185,5
0,0,1,20356186,5
0,0,1,20356187,5
0,0,1,20356188,5
0,0,1,20356189,5
0,0,1,20356190,5
0,0,1,20356191,5
0,0,1,20356192,5
0,0,1,20356193,5
0,0,1,20356194,5
0,0,1,20356195,5
0,0,1,20356196,5
0,0,1,20356197,5
0,0,1,20356198,5
0,0,1,20356199,5
0,0,1,20356200,5
0,0,1,20356201,5
0,0,1,20356202,5
0,0,1,20356203,5
0,0,1,20356204,5
0,0,1,20356205,5
0,0,1,20356206,5
0,0,1,20356207,5
0,0,1,20356208,5
0,0,1,20356209,5
0,0,1,20356210,5
0,0,1,20356211,5
0,0,1,20356212,5
0,0,1,20356213,5
0,0,1,20356214,5
0,0,1,20356215,5
0,0,1,20356216,5
0,0,1,20356217,5
0,0,1,20356218,5
0,0,1,20356219,5
0,0,1,20356220,5
0,0,1,20356221,5
0,0,1,20356222,5
0,0,1,20356223,5
0,0,1,20356224,5
0,0,1,20356225,5
0,0,1,20356226,5
0,0,1,20356227,5
0,0,1,20356228,5
0,0,1,20356229,5
0,0,1,20356230,5
0,0,1,20356231,5
0,0,1,20356232,5
0,0,1,20356233,5
0,0,1,20356234,5
0,0,1,20356235,5
0,0,1,20356236,5
0,0,1,20356237,5
0,0,1,20356238,5
0,0,1,20356239,5
0,0,1,20356240,5
0,0,1,20356241,5
0,0,1,20356242,5
0,0,1,20356243,5
0,0,1,20356244,5
0,0,1,20356245,5
0,0,1,20356246,5
0,0,1,20356247,5
0,0,1,20356248,5
0,0,1,20356249,5
0,0,1,20356250,5
0,0,1,20356251,5
0,0,1,20356252,5
0,0,1,20356253,5
0,0,1,20356254,5
0,0,1,20356255,5
0,0,1,20356256,5
0,0,1,20356257,5
0,0,1,20356258,5
0,0,1,20356259,5
0,0,1,20356260,5
0,0,1,20356261,5
0,0,1,20356262,5
0,0,1,20356263,5
0,0,1,20356264,5
0,0,1,20356265,5
0,0,1,20356266,5
0,0,1,20356267,5
0,0,1,20356268,5
0,0,1,20356269,5
0,0,1,20356270,5
0,0,1,20356271,5
0,0,1,20356272,5
0,0,1,20356273,5
0,0,1,20356274,5
0,0,1,20356275,5
0,0,1,20356276,5
0,0,1,20356277,5
0,0,1,20356278,5
0,0,1,20356279,5
0,0,1,20356280,5
0,0,1,20356281,5
0,0,1,20356282,5
0,0,1,20356283,5
0,0,1,20356284,5
0,0,1,20356285,5
0,0,1,20356286,5
0,0,1,20356287,5
0,0,1,20356288,5
0,0,1,20356289,5
0,0,1,20356290,5
0,0,1,20356291,5
0,0,1,20356292,5
0,0,1,20356293,5
0,0,1,20356294,5
0,0,1,20356295,5
0,0,1,20356296,5
0,0,1,20356297,5
0,0,1,20356298,5
0,0,1,20356299,5
0,0,1,20356300,5
0,0,1,20356301,5
0,0,1,20356302,5
0,0,1,20356303,5
0,0,1,20356304,5
0,0,1,20356305,5
0,0,1,20356306,5
0,0,1,20356307,5
0,0,1,20356308,5
0,0,1,20356309,5
0,0,1,20356310,5
0,0,1,20356311,5
0,0,1,20356312,5
0,0,1,20356313,5
0,0,1,20356314,5
0,0,1,20356315,5
0,0,1,20356316,5
0,0,1,20356317,5
0,0,1,20356318,5
0,0,1,20356319,5
0,0,1,20356320,5
0,0,1,20356321,5
0,0,1,20356322,5
0,0,1,20356323,5
0,0,1,20356324,5
0,0,1,20356325,5
0,0,1,20356326,5
0,0,1,20356327,5
0,0,1,20356328,5
0,0,1,20356329,5
0,0,1,20356330,5
0,0,1,20356331,5
0,0,1,20356332,5
0,0,1,20356333,5
0,0,1,20356334,5
0,0,1,20356335,5
0,0,1,20356336,5
0,0,1,20356337,5
0,0,1,20356338,5
0,0,1,20356339,5
0,0,1,20356340,5
0,0,1,20356341,5
0,0,1,20356342,5
0,0,1,20356343,5
0,0,1,20356344,5
0,0,1,20356345,5
0,0,1,20356346,5
0,0,1,20356347,5
0,0,1,20356348,5
0,0,1,20356349,5
0,0,1,20356350,5
0,0,1,20356351,5
0,0,1,20356352,5
0,0,1,20356353,5
0,0,1,20356354,5
0,0,1,20356355,5
0,0,1,20356356,5
0,0,1,20356357,5
0,0,1,20356358,5
0,0,1,20356359,5
0,0,1,20356360,5
0,0,1,20356361,5
0,0,1,20356362,5
0,0,1,20356363,5
0,0,1,20356364,5
0,0,1,20356365,5
0,0,1,20356366,5
0,0,1,20356367,5
0,0,1,20356368,5
0,0,1,20356369,5
0,0,1,20356370,5
0,0,1,20356371,5
0,0,1,20356372,5
0,0,1,20356373,5
0,0,1,20356374,5
0,0,1,20356375,5
0,0,1,20356376,5
0,0,1,20356377,5
0,0,1,20356378,5
0,0,1,20356379,5
0,0,1,20356380,5
0,0,1,20356381,5
0,0,1,20356382,5
0,0,1,20356383,5
0,0,1,20356384,5
0,0,1,20356385,5
0,0,1,20356386,5
0,0,1,20356387,5
0,0,1,20356388,5
0,0,1,20356389,5
0,0,1,20356390,5
0,0,1,20356391,5
0,0,1,20356392,5
0,0,1,20356393,5
0,0,1,20356394,5
0,0,1,20356395,5
0,0,1,20356396,5
0,0,1,20356397,5
0,0,1,20356398,5
0,0,1,20356399,5
0,0,1,20356400,5
0,0,1,20356401,5
0,0,1,20356402,5
0,0,1,20356403,5
0,0,1,20356404,5
0,0,1,20356405,5
0,0,1,20356406,5
0,0,1,20356407,5
0,0,1,20356408,5
0,0,1,20356409,5
0,0,1,20356410,5
0,0,1,20356411,5
0,0,1,20356412,5
0,0,1,20356413,5
0,0,1,20356414,5
0,0,1,20356415,5
0,0,1,20356416,5
0,0,1,20356417,5
0,0,1,20356418,5
0,0,1,20356419,5
0,0,1,20356420,5
0,0,1,20356421,5
0,0,1,20356422,5
0,0,1,20356423,5
0,0,1,20356424,5
0,0,1,20356425,5
0,0,1,20356426,5
0,0,1,20356427,5
0,0,1,20356428,5
0,0,1,20356429,5
0,0,1,20356430,5
0,0,1,20356431,5
0,0,1,20356432,5
0,0,1,20356433,5
0,0,1,20356434,5
0,0,1,20356435,5
0,0,1,20356436,5
0,0,1,20356437,5
0,0,1,20356438,5
0,0,1,20356439,5
0,0,1,20356440,5
0,0,1,20356441,5
0,0,1,20356442,5
0,0,1,20356443,5
0,0,1,20356444,5
0,0,1,20356445,5
0,0,1,20356446,5
0,0,1,20356447,5
0,0,1,20356448,5
0,0,1,20356449,5
0,0,1,20356450,5
0,0,1,20356451,5
0,0,1,20356452,5
0,0,1,20356453,5
0,0,1,20356454,5
0,0,1,20356455,5
0,0,1,20356456,5
0,0,1,20356457,5
0,0,1,20356458,5
0,0,1,20356459,5
0,0,1,20356460,5
0,0,1,20356461,5
0,0,1,20356462,5
0,0,1,20356463,5
0,0,1,20356464,5
0,0,1,20356465,5
0,0,1,20356466,5
0,0,1,20356467,5
0,0,1,20356468,5
0,0,1,20356469,5
0,0,1,20356470,5
0,0,1,20356471,5
0,0,1,20356472,5
0,0,1,20356473,5
0,0,1,20356474,5
0,0,1,20356475,5
0,0,1,20356476,5
0,0,1,20356477,5
0,0,1,20356478,5
0,0,1,20356479,5
0,0,1,20356480,5
0,0,1,20356481,5
0,0,1,20356482,5
0,0,1,20356483,5
0,0,1,20356484,5
0,0,1,20356485,5
0,0,1,20356486,5
0,0,1,20356487,5
0,0,1,20356488,5
0,0,1,20356489,5
0,0,1,20356490,5
0,0,1,20356491,5
0,0,1,20356492,5
0,0,1,20356493,5
0,0,1,20356494,5
0,0,1,20356495,5
0,0,1,20356496,5
0,0,1,20356497,5
0,0,1,20356498,5
0,0,1,20356499,5
0,0,1,20356500,5
0,0,1,20356501,5
0,0,1,20356502,5
0,0,1,20356503,5
0,0,1,20356504,5
0,0,1,20356505,5
0,0,1,20356506,5
0,0,1,20356507,5
0,0,1,20356508,5
0,0,1,20356509,5
0,0,1,20356510,5
0,0,1,20356511,5
0,0,1,20356512,5
0,0,1,20356513,5
0,0,1,20356514,5
0,0,1,20356515,5
0,0,1,20356516,5
0,0,1,20356517,5
0,0,1,20356518,5
0,0,1,20356519,5
0,0,1,20356520,5
0,0,1,20356521,5
0,0,1,20356522,5
0,0,1,20356523,5
0,0,1,20356524,5
0,0,1,20356525,5
0,0,1,20356526,5
0,0,1,20356527,5
0,0,1,20356528,5
0,0,1,20356529,5
0,0,1,20356530,5
0,0,1,20356531,5
0,0,1,20356532,5
0,0,1,20356533,5
0,0,1,20356534,5
0,0,1,20356535,5
0,0,1,20356536,5
0,0,1,20356537,5
0,0,1,20356538,5
0,0,1,20356539,5
0,0,1,20356540,5
0,0,1,20356541,5
0,0,1,20356542,5
0,0,1,20356543,5
0,0,1,20356544,5
0,0,1,20356545,5
0,0,1,20356546,5
0,0,1,20356547,5
0,0,1,20356548,5
0,0,1,20356549,5
0,0,1,20356550,5
0,0,1,20356551,5
0,0,1,20356552,5
0,0,1,20356553,5
0,0,1,20356554,5
0,0,1,20356555,5
0,0,1,20356556,5
0,0,1,20356557,5
0,0,1,20356558,5
0,0,1,20356559,5
0,0,1,20356560,5
0,0,1,20356561,5
0,0,1,20356562,5
0,0,1,20356563,5
0,0,1,20356564,5
0,0,1,20356565,5
0,0,1,20356566,5
0,0,1,20356567,5
0,0,1,20356568,5
0,0,1,20356569,5
0,0,1,20356570,5
0,0,1,20356571,5
0,0,1,20356572,5
0,0,1,20356573,5
0,0,1,20356574,5
0,0,1,20356575,5
0,0,1,20356576,5
0,0,1,20356577,5
0,0,1,20356578,5
0,0,1,20356579,5
0,0,1,20356580,5
0,0,1,20356581,5
0,0,1,20356582,5
0,0,1,20356583,5
0,0,1,20356584,5
0,0,1,20356585,5
0,0,1,20356586,5
0,0,1,20356587,5
0,0,1,20356588,5
0,0,1,20356589,5
0,0,1,20356590,5
0,0,1,20356591,5
0,0,1,20356592,5
0,0,1,20356593,5
0,0,1,20356594,5
0,0,1,20356595,5
0,0,1,20356596,5
0,0,1,20356597,5
0,0,1,20356598,5
0,0,1,20356599,5
0,0,1,20356600,5
0,0,1,20356601,5
0,0,1,20356602,5
0,0,1,20356603,5
0,0,1,20356604,5
0,0,1,20356605,5
0,0,1,20356606,5
0,0,1,20356607,5
0,0,1,20356608,5
0,0,1,20356609,5
0,0,1,20356610,5
0,0,1,20356611,5
0,0,1,20356612,5
0,0,1,20356613,5
0,0,1,20356614,5
0,0,1,20356615,5
0,0,1,20356616,5
0,0,1,20356617,5
0,0,1,20356618,5
0,0,1,20356619,5
0,0,1,20356620,5
0,0,1,20356621,5
0,0,1,20356622,5
0,0,1,20356623,5
0,0,1,20356624,5
0,0,1,20356625,5
0,0,1,20356626,5
0,0,1,20356627,5
0,0,1,20356628,5
0,0,1,20356629,5
0,0,1,20356630,5
0,0,1,20356631,5
0,0,1,20356632,5
0,0,1,20356633,5
0,0,1,20356634,5
0,0,1,20356635,5
0,0,1,20356636,5
0,0,1,20356637,5
0,0,1,20356638,5
0,0,1,20356639,5
0,0,1,20356640,5
0,0,1,20356641,5
0,0,1,20356642,5
0,0,1,20356643,5
0,0,1,20356644,5
0,0,1,20356645,5
0,0,1,20356646,5
0,0,1,20356647,5
0,0,1,20356648,5
0,0,1,20356649,5
0,0,1,20356650,5
0,0,1,20356651,5
0,0,1,20356652,5
0,0,1,20356653,5
0,0,1,20356654,5
0,0,1,20356655,5
0,0,1,20356656,5
0,0,1,20356657,5
0,0,1,20356658,5
0,0,1,20356659,5
0,0,1,20356660,5
0,0,1,20356661,5
0,0,1,20356662,5
0,0,1,20356663,5
0,0,1,20356664,5
0,0,1,20356665,5
0,0,1,20356666,5
0,0,1,20356667,5
0,0,1,20356668,5
0,0,1,20356669,5
0,0,1,20356670,5
0,0,1,20356671,5
0,0,1,20356672,5
0,0,1,20356673,5
0,0,1,20356674,5
0,0,1,20356675,5
0,0,1,20356676,5
0,0,1,20356677,5
0,0,1,20356678,5
0,0,1,20356679,5
0,0,1,20356680,5
0,0,1,20356681,5
0,0,1,20356682,5
0,0,1,20356683,5
0,0,1,20356684,5
0,0,1,20356685,5
0,0,1,20356686,5
0,0,1,20356687,5
0,0,1,20356688,5
0,0,1,20356689,5
0,0,1,20356690,5
0,0,1,20356691,5
0,0,1,20356692,5
0,0,1,20356693,5
0,0,1,20356694,5
0,0,1,20356695,5
0,0,1,20356696,5
0,0,1,20356697,5
0,0,1,20356698,5
0,0,1,20356699,5
0,0,1,20356700,5
0,0,1,20356701,5
0,0,1,20356702,5
0,0,1,20356703,5
0,0,1,20356704,5
0,0,1,20356705,5
0,0,1,20356706,5
0,0,1,20356707,5
0,0,1,20356708,5
0,0,1,20356709,5
0,0,1,20356710,5
0,0,1,20356711,5
0,0,1,20356712,5
0,0,1,20356713,5
0,0,1,20356714,5
0,0,1,20356715,5
0,0,1,20356716,5
0,0,1,20356717,5
0,0,1,20356718,5
0,0,1,20356719,5
0,0,1,20356720,5
0,0,1,20356721,5
0,0,1,20356722,5
0,0,1,20356723,5
0,0,1,20356724,5
0,0,1,20356725,5
0,0,1,20356726,5
0,0,1,20356727,5
0,0,1,20356728,5
0,0,1,20356729,5
0,0,1,20356730,5
0,0,1,20356731,5
0,0,1,20356732,5
0,0,1,20356733,5
0,0,1,20356734,5
0,0,1,20356735,5
0,0,1,20356736,5
0,0,1,20356737,5
0,0,1,20356738,5
0,0,1,20356739,5
0,0,1,20356740,5
0,0,1,20356741,5
0,0,1,20356742,5
0,0,1,20356743,5
0,0,1,20356744,5
0,0,1,20356745,5
0,0,1,20356746,5
0,0,1,20356747,5
0,0,1,20356748,5
0,0,1,20356749,5
0,0,1,20356750,5
0,0,1,20356751,5
0,0,1,20356752,5
0,0,1,20356753,5
0,0,1,20356754,5
0,0,1,20356755,5
0,0,1,20356756,5
0,0,1,20356757,5
0,0,1,20356758,5
0,0,1,20356759,5
0,0,1,20356760,5
0,0,1,20356761,5
0,0,1,20356762,5
0,0,1,20356763,5
0,0,1,20356764,5
0,0,1,20356765,5
0,0,1,20356766,5
0,0,1,20356767,5
0,0,1,20356768,5
0,0,1,20356769,5
0,0,1,20356770,5
0,0,1,20356771,5
0,0,1,20356772,5
0,0,1,20356773,5
0,0,1,20356774,5
0,0,1,20356775,5
0,0,1,20356776,5
0,0,1,20356777,5
0,0,1,20356778,5
0,0,1,20356779,5
0,0,1,20356780,5
0,0,1,20356781,5
0,0,1,20356782,5
0,0,1,20356783,5
0,0,1,20356784,5
0,0,1,20356785,5
0,0,1,20356786,5
0,0,1,20356787,5
0,0,1,20356788,5
0,0,1,20356789,5
0,0,1,20356790,5
0,0,1,20356791,5
0,0,1,20356792,5
0,0,1,20356793,5
0,0,1,20356794,5
0,0,1,20356795,5
0,0,1,20356796,5
0,0,1,20356797,5
0,0,1,20356798,5
0,0,1,20356799,5
0,0,1,20356800,5
0,0,1,20356801,5
0,0,1,20356802,5
0,0,1,20356803,5
0,0,1,20356804,5
0,0,1,20356805,5
0,0,1,20356806,5
0,0,1,20356807,5
0,0,1,20356808,5
0,0,1,20356809,5
0,0,1,20356810,5
0,0,1,20356811,5
0,0,1,20356812,5
0,0,1,20356813,5
0,0,1,20356814,5
0,0,1,20356815,5
0,0,1,20356816,5
0,0,1,20356817,5
0,0,1,20356818,5
0,0,1,20356819,5
0,0,1,20356820,5
0,0,1,20356821,5
0,0,1,20356822,5
0,0,1,20356823,5
0,0,1,20356824,5
0,0,1,20356825,5
0,0,1,20356826,5
0,0,1,20356827,5
0,0,1,20356828,5
0,0,1,20356829,5
0,0,1,20356830,5
0,0,1,20356831,5
0,0,1,20356832,5
0,0,1,20356833,5
0,0,1,20356834,5
0,0,1,20356835,5
0,0,1,20356836,5
0,0,1,20356837,5
0,0,1,20356838,5
0,0,1,20356839,5
0,0,1,20356840,5
0,0,1,20356841,5
0,0,1,20356842,5
0,0,1,20356843,5
0,0,1,20356844,5
0,0,1,20356845,5
0,0,1,20356846,5
0,0,1,20356847,5
0,0,1,20356848,5
0,0,1,20356849,5
0,0,1,20356850,5
0,0,1,20356851,5
0,0,1,20356852,5
0,0,1,20356853,5
0,0,1,20356854,5
0,0,1,20356855,5
0,0,1,20356856,5
0,0,1,20356857,5
0,0,1,20356858,5
0,0,1,20356859,5
0,0,1,20356860,5
0,0,1,20356861,5
0,0,1,20356862,5
0,0,1,20356863,5
0,0,1,20356864,5
0,0,1,20356865,5
0,0,1,20356866,5
0,0,1,20356867,5
0,0,1,20356868,5
0,0,1,20356869,5
0,0,1,20356870,5
0,0,1,20356871,5
0,0,1,20356872,5
0,0,1,20356873,5
0,0,1,20356874,5
0,0,1,20356875,5
0,0,1,20356876,5
0,0,1,20356877,5
0,0,1,20356878,5
0,0,1,20356879,5
0,0,1,20356880,5
0,0,1,20356881,5
0,0,1,20356882,5
0,0,1,20356883,5
0,0,1,20356884,5
0,0,1,20356885,5
0,0,1,20356886,5
0,0,1,20356887,5
0,0,1,20356888,5
0,0,1,20356889,5
0,0,1,20356890,5
0,0,1,20356891,5
0,0,1,20356892,5
0,0,1,20356893,5
0,0,1,20356894,5
0,0,1,20356895,5
0,0,1,20356896,5
0,0,1,20356897,5
0,0,1,20356898,5
0,0,1,20356899,5
0,0,1,20356900,5
0,0,1,20356901,5
0,0,1,20356902,5
0,0,1,20356903,5
0,0,1,20356904,5
0,0,1,20356905,5
0,0,1,20356906,5
0,0,1,20356907,5
0,0,1,20356908,5
0,0,1,20356909,5
0,0,1,20356910,5
0,0,1,20356911,5
0,0,1,20356912,5
0,0,1,20356913,5
0,0,1,20356914,5
0,0,1,20356915,5
0,0,1,20356916,5
0,0,1,20356917,5
0,0,1,20356918,5
0,0,1,20356919,5
0,0,1,20356920,5
0,0,1,20356921,5
0,0,1,20356922,5
0,0,1,20356923,5
0,0,1,20356924,5
0,0,1,20356925,5
0,0,1,20356926,5
0,0,1,20356927,5
0,0,1,20356928,5
0,0,1,20356929,5
0,0,1,20356930,5
0,0,1,20356931,5
0,0,1,20356932,5
0,0,1,20356933,5
0,0,1,20356934,5
0,0,1,20356935,5
0,0,1,20356936,5
0,0,1,20356937,5
0,0,1,20356938,5
0,0,1,20356939,5
0,0,1,20356940,5
0,0,1,20356941,5
0,0,1,20356942,5
0,0,1,20356943,5
0,0,1,20356944,5
0,0,1,20356945,5
0,0,1,20356946,5
0,0,1,20356947,5
0,0,1,20356948,5
0,0,1,20356949,5
0,0,1,20356950,5
0,0,1,20356951,5
0,0,1,20356952,5
0,0,1,20356953,5
0,0,1,20356954,5
0,0,1,20356955,5
0,0,1,20356956,5
0,0,1,20356957,5
0,0,1,20356958,5
0,0,1,20356959,5
0,0,1,20356960,5
0,0,1,20356961,5
0,0,1,20356962,5
0,0,1,20356963,5
0,0,1,20356964,5
0,0,1,20356965,5
0,0,1,20356966,5
0,0,1,20356967,5
0,0,1,20356968,5
0,0,1,20356969,5
0,0,1,20356970,5
0,0,1,20356971,5
0,0,1,20356972,5
0,0,1,20356973,5
0,0,1,20356974,5
0,0,1,20356975,5
0,0,1,20356976,5
0,0,1,20356977,5
0,0,1,20356978,5
0,0,1,20356979,5
0,0,1,20356980,5
0,0,1,20356981,5
0,0,1,20356982,5
0,0,1,20356983,5
0,0,1,20356984,5
0,0,1,20356985,5
0,0,1,20356986,5
0,0,1,20356987,5
0,0,1,20356988,5
0,0,1,20356989,5
0,0,1,20356990,5
0,0,1,20356991,5
0,0,1,20356992,5
0,0,1,20356993,5
0,0,1,20356994,5
0,0,1,20356995,5
0,0,1,20356996,5
0,0,1,20356997,5
0,0,1,20356998,5
0,0,1,20356999,5
0,0,1,20357000,5
0,0,1,20357001,5
0,0,1,20357002,5
0,0,1,20357003,5
0,0,1,20357004,5
0,0,1,20357005,5
0,0,1,20357006,5
0,0,1,20357007,5
0,0,1,20357008,5
0,0,1,20357009,5
0,0,1,20357010,5
0,0,1,20357011,5
0,0,1,20357012,5
0,0,1,20357013,5
0,0,1,20357014,5
0,0,1,20357015,5
0,0,1,20357016,5
0,0,1,20357017,5
0,0,1,20357018,5
0,0,1,20357019,5
0,0,1,20357020,5
0,0,1,20357021,5
0,0,1,20357022,5
0,0,1,20357023,5
0,0,1,20357024,5
0,0,1,20357025,5
0,0,1,20357026,5
0,0,1,20357027,5
0,0,1,20357028,5
0,0,1,20357029,5
0,0,1,20357030,5
0,0,1,20357031,5
0,0,1,20357032,5
0,0,1,20357033,5
0,0,1,20357034,5
0,0,1,20357035,5
0,0,1,20357036,5
0,0,1,20357037,5
0,0,1,20357038,5
0,0,1,20357039,5
0,0,1,20357040,5
0,0,1,20357041,5
0,0,1,20357042,5
0,0,1,20357043,5
0,0,1,20357044,5
0,0,1,20357045,5
0,0,1,20357046,5
0,0,1,20357047,5
0,0,1,20357048,5
0,0,1,20357049,5
0,0,1,20357050,5
0,0,1,20357051,5
0,0,1,20357052,5
0,0,1,20357053,5
0,0,1,20357054,5
0,0,1,20357055,5
0,0,1,20357056,5
0,0,1,20357057,5
0,0,1,20357058,5
0,0,1,20357059,5
0,0,1,20357060,5
0,0,1,20357061,5
0,0,1,20357062,5
0,0,1,20357063,5
0,0,1,20357064,5
0,0,1,20357065,5
0,0,1,20357066,5
0,0,1,20357067,5
0,0,1,20357068,5
0,0,1,20357069,5
0,0,1,20357070,5
0,0,1,20357071,5
0,0,1,20357072,5
0,0,1,20357073,5
0,0,1,20357074,5
0,0,1,20357075,5
0,0,1,20357076,5
0,0,1,20357077,5
0,0,1,20357078,5
0,0,1,20357079,5
0,0,1,20357080,5
0,0,1,20357081,5
0,0,1,20357082,5
0,0,1,20357083,5
0,0,1,20357084,5
0,0,1,20357085,5
0,0,1,20357086,5
0,0,1,20357087,5
0,0,1,20357088,5
0,0,1,20357089,5
0,0,1,20357090,5
0,0,1,20357091,5
0,0,1,20357092,5
0,0,1,20357093,5
0,0,1,20357094,5
0,0,1,20357095,5
0,0,1,20357096,5
0,0,1,20357097,5
0,0,1,20357098,5
0,0,1,20357099,5
0,0,1,20357100,5
0,0,1,20357101,5
0,0,1,20357102,5
0,0,1,20357103,5
0,0,1,20357104,5
0,0,1,20357105,5
0,0,1,20357106,5
0,0,1,20357107,5
0,0,1,20357108,5
0,0,1,20357109,5
0,0,1,20357110,5
0,0,1,20357111,5
0,0,1,20357112,5
0,0,1,20357113,5
0,0,1,20357114,5
0,0,1,20357115,5
0,0,1,20357116,5
0,0,1,20357117,5
0,0,1,20357118,5
0,0,1,20357119,5
0,0,1,20357120,5
0,0,1,20357121,5
0,0,1,20357122,5
0,0,1,20357123,5
0,0,1,20357124,5
0,0,1,20357125,5
0,0,1,20357126,5
0,0,1,20357127,5
0,0,1,20357128,5
0,0,1,20357129,5
0,0,1,20357130,5
0,0,1,20357131,5
0,0,1,20357132,5
0,0,1,20357133,5
0,0,1,20357134,5
0,0,1,20357135,5
0,0,1,20357136,5
0,0,1,20357137,5
0,0,1,20357138,5
0,0,1,20357139,5
0,0,1,20357140,5
0,0,1,20357141,5
0,0,1,20357142,5
0,0,1,20357143,5
0,0,1,20357144,5
0,0,1,20357145,5
0,0,1,20357146,5
0,0,1,20357147,5
0,0,1,20357148,5
0,0,1,20357149,5
0,0,1,20357150,5
0,0,1,20357151,5
0,0,1,20357152,5
0,0,1,20357153,5
0,0,1,20357154,5
0,0,1,20357155,5
0,0,1,20357156,5
0,0,1,20357157,5
0,0,1,20357158,5
0,0,1,20357159,5
0,0,1,20357160,5
0,0,1,20357161,5
0,0,1,20357162,5
0,0,1,20357163,5
0,0,1,20357164,5
0,0,1,20357165,5
0,0,1,20357166,5
0,0,1,20357167,5
0,0,1,20357168,5
0,0,1,20357169,5
0,0,1,20357170,5
0,0,1,20357171,5
0,0,1,20357172,5
0,0,1,20357173,5
0,0,1,20357174,5
0,0,1,20357175,5
0,0,1,20357176,5
0,0,1,20357177,5
0,0,1,20357178,5
0,0,1,20357179,5
0,0,1,20357180,5
0,0,1,20357181,5
0,0,1,20357182,5
0,0,1,20357183,5
0,0,1,20357184,5
0,0,1,20357185,5
0,0,1,20357186,5
0,0,1,20357187,5
0,0,1,20357188,5
0,0,1,20357189,5
0,0,1,20357190,5
0,0,1,20357191,5
0,0,1,20357192,5
0,0,1,20357193,5
0,0,1,20357194,5
0,0,1,20357195,5
0,0,1,20357196,5
0,0,1,20357197,5
0,0,1,20357198,5
0,0,1,20357199,5
0,0,1,20357200,5
0,0,1,20357201,5
0,0,1,20357202,5
0,0,1,20357203,5
0,0,1,20357204,5
0,0,1,20357205,5
0,0,1,20357206,5
0,0,1,20357207,5
0,0,1,20357208,5
0,0,1,20357209,5
0,0,1,20357210,5
0,0,1,20357211,5
0,0,1,20357212,5
0,0,1,20357213,5
0,0,1,20357214,5
0,0,1,20357215,5
0,0,1,20357216,5
0,0,1,20357217,5
0,0,1,20357218,5
0,0,1,20357219,5
0,0,1,20357220,5
0,0,1,20357221,5
0,0,1,20357222,5
0,0,1,20357223,5
0,0,1,20357224,5
0,0,1,20357225,5
0,0,1,20357226,5
0,0,1,20357227,5
0,0,1,20357228,5
0,0,1,20357229,5
0,0,1,20357230,5
0,0,1,20357231,5
0,0,1,20357232,5
0,0,1,20357233,5
0,0,1,20357234,5
0,0,1,20357235,5
0,0,1,20357236,5
0,0,1,20357237,5
0,0,1,20357238,5
0,0,1,20357239,5
0,0,1,20357240,5
0,0,1,20357241,5
0,0,1,20357242,5
0,0,1,20357243,5
0,0,1,20357244,5
0,0,1,20357245,5
0,0,1,20357246,5
0,0,1,20357247,5
0,0,1,20357248,5
0,0,1,20357249,5
0,0,1,20357250,5
0,0,1,20357251,5
0,0,1,20357252,5
0,0,1,20357253,5
0,0,1,20357254,5
0,0,1,20357255,5
0,0,1,20357256,5
0,0,1,20357257,5
0,0,1,20357258,5
0,0,1,20357259,5
0,0,1,20357260,5
0,0,1,20357261,5
0,0,1,20357262,5
0,0,1,20357263,5
0,0,1,20357264,5
0,0,1,20357265,5
0,0,1,20357266,5
0,0,1,20357267,5
0,0,1,20357268,5
0,0,1,20357269,5
0,0,1,20357270,5
0,0,1,20357271,5
0,0,1,20357272,5
0,0,1,20357273,5
0,0,1,20357274,5
0,0,1,20357275,5
0,0,1,20357276,5
0,0,1,20357277,5
0,0,1,20357278,5
0,0,1,20357279,5
0,0,1,20357280,5
0,0,1,20357281,5
0,0,1,20357282,5
0,0,1,20357283,5
0,0,1,20357284,5
0,0,1,20357285,5
0,0,1,20357286,5
0,0,1,20357287,5
0,0,1,20357288,5
0,0,1,20357289,5
0,0,1,20357290,5
0,0,1,20357291,5
0,0,1,20357292,5
0,0,1,20357293,5
0,0,1,20357294,5
0,0,1,20357295,5
0,0,1,20357296,5
0,0,1,20357297,5
0,0,1,20357298,5
0,0,1,20357299,5
0,0,1,20357300,5
0,0,1,20357301,5
0,0,1,20357302,5
0,0,1,20357303,5
0,0,1,20357304,5
0,0,1,20357305,5
0,0,1,20357306,5
0,0,1,20357307,5
0,0,1,20357308,5
0,0,1,20357309,5
0,0,1,20357310,5
0,0,1,20357311,5
0,0,1,20357312,5
0,0,1,20357313,5
0,0,1,20357314,5
0,0,1,20357315,5
0,0,1,20357316,5
0,0,1,20357317,5
0,0,1,20357318,5
0,0,1,20357319,5
0,0,1,20357320,5
0,0,1,20357321,5
0,0,1,20357322,5
0,0,1,20357323,5
0,0,1,20357324,5
0,0,1,20357325,5
0,0,1,20357326,5
0,0,1,20357327,5
0,0,1,20357328,5
0,0,1,20357329,5
0,0,1,20357330,5
0,0,1,20357331,5
0,0,1,20357332,5
0,0,1,20357333,5
0,0,1,20357334,5
0,0,1,20357335,5
0,0,1,20357336,5
0,0,1,20357337,5
0,0,1,20357338,5
0,0,1,20357339,5
0,0,1,20357340,5
0,0,1,20357341,5
0,0,1,20357342,5
0,0,1,20357343,5
0,0,1,20357344,5
0,0,1,20357345,5
0,0,1,20357346,5
0,0,1,20357347,5
0,0,1,20357348,5
0,0,1,20357349,5
0,0,1,20357350,5
0,0,1,20357351,5
0,0,1,20357352,5
0,0,1,20357353,5
0,0,1,20357354,5
0,0,1,20357355,5
0,0,1,20357356,5
0,0,1,20357357,5
0,0,1,20357358,5
0,0,1,20357359,5
0,0,1,20357360,5
0,0,1,20357361,5
0,0,1,20357362,5
0,0,1,20357363,5
0,0,1,20357364,5
0,0,1,20357365,5
0,0,1,20357366,5
0,0,1,20357367,5
0,0,1,20357368,5
0,0,1,20357369,5
0,0,1,20357370,5
0,0,1,20357371,5
0,0,1,20357372,5
0,0,1,20357373,5
0,0,1,20357374,5
0,0,1,20357375,5
0,0,1,20357376,5
0,0,1,20357377,5
0,0,1,20357378,5
0,0,1,20357379,5
0,0,1,20357380,5
0,0,1,20357381,5
0,0,1,20357382,5
0,0,1,20357383,5
0,0,1,20357384,5
0,0,1,20357385,5
0,0,1,20357386,5
0,0,1,20357387,5
0,0,1,20357388,5
0,0,1,20357389,5
0,0,1,20357390,5
0,0,1,20357391,5
0,0,1,20357392,5
0,0,1,20357393,5
0,0,1,20357394,5
0,0,1,20357395,5
0,0,1,20357396,5
0,0,1,20357397,5
0,0,1,20357398,5
0,0,1,20357399,5
0,0,1,20357400,5
0,0,1,20357401,5
0,0,1,20357402,5
0,0,1,20357403,5
0,0,1,20357404,5
0,0,1,20357405,5
0,0,1,20357406,5
0,0,1,20357407,5
0,0,1,20357408,5
0,0,1,20357409,5
0,0,1,20357410,5
0,0,1,20357411,5
0,0,1,20357412,5
0,0,1,20357413,5
0,0,1,20357414,5
0,0,1,20357415,5
0,0,1,20357416,5
0,0,1,20357417,5
0,0,1,20357418,5
0,0,1,20357419,5
0,0,1,20357420,5
0,0,1,20357421,5
0,0,1,20357422,5
0,0,1,20357423,5
0,0,1,20357424,5
0,0,1,20357425,5
0,0,1,20357426,5
0,0,1,20357427,5
0,0,1,20357428,5
0,0,1,20357429,5
0,0,1,20357430,5
0,0,1,20357431,5
0,0,1,20357432,5
0,0,1,20357433,5
0,0,1,20357434,5
0,0,1,20357435,5
0,0,1,20357436,5
0,0,1,20357437,5
0,0,1,20357438,5
0,0,1,20357439,5
0,0,1,20357440,5
0,0,1,20357441,5
0,0,1,20357442,5
0,0,1,20357443,5
0,0,1,20357444,5
0,0,1,20357445,5
0,0,1,20357446,5
0,0,1,20357447,5
0,0,1,20357448,5
0,0,1,20357449,5
0,0,1,20357450,5
0,0,1,20357451,5
0,0,1,20357452,5
0,0,1,20357453,5
0,0,1,20357454,5
0,0,1,20357455,5
0,0,1,20357456,5
0,0,1,20357457,5
0,0,1,20357458,5
0,0,1,20357459,5
0,0,1,20357460,5
0,0,1,20357461,5
0,0,1,20357462,5
0,0,1,20357463,5
0,0,1,20357464,5
0,0,1,20357465,5
0,0,1,20357466,5
0,0,1,20357467,5
0,0,1,20357468,5
0,0,1,20357469,5
0,0,1,20357470,5
0,0,1,20357471,5
0,0,1,20357472,5
0,0,1,20357473,5
0,0,1,20357474,5
0,0,1,20357475,5
0,0,1,20357476,5
0,0,1,20357477,5
0,0,1,20357478,5
0,0,1,20357479,5
0,0,1,20357480,5
0,0,1,20357481,5
0,0,1,20357482,5
0,0,1,20357483,5
0,0,1,20357484,5
0,0,1,20357485,5
0,0,1,20357486,5
0,0,1,20357487,5
0,0,1,20357488,5
0,0,1,20357489,5
0,0,1,20357490,5
0,0,1,20357491,5
0,0,1,20357492,5
0,0,1,20357493,5
0,0,1,20357494,5
0,0,1,20357495,5
0,0,1,20357496,5
0,0,1,20357497,5
0,0,1,20357498,5
0,0,1,20357499,5
0,0,1,20357500,5
0,0,1,20357501,5
0,0,1,20357502,5
0,0,1,20357503,5
0,0,1,20357504,5
0,0,1,20357505,5
0,0,1,20357506,5
0,0,1,20357507,5
0,0,1,20357508,5
0,0,1,20357509,5
0,0,1,20357510,5
0,0,1,20357511,5
0,0,1,20357512,5
0,0,1,20357513,5
0,0,1,20357514,5
0,0,1,20357515,5
0,0,1,20357516,5
0,0,1,20357517,5
0,0,1,20357518,5
0,0,1,20357519,5
0,0,1,20357520,5
0,0,1,20357521,5
0,0,1,20357522,5
0,0,1,20357523,5
0,0,1,20357524,5
0,0,1,20357525,5
0,0,1,20357526,5
0,0,1,20357527,5
0,0,1,20357528,5
0,0,1,20357529,5
0,0,1,20357530,5
0,0,1,20357531,5
0,0,1,20357532,5
0,0,1,20357533,5
0,0,1,20357534,5
0,0,1,20357535,5
0,0,1,20357536,5
0,0,1,20357537,5
0,0,1,20357538,5
0,0,1,20357539,5
0,0,1,20357540,5
0,0,1,20357541,5
0,0,1,20357542,5
0,0,1,20357543,5
0,0,1,20357544,5
0,0,1,20357545,5
0,0,1,20357546,5
0,0,1,20357547,5
0,0,1,20357548,5
0,0,1,20357549,5
0,0,1,20357550,5
0,0,1,20357551,5
0,0,1,20357552,5
0,0,1,20357553,5
0,0,1,20357554,5
0,0,1,20357555,5
0,0,1,20357556,5
0,0,1,20357557,5
0,0,1,20357558,5
0,0,1,20357559,5
0,0,1,20357560,5
0,0,1,20357561,5
0,0,1,20357562,5
0,0,1,20357563,5
0,0,1,20357564,5
0,0,1,20357565,5
0,0,1,20357566,5
0,0,1,20357567,5
0,0,1,20357568,5
0,0,1,20357569,5
0,0,1,20357570,5
0,0,1,20357571,5
0,0,1,20357572,5
0,0,1,20357573,5
0,0,1,20357574,5
0,0,1,20357575,5
0,0,1,20357576,5
0,0,1,20357577,5
0,0,1,20357578,5
0,0,1,20357579,5
0,0,1,20357580,5
0,0,1,20357581,5
0,0,1,20357582,5
0,0,1,20357583,5
0,0,1,20357584,5
0,0,1,20357585,5
0,0,1,20357586,5
0,0,1,20357587,5
0,0,1,20357588,5
0,0,1,20357589,5
0,0,1,20357590,5
0,0,1,20357591,5
0,0,1,20357592,5
0,0,1,20357593,5
0,0,1,20357594,5
0,0,1,20357595,5
0,0,1,20357596,5
0,0,1,20357597,5
0,0,1,20357598,5
0,0,1,20357599,5
0,0,1,20357600,5
0,0,1,20357601,5
0,0,1,20357602,5
0,0,1,20357603,5
0,0,1,20357604,5
0,0,1,20357605,5
0,0,1,20357606,5
0,0,1,20357607,5
0,0,1,20357608,5
0,0,1,20357609,5
0,0,1,20357610,5
0,0,1,20357611,5
0,0,1,20357612,5
0,0,1,20357613,5
0,0,1,20357614,5
0,0,1,20357615,5
0,0,1,20357616,5
0,0,1,20357617,5
0,0,1,20357618,5
0,0,1,20357619,5
0,0,1,20357620,5
0,0,1,20357621,5
0,0,1,20357622,5
0,0,1,20357623,5
0,0,1,20357624,5
0,0,1,20357625,5
0,0,1,20357626,5
0,0,1,20357627,5
0,0,1,20357628,5
0,0,1,20357629,5
0,0,1,20357630,5
0,0,1,20357631,5
0,0,1,20357632,5
0,0,1,20357633,5
0,0,1,20357634,5
0,0,1,20357635,5
0,0,1,20357636,5
0,0,1,20357637,5
0,0,1,20357638,5
0,0,1,20357639,5
0,0,1,20357640,5
0,0,1,20357641,5
0,0,1,20357642,5
0,0,1,20357643,5
0,0,1,20357644,5
0,0,1,20357645,5
0,0,1,20357646,5
0,0,1,20357647,5
0,0,1,20357648,5
0,0,1,20357649,5
0,0,1,20357650,5
0,0,1,20357651,5
0,0,1,20357652,5
0,0,1,20357653,5
0,0,1,20357654,5
0,0,1,20357655,5
0,0,1,20357656,5
0,0,1,20357657,5
0,0,1,20357658,5
0,0,1,20357659,5
0,0,1,20357660,5
0,0,1,20357661,5
0,0,1,20357662,5
0,0,1,20357663,5
0,0,1,20357664,5
0,0,1,20357665,5
0,0,1,20357666,5
0,0,1,20357667,5
0,0,1,20357668,5
0,0,1,20357669,5
0,0,1,20357670,5
0,0,1,20357671,5
0,0,1,20357672,5
0,0,1,20357673,5
0,0,1,20357674,5
0,0,1,20357675,5
0,0,1,20357676,5
0,0,1,20357677,5
0,0,1,20357678,5
0,0,1,20357679,5
0,0,1,20357680,5
0,0,1,20357681,5
0,0,1,20357682,5
0,0,1,20357683,5
0,0,1,20357684,5
0,0,1,20357685,5
0,0,1,20357686,5
0,0,1,20357687,5
0,0,1,20357688,5
0,0,1,20357689,5
0,0,1,20357690,5
0,0,1,20357691,5
0,0,1,20357692,5
0,0,1,20357693,5
0,0,1,20357694,5
0,0,1,20357695,5
0,0,1,20357696,5
0,0,1,20357697,5
0,0,1,20357698,5
0,0,1,20357699,5
0,0,1,20357700,5
0,0,1,20357701,5
0,0,1,20357702,5
0,0,1,20357703,5
0,0,1,20357704,5
0,0,1,20357705,5
0,0,1,20357706,5
0,0,1,20357707,5
0,0,1,20357708,5
0,0,1,20357709,5
0,0,1,20357710,5
0,0,1,20357711,5
0,0,1,20357712,5
0,0,1,20357713,5
0,0,1,20357714,5
0,0,1,20357715,5
0,0,1,20357716,5
0,0,1,20357717,5
0,0,1,20357718,5
0,0,1,20357719,5
0,0,1,20357720,5
0,0,1,20357721,5
0,0,1,20357722,5
0,0,1,20357723,5
0,0,1,20357724,5
0,0,1,20357725,5
0,0,1,20357726,5
0,0,1,20357727,5
0,0,1,20357728,5
0,0,1,20357729,5
0,0,1,20357730,5
0,0,1,20357731,5
0,0,1,20357732,5
0,0,1,20357733,5
0,0,1,20357734,5
0,0,1,20357735,5
0,0,1,20357736,5
0,0,1,20357737,5
0,0,1,20357738,5
0,0,1,20357739,5
0,0,1,20357740,5
0,0,1,20357741,5
0,0,1,20357742,5
0,0,1,20357743,5
0,0,1,20357744,5
0,0,1,20357745,5
0,0,1,20357746,5
0,0,1,20357747,5
0,0,1,20357748,5
0,0,1,20357749,5
0,0,1,20357750,5
0,0,1,20357751,5
0,0,1,20357752,5
0,0,1,20357753,5
0,0,1,20357754,5
0,0,1,20357755,5
0,0,1,20357756,5
0,0,1,20357757,5
0,0,1,20357758,5
0,0,1,20357759,5
0,0,1,20357760,5
0,0,1,20357761,5
0,0,1,20357762,5
0,0,1,20357763,5
0,0,1,20357764,5
0,0,1,20357765,5
0,0,1,20357766,5
0,0,1,20357767,5
0,0,1,20357768,5
0,0,1,20357769,5
0,0,1,20357770,5
0,0,1,20357771,5
0,0,1,20357772,5
0,0,1,20357773,5
0,0,1,20357774,5
0,0,1,20357775,5
0,0,1,20357776,5
0,0,1,20357777,5
0,0,1,20357778,5
0,0,1,20357779,5
0,0,1,20357780,5
0,0,1,20357781,5
0,0,1,20357782,5
0,0,1,20357783,5
0,0,1,20357784,5
0,0,1,20357785,5
0,0,1,20357786,5
0,0,1,20357787,5
0,0,1,20357788,5
0,0,1,20357789,5
0,0,1,20357790,5
0,0,1,20357791,5
0,0,1,20357792,5
0,0,1,20357793,5
0,0,1,20357794,5
0,0,1,20357795,5
0,0,1,20357796,5
0,0,1,20357797,5
0,0,1,20357798,5
0,0,1,20357799,5
0,0,1,20357800,5
0,0,1,20357801,5
0,0,1,20357802,5
0,0,1,20357803,5
0,0,1,20357804,5
0,0,1,20357805,5
0,0,1,20357806,5
0,0,1,20357807,5
0,0,1,20357808,5
0,0,1,20357809,5
0,0,1,20357810,5
0,0,1,20357811,5
0,0,1,20357812,5
0,0,1,20357813,5
0,0,1,20357814,5
0,0,1,20357815,5
0,0,1,20357816,5
0,0,1,20357817,5
0,0,1,20357818,5
0,0,1,20357819,5
0,0,1,20357820,5
0,0,1,20357821,5
0,0,1,20357822,5
0,0,1,20357823,5
0,0,1,20357824,5
0,0,1,20357825,5
0,0,1,20357826,5
0,0,1,20357827,5
0,0,1,20357828,5
0,0,1,20357829,5
0,0,1,20357830,5
0,0,1,20357831,5
0,0,1,20357832,5
0,0,1,20357833,5
0,0,1,20357834,5
0,0,1,20357835,5
0,0,1,20357836,5
0,0,1,20357837,5
0,0,1,20357838,5
0,0,1,20357839,5
0,0,1,20357840,5
0,0,1,20357841,5
0,0,1,20357842,5
0,0,1,20357843,5
0,0,1,20357844,5
0,0,1,20357845,5
0,0,1,20357846,5
0,0,1,20357847,5
0,0,1,20357848,5
0,0,1,20357849,5
0,0,1,20357850,5
0,0,1,20357851,5
0,0,1,20357852,5
0,0,1,20357853,5
0,0,1,20357854,5
0,0,1,20357855,5
0,0,1,20357856,5
0,0,1,20357857,5
0,0,1,20357858,5
0,0,1,20357859,5
0,0,1,20357860,5
0,0,1,20357861,5
0,0,1,20357862,5
0,0,1,20357863,5
0,0,1,20357864,5
0,0,1,20357865,5
0,0,1,20357866,5
0,0,1,20357867,5
0,0,1,20357868,5
0,0,1,20357869,5
0,0,1,20357870,5
0,0,1,20357871,5
0,0,1,20357872,5
0,0,1,20357873,5
0,0,1,20357874,5
0,0,1,20357875,5
0,0,1,20357876,5
0,0,1,20357877,5
0,0,1,20357878,5
0,0,1,20357879,5
0,0,1,20357880,5
0,0,1,20357881,5
0,0,1,20357882,5
0,0,1,20357883,5
0,0,1,20357884,5
0,0,1,20357885,5
0,0,1,20357886,5
0,0,1,20357887,5
0,0,1,20357888,5
0,0,1,20357889,5
0,0,1,20357890,5
0,0,1,20357891,5
0,0,1,20357892,5
0,0,1,20357893,5
0,0,1,20357894,5
0,0,1,20357895,5
0,0,1,20357896,5
0,0,1,20357897,5
0,0,1,20357898,5
0,0,1,20357899,5
0,0,1,20357900,5
0,0,1,20357901,5
0,0,1,20357902,5
0,0,1,20357903,5
0,0,1,20357904,5
0,0,1,20357905,5
0,0,1,20357906,5
0,0,1,20357907,5
0,0,1,20357908,5
0,0,1,20357909,5
0,0,1,20357910,5
0,0,1,20357911,5
0,0,1,20357912,5
0,0,1,20357913,5
0,0,1,20357914,5
0,0,1,20357915,5
0,0,1,20357916,5
0,0,1,20357917,5
0,0,1,20357918,5
0,0,1,20357919,5
0,0,1,20357920,5
0,0,1,20357921,5
0,0,1,20357922,5
0,0,1,20357923,5
0,0,1,20357924,5
0,0,1,20357925,5
0,0,1,20357926,5
0,0,1,20357927,5
0,0,1,20357928,5
0,0,1,20357929,5
0,0,1,20357930,5
0,0,1,20357931,5
0,0,1,20357932,5
0,0,1,20357933,5
0,0,1,20357934,5
0,0,1,20357935,5
0,0,1,20357936,5
0,0,1,20357937,5
0,0,1,20357938,5
0,0,1,20357939,5
0,0,1,20357940,5
0,0,1,20357941,5
0,0,1,20357942,5
0,0,1,20357943,5
0,0,1,20357944,5
0,0,1,20357945,5
0,0,1,20357946,5
0,0,1,20357947,5
0,0,1,20357948,5
0,0,1,20357949,5
0,0,1,20357950,5
0,0,1,20357951,5
0,0,1,20357952,5
0,0,1,20357953,5
0,0,1,20357954,5
0,0,1,20357955,5
0,0,1,20357956,5
0,0,1,20357957,5
0,0,1,20357958,5
0,0,1,20357959,5
0,0,1,20357960,5
0,0,1,20357961,5
0,0,1,20357962,5
0,0,1,20357963,5
0,0,1,20357964,5
0,0,1,20357965,5
0,0,1,20357966,5
0,0,1,20357967,5
0,0,1,20357968,5
0,0,1,20357969,5
0,0,1,20357970,5
0,0,1,20357971,5
0,0,1,20357972,5
0,0,1,20357973,5
0,0,1,20357974,5
0,0,1,20357975,5
0,0,1,20357976,5
0,0,1,20357977,5
0,0,1,20357978,5
0,0,1,20357979,5
0,0,1,20357980,5
0,0,1,20357981,5
0,0,1,20357982,5
0,0,1,20357983,5
0,0,1,20357984,5
0,0,1,20357985,5
0,0,1,20357986,5
0,0,1,20357987,5
0,0,1,20357988,5
0,0,1,20357989,5
0,0,1,20357990,5
0,0,1,20357991,5
0,0,1,20357992,5
0,0,1,20357993,5
0,0,1,20357994,5
0,0,1,20357995,5
0,0,1,20357996,5
0,0,1,20357997,5
0,0,1,20357998,5
0,0,1,20357999,5
0,0,1,20358000,5
0,0,1,20358001,5
0,0,1,20358002,5
0,0,1,20358003,5
0,0,1,20358004,5
0,0,1,20358005,5
0,0,1,20358006,5
0,0,1,20358007,5
0,0,1,20358008,5
0,0,1,20358009,5
0,0,1,20358010,5
0,0,1,20358011,5
0,0,1,20358012,5
0,0,1,20358013,5
0,0,1,20358014,5
0,0,1,20358015,5
0,0,1,20358016,5
0,0,1,20358017,5
0,0,1,20358018,5
0,0,1,20358019,5
0,0,1,20358020,5
0,0,1,20358021,5
0,0,1,20358022,5
0,0,1,20358023,5
0,0,1,20358024,5
0,0,1,20358025,5
0,0,1,20358026,5
0,0,1,20358027,5
0,0,1,20358028,5
0,0,1,20358029,5
0,0,1,20358030,5
0,0,1,20358031,5
0,0,1,20358032,5
0,0,1,20358033,5
0,0,1,20358034,5
0,0,1,20358035,5
0,0,1,20358036,5
0,0,1,20358037,5
0,0,1,20358038,5
0,0,1,20358039,5
0,0,1,20358040,5
0,0,1,20358041,5
0,0,1,20358042,5
0,0,1,20358043,5
0,0,1,20358044,5
0,0,1,20358045,5
0,0,1,20358046,5
0,0,1,20358047,5
0,0,1,20358048,5
0,0,1,20358049,5
0,0,1,20358050,5
0,0,1,20358051,5
0,0,1,20358052,5
0,0,1,20358053,5
0,0,1,20358054,5
0,0,1,20358055,5
0,0,1,20358056,5
0,0,1,20358057,5
0,0,1,20358058,5
0,0,1,20358059,5
0,0,1,20358060,5
0,0,1,20358061,5
0,0,1,20358062,5
0,0,1,20358063,5
0,0,1,20358064,5
0,0,1,20358065,5
0,0,1,20358066,5
0,0,1,20358067,5
0,0,1,20358068,5
0,0,1,20358069,5
0,0,1,20358070,5
0,0,1,20358071,5
0,0,1,20358072,5
0,0,1,20358073,5
0,0,1,20358074,5
0,0,1,20358075,5
0,0,1,20358076,5
0,0,1,20358077,5
0,0,1,20358078,5
0,0,1,20358079,5
0,0,1,20358080,5
0,0,1,20358081,5
0,0,1,20358082,5
0,0,1,20358083,5
0,0,1,20358084,5
0,0,1,20358085,5
0,0,1,20358086,5
0,0,1,20358087,5
0,0,1,20358088,5
0,0,1,20358089,5
0,0,1,20358090,5
0,0,1,20358091,5
0,0,1,20358092,5
0,0,1,20358093,5
0,0,1,20358094,5
0,0,1,20358095,5
0,0,1,20358096,5
0,0,1,20358097,5
0,0,1,20358098,5
0,0,1,20358099,5
0,0,1,20358100,5
0,0,1,20358101,5
0,0,1,20358102,5
0,0,1,20358103,5
0,0,1,20358104,5
0,0,1,20358105,5
0,0,1,20358106,5
0,0,1,20358107,5
0,0,1,20358108,5
0,0,1,20358109,5
0,0,1,20358110,5
0,0,1,20358111,5
0,0,1,20358112,5
0,0,1,20358113,5
0,0,1,20358114,5
0,0,1,20358115,5
0,0,1,20358116,5
0,0,1,20358117,5
0,0,1,20358118,5
0,0,1,20358119,5
0,0,1,20358120,5
0,0,1,20358121,5
0,0,1,20358122,5
0,0,1,20358123,5
0,0,1,20358124,5
0,0,1,20358125,5
0,0,1,20358126,5
0,0,1,20358127,5
0,0,1,20358128,5
0,0,1,20358129,5
0,0,1,20358130,5
0,0,1,20358131,5
0,0,1,20358132,5
0,0,1,20358133,5
0,0,1,20358134,5
0,0,1,20358135,5
0,0,1,20358136,5
0,0,1,20358137,5
0,0,1,20358138,5
0,0,1,20358139,5
0,0,1,20358140,5
0,0,1,20358141,5
0,0,1,20358142,5
0,0,1,20358143,5
0,0,1,20358144,5
0,0,1,20358145,5
0,0,1,20358146,5
0,0,1,20358147,5
0,0,1,20358148,5
0,0,1,20358149,5
0,0,1,20358150,5
0,0,1,20358151,5
0,0,1,20358152,5
0,0,1,20358153,5
0,0,1,20358154,5
0,0,1,20358155,5
0,0,1,20358156,5
0,0,1,20358157,5
0,0,1,20358158,5
0,0,1,20358159,5
0,0,1,20358160,5
0,0,1,20358161,5
0,0,1,20358162,5
0,0,1,20358163,5
0,0,1,20358164,5
0,0,1,20358165,5
0,0,1,20358166,5
0,0,1,20358167,5
0,0,1,20358168,5
0,0,1,20358169,5
0,0,1,20358170,5
0,0,1,20358171,5
0,0,1,20358172,5
0,0,1,20358173,5
0,0,1,20358174,5
0,0,1,20358175,5
0,0,1,20358176,5
0,0,1,20358177,5
0,0,1,20358178,5
0,0,1,20358179,5
0,0,1,20358180,5
0,0,1,20358181,5
0,0,1,20358182,5
0,0,1,20358183,5
0,0,1,20358184,5
0,0,1,20358185,5
0,0,1,20358186,5
0,0,1,20358187,5
0,0,1,20358188,5
0,0,1,20358189,5
0,0,1,20358190,5
0,0,1,20358191,5
0,0,1,20358192,5
0,0,1,20358193,5
0,0,1,20358194,5
0,0,1,20358195,5
0,0,1,20358196,5
0,0,1,20358197,5
0,0,1,20358198,5
0,0,1,20358199,5
0,0,1,20358200,5
0,0,1,20358201,5
0,0,1,20358202,5
0,0,1,20358203,5
0,0,1,20358204,5
0,0,1,20358205,5
0,0,1,20358206,5
0,0,1,20358207,5
0,0,1,20358208,5
0,0,1,20358209,5
0,0,1,20358210,5
0,0,1,20358211,5
0,0,1,20358212,5
0,0,1,20358213,5
0,0,1,20358214,5
0,0,1,20358215,5
0,0,1,20358216,5
0,0,1,20358217,5
0,0,1,20358218,5
0,0,1,20358219,5
0,0,1,20358220,5
0,0,1,20358221,5
0,0,1,20358222,5
0,0,1,20358223,5
0,0,1,20358224,5
0,0,1,20358225,5
0,0,1,20358226,5
0,0,1,20358227,5
0,0,1,20358228,5
0,0,1,20358229,5
0,0,1,20358230,5
0,0,1,20358231,5
0,0,1,20358232,5
0,0,1,20358233,5
0,0,1,20358234,5
0,0,1,20358235,5
0,0,1,20358236,5
0,0,1,20358237,5
0,0,1,20358238,5
0,0,1,20358239,5
0,0,1,20358240,5
0,0,1,20358241,5
0,0,1,20358242,5
0,0,1,20358243,5
0,0,1,20358244,5
0,0,1,20358245,5
0,0,1,20358246,5
0,0,1,20358247,5
0,0,1,20358248,5
0,0,1,20358249,5
0,0,1,20358250,5
0,0,1,20358251,5
0,0,1,20358252,5
0,0,1,20358253,5
0,0,1,20358254,5
0,0,1,20358255,5
0,0,1,20358256,5
0,0,1,20358257,5
0,0,1,20358258,5
0,0,1,20358259,5
0,0,1,20358260,5
0,0,1,20358261,5
0,0,1,20358262,5
0,0,1,20358263,5
0,0,1,20358264,5
0,0,1,20358265,5
0,0,1,20358266,5
0,0,1,20358267,5
0,0,1,20358268,5
0,0,1,20358269,5
0,0,1,20358270,5
0,0,1,20358271,5
0,0,1,20358272,5
0,0,1,20358273,5
0,0,1,20358274,5
0,0,1,20358275,5
0,0,1,20358276,5
0,0,1,20358277,5
0,0,1,20358278,5
0,0,1,20358279,5
0,0,1,20358280,5
0,0,1,20358281,5
0,0,1,20358282,5
0,0,1,20358283,5
0,0,1,20358284,5
0,0,1,20358285,5
0,0,1,20358286,5
0,0,1,20358287,5
0,0,1,20358288,5
0,0,1,20358289,5
0,0,1,20358290,5
0,0,1,20358291,5
0,0,1,20358292,5
0,0,1,20358293,5
0,0,1,20358294,5
0,0,1,20358295,5
0,0,1,20358296,5
0,0,1,20358297,5
0,0,1,20358298,5
0,0,1,20358299,5
0,0,1,20358300,5
0,0,1,20358301,5
0,0,1,20358302,5
0,0,1,20358303,5
0,0,1,20358304,5
0,0,1,20358305,5
0,0,1,20358306,5
0,0,1,20358307,5
0,0,1,20358308,5
0,0,1,20358309,5
0,0,1,20358310,5
0,0,1,20358311,5
0,0,1,20358312,5
0,0,1,20358313,5
0,0,1,20358314,5
0,0,1,20358315,5
0,0,1,20358316,5
0,0,1,20358317,5
0,0,1,20358318,5
0,0,1,20358319,5
0,0,1,20358320,5
0,0,1,20358321,5
0,0,1,20358322,5
0,0,1,20358323,5
0,0,1,20358324,5
0,0,1,20358325,5
0,0,1,20358326,5
0,0,1,20358327,5
0,0,1,20358328,5
0,0,1,20358329,5
0,0,1,20358330,5
0,0,1,20358331,5
0,0,1,20358332,5
0,0,1,20358333,5
0,0,1,20358334,5
0,0,1,20358335,5
0,0,1,20358336,5
0,0,1,20358337,5
0,0,1,20358338,5
0,0,1,20358339,5
0,0,1,20358340,5
0,0,1,20358341,5
0,0,1,20358342,5
0,0,1,20358343,5
0,0,1,20358344,5
0,0,1,20358345,5
0,0,1,20358346,5
0,0,1,20358347,5
0,0,1,20358348,5
0,0,1,20358349,5
0,0,1,20358350,5
0,0,1,20358351,5
0,0,1,20358352,5
0,0,1,20358353,5
0,0,1,20358354,5
0,0,1,20358355,5
0,0,1,20358356,5
0,0,1,20358357,5
0,0,1,20358358,5
0,0,1,20358359,5
0,0,1,20358360,5
0,0,1,20358361,5
0,0,1,20358362,5
0,0,1,20358363,5
0,0,1,20358364,5
0,0,1,20358365,5
0,0,1,20358366,5
0,0,1,20358367,5
0,0,1,20358368,5
0,0,1,20358369,5
0,0,1,20358370,5
0,0,1,20358371,5
0,0,1,20358372,5
0,0,1,20358373,5
0,0,1,20358374,5
0,0,1,20358375,5
0,0,1,20358376,5
0,0,1,20358377,5
0,0,1,20358378,5
0,0,1,20358379,5
0,0,1,20358380,5
0,0,1,20358381,5
0,0,1,20358382,5
0,0,1,20358383,5
0,0,1,20358384,5
0,0,1,20358385,5
0,0,1,20358386,5
0,0,1,20358387,5
0,0,1,20358388,5
0,0,1,20358389,5
0,0,1,20358390,5
0,0,1,20358391,5
0,0,1,20358392,5
0,0,1,20358393,5
0,0,1,20358394,5
0,0,1,20358395,5
0,0,1,20358396,5
0,0,1,20358397,5
0,0,1,20358398,5
0,0,1,20358399,5
0,0,1,20358400,5
0,0,1,20358401,5
0,0,1,20358402,5
0,0,1,20358403,5
0,0,1,20358404,5
0,0,1,20358405,5
0,0,1,20358406,5
0,0,1,20358407,5
0,0,1,20358408,5
0,0,1,20358409,5
0,0,1,20358410,5
0,0,1,20358411,5
0,0,1,20358412,5
0,0,1,20358413,5
0,0,1,20358414,5
0,0,1,20358415,5
0,0,1,20358416,5
0,0,1,20358417,5
0,0,1,20358418,5
0,0,1,20358419,5
0,0,1,20358420,5
0,0,1,20358421,5
0,0,1,20358422,5
0,0,1,20358423,5
0,0,1,20358424,5
0,0,1,20358425,5
0,0,1,20358426,5
0,0,1,20358427,5
0,0,1,20358428,5
0,0,1,20358429,5
0,0,1,20358430,5
0,0,1,20358431,5
0,0,1,20358432,5
0,0,1,20358433,5
0,0,1,20358434,5
0,0,1,20358435,5
0,0,1,20358436,5
0,0,1,20358437,5
0,0,1,20358438,5
0,0,1,20358439,5
0,0,1,20358440,5
0,0,1,20358441,5
0,0,1,20358442,5
0,0,1,20358443,5
0,0,1,20358444,5
0,0,1,20358445,5
0,0,1,20358446,5
0,0,1,20358447,5
0,0,1,20358448,5
0,0,1,20358449,5
0,0,1,20358450,5
0,0,1,20358451,5
0,0,1,20358452,5
0,0,1,20358453,5
0,0,1,20358454,5
0,0,1,20358455,5
0,0,1,20358456,5
0,0,1,20358457,5
0,0,1,20358458,5
0,0,1,20358459,5
0,0,1,20358460,5
0,0,1,20358461,5
0,0,1,20358462,5
0,0,1,20358463,5
0,0,1,20358464,5
0,0,1,20358465,5
0,0,1,20358466,5
0,0,1,20358467,5
0,0,1,20358468,5
0,0,1,20358469,5
0,0,1,20358470,5
0,0,1,20358471,5
0,0,1,20358472,5
0,0,1,20358473,5
0,0,1,20358474,5
0,0,1,20358475,5
0,0,1,20358476,5
0,0,1,20358477,5
0,0,1,20358478,5
0,0,1,20358479,5
0,0,1,20358480,5
0,0,1,20358481,5
0,0,1,20358482,5
0,0,1,20358483,5
0,0,1,20358484,5
0,0,1,20358485,5
0,0,1,20358486,5
0,0,1,20358487,5
0,0,1,20358488,5
0,0,1,20358489,5
0,0,1,20358490,5
0,0,1,20358491,5
0,0,1,20358492,5
0,0,1,20358493,5
0,0,1,20358494,5
0,0,1,20358495,5
0,0,1,20358496,5
0,0,1,20358497,5
0,0,1,20358498,5
0,0,1,20358499,5
0,0,1,20358500,5
0,0,1,20358501,5
0,0,1,20358502,5
0,0,1,20358503,5
0,0,1,20358504,5
0,0,1,20358505,5
0,0,1,20358506,5
0,0,1,20358507,5
0,0,1,20358508,5
0,0,1,20358509,5
0,0,1,20358510,5
0,0,1,20358511,5
0,0,1,20358512,5
0,0,1,20358513,5
0,0,1,20358514,5
0,0,1,20358515,5
0,0,1,20358516,5
0,0,1,20358517,5
0,0,1,20358518,5
0,0,1,20358519,5
0,0,1,20358520,5
0,0,1,20358521,5
0,0,1,20358522,5
0,0,1,20358523,5
0,0,1,20358524,5
0,0,1,20358525,5
0,0,1,20358526,5
0,0,1,20358527,5
0,0,1,20358528,5
0,0,1,20358529,5
0,0,1,20358530,5
0,0,1,20358531,5
0,0,1,20358532,5
0,0,1,20358533,5
0,0,1,20358534,5
0,0,1,20358535,5
0,0,1,20358536,5
0,0,1,20358537,5
0,0,1,20358538,5
0,0,1,20358539,5
0,0,1,20358540,5
0,0,1,20358541,5
0,0,1,20358542,5
0,0,1,20358543,5
0,0,1,20358544,5
0,0,1,20358545,5
0,0,1,20358546,5
0,0,1,20358547,5
0,0,1,20358548,5
0,0,1,20358549,5
0,0,1,20358550,5
0,0,1,20358551,5
0,0,1,20358552,5
0,0,1,20358553,5
0,0,1,20358554,5
0,0,1,20358555,5
0,0,1,20358556,5
0,0,1,20358557,5
0,0,1,20358558,5
0,0,1,20358559,5
0,0,1,20358560,5
0,0,1,20358561,5
0,0,1,20358562,5
0,0,1,20358563,5
0,0,1,20358564,5
0,0,1,20358565,5
0,0,1,20358566,5
0,0,1,20358567,5
0,0,1,20358568,5
0,0,1,20358569,5
0,0,1,20358570,5
0,0,1,20358571,5
0,0,1,20358572,5
0,0,1,20358573,5
0,0,1,20358574,5
0,0,1,20358575,5
0,0,1,20358576,5
0,0,1,20358577,5
0,0,1,20358578,5
0,0,1,20358579,5
0,0,1,20358580,5
0,0,1,20358581,5
0,0,1,20358582,5
0,0,1,20358583,5
0,0,1,20358584,5
0,0,1,20358585,5
0,0,1,20358586,5
0,0,1,20358587,5
0,0,1,20358588,5
0,0,1,20358589,5
0,0,1,20358590,5
0,0,1,20358591,5
0,0,1,20358592,5
0,0,1,20358593,5
0,0,1,20358594,5
0,0,1,20358595,5
0,0,1,20358596,5
0,0,1,20358597,5
0,0,1,20358598,5
0,0,1,20358599,5
0,0,1,20358600,5
0,0,1,20358601,5
0,0,1,20358602,5
0,0,1,20358603,5
0,0,1,20358604,5
0,0,1,20358605,5
0,0,1,20358606,5
0,0,1,20358607,5
0,0,1,20358608,5
0,0,1,20358609,5
0,0,1,20358610,5
0,0,1,20358611,5
0,0,1,20358612,5
0,0,1,20358613,5
0,0,1,20358614,5
0,0,1,20358615,5
0,0,1,20358616,5
0,0,1,20358617,5
0,0,1,20358618,5
0,0,1,20358619,5
0,0,1,20358620,5
0,0,1,20358621,5
0,0,1,20358622,5
0,0,1,20358623,5
0,0,1,20358624,5
0,0,1,20358625,5
0,0,1,20358626,5
0,0,1,20358627,5
0,0,1,20358628,5
0,0,1,20358629,5
0,0,1,20358630,5
0,0,1,20358631,5
0,0,1,20358632,5
0,0,1,20358633,5
0,0,1,20358634,5
0,0,1,20358635,5
0,0,1,20358636,5
0,0,1,20358637,5
0,0,1,20358638,5
0,0,1,20358639,5
0,0,1,20358640,5
0,0,1,20358641,5
0,0,1,20358642,5
0,0,1,20358643,5
0,0,1,20358644,5
0,0,1,20358645,5
0,0,1,20358646,5
0,0,1,20358647,5
0,0,1,20358648,5
0,0,1,20358649,5
0,0,1,20358650,5
0,0,1,20358651,5
0,0,1,20358652,5
0,0,1,20358653,5
0,0,1,20358654,5
0,0,1,20358655,5
0,0,1,20358656,5
0,0,1,20358657,5
0,0,1,20358658,5
0,0,1,20358659,5
0,0,1,20358660,5
0,0,1,20358661,5
0,0,1,20358662,5
0,0,1,20358663,5
0,0,1,20358664,5
0,0,1,20358665,5
0,0,1,20358666,5
0,0,1,20358667,5
0,0,1,20358668,5
0,0,1,20358669,5
0,0,1,20358670,5
0,0,1,20358671,5
0,0,1,20358672,5
0,0,1,20358673,5
0,0,1,20358674,5
0,0,1,20358675,5
0,0,1,20358676,5
0,0,1,20358677,5
0,0,1,20358678,5
0,0,1,20358679,5
0,0,1,20358680,5
0,0,1,20358681,5
0,0,1,20358682,5
0,0,1,20358683,5
0,0,1,20358684,5
0,0,1,20358685,5
0,0,1,20358686,5
0,0,1,20358687,5
0,0,1,20358688,5
0,0,1,20358689,5
0,0,1,20358690,5
0,0,1,20358691,5
0,0,1,20358692,5
0,0,1,20358693,5
0,0,1,20358694,5
0,0,1,20358695,5
0,0,1,20358696,5
0,0,1,20358697,5
0,0,1,20358698,5
0,0,1,20358699,5
0,0,1,20358700,5
0,0,1,20358701,5
0,0,1,20358702,5
0,0,1,20358703,5
0,0,1,20358704,5
0,0,1,20358705,5
0,0,1,20358706,5
0,0,1,20358707,5
0,0,1,20358708,5
0,0,1,20358709,5
0,0,1,20358710,5
0,0,1,20358711,5
0,0,1,20358712,5
0,0,1,20358713,5
0,0,1,20358714,5
0,0,1,20358715,5
0,0,1,20358716,5
0,0,1,20358717,5
0,0,1,20358718,5
0,0,1,20358719,5
0,0,1,20358720,5
0,0,1,20358721,5
0,0,1,20358722,5
0,0,1,20358723,5
0,0,1,20358724,5
0,0,1,20358725,5
0,0,1,20358726,5
0,0,1,20358727,5
0,0,1,20358728,5
0,0,1,20358729,5
0,0,1,20358730,5
0,0,1,20358731,5
0,0,1,20358732,5
0,0,1,20358733,5
0,0,1,20358734,5
0,0,1,20358735,5
0,0,1,20358736,5
0,0,1,20358737,5
0,0,1,20358738,5
0,0,1,20358739,5
0,0,1,20358740,5
0,0,1,20358741,5
0,0,1,20358742,5
0,0,1,20358743,5
0,0,1,20358744,5
0,0,1,20358745,5
0,0,1,20358746,5
0,0,1,20358747,5
0,0,1,20358748,5
0,0,1,20358749,5
0,0,1,20358750,5
0,0,1,20358751,5
0,0,1,20358752,5
0,0,1,20358753,5
0,0,1,20358754,5
0,0,1,20358755,5
0,0,1,20358756,5
0,0,1,20358757,5
0,0,1,20358758,5
0,0,1,20358759,5
0,0,1,20358760,5
