weather_iteration,hydro_iteration,stage_id,timepoint,max_market_sales,max_market_purchases,max_final_market_sales,max_final_market_purchases
0,0,1,20300001,400,400,,
0,0,1,20300002,400,400,,
0,0,1,20300003,400,400,,
0,0,1,20300004,400,400,,
0,0,1,20300005,400,400,,
0,0,1,20300006,400,400,,
0,0,1,20300007,400,400,,
0,0,1,20300008,400,400,,
0,0,1,20300009,400,400,,
0,0,1,20300010,400,400,,
0,0,1,20300011,400,400,,
0,0,1,20300012,400,400,,
0,0,1,20300013,400,400,,
0,0,1,20300014,400,400,,
0,0,1,20300015,400,400,,
0,0,1,20300016,400,400,,
0,0,1,20300017,400,400,,
0,0,1,20300018,400,400,,
0,0,1,20300019,400,400,,
0,0,1,20300020,400,400,,
0,0,1,20300021,400,400,,
0,0,1,20300022,400,400,,
0,0,1,20300023,400,400,,
0,0,1,20300024,400,400,,
0,0,1,20300025,400,400,,
0,0,1,20300026,400,400,,
0,0,1,20300027,400,400,,
0,0,1,20300028,400,400,,
0,0,1,20300029,400,400,,
0,0,1,20300030,400,400,,
0,0,1,20300031,400,400,,
0,0,1,20300032,400,400,,
0,0,1,20300033,400,400,,
0,0,1,20300034,400,400,,
0,0,1,20300035,400,400,,
0,0,1,20300036,400,400,,
0,0,1,20300037,400,400,,
0,0,1,20300038,400,400,,
0,0,1,20300039,400,400,,
0,0,1,20300040,400,400,,
0,0,1,20300041,400,400,,
0,0,1,20300042,400,400,,
0,0,1,20300043,400,400,,
0,0,1,20300044,400,400,,
0,0,1,20300045,400,400,,
0,0,1,20300046,400,400,,
0,0,1,20300047,400,400,,
0,0,1,20300048,400,400,,
0,0,1,20300049,400,400,,
0,0,1,20300050,400,400,,
0,0,1,20300051,400,400,,
0,0,1,20300052,400,400,,
0,0,1,20300053,400,400,,
0,0,1,20300054,400,400,,
0,0,1,20300055,400,400,,
0,0,1,20300056,400,400,,
0,0,1,20300057,400,400,,
0,0,1,20300058,400,400,,
0,0,1,20300059,400,400,,
0,0,1,20300060,400,400,,
0,0,1,20300061,400,400,,
0,0,1,20300062,400,400,,
0,0,1,20300063,400,400,,
0,0,1,20300064,400,400,,
0,0,1,20300065,400,400,,
0,0,1,20300066,400,400,,
0,0,1,20300067,400,400,,
0,0,1,20300068,400,400,,
0,0,1,20300069,400,400,,
0,0,1,20300070,400,400,,
0,0,1,20300071,400,400,,
0,0,1,20300072,400,400,,
0,0,1,20300073,400,400,,
0,0,1,20300074,400,400,,
0,0,1,20300075,400,400,,
0,0,1,20300076,400,400,,
0,0,1,20300077,400,400,,
0,0,1,20300078,400,400,,
0,0,1,20300079,400,400,,
0,0,1,20300080,400,400,,
0,0,1,20300081,400,400,,
0,0,1,20300082,400,400,,
0,0,1,20300083,400,400,,
0,0,1,20300084,400,400,,
0,0,1,20300085,400,400,,
0,0,1,20300086,400,400,,
0,0,1,20300087,400,400,,
0,0,1,20300088,400,400,,
0,0,1,20300089,400,400,,
0,0,1,20300090,400,400,,
0,0,1,20300091,400,400,,
0,0,1,20300092,400,400,,
0,0,1,20300093,400,400,,
0,0,1,20300094,400,400,,
0,0,1,20300095,400,400,,
0,0,1,20300096,400,400,,
0,0,1,20300097,400,400,,
0,0,1,20300098,400,400,,
0,0,1,20300099,400,400,,
0,0,1,20300100,400,400,,
0,0,1,20300101,400,400,,
0,0,1,20300102,400,400,,
0,0,1,20300103,400,400,,
0,0,1,20300104,400,400,,
0,0,1,20300105,400,400,,
0,0,1,20300106,400,400,,
0,0,1,20300107,400,400,,
0,0,1,20300108,400,400,,
0,0,1,20300109,400,400,,
0,0,1,20300110,400,400,,
0,0,1,20300111,400,400,,
0,0,1,20300112,400,400,,
0,0,1,20300113,400,400,,
0,0,1,20300114,400,400,,
0,0,1,20300115,400,400,,
0,0,1,20300116,400,400,,
0,0,1,20300117,400,400,,
0,0,1,20300118,400,400,,
0,0,1,20300119,400,400,,
0,0,1,20300120,400,400,,
0,0,1,20300121,400,400,,
0,0,1,20300122,400,400,,
0,0,1,20300123,400,400,,
0,0,1,20300124,400,400,,
0,0,1,20300125,400,400,,
0,0,1,20300126,400,400,,
0,0,1,20300127,400,400,,
0,0,1,20300128,400,400,,
0,0,1,20300129,400,400,,
0,0,1,20300130,400,400,,
0,0,1,20300131,400,400,,
0,0,1,20300132,400,400,,
0,0,1,20300133,400,400,,
0,0,1,20300134,400,400,,
0,0,1,20300135,400,400,,
0,0,1,20300136,400,400,,
0,0,1,20300137,400,400,,
0,0,1,20300138,400,400,,
0,0,1,20300139,400,400,,
0,0,1,20300140,400,400,,
0,0,1,20300141,400,400,,
0,0,1,20300142,400,400,,
0,0,1,20300143,400,400,,
0,0,1,20300144,400,400,,
0,0,1,20300145,400,400,,
0,0,1,20300146,400,400,,
0,0,1,20300147,400,400,,
0,0,1,20300148,400,400,,
0,0,1,20300149,400,400,,
0,0,1,20300150,400,400,,
0,0,1,20300151,400,400,,
0,0,1,20300152,400,400,,
0,0,1,20300153,400,400,,
0,0,1,20300154,400,400,,
0,0,1,20300155,400,400,,
0,0,1,20300156,400,400,,
0,0,1,20300157,400,400,,
0,0,1,20300158,400,400,,
0,0,1,20300159,400,400,,
0,0,1,20300160,400,400,,
0,0,1,20300161,400,400,,
0,0,1,20300162,400,400,,
0,0,1,20300163,400,400,,
0,0,1,20300164,400,400,,
0,0,1,20300165,400,400,,
0,0,1,20300166,400,400,,
0,0,1,20300167,400,400,,
0,0,1,20300168,400,400,,
0,0,1,20300169,400,400,,
0,0,1,20300170,400,400,,
0,0,1,20300171,400,400,,
0,0,1,20300172,400,400,,
0,0,1,20300173,400,400,,
0,0,1,20300174,400,400,,
0,0,1,20300175,400,400,,
0,0,1,20300176,400,400,,
0,0,1,20300177,400,400,,
0,0,1,20300178,400,400,,
0,0,1,20300179,400,400,,
0,0,1,20300180,400,400,,
0,0,1,20300181,400,400,,
0,0,1,20300182,400,400,,
0,0,1,20300183,400,400,,
0,0,1,20300184,400,400,,
0,0,1,20300185,400,400,,
0,0,1,20300186,400,400,,
0,0,1,20300187,400,400,,
0,0,1,20300188,400,400,,
0,0,1,20300189,400,400,,
0,0,1,20300190,400,400,,
0,0,1,20300191,400,400,,
0,0,1,20300192,400,400,,
0,0,1,20300193,400,400,,
0,0,1,20300194,400,400,,
0,0,1,20300195,400,400,,
0,0,1,20300196,400,400,,
0,0,1,20300197,400,400,,
0,0,1,20300198,400,400,,
0,0,1,20300199,400,400,,
0,0,1,20300200,400,400,,
0,0,1,20300201,400,400,,
0,0,1,20300202,400,400,,
0,0,1,20300203,400,400,,
0,0,1,20300204,400,400,,
0,0,1,20300205,400,400,,
0,0,1,20300206,400,400,,
0,0,1,20300207,400,400,,
0,0,1,20300208,400,400,,
0,0,1,20300209,400,400,,
0,0,1,20300210,400,400,,
0,0,1,20300211,400,400,,
0,0,1,20300212,400,400,,
0,0,1,20300213,400,400,,
0,0,1,20300214,400,400,,
0,0,1,20300215,400,400,,
0,0,1,20300216,400,400,,
0,0,1,20300217,400,400,,
0,0,1,20300218,400,400,,
0,0,1,20300219,400,400,,
0,0,1,20300220,400,400,,
0,0,1,20300221,400,400,,
0,0,1,20300222,400,400,,
0,0,1,20300223,400,400,,
0,0,1,20300224,400,400,,
0,0,1,20300225,400,400,,
0,0,1,20300226,400,400,,
0,0,1,20300227,400,400,,
0,0,1,20300228,400,400,,
0,0,1,20300229,400,400,,
0,0,1,20300230,400,400,,
0,0,1,20300231,400,400,,
0,0,1,20300232,400,400,,
0,0,1,20300233,400,400,,
0,0,1,20300234,400,400,,
0,0,1,20300235,400,400,,
0,0,1,20300236,400,400,,
0,0,1,20300237,400,400,,
0,0,1,20300238,400,400,,
0,0,1,20300239,400,400,,
0,0,1,20300240,400,400,,
0,0,1,20300241,400,400,,
0,0,1,20300242,400,400,,
0,0,1,20300243,400,400,,
0,0,1,20300244,400,400,,
0,0,1,20300245,400,400,,
0,0,1,20300246,400,400,,
0,0,1,20300247,400,400,,
0,0,1,20300248,400,400,,
0,0,1,20300249,400,400,,
0,0,1,20300250,400,400,,
0,0,1,20300251,400,400,,
0,0,1,20300252,400,400,,
0,0,1,20300253,400,400,,
0,0,1,20300254,400,400,,
0,0,1,20300255,400,400,,
0,0,1,20300256,400,400,,
0,0,1,20300257,400,400,,
0,0,1,20300258,400,400,,
0,0,1,20300259,400,400,,
0,0,1,20300260,400,400,,
0,0,1,20300261,400,400,,
0,0,1,20300262,400,400,,
0,0,1,20300263,400,400,,
0,0,1,20300264,400,400,,
0,0,1,20300265,400,400,,
0,0,1,20300266,400,400,,
0,0,1,20300267,400,400,,
0,0,1,20300268,400,400,,
0,0,1,20300269,400,400,,
0,0,1,20300270,400,400,,
0,0,1,20300271,400,400,,
0,0,1,20300272,400,400,,
0,0,1,20300273,400,400,,
0,0,1,20300274,400,400,,
0,0,1,20300275,400,400,,
0,0,1,20300276,400,400,,
0,0,1,20300277,400,400,,
0,0,1,20300278,400,400,,
0,0,1,20300279,400,400,,
0,0,1,20300280,400,400,,
0,0,1,20300281,400,400,,
0,0,1,20300282,400,400,,
0,0,1,20300283,400,400,,
0,0,1,20300284,400,400,,
0,0,1,20300285,400,400,,
0,0,1,20300286,400,400,,
0,0,1,20300287,400,400,,
0,0,1,20300288,400,400,,
0,0,1,20300289,400,400,,
0,0,1,20300290,400,400,,
0,0,1,20300291,400,400,,
0,0,1,20300292,400,400,,
0,0,1,20300293,400,400,,
0,0,1,20300294,400,400,,
0,0,1,20300295,400,400,,
0,0,1,20300296,400,400,,
0,0,1,20300297,400,400,,
0,0,1,20300298,400,400,,
0,0,1,20300299,400,400,,
0,0,1,20300300,400,400,,
0,0,1,20300301,400,400,,
0,0,1,20300302,400,400,,
0,0,1,20300303,400,400,,
0,0,1,20300304,400,400,,
0,0,1,20300305,400,400,,
0,0,1,20300306,400,400,,
0,0,1,20300307,400,400,,
0,0,1,20300308,400,400,,
0,0,1,20300309,400,400,,
0,0,1,20300310,400,400,,
0,0,1,20300311,400,400,,
0,0,1,20300312,400,400,,
0,0,1,20300313,400,400,,
0,0,1,20300314,400,400,,
0,0,1,20300315,400,400,,
0,0,1,20300316,400,400,,
0,0,1,20300317,400,400,,
0,0,1,20300318,400,400,,
0,0,1,20300319,400,400,,
0,0,1,20300320,400,400,,
0,0,1,20300321,400,400,,
0,0,1,20300322,400,400,,
0,0,1,20300323,400,400,,
0,0,1,20300324,400,400,,
0,0,1,20300325,400,400,,
0,0,1,20300326,400,400,,
0,0,1,20300327,400,400,,
0,0,1,20300328,400,400,,
0,0,1,20300329,400,400,,
0,0,1,20300330,400,400,,
0,0,1,20300331,400,400,,
0,0,1,20300332,400,400,,
0,0,1,20300333,400,400,,
0,0,1,20300334,400,400,,
0,0,1,20300335,400,400,,
0,0,1,20300336,400,400,,
0,0,1,20300337,400,400,,
0,0,1,20300338,400,400,,
0,0,1,20300339,400,400,,
0,0,1,20300340,400,400,,
0,0,1,20300341,400,400,,
0,0,1,20300342,400,400,,
0,0,1,20300343,400,400,,
0,0,1,20300344,400,400,,
0,0,1,20300345,400,400,,
0,0,1,20300346,400,400,,
0,0,1,20300347,400,400,,
0,0,1,20300348,400,400,,
0,0,1,20300349,400,400,,
0,0,1,20300350,400,400,,
0,0,1,20300351,400,400,,
0,0,1,20300352,400,400,,
0,0,1,20300353,400,400,,
0,0,1,20300354,400,400,,
0,0,1,20300355,400,400,,
0,0,1,20300356,400,400,,
0,0,1,20300357,400,400,,
0,0,1,20300358,400,400,,
0,0,1,20300359,400,400,,
0,0,1,20300360,400,400,,
0,0,1,20300361,400,400,,
0,0,1,20300362,400,400,,
0,0,1,20300363,400,400,,
0,0,1,20300364,400,400,,
0,0,1,20300365,400,400,,
0,0,1,20300366,400,400,,
0,0,1,20300367,400,400,,
0,0,1,20300368,400,400,,
0,0,1,20300369,400,400,,
0,0,1,20300370,400,400,,
0,0,1,20300371,400,400,,
0,0,1,20300372,400,400,,
0,0,1,20300373,400,400,,
0,0,1,20300374,400,400,,
0,0,1,20300375,400,400,,
0,0,1,20300376,400,400,,
0,0,1,20300377,400,400,,
0,0,1,20300378,400,400,,
0,0,1,20300379,400,400,,
0,0,1,20300380,400,400,,
0,0,1,20300381,400,400,,
0,0,1,20300382,400,400,,
0,0,1,20300383,400,400,,
0,0,1,20300384,400,400,,
0,0,1,20300385,400,400,,
0,0,1,20300386,400,400,,
0,0,1,20300387,400,400,,
0,0,1,20300388,400,400,,
0,0,1,20300389,400,400,,
0,0,1,20300390,400,400,,
0,0,1,20300391,400,400,,
0,0,1,20300392,400,400,,
0,0,1,20300393,400,400,,
0,0,1,20300394,400,400,,
0,0,1,20300395,400,400,,
0,0,1,20300396,400,400,,
0,0,1,20300397,400,400,,
0,0,1,20300398,400,400,,
0,0,1,20300399,400,400,,
0,0,1,20300400,400,400,,
0,0,1,20300401,400,400,,
0,0,1,20300402,400,400,,
0,0,1,20300403,400,400,,
0,0,1,20300404,400,400,,
0,0,1,20300405,400,400,,
0,0,1,20300406,400,400,,
0,0,1,20300407,400,400,,
0,0,1,20300408,400,400,,
0,0,1,20300409,400,400,,
0,0,1,20300410,400,400,,
0,0,1,20300411,400,400,,
0,0,1,20300412,400,400,,
0,0,1,20300413,400,400,,
0,0,1,20300414,400,400,,
0,0,1,20300415,400,400,,
0,0,1,20300416,400,400,,
0,0,1,20300417,400,400,,
0,0,1,20300418,400,400,,
0,0,1,20300419,400,400,,
0,0,1,20300420,400,400,,
0,0,1,20300421,400,400,,
0,0,1,20300422,400,400,,
0,0,1,20300423,400,400,,
0,0,1,20300424,400,400,,
0,0,1,20300425,400,400,,
0,0,1,20300426,400,400,,
0,0,1,20300427,400,400,,
0,0,1,20300428,400,400,,
0,0,1,20300429,400,400,,
0,0,1,20300430,400,400,,
0,0,1,20300431,400,400,,
0,0,1,20300432,400,400,,
0,0,1,20300433,400,400,,
0,0,1,20300434,400,400,,
0,0,1,20300435,400,400,,
0,0,1,20300436,400,400,,
0,0,1,20300437,400,400,,
0,0,1,20300438,400,400,,
0,0,1,20300439,400,400,,
0,0,1,20300440,400,400,,
0,0,1,20300441,400,400,,
0,0,1,20300442,400,400,,
0,0,1,20300443,400,400,,
0,0,1,20300444,400,400,,
0,0,1,20300445,400,400,,
0,0,1,20300446,400,400,,
0,0,1,20300447,400,400,,
0,0,1,20300448,400,400,,
0,0,1,20300449,400,400,,
0,0,1,20300450,400,400,,
0,0,1,20300451,400,400,,
0,0,1,20300452,400,400,,
0,0,1,20300453,400,400,,
0,0,1,20300454,400,400,,
0,0,1,20300455,400,400,,
0,0,1,20300456,400,400,,
0,0,1,20300457,400,400,,
0,0,1,20300458,400,400,,
0,0,1,20300459,400,400,,
0,0,1,20300460,400,400,,
0,0,1,20300461,400,400,,
0,0,1,20300462,400,400,,
0,0,1,20300463,400,400,,
0,0,1,20300464,400,400,,
0,0,1,20300465,400,400,,
0,0,1,20300466,400,400,,
0,0,1,20300467,400,400,,
0,0,1,20300468,400,400,,
0,0,1,20300469,400,400,,
0,0,1,20300470,400,400,,
0,0,1,20300471,400,400,,
0,0,1,20300472,400,400,,
0,0,1,20300473,400,400,,
0,0,1,20300474,400,400,,
0,0,1,20300475,400,400,,
0,0,1,20300476,400,400,,
0,0,1,20300477,400,400,,
0,0,1,20300478,400,400,,
0,0,1,20300479,400,400,,
0,0,1,20300480,400,400,,
0,0,1,20300481,400,400,,
0,0,1,20300482,400,400,,
0,0,1,20300483,400,400,,
0,0,1,20300484,400,400,,
0,0,1,20300485,400,400,,
0,0,1,20300486,400,400,,
0,0,1,20300487,400,400,,
0,0,1,20300488,400,400,,
0,0,1,20300489,400,400,,
0,0,1,20300490,400,400,,
0,0,1,20300491,400,400,,
0,0,1,20300492,400,400,,
0,0,1,20300493,400,400,,
0,0,1,20300494,400,400,,
0,0,1,20300495,400,400,,
0,0,1,20300496,400,400,,
0,0,1,20300497,400,400,,
0,0,1,20300498,400,400,,
0,0,1,20300499,400,400,,
0,0,1,20300500,400,400,,
0,0,1,20300501,400,400,,
0,0,1,20300502,400,400,,
0,0,1,20300503,400,400,,
0,0,1,20300504,400,400,,
0,0,1,20300505,400,400,,
0,0,1,20300506,400,400,,
0,0,1,20300507,400,400,,
0,0,1,20300508,400,400,,
0,0,1,20300509,400,400,,
0,0,1,20300510,400,400,,
0,0,1,20300511,400,400,,
0,0,1,20300512,400,400,,
0,0,1,20300513,400,400,,
0,0,1,20300514,400,400,,
0,0,1,20300515,400,400,,
0,0,1,20300516,400,400,,
0,0,1,20300517,400,400,,
0,0,1,20300518,400,400,,
0,0,1,20300519,400,400,,
0,0,1,20300520,400,400,,
0,0,1,20300521,400,400,,
0,0,1,20300522,400,400,,
0,0,1,20300523,400,400,,
0,0,1,20300524,400,400,,
0,0,1,20300525,400,400,,
0,0,1,20300526,400,400,,
0,0,1,20300527,400,400,,
0,0,1,20300528,400,400,,
0,0,1,20300529,400,400,,
0,0,1,20300530,400,400,,
0,0,1,20300531,400,400,,
0,0,1,20300532,400,400,,
0,0,1,20300533,400,400,,
0,0,1,20300534,400,400,,
0,0,1,20300535,400,400,,
0,0,1,20300536,400,400,,
0,0,1,20300537,400,400,,
0,0,1,20300538,400,400,,
0,0,1,20300539,400,400,,
0,0,1,20300540,400,400,,
0,0,1,20300541,400,400,,
0,0,1,20300542,400,400,,
0,0,1,20300543,400,400,,
0,0,1,20300544,400,400,,
0,0,1,20300545,400,400,,
0,0,1,20300546,400,400,,
0,0,1,20300547,400,400,,
0,0,1,20300548,400,400,,
0,0,1,20300549,400,400,,
0,0,1,20300550,400,400,,
0,0,1,20300551,400,400,,
0,0,1,20300552,400,400,,
0,0,1,20300553,400,400,,
0,0,1,20300554,400,400,,
0,0,1,20300555,400,400,,
0,0,1,20300556,400,400,,
0,0,1,20300557,400,400,,
0,0,1,20300558,400,400,,
0,0,1,20300559,400,400,,
0,0,1,20300560,400,400,,
0,0,1,20300561,400,400,,
0,0,1,20300562,400,400,,
0,0,1,20300563,400,400,,
0,0,1,20300564,400,400,,
0,0,1,20300565,400,400,,
0,0,1,20300566,400,400,,
0,0,1,20300567,400,400,,
0,0,1,20300568,400,400,,
0,0,1,20300569,400,400,,
0,0,1,20300570,400,400,,
0,0,1,20300571,400,400,,
0,0,1,20300572,400,400,,
0,0,1,20300573,400,400,,
0,0,1,20300574,400,400,,
0,0,1,20300575,400,400,,
0,0,1,20300576,400,400,,
0,0,1,20300577,400,400,,
0,0,1,20300578,400,400,,
0,0,1,20300579,400,400,,
0,0,1,20300580,400,400,,
0,0,1,20300581,400,400,,
0,0,1,20300582,400,400,,
0,0,1,20300583,400,400,,
0,0,1,20300584,400,400,,
0,0,1,20300585,400,400,,
0,0,1,20300586,400,400,,
0,0,1,20300587,400,400,,
0,0,1,20300588,400,400,,
0,0,1,20300589,400,400,,
0,0,1,20300590,400,400,,
0,0,1,20300591,400,400,,
0,0,1,20300592,400,400,,
0,0,1,20300593,400,400,,
0,0,1,20300594,400,400,,
0,0,1,20300595,400,400,,
0,0,1,20300596,400,400,,
0,0,1,20300597,400,400,,
0,0,1,20300598,400,400,,
0,0,1,20300599,400,400,,
0,0,1,20300600,400,400,,
0,0,1,20300601,400,400,,
0,0,1,20300602,400,400,,
0,0,1,20300603,400,400,,
0,0,1,20300604,400,400,,
0,0,1,20300605,400,400,,
0,0,1,20300606,400,400,,
0,0,1,20300607,400,400,,
0,0,1,20300608,400,400,,
0,0,1,20300609,400,400,,
0,0,1,20300610,400,400,,
0,0,1,20300611,400,400,,
0,0,1,20300612,400,400,,
0,0,1,20300613,400,400,,
0,0,1,20300614,400,400,,
0,0,1,20300615,400,400,,
0,0,1,20300616,400,400,,
0,0,1,20300617,400,400,,
0,0,1,20300618,400,400,,
0,0,1,20300619,400,400,,
0,0,1,20300620,400,400,,
0,0,1,20300621,400,400,,
0,0,1,20300622,400,400,,
0,0,1,20300623,400,400,,
0,0,1,20300624,400,400,,
0,0,1,20300625,400,400,,
0,0,1,20300626,400,400,,
0,0,1,20300627,400,400,,
0,0,1,20300628,400,400,,
0,0,1,20300629,400,400,,
0,0,1,20300630,400,400,,
0,0,1,20300631,400,400,,
0,0,1,20300632,400,400,,
0,0,1,20300633,400,400,,
0,0,1,20300634,400,400,,
0,0,1,20300635,400,400,,
0,0,1,20300636,400,400,,
0,0,1,20300637,400,400,,
0,0,1,20300638,400,400,,
0,0,1,20300639,400,400,,
0,0,1,20300640,400,400,,
0,0,1,20300641,400,400,,
0,0,1,20300642,400,400,,
0,0,1,20300643,400,400,,
0,0,1,20300644,400,400,,
0,0,1,20300645,400,400,,
0,0,1,20300646,400,400,,
0,0,1,20300647,400,400,,
0,0,1,20300648,400,400,,
0,0,1,20300649,400,400,,
0,0,1,20300650,400,400,,
0,0,1,20300651,400,400,,
0,0,1,20300652,400,400,,
0,0,1,20300653,400,400,,
0,0,1,20300654,400,400,,
0,0,1,20300655,400,400,,
0,0,1,20300656,400,400,,
0,0,1,20300657,400,400,,
0,0,1,20300658,400,400,,
0,0,1,20300659,400,400,,
0,0,1,20300660,400,400,,
0,0,1,20300661,400,400,,
0,0,1,20300662,400,400,,
0,0,1,20300663,400,400,,
0,0,1,20300664,400,400,,
0,0,1,20300665,400,400,,
0,0,1,20300666,400,400,,
0,0,1,20300667,400,400,,
0,0,1,20300668,400,400,,
0,0,1,20300669,400,400,,
0,0,1,20300670,400,400,,
0,0,1,20300671,400,400,,
0,0,1,20300672,400,400,,
0,0,1,20300673,400,400,,
0,0,1,20300674,400,400,,
0,0,1,20300675,400,400,,
0,0,1,20300676,400,400,,
0,0,1,20300677,400,400,,
0,0,1,20300678,400,400,,
0,0,1,20300679,400,400,,
0,0,1,20300680,400,400,,
0,0,1,20300681,400,400,,
0,0,1,20300682,400,400,,
0,0,1,20300683,400,400,,
0,0,1,20300684,400,400,,
0,0,1,20300685,400,400,,
0,0,1,20300686,400,400,,
0,0,1,20300687,400,400,,
0,0,1,20300688,400,400,,
0,0,1,20300689,400,400,,
0,0,1,20300690,400,400,,
0,0,1,20300691,400,400,,
0,0,1,20300692,400,400,,
0,0,1,20300693,400,400,,
0,0,1,20300694,400,400,,
0,0,1,20300695,400,400,,
0,0,1,20300696,400,400,,
0,0,1,20300697,400,400,,
0,0,1,20300698,400,400,,
0,0,1,20300699,400,400,,
0,0,1,20300700,400,400,,
0,0,1,20300701,400,400,,
0,0,1,20300702,400,400,,
0,0,1,20300703,400,400,,
0,0,1,20300704,400,400,,
0,0,1,20300705,400,400,,
0,0,1,20300706,400,400,,
0,0,1,20300707,400,400,,
0,0,1,20300708,400,400,,
0,0,1,20300709,400,400,,
0,0,1,20300710,400,400,,
0,0,1,20300711,400,400,,
0,0,1,20300712,400,400,,
0,0,1,20300713,400,400,,
0,0,1,20300714,400,400,,
0,0,1,20300715,400,400,,
0,0,1,20300716,400,400,,
0,0,1,20300717,400,400,,
0,0,1,20300718,400,400,,
0,0,1,20300719,400,400,,
0,0,1,20300720,400,400,,
0,0,1,20300721,400,400,,
0,0,1,20300722,400,400,,
0,0,1,20300723,400,400,,
0,0,1,20300724,400,400,,
0,0,1,20300725,400,400,,
0,0,1,20300726,400,400,,
0,0,1,20300727,400,400,,
0,0,1,20300728,400,400,,
0,0,1,20300729,400,400,,
0,0,1,20300730,400,400,,
0,0,1,20300731,400,400,,
0,0,1,20300732,400,400,,
0,0,1,20300733,400,400,,
0,0,1,20300734,400,400,,
0,0,1,20300735,400,400,,
0,0,1,20300736,400,400,,
0,0,1,20300737,400,400,,
0,0,1,20300738,400,400,,
0,0,1,20300739,400,400,,
0,0,1,20300740,400,400,,
0,0,1,20300741,400,400,,
0,0,1,20300742,400,400,,
0,0,1,20300743,400,400,,
0,0,1,20300744,400,400,,
0,0,1,20300745,400,400,,
0,0,1,20300746,400,400,,
0,0,1,20300747,400,400,,
0,0,1,20300748,400,400,,
0,0,1,20300749,400,400,,
0,0,1,20300750,400,400,,
0,0,1,20300751,400,400,,
0,0,1,20300752,400,400,,
0,0,1,20300753,400,400,,
0,0,1,20300754,400,400,,
0,0,1,20300755,400,400,,
0,0,1,20300756,400,400,,
0,0,1,20300757,400,400,,
0,0,1,20300758,400,400,,
0,0,1,20300759,400,400,,
0,0,1,20300760,400,400,,
0,0,1,20300761,400,400,,
0,0,1,20300762,400,400,,
0,0,1,20300763,400,400,,
0,0,1,20300764,400,400,,
0,0,1,20300765,400,400,,
0,0,1,20300766,400,400,,
0,0,1,20300767,400,400,,
0,0,1,20300768,400,400,,
0,0,1,20300769,400,400,,
0,0,1,20300770,400,400,,
0,0,1,20300771,400,400,,
0,0,1,20300772,400,400,,
0,0,1,20300773,400,400,,
0,0,1,20300774,400,400,,
0,0,1,20300775,400,400,,
0,0,1,20300776,400,400,,
0,0,1,20300777,400,400,,
0,0,1,20300778,400,400,,
0,0,1,20300779,400,400,,
0,0,1,20300780,400,400,,
0,0,1,20300781,400,400,,
0,0,1,20300782,400,400,,
0,0,1,20300783,400,400,,
0,0,1,20300784,400,400,,
0,0,1,20300785,400,400,,
0,0,1,20300786,400,400,,
0,0,1,20300787,400,400,,
0,0,1,20300788,400,400,,
0,0,1,20300789,400,400,,
0,0,1,20300790,400,400,,
0,0,1,20300791,400,400,,
0,0,1,20300792,400,400,,
0,0,1,20300793,400,400,,
0,0,1,20300794,400,400,,
0,0,1,20300795,400,400,,
0,0,1,20300796,400,400,,
0,0,1,20300797,400,400,,
0,0,1,20300798,400,400,,
0,0,1,20300799,400,400,,
0,0,1,20300800,400,400,,
0,0,1,20300801,400,400,,
0,0,1,20300802,400,400,,
0,0,1,20300803,400,400,,
0,0,1,20300804,400,400,,
0,0,1,20300805,400,400,,
0,0,1,20300806,400,400,,
0,0,1,20300807,400,400,,
0,0,1,20300808,400,400,,
0,0,1,20300809,400,400,,
0,0,1,20300810,400,400,,
0,0,1,20300811,400,400,,
0,0,1,20300812,400,400,,
0,0,1,20300813,400,400,,
0,0,1,20300814,400,400,,
0,0,1,20300815,400,400,,
0,0,1,20300816,400,400,,
0,0,1,20300817,400,400,,
0,0,1,20300818,400,400,,
0,0,1,20300819,400,400,,
0,0,1,20300820,400,400,,
0,0,1,20300821,400,400,,
0,0,1,20300822,400,400,,
0,0,1,20300823,400,400,,
0,0,1,20300824,400,400,,
0,0,1,20300825,400,400,,
0,0,1,20300826,400,400,,
0,0,1,20300827,400,400,,
0,0,1,20300828,400,400,,
0,0,1,20300829,400,400,,
0,0,1,20300830,400,400,,
0,0,1,20300831,400,400,,
0,0,1,20300832,400,400,,
0,0,1,20300833,400,400,,
0,0,1,20300834,400,400,,
0,0,1,20300835,400,400,,
0,0,1,20300836,400,400,,
0,0,1,20300837,400,400,,
0,0,1,20300838,400,400,,
0,0,1,20300839,400,400,,
0,0,1,20300840,400,400,,
0,0,1,20300841,400,400,,
0,0,1,20300842,400,400,,
0,0,1,20300843,400,400,,
0,0,1,20300844,400,400,,
0,0,1,20300845,400,400,,
0,0,1,20300846,400,400,,
0,0,1,20300847,400,400,,
0,0,1,20300848,400,400,,
0,0,1,20300849,400,400,,
0,0,1,20300850,400,400,,
0,0,1,20300851,400,400,,
0,0,1,20300852,400,400,,
0,0,1,20300853,400,400,,
0,0,1,20300854,400,400,,
0,0,1,20300855,400,400,,
0,0,1,20300856,400,400,,
0,0,1,20300857,400,400,,
0,0,1,20300858,400,400,,
0,0,1,20300859,400,400,,
0,0,1,20300860,400,400,,
0,0,1,20300861,400,400,,
0,0,1,20300862,400,400,,
0,0,1,20300863,400,400,,
0,0,1,20300864,400,400,,
0,0,1,20300865,400,400,,
0,0,1,20300866,400,400,,
0,0,1,20300867,400,400,,
0,0,1,20300868,400,400,,
0,0,1,20300869,400,400,,
0,0,1,20300870,400,400,,
0,0,1,20300871,400,400,,
0,0,1,20300872,400,400,,
0,0,1,20300873,400,400,,
0,0,1,20300874,400,400,,
0,0,1,20300875,400,400,,
0,0,1,20300876,400,400,,
0,0,1,20300877,400,400,,
0,0,1,20300878,400,400,,
0,0,1,20300879,400,400,,
0,0,1,20300880,400,400,,
0,0,1,20300881,400,400,,
0,0,1,20300882,400,400,,
0,0,1,20300883,400,400,,
0,0,1,20300884,400,400,,
0,0,1,20300885,400,400,,
0,0,1,20300886,400,400,,
0,0,1,20300887,400,400,,
0,0,1,20300888,400,400,,
0,0,1,20300889,400,400,,
0,0,1,20300890,400,400,,
0,0,1,20300891,400,400,,
0,0,1,20300892,400,400,,
0,0,1,20300893,400,400,,
0,0,1,20300894,400,400,,
0,0,1,20300895,400,400,,
0,0,1,20300896,400,400,,
0,0,1,20300897,400,400,,
0,0,1,20300898,400,400,,
0,0,1,20300899,400,400,,
0,0,1,20300900,400,400,,
0,0,1,20300901,400,400,,
0,0,1,20300902,400,400,,
0,0,1,20300903,400,400,,
0,0,1,20300904,400,400,,
0,0,1,20300905,400,400,,
0,0,1,20300906,400,400,,
0,0,1,20300907,400,400,,
0,0,1,20300908,400,400,,
0,0,1,20300909,400,400,,
0,0,1,20300910,400,400,,
0,0,1,20300911,400,400,,
0,0,1,20300912,400,400,,
0,0,1,20300913,400,400,,
0,0,1,20300914,400,400,,
0,0,1,20300915,400,400,,
0,0,1,20300916,400,400,,
0,0,1,20300917,400,400,,
0,0,1,20300918,400,400,,
0,0,1,20300919,400,400,,
0,0,1,20300920,400,400,,
0,0,1,20300921,400,400,,
0,0,1,20300922,400,400,,
0,0,1,20300923,400,400,,
0,0,1,20300924,400,400,,
0,0,1,20300925,400,400,,
0,0,1,20300926,400,400,,
0,0,1,20300927,400,400,,
0,0,1,20300928,400,400,,
0,0,1,20300929,400,400,,
0,0,1,20300930,400,400,,
0,0,1,20300931,400,400,,
0,0,1,20300932,400,400,,
0,0,1,20300933,400,400,,
0,0,1,20300934,400,400,,
0,0,1,20300935,400,400,,
0,0,1,20300936,400,400,,
0,0,1,20300937,400,400,,
0,0,1,20300938,400,400,,
0,0,1,20300939,400,400,,
0,0,1,20300940,400,400,,
0,0,1,20300941,400,400,,
0,0,1,20300942,400,400,,
0,0,1,20300943,400,400,,
0,0,1,20300944,400,400,,
0,0,1,20300945,400,400,,
0,0,1,20300946,400,400,,
0,0,1,20300947,400,400,,
0,0,1,20300948,400,400,,
0,0,1,20300949,400,400,,
0,0,1,20300950,400,400,,
0,0,1,20300951,400,400,,
0,0,1,20300952,400,400,,
0,0,1,20300953,400,400,,
0,0,1,20300954,400,400,,
0,0,1,20300955,400,400,,
0,0,1,20300956,400,400,,
0,0,1,20300957,400,400,,
0,0,1,20300958,400,400,,
0,0,1,20300959,400,400,,
0,0,1,20300960,400,400,,
0,0,1,20300961,400,400,,
0,0,1,20300962,400,400,,
0,0,1,20300963,400,400,,
0,0,1,20300964,400,400,,
0,0,1,20300965,400,400,,
0,0,1,20300966,400,400,,
0,0,1,20300967,400,400,,
0,0,1,20300968,400,400,,
0,0,1,20300969,400,400,,
0,0,1,20300970,400,400,,
0,0,1,20300971,400,400,,
0,0,1,20300972,400,400,,
0,0,1,20300973,400,400,,
0,0,1,20300974,400,400,,
0,0,1,20300975,400,400,,
0,0,1,20300976,400,400,,
0,0,1,20300977,400,400,,
0,0,1,20300978,400,400,,
0,0,1,20300979,400,400,,
0,0,1,20300980,400,400,,
0,0,1,20300981,400,400,,
0,0,1,20300982,400,400,,
0,0,1,20300983,400,400,,
0,0,1,20300984,400,400,,
0,0,1,20300985,400,400,,
0,0,1,20300986,400,400,,
0,0,1,20300987,400,400,,
0,0,1,20300988,400,400,,
0,0,1,20300989,400,400,,
0,0,1,20300990,400,400,,
0,0,1,20300991,400,400,,
0,0,1,20300992,400,400,,
0,0,1,20300993,400,400,,
0,0,1,20300994,400,400,,
0,0,1,20300995,400,400,,
0,0,1,20300996,400,400,,
0,0,1,20300997,400,400,,
0,0,1,20300998,400,400,,
0,0,1,20300999,400,400,,
0,0,1,20301000,400,400,,
0,0,1,20301001,400,400,,
0,0,1,20301002,400,400,,
0,0,1,20301003,400,400,,
0,0,1,20301004,400,400,,
0,0,1,20301005,400,400,,
0,0,1,20301006,400,400,,
0,0,1,20301007,400,400,,
0,0,1,20301008,400,400,,
0,0,1,20301009,400,400,,
0,0,1,20301010,400,400,,
0,0,1,20301011,400,400,,
0,0,1,20301012,400,400,,
0,0,1,20301013,400,400,,
0,0,1,20301014,400,400,,
0,0,1,20301015,400,400,,
0,0,1,20301016,400,400,,
0,0,1,20301017,400,400,,
0,0,1,20301018,400,400,,
0,0,1,20301019,400,400,,
0,0,1,20301020,400,400,,
0,0,1,20301021,400,400,,
0,0,1,20301022,400,400,,
0,0,1,20301023,400,400,,
0,0,1,20301024,400,400,,
0,0,1,20301025,400,400,,
0,0,1,20301026,400,400,,
0,0,1,20301027,400,400,,
0,0,1,20301028,400,400,,
0,0,1,20301029,400,400,,
0,0,1,20301030,400,400,,
0,0,1,20301031,400,400,,
0,0,1,20301032,400,400,,
0,0,1,20301033,400,400,,
0,0,1,20301034,400,400,,
0,0,1,20301035,400,400,,
0,0,1,20301036,400,400,,
0,0,1,20301037,400,400,,
0,0,1,20301038,400,400,,
0,0,1,20301039,400,400,,
0,0,1,20301040,400,400,,
0,0,1,20301041,400,400,,
0,0,1,20301042,400,400,,
0,0,1,20301043,400,400,,
0,0,1,20301044,400,400,,
0,0,1,20301045,400,400,,
0,0,1,20301046,400,400,,
0,0,1,20301047,400,400,,
0,0,1,20301048,400,400,,
0,0,1,20301049,400,400,,
0,0,1,20301050,400,400,,
0,0,1,20301051,400,400,,
0,0,1,20301052,400,400,,
0,0,1,20301053,400,400,,
0,0,1,20301054,400,400,,
0,0,1,20301055,400,400,,
0,0,1,20301056,400,400,,
0,0,1,20301057,400,400,,
0,0,1,20301058,400,400,,
0,0,1,20301059,400,400,,
0,0,1,20301060,400,400,,
0,0,1,20301061,400,400,,
0,0,1,20301062,400,400,,
0,0,1,20301063,400,400,,
0,0,1,20301064,400,400,,
0,0,1,20301065,400,400,,
0,0,1,20301066,400,400,,
0,0,1,20301067,400,400,,
0,0,1,20301068,400,400,,
0,0,1,20301069,400,400,,
0,0,1,20301070,400,400,,
0,0,1,20301071,400,400,,
0,0,1,20301072,400,400,,
0,0,1,20301073,400,400,,
0,0,1,20301074,400,400,,
0,0,1,20301075,400,400,,
0,0,1,20301076,400,400,,
0,0,1,20301077,400,400,,
0,0,1,20301078,400,400,,
0,0,1,20301079,400,400,,
0,0,1,20301080,400,400,,
0,0,1,20301081,400,400,,
0,0,1,20301082,400,400,,
0,0,1,20301083,400,400,,
0,0,1,20301084,400,400,,
0,0,1,20301085,400,400,,
0,0,1,20301086,400,400,,
0,0,1,20301087,400,400,,
0,0,1,20301088,400,400,,
0,0,1,20301089,400,400,,
0,0,1,20301090,400,400,,
0,0,1,20301091,400,400,,
0,0,1,20301092,400,400,,
0,0,1,20301093,400,400,,
0,0,1,20301094,400,400,,
0,0,1,20301095,400,400,,
0,0,1,20301096,400,400,,
0,0,1,20301097,400,400,,
0,0,1,20301098,400,400,,
0,0,1,20301099,400,400,,
0,0,1,20301100,400,400,,
0,0,1,20301101,400,400,,
0,0,1,20301102,400,400,,
0,0,1,20301103,400,400,,
0,0,1,20301104,400,400,,
0,0,1,20301105,400,400,,
0,0,1,20301106,400,400,,
0,0,1,20301107,400,400,,
0,0,1,20301108,400,400,,
0,0,1,20301109,400,400,,
0,0,1,20301110,400,400,,
0,0,1,20301111,400,400,,
0,0,1,20301112,400,400,,
0,0,1,20301113,400,400,,
0,0,1,20301114,400,400,,
0,0,1,20301115,400,400,,
0,0,1,20301116,400,400,,
0,0,1,20301117,400,400,,
0,0,1,20301118,400,400,,
0,0,1,20301119,400,400,,
0,0,1,20301120,400,400,,
0,0,1,20301121,400,400,,
0,0,1,20301122,400,400,,
0,0,1,20301123,400,400,,
0,0,1,20301124,400,400,,
0,0,1,20301125,400,400,,
0,0,1,20301126,400,400,,
0,0,1,20301127,400,400,,
0,0,1,20301128,400,400,,
0,0,1,20301129,400,400,,
0,0,1,20301130,400,400,,
0,0,1,20301131,400,400,,
0,0,1,20301132,400,400,,
0,0,1,20301133,400,400,,
0,0,1,20301134,400,400,,
0,0,1,20301135,400,400,,
0,0,1,20301136,400,400,,
0,0,1,20301137,400,400,,
0,0,1,20301138,400,400,,
0,0,1,20301139,400,400,,
0,0,1,20301140,400,400,,
0,0,1,20301141,400,400,,
0,0,1,20301142,400,400,,
0,0,1,20301143,400,400,,
0,0,1,20301144,400,400,,
0,0,1,20301145,400,400,,
0,0,1,20301146,400,400,,
0,0,1,20301147,400,400,,
0,0,1,20301148,400,400,,
0,0,1,20301149,400,400,,
0,0,1,20301150,400,400,,
0,0,1,20301151,400,400,,
0,0,1,20301152,400,400,,
0,0,1,20301153,400,400,,
0,0,1,20301154,400,400,,
0,0,1,20301155,400,400,,
0,0,1,20301156,400,400,,
0,0,1,20301157,400,400,,
0,0,1,20301158,400,400,,
0,0,1,20301159,400,400,,
0,0,1,20301160,400,400,,
0,0,1,20301161,400,400,,
0,0,1,20301162,400,400,,
0,0,1,20301163,400,400,,
0,0,1,20301164,400,400,,
0,0,1,20301165,400,400,,
0,0,1,20301166,400,400,,
0,0,1,20301167,400,400,,
0,0,1,20301168,400,400,,
0,0,1,20301169,400,400,,
0,0,1,20301170,400,400,,
0,0,1,20301171,400,400,,
0,0,1,20301172,400,400,,
0,0,1,20301173,400,400,,
0,0,1,20301174,400,400,,
0,0,1,20301175,400,400,,
0,0,1,20301176,400,400,,
0,0,1,20301177,400,400,,
0,0,1,20301178,400,400,,
0,0,1,20301179,400,400,,
0,0,1,20301180,400,400,,
0,0,1,20301181,400,400,,
0,0,1,20301182,400,400,,
0,0,1,20301183,400,400,,
0,0,1,20301184,400,400,,
0,0,1,20301185,400,400,,
0,0,1,20301186,400,400,,
0,0,1,20301187,400,400,,
0,0,1,20301188,400,400,,
0,0,1,20301189,400,400,,
0,0,1,20301190,400,400,,
0,0,1,20301191,400,400,,
0,0,1,20301192,400,400,,
0,0,1,20301193,400,400,,
0,0,1,20301194,400,400,,
0,0,1,20301195,400,400,,
0,0,1,20301196,400,400,,
0,0,1,20301197,400,400,,
0,0,1,20301198,400,400,,
0,0,1,20301199,400,400,,
0,0,1,20301200,400,400,,
0,0,1,20301201,400,400,,
0,0,1,20301202,400,400,,
0,0,1,20301203,400,400,,
0,0,1,20301204,400,400,,
0,0,1,20301205,400,400,,
0,0,1,20301206,400,400,,
0,0,1,20301207,400,400,,
0,0,1,20301208,400,400,,
0,0,1,20301209,400,400,,
0,0,1,20301210,400,400,,
0,0,1,20301211,400,400,,
0,0,1,20301212,400,400,,
0,0,1,20301213,400,400,,
0,0,1,20301214,400,400,,
0,0,1,20301215,400,400,,
0,0,1,20301216,400,400,,
0,0,1,20301217,400,400,,
0,0,1,20301218,400,400,,
0,0,1,20301219,400,400,,
0,0,1,20301220,400,400,,
0,0,1,20301221,400,400,,
0,0,1,20301222,400,400,,
0,0,1,20301223,400,400,,
0,0,1,20301224,400,400,,
0,0,1,20301225,400,400,,
0,0,1,20301226,400,400,,
0,0,1,20301227,400,400,,
0,0,1,20301228,400,400,,
0,0,1,20301229,400,400,,
0,0,1,20301230,400,400,,
0,0,1,20301231,400,400,,
0,0,1,20301232,400,400,,
0,0,1,20301233,400,400,,
0,0,1,20301234,400,400,,
0,0,1,20301235,400,400,,
0,0,1,20301236,400,400,,
0,0,1,20301237,400,400,,
0,0,1,20301238,400,400,,
0,0,1,20301239,400,400,,
0,0,1,20301240,400,400,,
0,0,1,20301241,400,400,,
0,0,1,20301242,400,400,,
0,0,1,20301243,400,400,,
0,0,1,20301244,400,400,,
0,0,1,20301245,400,400,,
0,0,1,20301246,400,400,,
0,0,1,20301247,400,400,,
0,0,1,20301248,400,400,,
0,0,1,20301249,400,400,,
0,0,1,20301250,400,400,,
0,0,1,20301251,400,400,,
0,0,1,20301252,400,400,,
0,0,1,20301253,400,400,,
0,0,1,20301254,400,400,,
0,0,1,20301255,400,400,,
0,0,1,20301256,400,400,,
0,0,1,20301257,400,400,,
0,0,1,20301258,400,400,,
0,0,1,20301259,400,400,,
0,0,1,20301260,400,400,,
0,0,1,20301261,400,400,,
0,0,1,20301262,400,400,,
0,0,1,20301263,400,400,,
0,0,1,20301264,400,400,,
0,0,1,20301265,400,400,,
0,0,1,20301266,400,400,,
0,0,1,20301267,400,400,,
0,0,1,20301268,400,400,,
0,0,1,20301269,400,400,,
0,0,1,20301270,400,400,,
0,0,1,20301271,400,400,,
0,0,1,20301272,400,400,,
0,0,1,20301273,400,400,,
0,0,1,20301274,400,400,,
0,0,1,20301275,400,400,,
0,0,1,20301276,400,400,,
0,0,1,20301277,400,400,,
0,0,1,20301278,400,400,,
0,0,1,20301279,400,400,,
0,0,1,20301280,400,400,,
0,0,1,20301281,400,400,,
0,0,1,20301282,400,400,,
0,0,1,20301283,400,400,,
0,0,1,20301284,400,400,,
0,0,1,20301285,400,400,,
0,0,1,20301286,400,400,,
0,0,1,20301287,400,400,,
0,0,1,20301288,400,400,,
0,0,1,20301289,400,400,,
0,0,1,20301290,400,400,,
0,0,1,20301291,400,400,,
0,0,1,20301292,400,400,,
0,0,1,20301293,400,400,,
0,0,1,20301294,400,400,,
0,0,1,20301295,400,400,,
0,0,1,20301296,400,400,,
0,0,1,20301297,400,400,,
0,0,1,20301298,400,400,,
0,0,1,20301299,400,400,,
0,0,1,20301300,400,400,,
0,0,1,20301301,400,400,,
0,0,1,20301302,400,400,,
0,0,1,20301303,400,400,,
0,0,1,20301304,400,400,,
0,0,1,20301305,400,400,,
0,0,1,20301306,400,400,,
0,0,1,20301307,400,400,,
0,0,1,20301308,400,400,,
0,0,1,20301309,400,400,,
0,0,1,20301310,400,400,,
0,0,1,20301311,400,400,,
0,0,1,20301312,400,400,,
0,0,1,20301313,400,400,,
0,0,1,20301314,400,400,,
0,0,1,20301315,400,400,,
0,0,1,20301316,400,400,,
0,0,1,20301317,400,400,,
0,0,1,20301318,400,400,,
0,0,1,20301319,400,400,,
0,0,1,20301320,400,400,,
0,0,1,20301321,400,400,,
0,0,1,20301322,400,400,,
0,0,1,20301323,400,400,,
0,0,1,20301324,400,400,,
0,0,1,20301325,400,400,,
0,0,1,20301326,400,400,,
0,0,1,20301327,400,400,,
0,0,1,20301328,400,400,,
0,0,1,20301329,400,400,,
0,0,1,20301330,400,400,,
0,0,1,20301331,400,400,,
0,0,1,20301332,400,400,,
0,0,1,20301333,400,400,,
0,0,1,20301334,400,400,,
0,0,1,20301335,400,400,,
0,0,1,20301336,400,400,,
0,0,1,20301337,400,400,,
0,0,1,20301338,400,400,,
0,0,1,20301339,400,400,,
0,0,1,20301340,400,400,,
0,0,1,20301341,400,400,,
0,0,1,20301342,400,400,,
0,0,1,20301343,400,400,,
0,0,1,20301344,400,400,,
0,0,1,20301345,400,400,,
0,0,1,20301346,400,400,,
0,0,1,20301347,400,400,,
0,0,1,20301348,400,400,,
0,0,1,20301349,400,400,,
0,0,1,20301350,400,400,,
0,0,1,20301351,400,400,,
0,0,1,20301352,400,400,,
0,0,1,20301353,400,400,,
0,0,1,20301354,400,400,,
0,0,1,20301355,400,400,,
0,0,1,20301356,400,400,,
0,0,1,20301357,400,400,,
0,0,1,20301358,400,400,,
0,0,1,20301359,400,400,,
0,0,1,20301360,400,400,,
0,0,1,20301361,400,400,,
0,0,1,20301362,400,400,,
0,0,1,20301363,400,400,,
0,0,1,20301364,400,400,,
0,0,1,20301365,400,400,,
0,0,1,20301366,400,400,,
0,0,1,20301367,400,400,,
0,0,1,20301368,400,400,,
0,0,1,20301369,400,400,,
0,0,1,20301370,400,400,,
0,0,1,20301371,400,400,,
0,0,1,20301372,400,400,,
0,0,1,20301373,400,400,,
0,0,1,20301374,400,400,,
0,0,1,20301375,400,400,,
0,0,1,20301376,400,400,,
0,0,1,20301377,400,400,,
0,0,1,20301378,400,400,,
0,0,1,20301379,400,400,,
0,0,1,20301380,400,400,,
0,0,1,20301381,400,400,,
0,0,1,20301382,400,400,,
0,0,1,20301383,400,400,,
0,0,1,20301384,400,400,,
0,0,1,20301385,400,400,,
0,0,1,20301386,400,400,,
0,0,1,20301387,400,400,,
0,0,1,20301388,400,400,,
0,0,1,20301389,400,400,,
0,0,1,20301390,400,400,,
0,0,1,20301391,400,400,,
0,0,1,20301392,400,400,,
0,0,1,20301393,400,400,,
0,0,1,20301394,400,400,,
0,0,1,20301395,400,400,,
0,0,1,20301396,400,400,,
0,0,1,20301397,400,400,,
0,0,1,20301398,400,400,,
0,0,1,20301399,400,400,,
0,0,1,20301400,400,400,,
0,0,1,20301401,400,400,,
0,0,1,20301402,400,400,,
0,0,1,20301403,400,400,,
0,0,1,20301404,400,400,,
0,0,1,20301405,400,400,,
0,0,1,20301406,400,400,,
0,0,1,20301407,400,400,,
0,0,1,20301408,400,400,,
0,0,1,20301409,400,400,,
0,0,1,20301410,400,400,,
0,0,1,20301411,400,400,,
0,0,1,20301412,400,400,,
0,0,1,20301413,400,400,,
0,0,1,20301414,400,400,,
0,0,1,20301415,400,400,,
0,0,1,20301416,400,400,,
0,0,1,20301417,400,400,,
0,0,1,20301418,400,400,,
0,0,1,20301419,400,400,,
0,0,1,20301420,400,400,,
0,0,1,20301421,400,400,,
0,0,1,20301422,400,400,,
0,0,1,20301423,400,400,,
0,0,1,20301424,400,400,,
0,0,1,20301425,400,400,,
0,0,1,20301426,400,400,,
0,0,1,20301427,400,400,,
0,0,1,20301428,400,400,,
0,0,1,20301429,400,400,,
0,0,1,20301430,400,400,,
0,0,1,20301431,400,400,,
0,0,1,20301432,400,400,,
0,0,1,20301433,400,400,,
0,0,1,20301434,400,400,,
0,0,1,20301435,400,400,,
0,0,1,20301436,400,400,,
0,0,1,20301437,400,400,,
0,0,1,20301438,400,400,,
0,0,1,20301439,400,400,,
0,0,1,20301440,400,400,,
0,0,1,20301441,400,400,,
0,0,1,20301442,400,400,,
0,0,1,20301443,400,400,,
0,0,1,20301444,400,400,,
0,0,1,20301445,400,400,,
0,0,1,20301446,400,400,,
0,0,1,20301447,400,400,,
0,0,1,20301448,400,400,,
0,0,1,20301449,400,400,,
0,0,1,20301450,400,400,,
0,0,1,20301451,400,400,,
0,0,1,20301452,400,400,,
0,0,1,20301453,400,400,,
0,0,1,20301454,400,400,,
0,0,1,20301455,400,400,,
0,0,1,20301456,400,400,,
0,0,1,20301457,400,400,,
0,0,1,20301458,400,400,,
0,0,1,20301459,400,400,,
0,0,1,20301460,400,400,,
0,0,1,20301461,400,400,,
0,0,1,20301462,400,400,,
0,0,1,20301463,400,400,,
0,0,1,20301464,400,400,,
0,0,1,20301465,400,400,,
0,0,1,20301466,400,400,,
0,0,1,20301467,400,400,,
0,0,1,20301468,400,400,,
0,0,1,20301469,400,400,,
0,0,1,20301470,400,400,,
0,0,1,20301471,400,400,,
0,0,1,20301472,400,400,,
0,0,1,20301473,400,400,,
0,0,1,20301474,400,400,,
0,0,1,20301475,400,400,,
0,0,1,20301476,400,400,,
0,0,1,20301477,400,400,,
0,0,1,20301478,400,400,,
0,0,1,20301479,400,400,,
0,0,1,20301480,400,400,,
0,0,1,20301481,400,400,,
0,0,1,20301482,400,400,,
0,0,1,20301483,400,400,,
0,0,1,20301484,400,400,,
0,0,1,20301485,400,400,,
0,0,1,20301486,400,400,,
0,0,1,20301487,400,400,,
0,0,1,20301488,400,400,,
0,0,1,20301489,400,400,,
0,0,1,20301490,400,400,,
0,0,1,20301491,400,400,,
0,0,1,20301492,400,400,,
0,0,1,20301493,400,400,,
0,0,1,20301494,400,400,,
0,0,1,20301495,400,400,,
0,0,1,20301496,400,400,,
0,0,1,20301497,400,400,,
0,0,1,20301498,400,400,,
0,0,1,20301499,400,400,,
0,0,1,20301500,400,400,,
0,0,1,20301501,400,400,,
0,0,1,20301502,400,400,,
0,0,1,20301503,400,400,,
0,0,1,20301504,400,400,,
0,0,1,20301505,400,400,,
0,0,1,20301506,400,400,,
0,0,1,20301507,400,400,,
0,0,1,20301508,400,400,,
0,0,1,20301509,400,400,,
0,0,1,20301510,400,400,,
0,0,1,20301511,400,400,,
0,0,1,20301512,400,400,,
0,0,1,20301513,400,400,,
0,0,1,20301514,400,400,,
0,0,1,20301515,400,400,,
0,0,1,20301516,400,400,,
0,0,1,20301517,400,400,,
0,0,1,20301518,400,400,,
0,0,1,20301519,400,400,,
0,0,1,20301520,400,400,,
0,0,1,20301521,400,400,,
0,0,1,20301522,400,400,,
0,0,1,20301523,400,400,,
0,0,1,20301524,400,400,,
0,0,1,20301525,400,400,,
0,0,1,20301526,400,400,,
0,0,1,20301527,400,400,,
0,0,1,20301528,400,400,,
0,0,1,20301529,400,400,,
0,0,1,20301530,400,400,,
0,0,1,20301531,400,400,,
0,0,1,20301532,400,400,,
0,0,1,20301533,400,400,,
0,0,1,20301534,400,400,,
0,0,1,20301535,400,400,,
0,0,1,20301536,400,400,,
0,0,1,20301537,400,400,,
0,0,1,20301538,400,400,,
0,0,1,20301539,400,400,,
0,0,1,20301540,400,400,,
0,0,1,20301541,400,400,,
0,0,1,20301542,400,400,,
0,0,1,20301543,400,400,,
0,0,1,20301544,400,400,,
0,0,1,20301545,400,400,,
0,0,1,20301546,400,400,,
0,0,1,20301547,400,400,,
0,0,1,20301548,400,400,,
0,0,1,20301549,400,400,,
0,0,1,20301550,400,400,,
0,0,1,20301551,400,400,,
0,0,1,20301552,400,400,,
0,0,1,20301553,400,400,,
0,0,1,20301554,400,400,,
0,0,1,20301555,400,400,,
0,0,1,20301556,400,400,,
0,0,1,20301557,400,400,,
0,0,1,20301558,400,400,,
0,0,1,20301559,400,400,,
0,0,1,20301560,400,400,,
0,0,1,20301561,400,400,,
0,0,1,20301562,400,400,,
0,0,1,20301563,400,400,,
0,0,1,20301564,400,400,,
0,0,1,20301565,400,400,,
0,0,1,20301566,400,400,,
0,0,1,20301567,400,400,,
0,0,1,20301568,400,400,,
0,0,1,20301569,400,400,,
0,0,1,20301570,400,400,,
0,0,1,20301571,400,400,,
0,0,1,20301572,400,400,,
0,0,1,20301573,400,400,,
0,0,1,20301574,400,400,,
0,0,1,20301575,400,400,,
0,0,1,20301576,400,400,,
0,0,1,20301577,400,400,,
0,0,1,20301578,400,400,,
0,0,1,20301579,400,400,,
0,0,1,20301580,400,400,,
0,0,1,20301581,400,400,,
0,0,1,20301582,400,400,,
0,0,1,20301583,400,400,,
0,0,1,20301584,400,400,,
0,0,1,20301585,400,400,,
0,0,1,20301586,400,400,,
0,0,1,20301587,400,400,,
0,0,1,20301588,400,400,,
0,0,1,20301589,400,400,,
0,0,1,20301590,400,400,,
0,0,1,20301591,400,400,,
0,0,1,20301592,400,400,,
0,0,1,20301593,400,400,,
0,0,1,20301594,400,400,,
0,0,1,20301595,400,400,,
0,0,1,20301596,400,400,,
0,0,1,20301597,400,400,,
0,0,1,20301598,400,400,,
0,0,1,20301599,400,400,,
0,0,1,20301600,400,400,,
0,0,1,20301601,400,400,,
0,0,1,20301602,400,400,,
0,0,1,20301603,400,400,,
0,0,1,20301604,400,400,,
0,0,1,20301605,400,400,,
0,0,1,20301606,400,400,,
0,0,1,20301607,400,400,,
0,0,1,20301608,400,400,,
0,0,1,20301609,400,400,,
0,0,1,20301610,400,400,,
0,0,1,20301611,400,400,,
0,0,1,20301612,400,400,,
0,0,1,20301613,400,400,,
0,0,1,20301614,400,400,,
0,0,1,20301615,400,400,,
0,0,1,20301616,400,400,,
0,0,1,20301617,400,400,,
0,0,1,20301618,400,400,,
0,0,1,20301619,400,400,,
0,0,1,20301620,400,400,,
0,0,1,20301621,400,400,,
0,0,1,20301622,400,400,,
0,0,1,20301623,400,400,,
0,0,1,20301624,400,400,,
0,0,1,20301625,400,400,,
0,0,1,20301626,400,400,,
0,0,1,20301627,400,400,,
0,0,1,20301628,400,400,,
0,0,1,20301629,400,400,,
0,0,1,20301630,400,400,,
0,0,1,20301631,400,400,,
0,0,1,20301632,400,400,,
0,0,1,20301633,400,400,,
0,0,1,20301634,400,400,,
0,0,1,20301635,400,400,,
0,0,1,20301636,400,400,,
0,0,1,20301637,400,400,,
0,0,1,20301638,400,400,,
0,0,1,20301639,400,400,,
0,0,1,20301640,400,400,,
0,0,1,20301641,400,400,,
0,0,1,20301642,400,400,,
0,0,1,20301643,400,400,,
0,0,1,20301644,400,400,,
0,0,1,20301645,400,400,,
0,0,1,20301646,400,400,,
0,0,1,20301647,400,400,,
0,0,1,20301648,400,400,,
0,0,1,20301649,400,400,,
0,0,1,20301650,400,400,,
0,0,1,20301651,400,400,,
0,0,1,20301652,400,400,,
0,0,1,20301653,400,400,,
0,0,1,20301654,400,400,,
0,0,1,20301655,400,400,,
0,0,1,20301656,400,400,,
0,0,1,20301657,400,400,,
0,0,1,20301658,400,400,,
0,0,1,20301659,400,400,,
0,0,1,20301660,400,400,,
0,0,1,20301661,400,400,,
0,0,1,20301662,400,400,,
0,0,1,20301663,400,400,,
0,0,1,20301664,400,400,,
0,0,1,20301665,400,400,,
0,0,1,20301666,400,400,,
0,0,1,20301667,400,400,,
0,0,1,20301668,400,400,,
0,0,1,20301669,400,400,,
0,0,1,20301670,400,400,,
0,0,1,20301671,400,400,,
0,0,1,20301672,400,400,,
0,0,1,20301673,400,400,,
0,0,1,20301674,400,400,,
0,0,1,20301675,400,400,,
0,0,1,20301676,400,400,,
0,0,1,20301677,400,400,,
0,0,1,20301678,400,400,,
0,0,1,20301679,400,400,,
0,0,1,20301680,400,400,,
0,0,1,20301681,400,400,,
0,0,1,20301682,400,400,,
0,0,1,20301683,400,400,,
0,0,1,20301684,400,400,,
0,0,1,20301685,400,400,,
0,0,1,20301686,400,400,,
0,0,1,20301687,400,400,,
0,0,1,20301688,400,400,,
0,0,1,20301689,400,400,,
0,0,1,20301690,400,400,,
0,0,1,20301691,400,400,,
0,0,1,20301692,400,400,,
0,0,1,20301693,400,400,,
0,0,1,20301694,400,400,,
0,0,1,20301695,400,400,,
0,0,1,20301696,400,400,,
0,0,1,20301697,400,400,,
0,0,1,20301698,400,400,,
0,0,1,20301699,400,400,,
0,0,1,20301700,400,400,,
0,0,1,20301701,400,400,,
0,0,1,20301702,400,400,,
0,0,1,20301703,400,400,,
0,0,1,20301704,400,400,,
0,0,1,20301705,400,400,,
0,0,1,20301706,400,400,,
0,0,1,20301707,400,400,,
0,0,1,20301708,400,400,,
0,0,1,20301709,400,400,,
0,0,1,20301710,400,400,,
0,0,1,20301711,400,400,,
0,0,1,20301712,400,400,,
0,0,1,20301713,400,400,,
0,0,1,20301714,400,400,,
0,0,1,20301715,400,400,,
0,0,1,20301716,400,400,,
0,0,1,20301717,400,400,,
0,0,1,20301718,400,400,,
0,0,1,20301719,400,400,,
0,0,1,20301720,400,400,,
0,0,1,20301721,400,400,,
0,0,1,20301722,400,400,,
0,0,1,20301723,400,400,,
0,0,1,20301724,400,400,,
0,0,1,20301725,400,400,,
0,0,1,20301726,400,400,,
0,0,1,20301727,400,400,,
0,0,1,20301728,400,400,,
0,0,1,20301729,400,400,,
0,0,1,20301730,400,400,,
0,0,1,20301731,400,400,,
0,0,1,20301732,400,400,,
0,0,1,20301733,400,400,,
0,0,1,20301734,400,400,,
0,0,1,20301735,400,400,,
0,0,1,20301736,400,400,,
0,0,1,20301737,400,400,,
0,0,1,20301738,400,400,,
0,0,1,20301739,400,400,,
0,0,1,20301740,400,400,,
0,0,1,20301741,400,400,,
0,0,1,20301742,400,400,,
0,0,1,20301743,400,400,,
0,0,1,20301744,400,400,,
0,0,1,20301745,400,400,,
0,0,1,20301746,400,400,,
0,0,1,20301747,400,400,,
0,0,1,20301748,400,400,,
0,0,1,20301749,400,400,,
0,0,1,20301750,400,400,,
0,0,1,20301751,400,400,,
0,0,1,20301752,400,400,,
0,0,1,20301753,400,400,,
0,0,1,20301754,400,400,,
0,0,1,20301755,400,400,,
0,0,1,20301756,400,400,,
0,0,1,20301757,400,400,,
0,0,1,20301758,400,400,,
0,0,1,20301759,400,400,,
0,0,1,20301760,400,400,,
0,0,1,20301761,400,400,,
0,0,1,20301762,400,400,,
0,0,1,20301763,400,400,,
0,0,1,20301764,400,400,,
0,0,1,20301765,400,400,,
0,0,1,20301766,400,400,,
0,0,1,20301767,400,400,,
0,0,1,20301768,400,400,,
0,0,1,20301769,400,400,,
0,0,1,20301770,400,400,,
0,0,1,20301771,400,400,,
0,0,1,20301772,400,400,,
0,0,1,20301773,400,400,,
0,0,1,20301774,400,400,,
0,0,1,20301775,400,400,,
0,0,1,20301776,400,400,,
0,0,1,20301777,400,400,,
0,0,1,20301778,400,400,,
0,0,1,20301779,400,400,,
0,0,1,20301780,400,400,,
0,0,1,20301781,400,400,,
0,0,1,20301782,400,400,,
0,0,1,20301783,400,400,,
0,0,1,20301784,400,400,,
0,0,1,20301785,400,400,,
0,0,1,20301786,400,400,,
0,0,1,20301787,400,400,,
0,0,1,20301788,400,400,,
0,0,1,20301789,400,400,,
0,0,1,20301790,400,400,,
0,0,1,20301791,400,400,,
0,0,1,20301792,400,400,,
0,0,1,20301793,400,400,,
0,0,1,20301794,400,400,,
0,0,1,20301795,400,400,,
0,0,1,20301796,400,400,,
0,0,1,20301797,400,400,,
0,0,1,20301798,400,400,,
0,0,1,20301799,400,400,,
0,0,1,20301800,400,400,,
0,0,1,20301801,400,400,,
0,0,1,20301802,400,400,,
0,0,1,20301803,400,400,,
0,0,1,20301804,400,400,,
0,0,1,20301805,400,400,,
0,0,1,20301806,400,400,,
0,0,1,20301807,400,400,,
0,0,1,20301808,400,400,,
0,0,1,20301809,400,400,,
0,0,1,20301810,400,400,,
0,0,1,20301811,400,400,,
0,0,1,20301812,400,400,,
0,0,1,20301813,400,400,,
0,0,1,20301814,400,400,,
0,0,1,20301815,400,400,,
0,0,1,20301816,400,400,,
0,0,1,20301817,400,400,,
0,0,1,20301818,400,400,,
0,0,1,20301819,400,400,,
0,0,1,20301820,400,400,,
0,0,1,20301821,400,400,,
0,0,1,20301822,400,400,,
0,0,1,20301823,400,400,,
0,0,1,20301824,400,400,,
0,0,1,20301825,400,400,,
0,0,1,20301826,400,400,,
0,0,1,20301827,400,400,,
0,0,1,20301828,400,400,,
0,0,1,20301829,400,400,,
0,0,1,20301830,400,400,,
0,0,1,20301831,400,400,,
0,0,1,20301832,400,400,,
0,0,1,20301833,400,400,,
0,0,1,20301834,400,400,,
0,0,1,20301835,400,400,,
0,0,1,20301836,400,400,,
0,0,1,20301837,400,400,,
0,0,1,20301838,400,400,,
0,0,1,20301839,400,400,,
0,0,1,20301840,400,400,,
0,0,1,20301841,400,400,,
0,0,1,20301842,400,400,,
0,0,1,20301843,400,400,,
0,0,1,20301844,400,400,,
0,0,1,20301845,400,400,,
0,0,1,20301846,400,400,,
0,0,1,20301847,400,400,,
0,0,1,20301848,400,400,,
0,0,1,20301849,400,400,,
0,0,1,20301850,400,400,,
0,0,1,20301851,400,400,,
0,0,1,20301852,400,400,,
0,0,1,20301853,400,400,,
0,0,1,20301854,400,400,,
0,0,1,20301855,400,400,,
0,0,1,20301856,400,400,,
0,0,1,20301857,400,400,,
0,0,1,20301858,400,400,,
0,0,1,20301859,400,400,,
0,0,1,20301860,400,400,,
0,0,1,20301861,400,400,,
0,0,1,20301862,400,400,,
0,0,1,20301863,400,400,,
0,0,1,20301864,400,400,,
0,0,1,20301865,400,400,,
0,0,1,20301866,400,400,,
0,0,1,20301867,400,400,,
0,0,1,20301868,400,400,,
0,0,1,20301869,400,400,,
0,0,1,20301870,400,400,,
0,0,1,20301871,400,400,,
0,0,1,20301872,400,400,,
0,0,1,20301873,400,400,,
0,0,1,20301874,400,400,,
0,0,1,20301875,400,400,,
0,0,1,20301876,400,400,,
0,0,1,20301877,400,400,,
0,0,1,20301878,400,400,,
0,0,1,20301879,400,400,,
0,0,1,20301880,400,400,,
0,0,1,20301881,400,400,,
0,0,1,20301882,400,400,,
0,0,1,20301883,400,400,,
0,0,1,20301884,400,400,,
0,0,1,20301885,400,400,,
0,0,1,20301886,400,400,,
0,0,1,20301887,400,400,,
0,0,1,20301888,400,400,,
0,0,1,20301889,400,400,,
0,0,1,20301890,400,400,,
0,0,1,20301891,400,400,,
0,0,1,20301892,400,400,,
0,0,1,20301893,400,400,,
0,0,1,20301894,400,400,,
0,0,1,20301895,400,400,,
0,0,1,20301896,400,400,,
0,0,1,20301897,400,400,,
0,0,1,20301898,400,400,,
0,0,1,20301899,400,400,,
0,0,1,20301900,400,400,,
0,0,1,20301901,400,400,,
0,0,1,20301902,400,400,,
0,0,1,20301903,400,400,,
0,0,1,20301904,400,400,,
0,0,1,20301905,400,400,,
0,0,1,20301906,400,400,,
0,0,1,20301907,400,400,,
0,0,1,20301908,400,400,,
0,0,1,20301909,400,400,,
0,0,1,20301910,400,400,,
0,0,1,20301911,400,400,,
0,0,1,20301912,400,400,,
0,0,1,20301913,400,400,,
0,0,1,20301914,400,400,,
0,0,1,20301915,400,400,,
0,0,1,20301916,400,400,,
0,0,1,20301917,400,400,,
0,0,1,20301918,400,400,,
0,0,1,20301919,400,400,,
0,0,1,20301920,400,400,,
0,0,1,20301921,400,400,,
0,0,1,20301922,400,400,,
0,0,1,20301923,400,400,,
0,0,1,20301924,400,400,,
0,0,1,20301925,400,400,,
0,0,1,20301926,400,400,,
0,0,1,20301927,400,400,,
0,0,1,20301928,400,400,,
0,0,1,20301929,400,400,,
0,0,1,20301930,400,400,,
0,0,1,20301931,400,400,,
0,0,1,20301932,400,400,,
0,0,1,20301933,400,400,,
0,0,1,20301934,400,400,,
0,0,1,20301935,400,400,,
0,0,1,20301936,400,400,,
0,0,1,20301937,400,400,,
0,0,1,20301938,400,400,,
0,0,1,20301939,400,400,,
0,0,1,20301940,400,400,,
0,0,1,20301941,400,400,,
0,0,1,20301942,400,400,,
0,0,1,20301943,400,400,,
0,0,1,20301944,400,400,,
0,0,1,20301945,400,400,,
0,0,1,20301946,400,400,,
0,0,1,20301947,400,400,,
0,0,1,20301948,400,400,,
0,0,1,20301949,400,400,,
0,0,1,20301950,400,400,,
0,0,1,20301951,400,400,,
0,0,1,20301952,400,400,,
0,0,1,20301953,400,400,,
0,0,1,20301954,400,400,,
0,0,1,20301955,400,400,,
0,0,1,20301956,400,400,,
0,0,1,20301957,400,400,,
0,0,1,20301958,400,400,,
0,0,1,20301959,400,400,,
0,0,1,20301960,400,400,,
0,0,1,20301961,400,400,,
0,0,1,20301962,400,400,,
0,0,1,20301963,400,400,,
0,0,1,20301964,400,400,,
0,0,1,20301965,400,400,,
0,0,1,20301966,400,400,,
0,0,1,20301967,400,400,,
0,0,1,20301968,400,400,,
0,0,1,20301969,400,400,,
0,0,1,20301970,400,400,,
0,0,1,20301971,400,400,,
0,0,1,20301972,400,400,,
0,0,1,20301973,400,400,,
0,0,1,20301974,400,400,,
0,0,1,20301975,400,400,,
0,0,1,20301976,400,400,,
0,0,1,20301977,400,400,,
0,0,1,20301978,400,400,,
0,0,1,20301979,400,400,,
0,0,1,20301980,400,400,,
0,0,1,20301981,400,400,,
0,0,1,20301982,400,400,,
0,0,1,20301983,400,400,,
0,0,1,20301984,400,400,,
0,0,1,20301985,400,400,,
0,0,1,20301986,400,400,,
0,0,1,20301987,400,400,,
0,0,1,20301988,400,400,,
0,0,1,20301989,400,400,,
0,0,1,20301990,400,400,,
0,0,1,20301991,400,400,,
0,0,1,20301992,400,400,,
0,0,1,20301993,400,400,,
0,0,1,20301994,400,400,,
0,0,1,20301995,400,400,,
0,0,1,20301996,400,400,,
0,0,1,20301997,400,400,,
0,0,1,20301998,400,400,,
0,0,1,20301999,400,400,,
0,0,1,20302000,400,400,,
0,0,1,20302001,400,400,,
0,0,1,20302002,400,400,,
0,0,1,20302003,400,400,,
0,0,1,20302004,400,400,,
0,0,1,20302005,400,400,,
0,0,1,20302006,400,400,,
0,0,1,20302007,400,400,,
0,0,1,20302008,400,400,,
0,0,1,20302009,400,400,,
0,0,1,20302010,400,400,,
0,0,1,20302011,400,400,,
0,0,1,20302012,400,400,,
0,0,1,20302013,400,400,,
0,0,1,20302014,400,400,,
0,0,1,20302015,400,400,,
0,0,1,20302016,400,400,,
0,0,1,20302017,400,400,,
0,0,1,20302018,400,400,,
0,0,1,20302019,400,400,,
0,0,1,20302020,400,400,,
0,0,1,20302021,400,400,,
0,0,1,20302022,400,400,,
0,0,1,20302023,400,400,,
0,0,1,20302024,400,400,,
0,0,1,20302025,400,400,,
0,0,1,20302026,400,400,,
0,0,1,20302027,400,400,,
0,0,1,20302028,400,400,,
0,0,1,20302029,400,400,,
0,0,1,20302030,400,400,,
0,0,1,20302031,400,400,,
0,0,1,20302032,400,400,,
0,0,1,20302033,400,400,,
0,0,1,20302034,400,400,,
0,0,1,20302035,400,400,,
0,0,1,20302036,400,400,,
0,0,1,20302037,400,400,,
0,0,1,20302038,400,400,,
0,0,1,20302039,400,400,,
0,0,1,20302040,400,400,,
0,0,1,20302041,400,400,,
0,0,1,20302042,400,400,,
0,0,1,20302043,400,400,,
0,0,1,20302044,400,400,,
0,0,1,20302045,400,400,,
0,0,1,20302046,400,400,,
0,0,1,20302047,400,400,,
0,0,1,20302048,400,400,,
0,0,1,20302049,400,400,,
0,0,1,20302050,400,400,,
0,0,1,20302051,400,400,,
0,0,1,20302052,400,400,,
0,0,1,20302053,400,400,,
0,0,1,20302054,400,400,,
0,0,1,20302055,400,400,,
0,0,1,20302056,400,400,,
0,0,1,20302057,400,400,,
0,0,1,20302058,400,400,,
0,0,1,20302059,400,400,,
0,0,1,20302060,400,400,,
0,0,1,20302061,400,400,,
0,0,1,20302062,400,400,,
0,0,1,20302063,400,400,,
0,0,1,20302064,400,400,,
0,0,1,20302065,400,400,,
0,0,1,20302066,400,400,,
0,0,1,20302067,400,400,,
0,0,1,20302068,400,400,,
0,0,1,20302069,400,400,,
0,0,1,20302070,400,400,,
0,0,1,20302071,400,400,,
0,0,1,20302072,400,400,,
0,0,1,20302073,400,400,,
0,0,1,20302074,400,400,,
0,0,1,20302075,400,400,,
0,0,1,20302076,400,400,,
0,0,1,20302077,400,400,,
0,0,1,20302078,400,400,,
0,0,1,20302079,400,400,,
0,0,1,20302080,400,400,,
0,0,1,20302081,400,400,,
0,0,1,20302082,400,400,,
0,0,1,20302083,400,400,,
0,0,1,20302084,400,400,,
0,0,1,20302085,400,400,,
0,0,1,20302086,400,400,,
0,0,1,20302087,400,400,,
0,0,1,20302088,400,400,,
0,0,1,20302089,400,400,,
0,0,1,20302090,400,400,,
0,0,1,20302091,400,400,,
0,0,1,20302092,400,400,,
0,0,1,20302093,400,400,,
0,0,1,20302094,400,400,,
0,0,1,20302095,400,400,,
0,0,1,20302096,400,400,,
0,0,1,20302097,400,400,,
0,0,1,20302098,400,400,,
0,0,1,20302099,400,400,,
0,0,1,20302100,400,400,,
0,0,1,20302101,400,400,,
0,0,1,20302102,400,400,,
0,0,1,20302103,400,400,,
0,0,1,20302104,400,400,,
0,0,1,20302105,400,400,,
0,0,1,20302106,400,400,,
0,0,1,20302107,400,400,,
0,0,1,20302108,400,400,,
0,0,1,20302109,400,400,,
0,0,1,20302110,400,400,,
0,0,1,20302111,400,400,,
0,0,1,20302112,400,400,,
0,0,1,20302113,400,400,,
0,0,1,20302114,400,400,,
0,0,1,20302115,400,400,,
0,0,1,20302116,400,400,,
0,0,1,20302117,400,400,,
0,0,1,20302118,400,400,,
0,0,1,20302119,400,400,,
0,0,1,20302120,400,400,,
0,0,1,20302121,400,400,,
0,0,1,20302122,400,400,,
0,0,1,20302123,400,400,,
0,0,1,20302124,400,400,,
0,0,1,20302125,400,400,,
0,0,1,20302126,400,400,,
0,0,1,20302127,400,400,,
0,0,1,20302128,400,400,,
0,0,1,20302129,400,400,,
0,0,1,20302130,400,400,,
0,0,1,20302131,400,400,,
0,0,1,20302132,400,400,,
0,0,1,20302133,400,400,,
0,0,1,20302134,400,400,,
0,0,1,20302135,400,400,,
0,0,1,20302136,400,400,,
0,0,1,20302137,400,400,,
0,0,1,20302138,400,400,,
0,0,1,20302139,400,400,,
0,0,1,20302140,400,400,,
0,0,1,20302141,400,400,,
0,0,1,20302142,400,400,,
0,0,1,20302143,400,400,,
0,0,1,20302144,400,400,,
0,0,1,20302145,400,400,,
0,0,1,20302146,400,400,,
0,0,1,20302147,400,400,,
0,0,1,20302148,400,400,,
0,0,1,20302149,400,400,,
0,0,1,20302150,400,400,,
0,0,1,20302151,400,400,,
0,0,1,20302152,400,400,,
0,0,1,20302153,400,400,,
0,0,1,20302154,400,400,,
0,0,1,20302155,400,400,,
0,0,1,20302156,400,400,,
0,0,1,20302157,400,400,,
0,0,1,20302158,400,400,,
0,0,1,20302159,400,400,,
0,0,1,20302160,400,400,,
0,0,1,20302161,400,400,,
0,0,1,20302162,400,400,,
0,0,1,20302163,400,400,,
0,0,1,20302164,400,400,,
0,0,1,20302165,400,400,,
0,0,1,20302166,400,400,,
0,0,1,20302167,400,400,,
0,0,1,20302168,400,400,,
0,0,1,20302169,400,400,,
0,0,1,20302170,400,400,,
0,0,1,20302171,400,400,,
0,0,1,20302172,400,400,,
0,0,1,20302173,400,400,,
0,0,1,20302174,400,400,,
0,0,1,20302175,400,400,,
0,0,1,20302176,400,400,,
0,0,1,20302177,400,400,,
0,0,1,20302178,400,400,,
0,0,1,20302179,400,400,,
0,0,1,20302180,400,400,,
0,0,1,20302181,400,400,,
0,0,1,20302182,400,400,,
0,0,1,20302183,400,400,,
0,0,1,20302184,400,400,,
0,0,1,20302185,400,400,,
0,0,1,20302186,400,400,,
0,0,1,20302187,400,400,,
0,0,1,20302188,400,400,,
0,0,1,20302189,400,400,,
0,0,1,20302190,400,400,,
0,0,1,20302191,400,400,,
0,0,1,20302192,400,400,,
0,0,1,20302193,400,400,,
0,0,1,20302194,400,400,,
0,0,1,20302195,400,400,,
0,0,1,20302196,400,400,,
0,0,1,20302197,400,400,,
0,0,1,20302198,400,400,,
0,0,1,20302199,400,400,,
0,0,1,20302200,400,400,,
0,0,1,20302201,400,400,,
0,0,1,20302202,400,400,,
0,0,1,20302203,400,400,,
0,0,1,20302204,400,400,,
0,0,1,20302205,400,400,,
0,0,1,20302206,400,400,,
0,0,1,20302207,400,400,,
0,0,1,20302208,400,400,,
0,0,1,20302209,400,400,,
0,0,1,20302210,400,400,,
0,0,1,20302211,400,400,,
0,0,1,20302212,400,400,,
0,0,1,20302213,400,400,,
0,0,1,20302214,400,400,,
0,0,1,20302215,400,400,,
0,0,1,20302216,400,400,,
0,0,1,20302217,400,400,,
0,0,1,20302218,400,400,,
0,0,1,20302219,400,400,,
0,0,1,20302220,400,400,,
0,0,1,20302221,400,400,,
0,0,1,20302222,400,400,,
0,0,1,20302223,400,400,,
0,0,1,20302224,400,400,,
0,0,1,20302225,400,400,,
0,0,1,20302226,400,400,,
0,0,1,20302227,400,400,,
0,0,1,20302228,400,400,,
0,0,1,20302229,400,400,,
0,0,1,20302230,400,400,,
0,0,1,20302231,400,400,,
0,0,1,20302232,400,400,,
0,0,1,20302233,400,400,,
0,0,1,20302234,400,400,,
0,0,1,20302235,400,400,,
0,0,1,20302236,400,400,,
0,0,1,20302237,400,400,,
0,0,1,20302238,400,400,,
0,0,1,20302239,400,400,,
0,0,1,20302240,400,400,,
0,0,1,20302241,400,400,,
0,0,1,20302242,400,400,,
0,0,1,20302243,400,400,,
0,0,1,20302244,400,400,,
0,0,1,20302245,400,400,,
0,0,1,20302246,400,400,,
0,0,1,20302247,400,400,,
0,0,1,20302248,400,400,,
0,0,1,20302249,400,400,,
0,0,1,20302250,400,400,,
0,0,1,20302251,400,400,,
0,0,1,20302252,400,400,,
0,0,1,20302253,400,400,,
0,0,1,20302254,400,400,,
0,0,1,20302255,400,400,,
0,0,1,20302256,400,400,,
0,0,1,20302257,400,400,,
0,0,1,20302258,400,400,,
0,0,1,20302259,400,400,,
0,0,1,20302260,400,400,,
0,0,1,20302261,400,400,,
0,0,1,20302262,400,400,,
0,0,1,20302263,400,400,,
0,0,1,20302264,400,400,,
0,0,1,20302265,400,400,,
0,0,1,20302266,400,400,,
0,0,1,20302267,400,400,,
0,0,1,20302268,400,400,,
0,0,1,20302269,400,400,,
0,0,1,20302270,400,400,,
0,0,1,20302271,400,400,,
0,0,1,20302272,400,400,,
0,0,1,20302273,400,400,,
0,0,1,20302274,400,400,,
0,0,1,20302275,400,400,,
0,0,1,20302276,400,400,,
0,0,1,20302277,400,400,,
0,0,1,20302278,400,400,,
0,0,1,20302279,400,400,,
0,0,1,20302280,400,400,,
0,0,1,20302281,400,400,,
0,0,1,20302282,400,400,,
0,0,1,20302283,400,400,,
0,0,1,20302284,400,400,,
0,0,1,20302285,400,400,,
0,0,1,20302286,400,400,,
0,0,1,20302287,400,400,,
0,0,1,20302288,400,400,,
0,0,1,20302289,400,400,,
0,0,1,20302290,400,400,,
0,0,1,20302291,400,400,,
0,0,1,20302292,400,400,,
0,0,1,20302293,400,400,,
0,0,1,20302294,400,400,,
0,0,1,20302295,400,400,,
0,0,1,20302296,400,400,,
0,0,1,20302297,400,400,,
0,0,1,20302298,400,400,,
0,0,1,20302299,400,400,,
0,0,1,20302300,400,400,,
0,0,1,20302301,400,400,,
0,0,1,20302302,400,400,,
0,0,1,20302303,400,400,,
0,0,1,20302304,400,400,,
0,0,1,20302305,400,400,,
0,0,1,20302306,400,400,,
0,0,1,20302307,400,400,,
0,0,1,20302308,400,400,,
0,0,1,20302309,400,400,,
0,0,1,20302310,400,400,,
0,0,1,20302311,400,400,,
0,0,1,20302312,400,400,,
0,0,1,20302313,400,400,,
0,0,1,20302314,400,400,,
0,0,1,20302315,400,400,,
0,0,1,20302316,400,400,,
0,0,1,20302317,400,400,,
0,0,1,20302318,400,400,,
0,0,1,20302319,400,400,,
0,0,1,20302320,400,400,,
0,0,1,20302321,400,400,,
0,0,1,20302322,400,400,,
0,0,1,20302323,400,400,,
0,0,1,20302324,400,400,,
0,0,1,20302325,400,400,,
0,0,1,20302326,400,400,,
0,0,1,20302327,400,400,,
0,0,1,20302328,400,400,,
0,0,1,20302329,400,400,,
0,0,1,20302330,400,400,,
0,0,1,20302331,400,400,,
0,0,1,20302332,400,400,,
0,0,1,20302333,400,400,,
0,0,1,20302334,400,400,,
0,0,1,20302335,400,400,,
0,0,1,20302336,400,400,,
0,0,1,20302337,400,400,,
0,0,1,20302338,400,400,,
0,0,1,20302339,400,400,,
0,0,1,20302340,400,400,,
0,0,1,20302341,400,400,,
0,0,1,20302342,400,400,,
0,0,1,20302343,400,400,,
0,0,1,20302344,400,400,,
0,0,1,20302345,400,400,,
0,0,1,20302346,400,400,,
0,0,1,20302347,400,400,,
0,0,1,20302348,400,400,,
0,0,1,20302349,400,400,,
0,0,1,20302350,400,400,,
0,0,1,20302351,400,400,,
0,0,1,20302352,400,400,,
0,0,1,20302353,400,400,,
0,0,1,20302354,400,400,,
0,0,1,20302355,400,400,,
0,0,1,20302356,400,400,,
0,0,1,20302357,400,400,,
0,0,1,20302358,400,400,,
0,0,1,20302359,400,400,,
0,0,1,20302360,400,400,,
0,0,1,20302361,400,400,,
0,0,1,20302362,400,400,,
0,0,1,20302363,400,400,,
0,0,1,20302364,400,400,,
0,0,1,20302365,400,400,,
0,0,1,20302366,400,400,,
0,0,1,20302367,400,400,,
0,0,1,20302368,400,400,,
0,0,1,20302369,400,400,,
0,0,1,20302370,400,400,,
0,0,1,20302371,400,400,,
0,0,1,20302372,400,400,,
0,0,1,20302373,400,400,,
0,0,1,20302374,400,400,,
0,0,1,20302375,400,400,,
0,0,1,20302376,400,400,,
0,0,1,20302377,400,400,,
0,0,1,20302378,400,400,,
0,0,1,20302379,400,400,,
0,0,1,20302380,400,400,,
0,0,1,20302381,400,400,,
0,0,1,20302382,400,400,,
0,0,1,20302383,400,400,,
0,0,1,20302384,400,400,,
0,0,1,20302385,400,400,,
0,0,1,20302386,400,400,,
0,0,1,20302387,400,400,,
0,0,1,20302388,400,400,,
0,0,1,20302389,400,400,,
0,0,1,20302390,400,400,,
0,0,1,20302391,400,400,,
0,0,1,20302392,400,400,,
0,0,1,20302393,400,400,,
0,0,1,20302394,400,400,,
0,0,1,20302395,400,400,,
0,0,1,20302396,400,400,,
0,0,1,20302397,400,400,,
0,0,1,20302398,400,400,,
0,0,1,20302399,400,400,,
0,0,1,20302400,400,400,,
0,0,1,20302401,400,400,,
0,0,1,20302402,400,400,,
0,0,1,20302403,400,400,,
0,0,1,20302404,400,400,,
0,0,1,20302405,400,400,,
0,0,1,20302406,400,400,,
0,0,1,20302407,400,400,,
0,0,1,20302408,400,400,,
0,0,1,20302409,400,400,,
0,0,1,20302410,400,400,,
0,0,1,20302411,400,400,,
0,0,1,20302412,400,400,,
0,0,1,20302413,400,400,,
0,0,1,20302414,400,400,,
0,0,1,20302415,400,400,,
0,0,1,20302416,400,400,,
0,0,1,20302417,400,400,,
0,0,1,20302418,400,400,,
0,0,1,20302419,400,400,,
0,0,1,20302420,400,400,,
0,0,1,20302421,400,400,,
0,0,1,20302422,400,400,,
0,0,1,20302423,400,400,,
0,0,1,20302424,400,400,,
0,0,1,20302425,400,400,,
0,0,1,20302426,400,400,,
0,0,1,20302427,400,400,,
0,0,1,20302428,400,400,,
0,0,1,20302429,400,400,,
0,0,1,20302430,400,400,,
0,0,1,20302431,400,400,,
0,0,1,20302432,400,400,,
0,0,1,20302433,400,400,,
0,0,1,20302434,400,400,,
0,0,1,20302435,400,400,,
0,0,1,20302436,400,400,,
0,0,1,20302437,400,400,,
0,0,1,20302438,400,400,,
0,0,1,20302439,400,400,,
0,0,1,20302440,400,400,,
0,0,1,20302441,400,400,,
0,0,1,20302442,400,400,,
0,0,1,20302443,400,400,,
0,0,1,20302444,400,400,,
0,0,1,20302445,400,400,,
0,0,1,20302446,400,400,,
0,0,1,20302447,400,400,,
0,0,1,20302448,400,400,,
0,0,1,20302449,400,400,,
0,0,1,20302450,400,400,,
0,0,1,20302451,400,400,,
0,0,1,20302452,400,400,,
0,0,1,20302453,400,400,,
0,0,1,20302454,400,400,,
0,0,1,20302455,400,400,,
0,0,1,20302456,400,400,,
0,0,1,20302457,400,400,,
0,0,1,20302458,400,400,,
0,0,1,20302459,400,400,,
0,0,1,20302460,400,400,,
0,0,1,20302461,400,400,,
0,0,1,20302462,400,400,,
0,0,1,20302463,400,400,,
0,0,1,20302464,400,400,,
0,0,1,20302465,400,400,,
0,0,1,20302466,400,400,,
0,0,1,20302467,400,400,,
0,0,1,20302468,400,400,,
0,0,1,20302469,400,400,,
0,0,1,20302470,400,400,,
0,0,1,20302471,400,400,,
0,0,1,20302472,400,400,,
0,0,1,20302473,400,400,,
0,0,1,20302474,400,400,,
0,0,1,20302475,400,400,,
0,0,1,20302476,400,400,,
0,0,1,20302477,400,400,,
0,0,1,20302478,400,400,,
0,0,1,20302479,400,400,,
0,0,1,20302480,400,400,,
0,0,1,20302481,400,400,,
0,0,1,20302482,400,400,,
0,0,1,20302483,400,400,,
0,0,1,20302484,400,400,,
0,0,1,20302485,400,400,,
0,0,1,20302486,400,400,,
0,0,1,20302487,400,400,,
0,0,1,20302488,400,400,,
0,0,1,20302489,400,400,,
0,0,1,20302490,400,400,,
0,0,1,20302491,400,400,,
0,0,1,20302492,400,400,,
0,0,1,20302493,400,400,,
0,0,1,20302494,400,400,,
0,0,1,20302495,400,400,,
0,0,1,20302496,400,400,,
0,0,1,20302497,400,400,,
0,0,1,20302498,400,400,,
0,0,1,20302499,400,400,,
0,0,1,20302500,400,400,,
0,0,1,20302501,400,400,,
0,0,1,20302502,400,400,,
0,0,1,20302503,400,400,,
0,0,1,20302504,400,400,,
0,0,1,20302505,400,400,,
0,0,1,20302506,400,400,,
0,0,1,20302507,400,400,,
0,0,1,20302508,400,400,,
0,0,1,20302509,400,400,,
0,0,1,20302510,400,400,,
0,0,1,20302511,400,400,,
0,0,1,20302512,400,400,,
0,0,1,20302513,400,400,,
0,0,1,20302514,400,400,,
0,0,1,20302515,400,400,,
0,0,1,20302516,400,400,,
0,0,1,20302517,400,400,,
0,0,1,20302518,400,400,,
0,0,1,20302519,400,400,,
0,0,1,20302520,400,400,,
0,0,1,20302521,400,400,,
0,0,1,20302522,400,400,,
0,0,1,20302523,400,400,,
0,0,1,20302524,400,400,,
0,0,1,20302525,400,400,,
0,0,1,20302526,400,400,,
0,0,1,20302527,400,400,,
0,0,1,20302528,400,400,,
0,0,1,20302529,400,400,,
0,0,1,20302530,400,400,,
0,0,1,20302531,400,400,,
0,0,1,20302532,400,400,,
0,0,1,20302533,400,400,,
0,0,1,20302534,400,400,,
0,0,1,20302535,400,400,,
0,0,1,20302536,400,400,,
0,0,1,20302537,400,400,,
0,0,1,20302538,400,400,,
0,0,1,20302539,400,400,,
0,0,1,20302540,400,400,,
0,0,1,20302541,400,400,,
0,0,1,20302542,400,400,,
0,0,1,20302543,400,400,,
0,0,1,20302544,400,400,,
0,0,1,20302545,400,400,,
0,0,1,20302546,400,400,,
0,0,1,20302547,400,400,,
0,0,1,20302548,400,400,,
0,0,1,20302549,400,400,,
0,0,1,20302550,400,400,,
0,0,1,20302551,400,400,,
0,0,1,20302552,400,400,,
0,0,1,20302553,400,400,,
0,0,1,20302554,400,400,,
0,0,1,20302555,400,400,,
0,0,1,20302556,400,400,,
0,0,1,20302557,400,400,,
0,0,1,20302558,400,400,,
0,0,1,20302559,400,400,,
0,0,1,20302560,400,400,,
0,0,1,20302561,400,400,,
0,0,1,20302562,400,400,,
0,0,1,20302563,400,400,,
0,0,1,20302564,400,400,,
0,0,1,20302565,400,400,,
0,0,1,20302566,400,400,,
0,0,1,20302567,400,400,,
0,0,1,20302568,400,400,,
0,0,1,20302569,400,400,,
0,0,1,20302570,400,400,,
0,0,1,20302571,400,400,,
0,0,1,20302572,400,400,,
0,0,1,20302573,400,400,,
0,0,1,20302574,400,400,,
0,0,1,20302575,400,400,,
0,0,1,20302576,400,400,,
0,0,1,20302577,400,400,,
0,0,1,20302578,400,400,,
0,0,1,20302579,400,400,,
0,0,1,20302580,400,400,,
0,0,1,20302581,400,400,,
0,0,1,20302582,400,400,,
0,0,1,20302583,400,400,,
0,0,1,20302584,400,400,,
0,0,1,20302585,400,400,,
0,0,1,20302586,400,400,,
0,0,1,20302587,400,400,,
0,0,1,20302588,400,400,,
0,0,1,20302589,400,400,,
0,0,1,20302590,400,400,,
0,0,1,20302591,400,400,,
0,0,1,20302592,400,400,,
0,0,1,20302593,400,400,,
0,0,1,20302594,400,400,,
0,0,1,20302595,400,400,,
0,0,1,20302596,400,400,,
0,0,1,20302597,400,400,,
0,0,1,20302598,400,400,,
0,0,1,20302599,400,400,,
0,0,1,20302600,400,400,,
0,0,1,20302601,400,400,,
0,0,1,20302602,400,400,,
0,0,1,20302603,400,400,,
0,0,1,20302604,400,400,,
0,0,1,20302605,400,400,,
0,0,1,20302606,400,400,,
0,0,1,20302607,400,400,,
0,0,1,20302608,400,400,,
0,0,1,20302609,400,400,,
0,0,1,20302610,400,400,,
0,0,1,20302611,400,400,,
0,0,1,20302612,400,400,,
0,0,1,20302613,400,400,,
0,0,1,20302614,400,400,,
0,0,1,20302615,400,400,,
0,0,1,20302616,400,400,,
0,0,1,20302617,400,400,,
0,0,1,20302618,400,400,,
0,0,1,20302619,400,400,,
0,0,1,20302620,400,400,,
0,0,1,20302621,400,400,,
0,0,1,20302622,400,400,,
0,0,1,20302623,400,400,,
0,0,1,20302624,400,400,,
0,0,1,20302625,400,400,,
0,0,1,20302626,400,400,,
0,0,1,20302627,400,400,,
0,0,1,20302628,400,400,,
0,0,1,20302629,400,400,,
0,0,1,20302630,400,400,,
0,0,1,20302631,400,400,,
0,0,1,20302632,400,400,,
0,0,1,20302633,400,400,,
0,0,1,20302634,400,400,,
0,0,1,20302635,400,400,,
0,0,1,20302636,400,400,,
0,0,1,20302637,400,400,,
0,0,1,20302638,400,400,,
0,0,1,20302639,400,400,,
0,0,1,20302640,400,400,,
0,0,1,20302641,400,400,,
0,0,1,20302642,400,400,,
0,0,1,20302643,400,400,,
0,0,1,20302644,400,400,,
0,0,1,20302645,400,400,,
0,0,1,20302646,400,400,,
0,0,1,20302647,400,400,,
0,0,1,20302648,400,400,,
0,0,1,20302649,400,400,,
0,0,1,20302650,400,400,,
0,0,1,20302651,400,400,,
0,0,1,20302652,400,400,,
0,0,1,20302653,400,400,,
0,0,1,20302654,400,400,,
0,0,1,20302655,400,400,,
0,0,1,20302656,400,400,,
0,0,1,20302657,400,400,,
0,0,1,20302658,400,400,,
0,0,1,20302659,400,400,,
0,0,1,20302660,400,400,,
0,0,1,20302661,400,400,,
0,0,1,20302662,400,400,,
0,0,1,20302663,400,400,,
0,0,1,20302664,400,400,,
0,0,1,20302665,400,400,,
0,0,1,20302666,400,400,,
0,0,1,20302667,400,400,,
0,0,1,20302668,400,400,,
0,0,1,20302669,400,400,,
0,0,1,20302670,400,400,,
0,0,1,20302671,400,400,,
0,0,1,20302672,400,400,,
0,0,1,20302673,400,400,,
0,0,1,20302674,400,400,,
0,0,1,20302675,400,400,,
0,0,1,20302676,400,400,,
0,0,1,20302677,400,400,,
0,0,1,20302678,400,400,,
0,0,1,20302679,400,400,,
0,0,1,20302680,400,400,,
0,0,1,20302681,400,400,,
0,0,1,20302682,400,400,,
0,0,1,20302683,400,400,,
0,0,1,20302684,400,400,,
0,0,1,20302685,400,400,,
0,0,1,20302686,400,400,,
0,0,1,20302687,400,400,,
0,0,1,20302688,400,400,,
0,0,1,20302689,400,400,,
0,0,1,20302690,400,400,,
0,0,1,20302691,400,400,,
0,0,1,20302692,400,400,,
0,0,1,20302693,400,400,,
0,0,1,20302694,400,400,,
0,0,1,20302695,400,400,,
0,0,1,20302696,400,400,,
0,0,1,20302697,400,400,,
0,0,1,20302698,400,400,,
0,0,1,20302699,400,400,,
0,0,1,20302700,400,400,,
0,0,1,20302701,400,400,,
0,0,1,20302702,400,400,,
0,0,1,20302703,400,400,,
0,0,1,20302704,400,400,,
0,0,1,20302705,400,400,,
0,0,1,20302706,400,400,,
0,0,1,20302707,400,400,,
0,0,1,20302708,400,400,,
0,0,1,20302709,400,400,,
0,0,1,20302710,400,400,,
0,0,1,20302711,400,400,,
0,0,1,20302712,400,400,,
0,0,1,20302713,400,400,,
0,0,1,20302714,400,400,,
0,0,1,20302715,400,400,,
0,0,1,20302716,400,400,,
0,0,1,20302717,400,400,,
0,0,1,20302718,400,400,,
0,0,1,20302719,400,400,,
0,0,1,20302720,400,400,,
0,0,1,20302721,400,400,,
0,0,1,20302722,400,400,,
0,0,1,20302723,400,400,,
0,0,1,20302724,400,400,,
0,0,1,20302725,400,400,,
0,0,1,20302726,400,400,,
0,0,1,20302727,400,400,,
0,0,1,20302728,400,400,,
0,0,1,20302729,400,400,,
0,0,1,20302730,400,400,,
0,0,1,20302731,400,400,,
0,0,1,20302732,400,400,,
0,0,1,20302733,400,400,,
0,0,1,20302734,400,400,,
0,0,1,20302735,400,400,,
0,0,1,20302736,400,400,,
0,0,1,20302737,400,400,,
0,0,1,20302738,400,400,,
0,0,1,20302739,400,400,,
0,0,1,20302740,400,400,,
0,0,1,20302741,400,400,,
0,0,1,20302742,400,400,,
0,0,1,20302743,400,400,,
0,0,1,20302744,400,400,,
0,0,1,20302745,400,400,,
0,0,1,20302746,400,400,,
0,0,1,20302747,400,400,,
0,0,1,20302748,400,400,,
0,0,1,20302749,400,400,,
0,0,1,20302750,400,400,,
0,0,1,20302751,400,400,,
0,0,1,20302752,400,400,,
0,0,1,20302753,400,400,,
0,0,1,20302754,400,400,,
0,0,1,20302755,400,400,,
0,0,1,20302756,400,400,,
0,0,1,20302757,400,400,,
0,0,1,20302758,400,400,,
0,0,1,20302759,400,400,,
0,0,1,20302760,400,400,,
0,0,1,20302761,400,400,,
0,0,1,20302762,400,400,,
0,0,1,20302763,400,400,,
0,0,1,20302764,400,400,,
0,0,1,20302765,400,400,,
0,0,1,20302766,400,400,,
0,0,1,20302767,400,400,,
0,0,1,20302768,400,400,,
0,0,1,20302769,400,400,,
0,0,1,20302770,400,400,,
0,0,1,20302771,400,400,,
0,0,1,20302772,400,400,,
0,0,1,20302773,400,400,,
0,0,1,20302774,400,400,,
0,0,1,20302775,400,400,,
0,0,1,20302776,400,400,,
0,0,1,20302777,400,400,,
0,0,1,20302778,400,400,,
0,0,1,20302779,400,400,,
0,0,1,20302780,400,400,,
0,0,1,20302781,400,400,,
0,0,1,20302782,400,400,,
0,0,1,20302783,400,400,,
0,0,1,20302784,400,400,,
0,0,1,20302785,400,400,,
0,0,1,20302786,400,400,,
0,0,1,20302787,400,400,,
0,0,1,20302788,400,400,,
0,0,1,20302789,400,400,,
0,0,1,20302790,400,400,,
0,0,1,20302791,400,400,,
0,0,1,20302792,400,400,,
0,0,1,20302793,400,400,,
0,0,1,20302794,400,400,,
0,0,1,20302795,400,400,,
0,0,1,20302796,400,400,,
0,0,1,20302797,400,400,,
0,0,1,20302798,400,400,,
0,0,1,20302799,400,400,,
0,0,1,20302800,400,400,,
0,0,1,20302801,400,400,,
0,0,1,20302802,400,400,,
0,0,1,20302803,400,400,,
0,0,1,20302804,400,400,,
0,0,1,20302805,400,400,,
0,0,1,20302806,400,400,,
0,0,1,20302807,400,400,,
0,0,1,20302808,400,400,,
0,0,1,20302809,400,400,,
0,0,1,20302810,400,400,,
0,0,1,20302811,400,400,,
0,0,1,20302812,400,400,,
0,0,1,20302813,400,400,,
0,0,1,20302814,400,400,,
0,0,1,20302815,400,400,,
0,0,1,20302816,400,400,,
0,0,1,20302817,400,400,,
0,0,1,20302818,400,400,,
0,0,1,20302819,400,400,,
0,0,1,20302820,400,400,,
0,0,1,20302821,400,400,,
0,0,1,20302822,400,400,,
0,0,1,20302823,400,400,,
0,0,1,20302824,400,400,,
0,0,1,20302825,400,400,,
0,0,1,20302826,400,400,,
0,0,1,20302827,400,400,,
0,0,1,20302828,400,400,,
0,0,1,20302829,400,400,,
0,0,1,20302830,400,400,,
0,0,1,20302831,400,400,,
0,0,1,20302832,400,400,,
0,0,1,20302833,400,400,,
0,0,1,20302834,400,400,,
0,0,1,20302835,400,400,,
0,0,1,20302836,400,400,,
0,0,1,20302837,400,400,,
0,0,1,20302838,400,400,,
0,0,1,20302839,400,400,,
0,0,1,20302840,400,400,,
0,0,1,20302841,400,400,,
0,0,1,20302842,400,400,,
0,0,1,20302843,400,400,,
0,0,1,20302844,400,400,,
0,0,1,20302845,400,400,,
0,0,1,20302846,400,400,,
0,0,1,20302847,400,400,,
0,0,1,20302848,400,400,,
0,0,1,20302849,400,400,,
0,0,1,20302850,400,400,,
0,0,1,20302851,400,400,,
0,0,1,20302852,400,400,,
0,0,1,20302853,400,400,,
0,0,1,20302854,400,400,,
0,0,1,20302855,400,400,,
0,0,1,20302856,400,400,,
0,0,1,20302857,400,400,,
0,0,1,20302858,400,400,,
0,0,1,20302859,400,400,,
0,0,1,20302860,400,400,,
0,0,1,20302861,400,400,,
0,0,1,20302862,400,400,,
0,0,1,20302863,400,400,,
0,0,1,20302864,400,400,,
0,0,1,20302865,400,400,,
0,0,1,20302866,400,400,,
0,0,1,20302867,400,400,,
0,0,1,20302868,400,400,,
0,0,1,20302869,400,400,,
0,0,1,20302870,400,400,,
0,0,1,20302871,400,400,,
0,0,1,20302872,400,400,,
0,0,1,20302873,400,400,,
0,0,1,20302874,400,400,,
0,0,1,20302875,400,400,,
0,0,1,20302876,400,400,,
0,0,1,20302877,400,400,,
0,0,1,20302878,400,400,,
0,0,1,20302879,400,400,,
0,0,1,20302880,400,400,,
0,0,1,20302881,400,400,,
0,0,1,20302882,400,400,,
0,0,1,20302883,400,400,,
0,0,1,20302884,400,400,,
0,0,1,20302885,400,400,,
0,0,1,20302886,400,400,,
0,0,1,20302887,400,400,,
0,0,1,20302888,400,400,,
0,0,1,20302889,400,400,,
0,0,1,20302890,400,400,,
0,0,1,20302891,400,400,,
0,0,1,20302892,400,400,,
0,0,1,20302893,400,400,,
0,0,1,20302894,400,400,,
0,0,1,20302895,400,400,,
0,0,1,20302896,400,400,,
0,0,1,20302897,400,400,,
0,0,1,20302898,400,400,,
0,0,1,20302899,400,400,,
0,0,1,20302900,400,400,,
0,0,1,20302901,400,400,,
0,0,1,20302902,400,400,,
0,0,1,20302903,400,400,,
0,0,1,20302904,400,400,,
0,0,1,20302905,400,400,,
0,0,1,20302906,400,400,,
0,0,1,20302907,400,400,,
0,0,1,20302908,400,400,,
0,0,1,20302909,400,400,,
0,0,1,20302910,400,400,,
0,0,1,20302911,400,400,,
0,0,1,20302912,400,400,,
0,0,1,20302913,400,400,,
0,0,1,20302914,400,400,,
0,0,1,20302915,400,400,,
0,0,1,20302916,400,400,,
0,0,1,20302917,400,400,,
0,0,1,20302918,400,400,,
0,0,1,20302919,400,400,,
0,0,1,20302920,400,400,,
0,0,1,20302921,400,400,,
0,0,1,20302922,400,400,,
0,0,1,20302923,400,400,,
0,0,1,20302924,400,400,,
0,0,1,20302925,400,400,,
0,0,1,20302926,400,400,,
0,0,1,20302927,400,400,,
0,0,1,20302928,400,400,,
0,0,1,20302929,400,400,,
0,0,1,20302930,400,400,,
0,0,1,20302931,400,400,,
0,0,1,20302932,400,400,,
0,0,1,20302933,400,400,,
0,0,1,20302934,400,400,,
0,0,1,20302935,400,400,,
0,0,1,20302936,400,400,,
0,0,1,20302937,400,400,,
0,0,1,20302938,400,400,,
0,0,1,20302939,400,400,,
0,0,1,20302940,400,400,,
0,0,1,20302941,400,400,,
0,0,1,20302942,400,400,,
0,0,1,20302943,400,400,,
0,0,1,20302944,400,400,,
0,0,1,20302945,400,400,,
0,0,1,20302946,400,400,,
0,0,1,20302947,400,400,,
0,0,1,20302948,400,400,,
0,0,1,20302949,400,400,,
0,0,1,20302950,400,400,,
0,0,1,20302951,400,400,,
0,0,1,20302952,400,400,,
0,0,1,20302953,400,400,,
0,0,1,20302954,400,400,,
0,0,1,20302955,400,400,,
0,0,1,20302956,400,400,,
0,0,1,20302957,400,400,,
0,0,1,20302958,400,400,,
0,0,1,20302959,400,400,,
0,0,1,20302960,400,400,,
0,0,1,20302961,400,400,,
0,0,1,20302962,400,400,,
0,0,1,20302963,400,400,,
0,0,1,20302964,400,400,,
0,0,1,20302965,400,400,,
0,0,1,20302966,400,400,,
0,0,1,20302967,400,400,,
0,0,1,20302968,400,400,,
0,0,1,20302969,400,400,,
0,0,1,20302970,400,400,,
0,0,1,20302971,400,400,,
0,0,1,20302972,400,400,,
0,0,1,20302973,400,400,,
0,0,1,20302974,400,400,,
0,0,1,20302975,400,400,,
0,0,1,20302976,400,400,,
0,0,1,20302977,400,400,,
0,0,1,20302978,400,400,,
0,0,1,20302979,400,400,,
0,0,1,20302980,400,400,,
0,0,1,20302981,400,400,,
0,0,1,20302982,400,400,,
0,0,1,20302983,400,400,,
0,0,1,20302984,400,400,,
0,0,1,20302985,400,400,,
0,0,1,20302986,400,400,,
0,0,1,20302987,400,400,,
0,0,1,20302988,400,400,,
0,0,1,20302989,400,400,,
0,0,1,20302990,400,400,,
0,0,1,20302991,400,400,,
0,0,1,20302992,400,400,,
0,0,1,20302993,400,400,,
0,0,1,20302994,400,400,,
0,0,1,20302995,400,400,,
0,0,1,20302996,400,400,,
0,0,1,20302997,400,400,,
0,0,1,20302998,400,400,,
0,0,1,20302999,400,400,,
0,0,1,20303000,400,400,,
0,0,1,20303001,400,400,,
0,0,1,20303002,400,400,,
0,0,1,20303003,400,400,,
0,0,1,20303004,400,400,,
0,0,1,20303005,400,400,,
0,0,1,20303006,400,400,,
0,0,1,20303007,400,400,,
0,0,1,20303008,400,400,,
0,0,1,20303009,400,400,,
0,0,1,20303010,400,400,,
0,0,1,20303011,400,400,,
0,0,1,20303012,400,400,,
0,0,1,20303013,400,400,,
0,0,1,20303014,400,400,,
0,0,1,20303015,400,400,,
0,0,1,20303016,400,400,,
0,0,1,20303017,400,400,,
0,0,1,20303018,400,400,,
0,0,1,20303019,400,400,,
0,0,1,20303020,400,400,,
0,0,1,20303021,400,400,,
0,0,1,20303022,400,400,,
0,0,1,20303023,400,400,,
0,0,1,20303024,400,400,,
0,0,1,20303025,400,400,,
0,0,1,20303026,400,400,,
0,0,1,20303027,400,400,,
0,0,1,20303028,400,400,,
0,0,1,20303029,400,400,,
0,0,1,20303030,400,400,,
0,0,1,20303031,400,400,,
0,0,1,20303032,400,400,,
0,0,1,20303033,400,400,,
0,0,1,20303034,400,400,,
0,0,1,20303035,400,400,,
0,0,1,20303036,400,400,,
0,0,1,20303037,400,400,,
0,0,1,20303038,400,400,,
0,0,1,20303039,400,400,,
0,0,1,20303040,400,400,,
0,0,1,20303041,400,400,,
0,0,1,20303042,400,400,,
0,0,1,20303043,400,400,,
0,0,1,20303044,400,400,,
0,0,1,20303045,400,400,,
0,0,1,20303046,400,400,,
0,0,1,20303047,400,400,,
0,0,1,20303048,400,400,,
0,0,1,20303049,400,400,,
0,0,1,20303050,400,400,,
0,0,1,20303051,400,400,,
0,0,1,20303052,400,400,,
0,0,1,20303053,400,400,,
0,0,1,20303054,400,400,,
0,0,1,20303055,400,400,,
0,0,1,20303056,400,400,,
0,0,1,20303057,400,400,,
0,0,1,20303058,400,400,,
0,0,1,20303059,400,400,,
0,0,1,20303060,400,400,,
0,0,1,20303061,400,400,,
0,0,1,20303062,400,400,,
0,0,1,20303063,400,400,,
0,0,1,20303064,400,400,,
0,0,1,20303065,400,400,,
0,0,1,20303066,400,400,,
0,0,1,20303067,400,400,,
0,0,1,20303068,400,400,,
0,0,1,20303069,400,400,,
0,0,1,20303070,400,400,,
0,0,1,20303071,400,400,,
0,0,1,20303072,400,400,,
0,0,1,20303073,400,400,,
0,0,1,20303074,400,400,,
0,0,1,20303075,400,400,,
0,0,1,20303076,400,400,,
0,0,1,20303077,400,400,,
0,0,1,20303078,400,400,,
0,0,1,20303079,400,400,,
0,0,1,20303080,400,400,,
0,0,1,20303081,400,400,,
0,0,1,20303082,400,400,,
0,0,1,20303083,400,400,,
0,0,1,20303084,400,400,,
0,0,1,20303085,400,400,,
0,0,1,20303086,400,400,,
0,0,1,20303087,400,400,,
0,0,1,20303088,400,400,,
0,0,1,20303089,400,400,,
0,0,1,20303090,400,400,,
0,0,1,20303091,400,400,,
0,0,1,20303092,400,400,,
0,0,1,20303093,400,400,,
0,0,1,20303094,400,400,,
0,0,1,20303095,400,400,,
0,0,1,20303096,400,400,,
0,0,1,20303097,400,400,,
0,0,1,20303098,400,400,,
0,0,1,20303099,400,400,,
0,0,1,20303100,400,400,,
0,0,1,20303101,400,400,,
0,0,1,20303102,400,400,,
0,0,1,20303103,400,400,,
0,0,1,20303104,400,400,,
0,0,1,20303105,400,400,,
0,0,1,20303106,400,400,,
0,0,1,20303107,400,400,,
0,0,1,20303108,400,400,,
0,0,1,20303109,400,400,,
0,0,1,20303110,400,400,,
0,0,1,20303111,400,400,,
0,0,1,20303112,400,400,,
0,0,1,20303113,400,400,,
0,0,1,20303114,400,400,,
0,0,1,20303115,400,400,,
0,0,1,20303116,400,400,,
0,0,1,20303117,400,400,,
0,0,1,20303118,400,400,,
0,0,1,20303119,400,400,,
0,0,1,20303120,400,400,,
0,0,1,20303121,400,400,,
0,0,1,20303122,400,400,,
0,0,1,20303123,400,400,,
0,0,1,20303124,400,400,,
0,0,1,20303125,400,400,,
0,0,1,20303126,400,400,,
0,0,1,20303127,400,400,,
0,0,1,20303128,400,400,,
0,0,1,20303129,400,400,,
0,0,1,20303130,400,400,,
0,0,1,20303131,400,400,,
0,0,1,20303132,400,400,,
0,0,1,20303133,400,400,,
0,0,1,20303134,400,400,,
0,0,1,20303135,400,400,,
0,0,1,20303136,400,400,,
0,0,1,20303137,400,400,,
0,0,1,20303138,400,400,,
0,0,1,20303139,400,400,,
0,0,1,20303140,400,400,,
0,0,1,20303141,400,400,,
0,0,1,20303142,400,400,,
0,0,1,20303143,400,400,,
0,0,1,20303144,400,400,,
0,0,1,20303145,400,400,,
0,0,1,20303146,400,400,,
0,0,1,20303147,400,400,,
0,0,1,20303148,400,400,,
0,0,1,20303149,400,400,,
0,0,1,20303150,400,400,,
0,0,1,20303151,400,400,,
0,0,1,20303152,400,400,,
0,0,1,20303153,400,400,,
0,0,1,20303154,400,400,,
0,0,1,20303155,400,400,,
0,0,1,20303156,400,400,,
0,0,1,20303157,400,400,,
0,0,1,20303158,400,400,,
0,0,1,20303159,400,400,,
0,0,1,20303160,400,400,,
0,0,1,20303161,400,400,,
0,0,1,20303162,400,400,,
0,0,1,20303163,400,400,,
0,0,1,20303164,400,400,,
0,0,1,20303165,400,400,,
0,0,1,20303166,400,400,,
0,0,1,20303167,400,400,,
0,0,1,20303168,400,400,,
0,0,1,20303169,400,400,,
0,0,1,20303170,400,400,,
0,0,1,20303171,400,400,,
0,0,1,20303172,400,400,,
0,0,1,20303173,400,400,,
0,0,1,20303174,400,400,,
0,0,1,20303175,400,400,,
0,0,1,20303176,400,400,,
0,0,1,20303177,400,400,,
0,0,1,20303178,400,400,,
0,0,1,20303179,400,400,,
0,0,1,20303180,400,400,,
0,0,1,20303181,400,400,,
0,0,1,20303182,400,400,,
0,0,1,20303183,400,400,,
0,0,1,20303184,400,400,,
0,0,1,20303185,400,400,,
0,0,1,20303186,400,400,,
0,0,1,20303187,400,400,,
0,0,1,20303188,400,400,,
0,0,1,20303189,400,400,,
0,0,1,20303190,400,400,,
0,0,1,20303191,400,400,,
0,0,1,20303192,400,400,,
0,0,1,20303193,400,400,,
0,0,1,20303194,400,400,,
0,0,1,20303195,400,400,,
0,0,1,20303196,400,400,,
0,0,1,20303197,400,400,,
0,0,1,20303198,400,400,,
0,0,1,20303199,400,400,,
0,0,1,20303200,400,400,,
0,0,1,20303201,400,400,,
0,0,1,20303202,400,400,,
0,0,1,20303203,400,400,,
0,0,1,20303204,400,400,,
0,0,1,20303205,400,400,,
0,0,1,20303206,400,400,,
0,0,1,20303207,400,400,,
0,0,1,20303208,400,400,,
0,0,1,20303209,400,400,,
0,0,1,20303210,400,400,,
0,0,1,20303211,400,400,,
0,0,1,20303212,400,400,,
0,0,1,20303213,400,400,,
0,0,1,20303214,400,400,,
0,0,1,20303215,400,400,,
0,0,1,20303216,400,400,,
0,0,1,20303217,400,400,,
0,0,1,20303218,400,400,,
0,0,1,20303219,400,400,,
0,0,1,20303220,400,400,,
0,0,1,20303221,400,400,,
0,0,1,20303222,400,400,,
0,0,1,20303223,400,400,,
0,0,1,20303224,400,400,,
0,0,1,20303225,400,400,,
0,0,1,20303226,400,400,,
0,0,1,20303227,400,400,,
0,0,1,20303228,400,400,,
0,0,1,20303229,400,400,,
0,0,1,20303230,400,400,,
0,0,1,20303231,400,400,,
0,0,1,20303232,400,400,,
0,0,1,20303233,400,400,,
0,0,1,20303234,400,400,,
0,0,1,20303235,400,400,,
0,0,1,20303236,400,400,,
0,0,1,20303237,400,400,,
0,0,1,20303238,400,400,,
0,0,1,20303239,400,400,,
0,0,1,20303240,400,400,,
0,0,1,20303241,400,400,,
0,0,1,20303242,400,400,,
0,0,1,20303243,400,400,,
0,0,1,20303244,400,400,,
0,0,1,20303245,400,400,,
0,0,1,20303246,400,400,,
0,0,1,20303247,400,400,,
0,0,1,20303248,400,400,,
0,0,1,20303249,400,400,,
0,0,1,20303250,400,400,,
0,0,1,20303251,400,400,,
0,0,1,20303252,400,400,,
0,0,1,20303253,400,400,,
0,0,1,20303254,400,400,,
0,0,1,20303255,400,400,,
0,0,1,20303256,400,400,,
0,0,1,20303257,400,400,,
0,0,1,20303258,400,400,,
0,0,1,20303259,400,400,,
0,0,1,20303260,400,400,,
0,0,1,20303261,400,400,,
0,0,1,20303262,400,400,,
0,0,1,20303263,400,400,,
0,0,1,20303264,400,400,,
0,0,1,20303265,400,400,,
0,0,1,20303266,400,400,,
0,0,1,20303267,400,400,,
0,0,1,20303268,400,400,,
0,0,1,20303269,400,400,,
0,0,1,20303270,400,400,,
0,0,1,20303271,400,400,,
0,0,1,20303272,400,400,,
0,0,1,20303273,400,400,,
0,0,1,20303274,400,400,,
0,0,1,20303275,400,400,,
0,0,1,20303276,400,400,,
0,0,1,20303277,400,400,,
0,0,1,20303278,400,400,,
0,0,1,20303279,400,400,,
0,0,1,20303280,400,400,,
0,0,1,20303281,400,400,,
0,0,1,20303282,400,400,,
0,0,1,20303283,400,400,,
0,0,1,20303284,400,400,,
0,0,1,20303285,400,400,,
0,0,1,20303286,400,400,,
0,0,1,20303287,400,400,,
0,0,1,20303288,400,400,,
0,0,1,20303289,400,400,,
0,0,1,20303290,400,400,,
0,0,1,20303291,400,400,,
0,0,1,20303292,400,400,,
0,0,1,20303293,400,400,,
0,0,1,20303294,400,400,,
0,0,1,20303295,400,400,,
0,0,1,20303296,400,400,,
0,0,1,20303297,400,400,,
0,0,1,20303298,400,400,,
0,0,1,20303299,400,400,,
0,0,1,20303300,400,400,,
0,0,1,20303301,400,400,,
0,0,1,20303302,400,400,,
0,0,1,20303303,400,400,,
0,0,1,20303304,400,400,,
0,0,1,20303305,400,400,,
0,0,1,20303306,400,400,,
0,0,1,20303307,400,400,,
0,0,1,20303308,400,400,,
0,0,1,20303309,400,400,,
0,0,1,20303310,400,400,,
0,0,1,20303311,400,400,,
0,0,1,20303312,400,400,,
0,0,1,20303313,400,400,,
0,0,1,20303314,400,400,,
0,0,1,20303315,400,400,,
0,0,1,20303316,400,400,,
0,0,1,20303317,400,400,,
0,0,1,20303318,400,400,,
0,0,1,20303319,400,400,,
0,0,1,20303320,400,400,,
0,0,1,20303321,400,400,,
0,0,1,20303322,400,400,,
0,0,1,20303323,400,400,,
0,0,1,20303324,400,400,,
0,0,1,20303325,400,400,,
0,0,1,20303326,400,400,,
0,0,1,20303327,400,400,,
0,0,1,20303328,400,400,,
0,0,1,20303329,400,400,,
0,0,1,20303330,400,400,,
0,0,1,20303331,400,400,,
0,0,1,20303332,400,400,,
0,0,1,20303333,400,400,,
0,0,1,20303334,400,400,,
0,0,1,20303335,400,400,,
0,0,1,20303336,400,400,,
0,0,1,20303337,400,400,,
0,0,1,20303338,400,400,,
0,0,1,20303339,400,400,,
0,0,1,20303340,400,400,,
0,0,1,20303341,400,400,,
0,0,1,20303342,400,400,,
0,0,1,20303343,400,400,,
0,0,1,20303344,400,400,,
0,0,1,20303345,400,400,,
0,0,1,20303346,400,400,,
0,0,1,20303347,400,400,,
0,0,1,20303348,400,400,,
0,0,1,20303349,400,400,,
0,0,1,20303350,400,400,,
0,0,1,20303351,400,400,,
0,0,1,20303352,400,400,,
0,0,1,20303353,400,400,,
0,0,1,20303354,400,400,,
0,0,1,20303355,400,400,,
0,0,1,20303356,400,400,,
0,0,1,20303357,400,400,,
0,0,1,20303358,400,400,,
0,0,1,20303359,400,400,,
0,0,1,20303360,400,400,,
0,0,1,20303361,400,400,,
0,0,1,20303362,400,400,,
0,0,1,20303363,400,400,,
0,0,1,20303364,400,400,,
0,0,1,20303365,400,400,,
0,0,1,20303366,400,400,,
0,0,1,20303367,400,400,,
0,0,1,20303368,400,400,,
0,0,1,20303369,400,400,,
0,0,1,20303370,400,400,,
0,0,1,20303371,400,400,,
0,0,1,20303372,400,400,,
0,0,1,20303373,400,400,,
0,0,1,20303374,400,400,,
0,0,1,20303375,400,400,,
0,0,1,20303376,400,400,,
0,0,1,20303377,400,400,,
0,0,1,20303378,400,400,,
0,0,1,20303379,400,400,,
0,0,1,20303380,400,400,,
0,0,1,20303381,400,400,,
0,0,1,20303382,400,400,,
0,0,1,20303383,400,400,,
0,0,1,20303384,400,400,,
0,0,1,20303385,400,400,,
0,0,1,20303386,400,400,,
0,0,1,20303387,400,400,,
0,0,1,20303388,400,400,,
0,0,1,20303389,400,400,,
0,0,1,20303390,400,400,,
0,0,1,20303391,400,400,,
0,0,1,20303392,400,400,,
0,0,1,20303393,400,400,,
0,0,1,20303394,400,400,,
0,0,1,20303395,400,400,,
0,0,1,20303396,400,400,,
0,0,1,20303397,400,400,,
0,0,1,20303398,400,400,,
0,0,1,20303399,400,400,,
0,0,1,20303400,400,400,,
0,0,1,20303401,400,400,,
0,0,1,20303402,400,400,,
0,0,1,20303403,400,400,,
0,0,1,20303404,400,400,,
0,0,1,20303405,400,400,,
0,0,1,20303406,400,400,,
0,0,1,20303407,400,400,,
0,0,1,20303408,400,400,,
0,0,1,20303409,400,400,,
0,0,1,20303410,400,400,,
0,0,1,20303411,400,400,,
0,0,1,20303412,400,400,,
0,0,1,20303413,400,400,,
0,0,1,20303414,400,400,,
0,0,1,20303415,400,400,,
0,0,1,20303416,400,400,,
0,0,1,20303417,400,400,,
0,0,1,20303418,400,400,,
0,0,1,20303419,400,400,,
0,0,1,20303420,400,400,,
0,0,1,20303421,400,400,,
0,0,1,20303422,400,400,,
0,0,1,20303423,400,400,,
0,0,1,20303424,400,400,,
0,0,1,20303425,400,400,,
0,0,1,20303426,400,400,,
0,0,1,20303427,400,400,,
0,0,1,20303428,400,400,,
0,0,1,20303429,400,400,,
0,0,1,20303430,400,400,,
0,0,1,20303431,400,400,,
0,0,1,20303432,400,400,,
0,0,1,20303433,400,400,,
0,0,1,20303434,400,400,,
0,0,1,20303435,400,400,,
0,0,1,20303436,400,400,,
0,0,1,20303437,400,400,,
0,0,1,20303438,400,400,,
0,0,1,20303439,400,400,,
0,0,1,20303440,400,400,,
0,0,1,20303441,400,400,,
0,0,1,20303442,400,400,,
0,0,1,20303443,400,400,,
0,0,1,20303444,400,400,,
0,0,1,20303445,400,400,,
0,0,1,20303446,400,400,,
0,0,1,20303447,400,400,,
0,0,1,20303448,400,400,,
0,0,1,20303449,400,400,,
0,0,1,20303450,400,400,,
0,0,1,20303451,400,400,,
0,0,1,20303452,400,400,,
0,0,1,20303453,400,400,,
0,0,1,20303454,400,400,,
0,0,1,20303455,400,400,,
0,0,1,20303456,400,400,,
0,0,1,20303457,400,400,,
0,0,1,20303458,400,400,,
0,0,1,20303459,400,400,,
0,0,1,20303460,400,400,,
0,0,1,20303461,400,400,,
0,0,1,20303462,400,400,,
0,0,1,20303463,400,400,,
0,0,1,20303464,400,400,,
0,0,1,20303465,400,400,,
0,0,1,20303466,400,400,,
0,0,1,20303467,400,400,,
0,0,1,20303468,400,400,,
0,0,1,20303469,400,400,,
0,0,1,20303470,400,400,,
0,0,1,20303471,400,400,,
0,0,1,20303472,400,400,,
0,0,1,20303473,400,400,,
0,0,1,20303474,400,400,,
0,0,1,20303475,400,400,,
0,0,1,20303476,400,400,,
0,0,1,20303477,400,400,,
0,0,1,20303478,400,400,,
0,0,1,20303479,400,400,,
0,0,1,20303480,400,400,,
0,0,1,20303481,400,400,,
0,0,1,20303482,400,400,,
0,0,1,20303483,400,400,,
0,0,1,20303484,400,400,,
0,0,1,20303485,400,400,,
0,0,1,20303486,400,400,,
0,0,1,20303487,400,400,,
0,0,1,20303488,400,400,,
0,0,1,20303489,400,400,,
0,0,1,20303490,400,400,,
0,0,1,20303491,400,400,,
0,0,1,20303492,400,400,,
0,0,1,20303493,400,400,,
0,0,1,20303494,400,400,,
0,0,1,20303495,400,400,,
0,0,1,20303496,400,400,,
0,0,1,20303497,400,400,,
0,0,1,20303498,400,400,,
0,0,1,20303499,400,400,,
0,0,1,20303500,400,400,,
0,0,1,20303501,400,400,,
0,0,1,20303502,400,400,,
0,0,1,20303503,400,400,,
0,0,1,20303504,400,400,,
0,0,1,20303505,400,400,,
0,0,1,20303506,400,400,,
0,0,1,20303507,400,400,,
0,0,1,20303508,400,400,,
0,0,1,20303509,400,400,,
0,0,1,20303510,400,400,,
0,0,1,20303511,400,400,,
0,0,1,20303512,400,400,,
0,0,1,20303513,400,400,,
0,0,1,20303514,400,400,,
0,0,1,20303515,400,400,,
0,0,1,20303516,400,400,,
0,0,1,20303517,400,400,,
0,0,1,20303518,400,400,,
0,0,1,20303519,400,400,,
0,0,1,20303520,400,400,,
0,0,1,20303521,400,400,,
0,0,1,20303522,400,400,,
0,0,1,20303523,400,400,,
0,0,1,20303524,400,400,,
0,0,1,20303525,400,400,,
0,0,1,20303526,400,400,,
0,0,1,20303527,400,400,,
0,0,1,20303528,400,400,,
0,0,1,20303529,400,400,,
0,0,1,20303530,400,400,,
0,0,1,20303531,400,400,,
0,0,1,20303532,400,400,,
0,0,1,20303533,400,400,,
0,0,1,20303534,400,400,,
0,0,1,20303535,400,400,,
0,0,1,20303536,400,400,,
0,0,1,20303537,400,400,,
0,0,1,20303538,400,400,,
0,0,1,20303539,400,400,,
0,0,1,20303540,400,400,,
0,0,1,20303541,400,400,,
0,0,1,20303542,400,400,,
0,0,1,20303543,400,400,,
0,0,1,20303544,400,400,,
0,0,1,20303545,400,400,,
0,0,1,20303546,400,400,,
0,0,1,20303547,400,400,,
0,0,1,20303548,400,400,,
0,0,1,20303549,400,400,,
0,0,1,20303550,400,400,,
0,0,1,20303551,400,400,,
0,0,1,20303552,400,400,,
0,0,1,20303553,400,400,,
0,0,1,20303554,400,400,,
0,0,1,20303555,400,400,,
0,0,1,20303556,400,400,,
0,0,1,20303557,400,400,,
0,0,1,20303558,400,400,,
0,0,1,20303559,400,400,,
0,0,1,20303560,400,400,,
0,0,1,20303561,400,400,,
0,0,1,20303562,400,400,,
0,0,1,20303563,400,400,,
0,0,1,20303564,400,400,,
0,0,1,20303565,400,400,,
0,0,1,20303566,400,400,,
0,0,1,20303567,400,400,,
0,0,1,20303568,400,400,,
0,0,1,20303569,400,400,,
0,0,1,20303570,400,400,,
0,0,1,20303571,400,400,,
0,0,1,20303572,400,400,,
0,0,1,20303573,400,400,,
0,0,1,20303574,400,400,,
0,0,1,20303575,400,400,,
0,0,1,20303576,400,400,,
0,0,1,20303577,400,400,,
0,0,1,20303578,400,400,,
0,0,1,20303579,400,400,,
0,0,1,20303580,400,400,,
0,0,1,20303581,400,400,,
0,0,1,20303582,400,400,,
0,0,1,20303583,400,400,,
0,0,1,20303584,400,400,,
0,0,1,20303585,400,400,,
0,0,1,20303586,400,400,,
0,0,1,20303587,400,400,,
0,0,1,20303588,400,400,,
0,0,1,20303589,400,400,,
0,0,1,20303590,400,400,,
0,0,1,20303591,400,400,,
0,0,1,20303592,400,400,,
0,0,1,20303593,400,400,,
0,0,1,20303594,400,400,,
0,0,1,20303595,400,400,,
0,0,1,20303596,400,400,,
0,0,1,20303597,400,400,,
0,0,1,20303598,400,400,,
0,0,1,20303599,400,400,,
0,0,1,20303600,400,400,,
0,0,1,20303601,400,400,,
0,0,1,20303602,400,400,,
0,0,1,20303603,400,400,,
0,0,1,20303604,400,400,,
0,0,1,20303605,400,400,,
0,0,1,20303606,400,400,,
0,0,1,20303607,400,400,,
0,0,1,20303608,400,400,,
0,0,1,20303609,400,400,,
0,0,1,20303610,400,400,,
0,0,1,20303611,400,400,,
0,0,1,20303612,400,400,,
0,0,1,20303613,400,400,,
0,0,1,20303614,400,400,,
0,0,1,20303615,400,400,,
0,0,1,20303616,400,400,,
0,0,1,20303617,400,400,,
0,0,1,20303618,400,400,,
0,0,1,20303619,400,400,,
0,0,1,20303620,400,400,,
0,0,1,20303621,400,400,,
0,0,1,20303622,400,400,,
0,0,1,20303623,400,400,,
0,0,1,20303624,400,400,,
0,0,1,20303625,400,400,,
0,0,1,20303626,400,400,,
0,0,1,20303627,400,400,,
0,0,1,20303628,400,400,,
0,0,1,20303629,400,400,,
0,0,1,20303630,400,400,,
0,0,1,20303631,400,400,,
0,0,1,20303632,400,400,,
0,0,1,20303633,400,400,,
0,0,1,20303634,400,400,,
0,0,1,20303635,400,400,,
0,0,1,20303636,400,400,,
0,0,1,20303637,400,400,,
0,0,1,20303638,400,400,,
0,0,1,20303639,400,400,,
0,0,1,20303640,400,400,,
0,0,1,20303641,400,400,,
0,0,1,20303642,400,400,,
0,0,1,20303643,400,400,,
0,0,1,20303644,400,400,,
0,0,1,20303645,400,400,,
0,0,1,20303646,400,400,,
0,0,1,20303647,400,400,,
0,0,1,20303648,400,400,,
0,0,1,20303649,400,400,,
0,0,1,20303650,400,400,,
0,0,1,20303651,400,400,,
0,0,1,20303652,400,400,,
0,0,1,20303653,400,400,,
0,0,1,20303654,400,400,,
0,0,1,20303655,400,400,,
0,0,1,20303656,400,400,,
0,0,1,20303657,400,400,,
0,0,1,20303658,400,400,,
0,0,1,20303659,400,400,,
0,0,1,20303660,400,400,,
0,0,1,20303661,400,400,,
0,0,1,20303662,400,400,,
0,0,1,20303663,400,400,,
0,0,1,20303664,400,400,,
0,0,1,20303665,400,400,,
0,0,1,20303666,400,400,,
0,0,1,20303667,400,400,,
0,0,1,20303668,400,400,,
0,0,1,20303669,400,400,,
0,0,1,20303670,400,400,,
0,0,1,20303671,400,400,,
0,0,1,20303672,400,400,,
0,0,1,20303673,400,400,,
0,0,1,20303674,400,400,,
0,0,1,20303675,400,400,,
0,0,1,20303676,400,400,,
0,0,1,20303677,400,400,,
0,0,1,20303678,400,400,,
0,0,1,20303679,400,400,,
0,0,1,20303680,400,400,,
0,0,1,20303681,400,400,,
0,0,1,20303682,400,400,,
0,0,1,20303683,400,400,,
0,0,1,20303684,400,400,,
0,0,1,20303685,400,400,,
0,0,1,20303686,400,400,,
0,0,1,20303687,400,400,,
0,0,1,20303688,400,400,,
0,0,1,20303689,400,400,,
0,0,1,20303690,400,400,,
0,0,1,20303691,400,400,,
0,0,1,20303692,400,400,,
0,0,1,20303693,400,400,,
0,0,1,20303694,400,400,,
0,0,1,20303695,400,400,,
0,0,1,20303696,400,400,,
0,0,1,20303697,400,400,,
0,0,1,20303698,400,400,,
0,0,1,20303699,400,400,,
0,0,1,20303700,400,400,,
0,0,1,20303701,400,400,,
0,0,1,20303702,400,400,,
0,0,1,20303703,400,400,,
0,0,1,20303704,400,400,,
0,0,1,20303705,400,400,,
0,0,1,20303706,400,400,,
0,0,1,20303707,400,400,,
0,0,1,20303708,400,400,,
0,0,1,20303709,400,400,,
0,0,1,20303710,400,400,,
0,0,1,20303711,400,400,,
0,0,1,20303712,400,400,,
0,0,1,20303713,400,400,,
0,0,1,20303714,400,400,,
0,0,1,20303715,400,400,,
0,0,1,20303716,400,400,,
0,0,1,20303717,400,400,,
0,0,1,20303718,400,400,,
0,0,1,20303719,400,400,,
0,0,1,20303720,400,400,,
0,0,1,20303721,400,400,,
0,0,1,20303722,400,400,,
0,0,1,20303723,400,400,,
0,0,1,20303724,400,400,,
0,0,1,20303725,400,400,,
0,0,1,20303726,400,400,,
0,0,1,20303727,400,400,,
0,0,1,20303728,400,400,,
0,0,1,20303729,400,400,,
0,0,1,20303730,400,400,,
0,0,1,20303731,400,400,,
0,0,1,20303732,400,400,,
0,0,1,20303733,400,400,,
0,0,1,20303734,400,400,,
0,0,1,20303735,400,400,,
0,0,1,20303736,400,400,,
0,0,1,20303737,400,400,,
0,0,1,20303738,400,400,,
0,0,1,20303739,400,400,,
0,0,1,20303740,400,400,,
0,0,1,20303741,400,400,,
0,0,1,20303742,400,400,,
0,0,1,20303743,400,400,,
0,0,1,20303744,400,400,,
0,0,1,20303745,400,400,,
0,0,1,20303746,400,400,,
0,0,1,20303747,400,400,,
0,0,1,20303748,400,400,,
0,0,1,20303749,400,400,,
0,0,1,20303750,400,400,,
0,0,1,20303751,400,400,,
0,0,1,20303752,400,400,,
0,0,1,20303753,400,400,,
0,0,1,20303754,400,400,,
0,0,1,20303755,400,400,,
0,0,1,20303756,400,400,,
0,0,1,20303757,400,400,,
0,0,1,20303758,400,400,,
0,0,1,20303759,400,400,,
0,0,1,20303760,400,400,,
0,0,1,20303761,400,400,,
0,0,1,20303762,400,400,,
0,0,1,20303763,400,400,,
0,0,1,20303764,400,400,,
0,0,1,20303765,400,400,,
0,0,1,20303766,400,400,,
0,0,1,20303767,400,400,,
0,0,1,20303768,400,400,,
0,0,1,20303769,400,400,,
0,0,1,20303770,400,400,,
0,0,1,20303771,400,400,,
0,0,1,20303772,400,400,,
0,0,1,20303773,400,400,,
0,0,1,20303774,400,400,,
0,0,1,20303775,400,400,,
0,0,1,20303776,400,400,,
0,0,1,20303777,400,400,,
0,0,1,20303778,400,400,,
0,0,1,20303779,400,400,,
0,0,1,20303780,400,400,,
0,0,1,20303781,400,400,,
0,0,1,20303782,400,400,,
0,0,1,20303783,400,400,,
0,0,1,20303784,400,400,,
0,0,1,20303785,400,400,,
0,0,1,20303786,400,400,,
0,0,1,20303787,400,400,,
0,0,1,20303788,400,400,,
0,0,1,20303789,400,400,,
0,0,1,20303790,400,400,,
0,0,1,20303791,400,400,,
0,0,1,20303792,400,400,,
0,0,1,20303793,400,400,,
0,0,1,20303794,400,400,,
0,0,1,20303795,400,400,,
0,0,1,20303796,400,400,,
0,0,1,20303797,400,400,,
0,0,1,20303798,400,400,,
0,0,1,20303799,400,400,,
0,0,1,20303800,400,400,,
0,0,1,20303801,400,400,,
0,0,1,20303802,400,400,,
0,0,1,20303803,400,400,,
0,0,1,20303804,400,400,,
0,0,1,20303805,400,400,,
0,0,1,20303806,400,400,,
0,0,1,20303807,400,400,,
0,0,1,20303808,400,400,,
0,0,1,20303809,400,400,,
0,0,1,20303810,400,400,,
0,0,1,20303811,400,400,,
0,0,1,20303812,400,400,,
0,0,1,20303813,400,400,,
0,0,1,20303814,400,400,,
0,0,1,20303815,400,400,,
0,0,1,20303816,400,400,,
0,0,1,20303817,400,400,,
0,0,1,20303818,400,400,,
0,0,1,20303819,400,400,,
0,0,1,20303820,400,400,,
0,0,1,20303821,400,400,,
0,0,1,20303822,400,400,,
0,0,1,20303823,400,400,,
0,0,1,20303824,400,400,,
0,0,1,20303825,400,400,,
0,0,1,20303826,400,400,,
0,0,1,20303827,400,400,,
0,0,1,20303828,400,400,,
0,0,1,20303829,400,400,,
0,0,1,20303830,400,400,,
0,0,1,20303831,400,400,,
0,0,1,20303832,400,400,,
0,0,1,20303833,400,400,,
0,0,1,20303834,400,400,,
0,0,1,20303835,400,400,,
0,0,1,20303836,400,400,,
0,0,1,20303837,400,400,,
0,0,1,20303838,400,400,,
0,0,1,20303839,400,400,,
0,0,1,20303840,400,400,,
0,0,1,20303841,400,400,,
0,0,1,20303842,400,400,,
0,0,1,20303843,400,400,,
0,0,1,20303844,400,400,,
0,0,1,20303845,400,400,,
0,0,1,20303846,400,400,,
0,0,1,20303847,400,400,,
0,0,1,20303848,400,400,,
0,0,1,20303849,400,400,,
0,0,1,20303850,400,400,,
0,0,1,20303851,400,400,,
0,0,1,20303852,400,400,,
0,0,1,20303853,400,400,,
0,0,1,20303854,400,400,,
0,0,1,20303855,400,400,,
0,0,1,20303856,400,400,,
0,0,1,20303857,400,400,,
0,0,1,20303858,400,400,,
0,0,1,20303859,400,400,,
0,0,1,20303860,400,400,,
0,0,1,20303861,400,400,,
0,0,1,20303862,400,400,,
0,0,1,20303863,400,400,,
0,0,1,20303864,400,400,,
0,0,1,20303865,400,400,,
0,0,1,20303866,400,400,,
0,0,1,20303867,400,400,,
0,0,1,20303868,400,400,,
0,0,1,20303869,400,400,,
0,0,1,20303870,400,400,,
0,0,1,20303871,400,400,,
0,0,1,20303872,400,400,,
0,0,1,20303873,400,400,,
0,0,1,20303874,400,400,,
0,0,1,20303875,400,400,,
0,0,1,20303876,400,400,,
0,0,1,20303877,400,400,,
0,0,1,20303878,400,400,,
0,0,1,20303879,400,400,,
0,0,1,20303880,400,400,,
0,0,1,20303881,400,400,,
0,0,1,20303882,400,400,,
0,0,1,20303883,400,400,,
0,0,1,20303884,400,400,,
0,0,1,20303885,400,400,,
0,0,1,20303886,400,400,,
0,0,1,20303887,400,400,,
0,0,1,20303888,400,400,,
0,0,1,20303889,400,400,,
0,0,1,20303890,400,400,,
0,0,1,20303891,400,400,,
0,0,1,20303892,400,400,,
0,0,1,20303893,400,400,,
0,0,1,20303894,400,400,,
0,0,1,20303895,400,400,,
0,0,1,20303896,400,400,,
0,0,1,20303897,400,400,,
0,0,1,20303898,400,400,,
0,0,1,20303899,400,400,,
0,0,1,20303900,400,400,,
0,0,1,20303901,400,400,,
0,0,1,20303902,400,400,,
0,0,1,20303903,400,400,,
0,0,1,20303904,400,400,,
0,0,1,20303905,400,400,,
0,0,1,20303906,400,400,,
0,0,1,20303907,400,400,,
0,0,1,20303908,400,400,,
0,0,1,20303909,400,400,,
0,0,1,20303910,400,400,,
0,0,1,20303911,400,400,,
0,0,1,20303912,400,400,,
0,0,1,20303913,400,400,,
0,0,1,20303914,400,400,,
0,0,1,20303915,400,400,,
0,0,1,20303916,400,400,,
0,0,1,20303917,400,400,,
0,0,1,20303918,400,400,,
0,0,1,20303919,400,400,,
0,0,1,20303920,400,400,,
0,0,1,20303921,400,400,,
0,0,1,20303922,400,400,,
0,0,1,20303923,400,400,,
0,0,1,20303924,400,400,,
0,0,1,20303925,400,400,,
0,0,1,20303926,400,400,,
0,0,1,20303927,400,400,,
0,0,1,20303928,400,400,,
0,0,1,20303929,400,400,,
0,0,1,20303930,400,400,,
0,0,1,20303931,400,400,,
0,0,1,20303932,400,400,,
0,0,1,20303933,400,400,,
0,0,1,20303934,400,400,,
0,0,1,20303935,400,400,,
0,0,1,20303936,400,400,,
0,0,1,20303937,400,400,,
0,0,1,20303938,400,400,,
0,0,1,20303939,400,400,,
0,0,1,20303940,400,400,,
0,0,1,20303941,400,400,,
0,0,1,20303942,400,400,,
0,0,1,20303943,400,400,,
0,0,1,20303944,400,400,,
0,0,1,20303945,400,400,,
0,0,1,20303946,400,400,,
0,0,1,20303947,400,400,,
0,0,1,20303948,400,400,,
0,0,1,20303949,400,400,,
0,0,1,20303950,400,400,,
0,0,1,20303951,400,400,,
0,0,1,20303952,400,400,,
0,0,1,20303953,400,400,,
0,0,1,20303954,400,400,,
0,0,1,20303955,400,400,,
0,0,1,20303956,400,400,,
0,0,1,20303957,400,400,,
0,0,1,20303958,400,400,,
0,0,1,20303959,400,400,,
0,0,1,20303960,400,400,,
0,0,1,20303961,400,400,,
0,0,1,20303962,400,400,,
0,0,1,20303963,400,400,,
0,0,1,20303964,400,400,,
0,0,1,20303965,400,400,,
0,0,1,20303966,400,400,,
0,0,1,20303967,400,400,,
0,0,1,20303968,400,400,,
0,0,1,20303969,400,400,,
0,0,1,20303970,400,400,,
0,0,1,20303971,400,400,,
0,0,1,20303972,400,400,,
0,0,1,20303973,400,400,,
0,0,1,20303974,400,400,,
0,0,1,20303975,400,400,,
0,0,1,20303976,400,400,,
0,0,1,20303977,400,400,,
0,0,1,20303978,400,400,,
0,0,1,20303979,400,400,,
0,0,1,20303980,400,400,,
0,0,1,20303981,400,400,,
0,0,1,20303982,400,400,,
0,0,1,20303983,400,400,,
0,0,1,20303984,400,400,,
0,0,1,20303985,400,400,,
0,0,1,20303986,400,400,,
0,0,1,20303987,400,400,,
0,0,1,20303988,400,400,,
0,0,1,20303989,400,400,,
0,0,1,20303990,400,400,,
0,0,1,20303991,400,400,,
0,0,1,20303992,400,400,,
0,0,1,20303993,400,400,,
0,0,1,20303994,400,400,,
0,0,1,20303995,400,400,,
0,0,1,20303996,400,400,,
0,0,1,20303997,400,400,,
0,0,1,20303998,400,400,,
0,0,1,20303999,400,400,,
0,0,1,20304000,400,400,,
0,0,1,20304001,400,400,,
0,0,1,20304002,400,400,,
0,0,1,20304003,400,400,,
0,0,1,20304004,400,400,,
0,0,1,20304005,400,400,,
0,0,1,20304006,400,400,,
0,0,1,20304007,400,400,,
0,0,1,20304008,400,400,,
0,0,1,20304009,400,400,,
0,0,1,20304010,400,400,,
0,0,1,20304011,400,400,,
0,0,1,20304012,400,400,,
0,0,1,20304013,400,400,,
0,0,1,20304014,400,400,,
0,0,1,20304015,400,400,,
0,0,1,20304016,400,400,,
0,0,1,20304017,400,400,,
0,0,1,20304018,400,400,,
0,0,1,20304019,400,400,,
0,0,1,20304020,400,400,,
0,0,1,20304021,400,400,,
0,0,1,20304022,400,400,,
0,0,1,20304023,400,400,,
0,0,1,20304024,400,400,,
0,0,1,20304025,400,400,,
0,0,1,20304026,400,400,,
0,0,1,20304027,400,400,,
0,0,1,20304028,400,400,,
0,0,1,20304029,400,400,,
0,0,1,20304030,400,400,,
0,0,1,20304031,400,400,,
0,0,1,20304032,400,400,,
0,0,1,20304033,400,400,,
0,0,1,20304034,400,400,,
0,0,1,20304035,400,400,,
0,0,1,20304036,400,400,,
0,0,1,20304037,400,400,,
0,0,1,20304038,400,400,,
0,0,1,20304039,400,400,,
0,0,1,20304040,400,400,,
0,0,1,20304041,400,400,,
0,0,1,20304042,400,400,,
0,0,1,20304043,400,400,,
0,0,1,20304044,400,400,,
0,0,1,20304045,400,400,,
0,0,1,20304046,400,400,,
0,0,1,20304047,400,400,,
0,0,1,20304048,400,400,,
0,0,1,20304049,400,400,,
0,0,1,20304050,400,400,,
0,0,1,20304051,400,400,,
0,0,1,20304052,400,400,,
0,0,1,20304053,400,400,,
0,0,1,20304054,400,400,,
0,0,1,20304055,400,400,,
0,0,1,20304056,400,400,,
0,0,1,20304057,400,400,,
0,0,1,20304058,400,400,,
0,0,1,20304059,400,400,,
0,0,1,20304060,400,400,,
0,0,1,20304061,400,400,,
0,0,1,20304062,400,400,,
0,0,1,20304063,400,400,,
0,0,1,20304064,400,400,,
0,0,1,20304065,400,400,,
0,0,1,20304066,400,400,,
0,0,1,20304067,400,400,,
0,0,1,20304068,400,400,,
0,0,1,20304069,400,400,,
0,0,1,20304070,400,400,,
0,0,1,20304071,400,400,,
0,0,1,20304072,400,400,,
0,0,1,20304073,400,400,,
0,0,1,20304074,400,400,,
0,0,1,20304075,400,400,,
0,0,1,20304076,400,400,,
0,0,1,20304077,400,400,,
0,0,1,20304078,400,400,,
0,0,1,20304079,400,400,,
0,0,1,20304080,400,400,,
0,0,1,20304081,400,400,,
0,0,1,20304082,400,400,,
0,0,1,20304083,400,400,,
0,0,1,20304084,400,400,,
0,0,1,20304085,400,400,,
0,0,1,20304086,400,400,,
0,0,1,20304087,400,400,,
0,0,1,20304088,400,400,,
0,0,1,20304089,400,400,,
0,0,1,20304090,400,400,,
0,0,1,20304091,400,400,,
0,0,1,20304092,400,400,,
0,0,1,20304093,400,400,,
0,0,1,20304094,400,400,,
0,0,1,20304095,400,400,,
0,0,1,20304096,400,400,,
0,0,1,20304097,400,400,,
0,0,1,20304098,400,400,,
0,0,1,20304099,400,400,,
0,0,1,20304100,400,400,,
0,0,1,20304101,400,400,,
0,0,1,20304102,400,400,,
0,0,1,20304103,400,400,,
0,0,1,20304104,400,400,,
0,0,1,20304105,400,400,,
0,0,1,20304106,400,400,,
0,0,1,20304107,400,400,,
0,0,1,20304108,400,400,,
0,0,1,20304109,400,400,,
0,0,1,20304110,400,400,,
0,0,1,20304111,400,400,,
0,0,1,20304112,400,400,,
0,0,1,20304113,400,400,,
0,0,1,20304114,400,400,,
0,0,1,20304115,400,400,,
0,0,1,20304116,400,400,,
0,0,1,20304117,400,400,,
0,0,1,20304118,400,400,,
0,0,1,20304119,400,400,,
0,0,1,20304120,400,400,,
0,0,1,20304121,400,400,,
0,0,1,20304122,400,400,,
0,0,1,20304123,400,400,,
0,0,1,20304124,400,400,,
0,0,1,20304125,400,400,,
0,0,1,20304126,400,400,,
0,0,1,20304127,400,400,,
0,0,1,20304128,400,400,,
0,0,1,20304129,400,400,,
0,0,1,20304130,400,400,,
0,0,1,20304131,400,400,,
0,0,1,20304132,400,400,,
0,0,1,20304133,400,400,,
0,0,1,20304134,400,400,,
0,0,1,20304135,400,400,,
0,0,1,20304136,400,400,,
0,0,1,20304137,400,400,,
0,0,1,20304138,400,400,,
0,0,1,20304139,400,400,,
0,0,1,20304140,400,400,,
0,0,1,20304141,400,400,,
0,0,1,20304142,400,400,,
0,0,1,20304143,400,400,,
0,0,1,20304144,400,400,,
0,0,1,20304145,400,400,,
0,0,1,20304146,400,400,,
0,0,1,20304147,400,400,,
0,0,1,20304148,400,400,,
0,0,1,20304149,400,400,,
0,0,1,20304150,400,400,,
0,0,1,20304151,400,400,,
0,0,1,20304152,400,400,,
0,0,1,20304153,400,400,,
0,0,1,20304154,400,400,,
0,0,1,20304155,400,400,,
0,0,1,20304156,400,400,,
0,0,1,20304157,400,400,,
0,0,1,20304158,400,400,,
0,0,1,20304159,400,400,,
0,0,1,20304160,400,400,,
0,0,1,20304161,400,400,,
0,0,1,20304162,400,400,,
0,0,1,20304163,400,400,,
0,0,1,20304164,400,400,,
0,0,1,20304165,400,400,,
0,0,1,20304166,400,400,,
0,0,1,20304167,400,400,,
0,0,1,20304168,400,400,,
0,0,1,20304169,400,400,,
0,0,1,20304170,400,400,,
0,0,1,20304171,400,400,,
0,0,1,20304172,400,400,,
0,0,1,20304173,400,400,,
0,0,1,20304174,400,400,,
0,0,1,20304175,400,400,,
0,0,1,20304176,400,400,,
0,0,1,20304177,400,400,,
0,0,1,20304178,400,400,,
0,0,1,20304179,400,400,,
0,0,1,20304180,400,400,,
0,0,1,20304181,400,400,,
0,0,1,20304182,400,400,,
0,0,1,20304183,400,400,,
0,0,1,20304184,400,400,,
0,0,1,20304185,400,400,,
0,0,1,20304186,400,400,,
0,0,1,20304187,400,400,,
0,0,1,20304188,400,400,,
0,0,1,20304189,400,400,,
0,0,1,20304190,400,400,,
0,0,1,20304191,400,400,,
0,0,1,20304192,400,400,,
0,0,1,20304193,400,400,,
0,0,1,20304194,400,400,,
0,0,1,20304195,400,400,,
0,0,1,20304196,400,400,,
0,0,1,20304197,400,400,,
0,0,1,20304198,400,400,,
0,0,1,20304199,400,400,,
0,0,1,20304200,400,400,,
0,0,1,20304201,400,400,,
0,0,1,20304202,400,400,,
0,0,1,20304203,400,400,,
0,0,1,20304204,400,400,,
0,0,1,20304205,400,400,,
0,0,1,20304206,400,400,,
0,0,1,20304207,400,400,,
0,0,1,20304208,400,400,,
0,0,1,20304209,400,400,,
0,0,1,20304210,400,400,,
0,0,1,20304211,400,400,,
0,0,1,20304212,400,400,,
0,0,1,20304213,400,400,,
0,0,1,20304214,400,400,,
0,0,1,20304215,400,400,,
0,0,1,20304216,400,400,,
0,0,1,20304217,400,400,,
0,0,1,20304218,400,400,,
0,0,1,20304219,400,400,,
0,0,1,20304220,400,400,,
0,0,1,20304221,400,400,,
0,0,1,20304222,400,400,,
0,0,1,20304223,400,400,,
0,0,1,20304224,400,400,,
0,0,1,20304225,400,400,,
0,0,1,20304226,400,400,,
0,0,1,20304227,400,400,,
0,0,1,20304228,400,400,,
0,0,1,20304229,400,400,,
0,0,1,20304230,400,400,,
0,0,1,20304231,400,400,,
0,0,1,20304232,400,400,,
0,0,1,20304233,400,400,,
0,0,1,20304234,400,400,,
0,0,1,20304235,400,400,,
0,0,1,20304236,400,400,,
0,0,1,20304237,400,400,,
0,0,1,20304238,400,400,,
0,0,1,20304239,400,400,,
0,0,1,20304240,400,400,,
0,0,1,20304241,400,400,,
0,0,1,20304242,400,400,,
0,0,1,20304243,400,400,,
0,0,1,20304244,400,400,,
0,0,1,20304245,400,400,,
0,0,1,20304246,400,400,,
0,0,1,20304247,400,400,,
0,0,1,20304248,400,400,,
0,0,1,20304249,400,400,,
0,0,1,20304250,400,400,,
0,0,1,20304251,400,400,,
0,0,1,20304252,400,400,,
0,0,1,20304253,400,400,,
0,0,1,20304254,400,400,,
0,0,1,20304255,400,400,,
0,0,1,20304256,400,400,,
0,0,1,20304257,400,400,,
0,0,1,20304258,400,400,,
0,0,1,20304259,400,400,,
0,0,1,20304260,400,400,,
0,0,1,20304261,400,400,,
0,0,1,20304262,400,400,,
0,0,1,20304263,400,400,,
0,0,1,20304264,400,400,,
0,0,1,20304265,400,400,,
0,0,1,20304266,400,400,,
0,0,1,20304267,400,400,,
0,0,1,20304268,400,400,,
0,0,1,20304269,400,400,,
0,0,1,20304270,400,400,,
0,0,1,20304271,400,400,,
0,0,1,20304272,400,400,,
0,0,1,20304273,400,400,,
0,0,1,20304274,400,400,,
0,0,1,20304275,400,400,,
0,0,1,20304276,400,400,,
0,0,1,20304277,400,400,,
0,0,1,20304278,400,400,,
0,0,1,20304279,400,400,,
0,0,1,20304280,400,400,,
0,0,1,20304281,400,400,,
0,0,1,20304282,400,400,,
0,0,1,20304283,400,400,,
0,0,1,20304284,400,400,,
0,0,1,20304285,400,400,,
0,0,1,20304286,400,400,,
0,0,1,20304287,400,400,,
0,0,1,20304288,400,400,,
0,0,1,20304289,400,400,,
0,0,1,20304290,400,400,,
0,0,1,20304291,400,400,,
0,0,1,20304292,400,400,,
0,0,1,20304293,400,400,,
0,0,1,20304294,400,400,,
0,0,1,20304295,400,400,,
0,0,1,20304296,400,400,,
0,0,1,20304297,400,400,,
0,0,1,20304298,400,400,,
0,0,1,20304299,400,400,,
0,0,1,20304300,400,400,,
0,0,1,20304301,400,400,,
0,0,1,20304302,400,400,,
0,0,1,20304303,400,400,,
0,0,1,20304304,400,400,,
0,0,1,20304305,400,400,,
0,0,1,20304306,400,400,,
0,0,1,20304307,400,400,,
0,0,1,20304308,400,400,,
0,0,1,20304309,400,400,,
0,0,1,20304310,400,400,,
0,0,1,20304311,400,400,,
0,0,1,20304312,400,400,,
0,0,1,20304313,400,400,,
0,0,1,20304314,400,400,,
0,0,1,20304315,400,400,,
0,0,1,20304316,400,400,,
0,0,1,20304317,400,400,,
0,0,1,20304318,400,400,,
0,0,1,20304319,400,400,,
0,0,1,20304320,400,400,,
0,0,1,20304321,400,400,,
0,0,1,20304322,400,400,,
0,0,1,20304323,400,400,,
0,0,1,20304324,400,400,,
0,0,1,20304325,400,400,,
0,0,1,20304326,400,400,,
0,0,1,20304327,400,400,,
0,0,1,20304328,400,400,,
0,0,1,20304329,400,400,,
0,0,1,20304330,400,400,,
0,0,1,20304331,400,400,,
0,0,1,20304332,400,400,,
0,0,1,20304333,400,400,,
0,0,1,20304334,400,400,,
0,0,1,20304335,400,400,,
0,0,1,20304336,400,400,,
0,0,1,20304337,400,400,,
0,0,1,20304338,400,400,,
0,0,1,20304339,400,400,,
0,0,1,20304340,400,400,,
0,0,1,20304341,400,400,,
0,0,1,20304342,400,400,,
0,0,1,20304343,400,400,,
0,0,1,20304344,400,400,,
0,0,1,20304345,400,400,,
0,0,1,20304346,400,400,,
0,0,1,20304347,400,400,,
0,0,1,20304348,400,400,,
0,0,1,20304349,400,400,,
0,0,1,20304350,400,400,,
0,0,1,20304351,400,400,,
0,0,1,20304352,400,400,,
0,0,1,20304353,400,400,,
0,0,1,20304354,400,400,,
0,0,1,20304355,400,400,,
0,0,1,20304356,400,400,,
0,0,1,20304357,400,400,,
0,0,1,20304358,400,400,,
0,0,1,20304359,400,400,,
0,0,1,20304360,400,400,,
0,0,1,20304361,400,400,,
0,0,1,20304362,400,400,,
0,0,1,20304363,400,400,,
0,0,1,20304364,400,400,,
0,0,1,20304365,400,400,,
0,0,1,20304366,400,400,,
0,0,1,20304367,400,400,,
0,0,1,20304368,400,400,,
0,0,1,20304369,400,400,,
0,0,1,20304370,400,400,,
0,0,1,20304371,400,400,,
0,0,1,20304372,400,400,,
0,0,1,20304373,400,400,,
0,0,1,20304374,400,400,,
0,0,1,20304375,400,400,,
0,0,1,20304376,400,400,,
0,0,1,20304377,400,400,,
0,0,1,20304378,400,400,,
0,0,1,20304379,400,400,,
0,0,1,20304380,400,400,,
0,0,1,20304381,400,400,,
0,0,1,20304382,400,400,,
0,0,1,20304383,400,400,,
0,0,1,20304384,400,400,,
0,0,1,20304385,400,400,,
0,0,1,20304386,400,400,,
0,0,1,20304387,400,400,,
0,0,1,20304388,400,400,,
0,0,1,20304389,400,400,,
0,0,1,20304390,400,400,,
0,0,1,20304391,400,400,,
0,0,1,20304392,400,400,,
0,0,1,20304393,400,400,,
0,0,1,20304394,400,400,,
0,0,1,20304395,400,400,,
0,0,1,20304396,400,400,,
0,0,1,20304397,400,400,,
0,0,1,20304398,400,400,,
0,0,1,20304399,400,400,,
0,0,1,20304400,400,400,,
0,0,1,20304401,400,400,,
0,0,1,20304402,400,400,,
0,0,1,20304403,400,400,,
0,0,1,20304404,400,400,,
0,0,1,20304405,400,400,,
0,0,1,20304406,400,400,,
0,0,1,20304407,400,400,,
0,0,1,20304408,400,400,,
0,0,1,20304409,400,400,,
0,0,1,20304410,400,400,,
0,0,1,20304411,400,400,,
0,0,1,20304412,400,400,,
0,0,1,20304413,400,400,,
0,0,1,20304414,400,400,,
0,0,1,20304415,400,400,,
0,0,1,20304416,400,400,,
0,0,1,20304417,400,400,,
0,0,1,20304418,400,400,,
0,0,1,20304419,400,400,,
0,0,1,20304420,400,400,,
0,0,1,20304421,400,400,,
0,0,1,20304422,400,400,,
0,0,1,20304423,400,400,,
0,0,1,20304424,400,400,,
0,0,1,20304425,400,400,,
0,0,1,20304426,400,400,,
0,0,1,20304427,400,400,,
0,0,1,20304428,400,400,,
0,0,1,20304429,400,400,,
0,0,1,20304430,400,400,,
0,0,1,20304431,400,400,,
0,0,1,20304432,400,400,,
0,0,1,20304433,400,400,,
0,0,1,20304434,400,400,,
0,0,1,20304435,400,400,,
0,0,1,20304436,400,400,,
0,0,1,20304437,400,400,,
0,0,1,20304438,400,400,,
0,0,1,20304439,400,400,,
0,0,1,20304440,400,400,,
0,0,1,20304441,400,400,,
0,0,1,20304442,400,400,,
0,0,1,20304443,400,400,,
0,0,1,20304444,400,400,,
0,0,1,20304445,400,400,,
0,0,1,20304446,400,400,,
0,0,1,20304447,400,400,,
0,0,1,20304448,400,400,,
0,0,1,20304449,400,400,,
0,0,1,20304450,400,400,,
0,0,1,20304451,400,400,,
0,0,1,20304452,400,400,,
0,0,1,20304453,400,400,,
0,0,1,20304454,400,400,,
0,0,1,20304455,400,400,,
0,0,1,20304456,400,400,,
0,0,1,20304457,400,400,,
0,0,1,20304458,400,400,,
0,0,1,20304459,400,400,,
0,0,1,20304460,400,400,,
0,0,1,20304461,400,400,,
0,0,1,20304462,400,400,,
0,0,1,20304463,400,400,,
0,0,1,20304464,400,400,,
0,0,1,20304465,400,400,,
0,0,1,20304466,400,400,,
0,0,1,20304467,400,400,,
0,0,1,20304468,400,400,,
0,0,1,20304469,400,400,,
0,0,1,20304470,400,400,,
0,0,1,20304471,400,400,,
0,0,1,20304472,400,400,,
0,0,1,20304473,400,400,,
0,0,1,20304474,400,400,,
0,0,1,20304475,400,400,,
0,0,1,20304476,400,400,,
0,0,1,20304477,400,400,,
0,0,1,20304478,400,400,,
0,0,1,20304479,400,400,,
0,0,1,20304480,400,400,,
0,0,1,20304481,400,400,,
0,0,1,20304482,400,400,,
0,0,1,20304483,400,400,,
0,0,1,20304484,400,400,,
0,0,1,20304485,400,400,,
0,0,1,20304486,400,400,,
0,0,1,20304487,400,400,,
0,0,1,20304488,400,400,,
0,0,1,20304489,400,400,,
0,0,1,20304490,400,400,,
0,0,1,20304491,400,400,,
0,0,1,20304492,400,400,,
0,0,1,20304493,400,400,,
0,0,1,20304494,400,400,,
0,0,1,20304495,400,400,,
0,0,1,20304496,400,400,,
0,0,1,20304497,400,400,,
0,0,1,20304498,400,400,,
0,0,1,20304499,400,400,,
0,0,1,20304500,400,400,,
0,0,1,20304501,400,400,,
0,0,1,20304502,400,400,,
0,0,1,20304503,400,400,,
0,0,1,20304504,400,400,,
0,0,1,20304505,400,400,,
0,0,1,20304506,400,400,,
0,0,1,20304507,400,400,,
0,0,1,20304508,400,400,,
0,0,1,20304509,400,400,,
0,0,1,20304510,400,400,,
0,0,1,20304511,400,400,,
0,0,1,20304512,400,400,,
0,0,1,20304513,400,400,,
0,0,1,20304514,400,400,,
0,0,1,20304515,400,400,,
0,0,1,20304516,400,400,,
0,0,1,20304517,400,400,,
0,0,1,20304518,400,400,,
0,0,1,20304519,400,400,,
0,0,1,20304520,400,400,,
0,0,1,20304521,400,400,,
0,0,1,20304522,400,400,,
0,0,1,20304523,400,400,,
0,0,1,20304524,400,400,,
0,0,1,20304525,400,400,,
0,0,1,20304526,400,400,,
0,0,1,20304527,400,400,,
0,0,1,20304528,400,400,,
0,0,1,20304529,400,400,,
0,0,1,20304530,400,400,,
0,0,1,20304531,400,400,,
0,0,1,20304532,400,400,,
0,0,1,20304533,400,400,,
0,0,1,20304534,400,400,,
0,0,1,20304535,400,400,,
0,0,1,20304536,400,400,,
0,0,1,20304537,400,400,,
0,0,1,20304538,400,400,,
0,0,1,20304539,400,400,,
0,0,1,20304540,400,400,,
0,0,1,20304541,400,400,,
0,0,1,20304542,400,400,,
0,0,1,20304543,400,400,,
0,0,1,20304544,400,400,,
0,0,1,20304545,400,400,,
0,0,1,20304546,400,400,,
0,0,1,20304547,400,400,,
0,0,1,20304548,400,400,,
0,0,1,20304549,400,400,,
0,0,1,20304550,400,400,,
0,0,1,20304551,400,400,,
0,0,1,20304552,400,400,,
0,0,1,20304553,400,400,,
0,0,1,20304554,400,400,,
0,0,1,20304555,400,400,,
0,0,1,20304556,400,400,,
0,0,1,20304557,400,400,,
0,0,1,20304558,400,400,,
0,0,1,20304559,400,400,,
0,0,1,20304560,400,400,,
0,0,1,20304561,400,400,,
0,0,1,20304562,400,400,,
0,0,1,20304563,400,400,,
0,0,1,20304564,400,400,,
0,0,1,20304565,400,400,,
0,0,1,20304566,400,400,,
0,0,1,20304567,400,400,,
0,0,1,20304568,400,400,,
0,0,1,20304569,400,400,,
0,0,1,20304570,400,400,,
0,0,1,20304571,400,400,,
0,0,1,20304572,400,400,,
0,0,1,20304573,400,400,,
0,0,1,20304574,400,400,,
0,0,1,20304575,400,400,,
0,0,1,20304576,400,400,,
0,0,1,20304577,400,400,,
0,0,1,20304578,400,400,,
0,0,1,20304579,400,400,,
0,0,1,20304580,400,400,,
0,0,1,20304581,400,400,,
0,0,1,20304582,400,400,,
0,0,1,20304583,400,400,,
0,0,1,20304584,400,400,,
0,0,1,20304585,400,400,,
0,0,1,20304586,400,400,,
0,0,1,20304587,400,400,,
0,0,1,20304588,400,400,,
0,0,1,20304589,400,400,,
0,0,1,20304590,400,400,,
0,0,1,20304591,400,400,,
0,0,1,20304592,400,400,,
0,0,1,20304593,400,400,,
0,0,1,20304594,400,400,,
0,0,1,20304595,400,400,,
0,0,1,20304596,400,400,,
0,0,1,20304597,400,400,,
0,0,1,20304598,400,400,,
0,0,1,20304599,400,400,,
0,0,1,20304600,400,400,,
0,0,1,20304601,400,400,,
0,0,1,20304602,400,400,,
0,0,1,20304603,400,400,,
0,0,1,20304604,400,400,,
0,0,1,20304605,400,400,,
0,0,1,20304606,400,400,,
0,0,1,20304607,400,400,,
0,0,1,20304608,400,400,,
0,0,1,20304609,400,400,,
0,0,1,20304610,400,400,,
0,0,1,20304611,400,400,,
0,0,1,20304612,400,400,,
0,0,1,20304613,400,400,,
0,0,1,20304614,400,400,,
0,0,1,20304615,400,400,,
0,0,1,20304616,400,400,,
0,0,1,20304617,400,400,,
0,0,1,20304618,400,400,,
0,0,1,20304619,400,400,,
0,0,1,20304620,400,400,,
0,0,1,20304621,400,400,,
0,0,1,20304622,400,400,,
0,0,1,20304623,400,400,,
0,0,1,20304624,400,400,,
0,0,1,20304625,400,400,,
0,0,1,20304626,400,400,,
0,0,1,20304627,400,400,,
0,0,1,20304628,400,400,,
0,0,1,20304629,400,400,,
0,0,1,20304630,400,400,,
0,0,1,20304631,400,400,,
0,0,1,20304632,400,400,,
0,0,1,20304633,400,400,,
0,0,1,20304634,400,400,,
0,0,1,20304635,400,400,,
0,0,1,20304636,400,400,,
0,0,1,20304637,400,400,,
0,0,1,20304638,400,400,,
0,0,1,20304639,400,400,,
0,0,1,20304640,400,400,,
0,0,1,20304641,400,400,,
0,0,1,20304642,400,400,,
0,0,1,20304643,400,400,,
0,0,1,20304644,400,400,,
0,0,1,20304645,400,400,,
0,0,1,20304646,400,400,,
0,0,1,20304647,400,400,,
0,0,1,20304648,400,400,,
0,0,1,20304649,400,400,,
0,0,1,20304650,400,400,,
0,0,1,20304651,400,400,,
0,0,1,20304652,400,400,,
0,0,1,20304653,400,400,,
0,0,1,20304654,400,400,,
0,0,1,20304655,400,400,,
0,0,1,20304656,400,400,,
0,0,1,20304657,400,400,,
0,0,1,20304658,400,400,,
0,0,1,20304659,400,400,,
0,0,1,20304660,400,400,,
0,0,1,20304661,400,400,,
0,0,1,20304662,400,400,,
0,0,1,20304663,400,400,,
0,0,1,20304664,400,400,,
0,0,1,20304665,400,400,,
0,0,1,20304666,400,400,,
0,0,1,20304667,400,400,,
0,0,1,20304668,400,400,,
0,0,1,20304669,400,400,,
0,0,1,20304670,400,400,,
0,0,1,20304671,400,400,,
0,0,1,20304672,400,400,,
0,0,1,20304673,400,400,,
0,0,1,20304674,400,400,,
0,0,1,20304675,400,400,,
0,0,1,20304676,400,400,,
0,0,1,20304677,400,400,,
0,0,1,20304678,400,400,,
0,0,1,20304679,400,400,,
0,0,1,20304680,400,400,,
0,0,1,20304681,400,400,,
0,0,1,20304682,400,400,,
0,0,1,20304683,400,400,,
0,0,1,20304684,400,400,,
0,0,1,20304685,400,400,,
0,0,1,20304686,400,400,,
0,0,1,20304687,400,400,,
0,0,1,20304688,400,400,,
0,0,1,20304689,400,400,,
0,0,1,20304690,400,400,,
0,0,1,20304691,400,400,,
0,0,1,20304692,400,400,,
0,0,1,20304693,400,400,,
0,0,1,20304694,400,400,,
0,0,1,20304695,400,400,,
0,0,1,20304696,400,400,,
0,0,1,20304697,400,400,,
0,0,1,20304698,400,400,,
0,0,1,20304699,400,400,,
0,0,1,20304700,400,400,,
0,0,1,20304701,400,400,,
0,0,1,20304702,400,400,,
0,0,1,20304703,400,400,,
0,0,1,20304704,400,400,,
0,0,1,20304705,400,400,,
0,0,1,20304706,400,400,,
0,0,1,20304707,400,400,,
0,0,1,20304708,400,400,,
0,0,1,20304709,400,400,,
0,0,1,20304710,400,400,,
0,0,1,20304711,400,400,,
0,0,1,20304712,400,400,,
0,0,1,20304713,400,400,,
0,0,1,20304714,400,400,,
0,0,1,20304715,400,400,,
0,0,1,20304716,400,400,,
0,0,1,20304717,400,400,,
0,0,1,20304718,400,400,,
0,0,1,20304719,400,400,,
0,0,1,20304720,400,400,,
0,0,1,20304721,400,400,,
0,0,1,20304722,400,400,,
0,0,1,20304723,400,400,,
0,0,1,20304724,400,400,,
0,0,1,20304725,400,400,,
0,0,1,20304726,400,400,,
0,0,1,20304727,400,400,,
0,0,1,20304728,400,400,,
0,0,1,20304729,400,400,,
0,0,1,20304730,400,400,,
0,0,1,20304731,400,400,,
0,0,1,20304732,400,400,,
0,0,1,20304733,400,400,,
0,0,1,20304734,400,400,,
0,0,1,20304735,400,400,,
0,0,1,20304736,400,400,,
0,0,1,20304737,400,400,,
0,0,1,20304738,400,400,,
0,0,1,20304739,400,400,,
0,0,1,20304740,400,400,,
0,0,1,20304741,400,400,,
0,0,1,20304742,400,400,,
0,0,1,20304743,400,400,,
0,0,1,20304744,400,400,,
0,0,1,20304745,400,400,,
0,0,1,20304746,400,400,,
0,0,1,20304747,400,400,,
0,0,1,20304748,400,400,,
0,0,1,20304749,400,400,,
0,0,1,20304750,400,400,,
0,0,1,20304751,400,400,,
0,0,1,20304752,400,400,,
0,0,1,20304753,400,400,,
0,0,1,20304754,400,400,,
0,0,1,20304755,400,400,,
0,0,1,20304756,400,400,,
0,0,1,20304757,400,400,,
0,0,1,20304758,400,400,,
0,0,1,20304759,400,400,,
0,0,1,20304760,400,400,,
0,0,1,20304761,400,400,,
0,0,1,20304762,400,400,,
0,0,1,20304763,400,400,,
0,0,1,20304764,400,400,,
0,0,1,20304765,400,400,,
0,0,1,20304766,400,400,,
0,0,1,20304767,400,400,,
0,0,1,20304768,400,400,,
0,0,1,20304769,400,400,,
0,0,1,20304770,400,400,,
0,0,1,20304771,400,400,,
0,0,1,20304772,400,400,,
0,0,1,20304773,400,400,,
0,0,1,20304774,400,400,,
0,0,1,20304775,400,400,,
0,0,1,20304776,400,400,,
0,0,1,20304777,400,400,,
0,0,1,20304778,400,400,,
0,0,1,20304779,400,400,,
0,0,1,20304780,400,400,,
0,0,1,20304781,400,400,,
0,0,1,20304782,400,400,,
0,0,1,20304783,400,400,,
0,0,1,20304784,400,400,,
0,0,1,20304785,400,400,,
0,0,1,20304786,400,400,,
0,0,1,20304787,400,400,,
0,0,1,20304788,400,400,,
0,0,1,20304789,400,400,,
0,0,1,20304790,400,400,,
0,0,1,20304791,400,400,,
0,0,1,20304792,400,400,,
0,0,1,20304793,400,400,,
0,0,1,20304794,400,400,,
0,0,1,20304795,400,400,,
0,0,1,20304796,400,400,,
0,0,1,20304797,400,400,,
0,0,1,20304798,400,400,,
0,0,1,20304799,400,400,,
0,0,1,20304800,400,400,,
0,0,1,20304801,400,400,,
0,0,1,20304802,400,400,,
0,0,1,20304803,400,400,,
0,0,1,20304804,400,400,,
0,0,1,20304805,400,400,,
0,0,1,20304806,400,400,,
0,0,1,20304807,400,400,,
0,0,1,20304808,400,400,,
0,0,1,20304809,400,400,,
0,0,1,20304810,400,400,,
0,0,1,20304811,400,400,,
0,0,1,20304812,400,400,,
0,0,1,20304813,400,400,,
0,0,1,20304814,400,400,,
0,0,1,20304815,400,400,,
0,0,1,20304816,400,400,,
0,0,1,20304817,400,400,,
0,0,1,20304818,400,400,,
0,0,1,20304819,400,400,,
0,0,1,20304820,400,400,,
0,0,1,20304821,400,400,,
0,0,1,20304822,400,400,,
0,0,1,20304823,400,400,,
0,0,1,20304824,400,400,,
0,0,1,20304825,400,400,,
0,0,1,20304826,400,400,,
0,0,1,20304827,400,400,,
0,0,1,20304828,400,400,,
0,0,1,20304829,400,400,,
0,0,1,20304830,400,400,,
0,0,1,20304831,400,400,,
0,0,1,20304832,400,400,,
0,0,1,20304833,400,400,,
0,0,1,20304834,400,400,,
0,0,1,20304835,400,400,,
0,0,1,20304836,400,400,,
0,0,1,20304837,400,400,,
0,0,1,20304838,400,400,,
0,0,1,20304839,400,400,,
0,0,1,20304840,400,400,,
0,0,1,20304841,400,400,,
0,0,1,20304842,400,400,,
0,0,1,20304843,400,400,,
0,0,1,20304844,400,400,,
0,0,1,20304845,400,400,,
0,0,1,20304846,400,400,,
0,0,1,20304847,400,400,,
0,0,1,20304848,400,400,,
0,0,1,20304849,400,400,,
0,0,1,20304850,400,400,,
0,0,1,20304851,400,400,,
0,0,1,20304852,400,400,,
0,0,1,20304853,400,400,,
0,0,1,20304854,400,400,,
0,0,1,20304855,400,400,,
0,0,1,20304856,400,400,,
0,0,1,20304857,400,400,,
0,0,1,20304858,400,400,,
0,0,1,20304859,400,400,,
0,0,1,20304860,400,400,,
0,0,1,20304861,400,400,,
0,0,1,20304862,400,400,,
0,0,1,20304863,400,400,,
0,0,1,20304864,400,400,,
0,0,1,20304865,400,400,,
0,0,1,20304866,400,400,,
0,0,1,20304867,400,400,,
0,0,1,20304868,400,400,,
0,0,1,20304869,400,400,,
0,0,1,20304870,400,400,,
0,0,1,20304871,400,400,,
0,0,1,20304872,400,400,,
0,0,1,20304873,400,400,,
0,0,1,20304874,400,400,,
0,0,1,20304875,400,400,,
0,0,1,20304876,400,400,,
0,0,1,20304877,400,400,,
0,0,1,20304878,400,400,,
0,0,1,20304879,400,400,,
0,0,1,20304880,400,400,,
0,0,1,20304881,400,400,,
0,0,1,20304882,400,400,,
0,0,1,20304883,400,400,,
0,0,1,20304884,400,400,,
0,0,1,20304885,400,400,,
0,0,1,20304886,400,400,,
0,0,1,20304887,400,400,,
0,0,1,20304888,400,400,,
0,0,1,20304889,400,400,,
0,0,1,20304890,400,400,,
0,0,1,20304891,400,400,,
0,0,1,20304892,400,400,,
0,0,1,20304893,400,400,,
0,0,1,20304894,400,400,,
0,0,1,20304895,400,400,,
0,0,1,20304896,400,400,,
0,0,1,20304897,400,400,,
0,0,1,20304898,400,400,,
0,0,1,20304899,400,400,,
0,0,1,20304900,400,400,,
0,0,1,20304901,400,400,,
0,0,1,20304902,400,400,,
0,0,1,20304903,400,400,,
0,0,1,20304904,400,400,,
0,0,1,20304905,400,400,,
0,0,1,20304906,400,400,,
0,0,1,20304907,400,400,,
0,0,1,20304908,400,400,,
0,0,1,20304909,400,400,,
0,0,1,20304910,400,400,,
0,0,1,20304911,400,400,,
0,0,1,20304912,400,400,,
0,0,1,20304913,400,400,,
0,0,1,20304914,400,400,,
0,0,1,20304915,400,400,,
0,0,1,20304916,400,400,,
0,0,1,20304917,400,400,,
0,0,1,20304918,400,400,,
0,0,1,20304919,400,400,,
0,0,1,20304920,400,400,,
0,0,1,20304921,400,400,,
0,0,1,20304922,400,400,,
0,0,1,20304923,400,400,,
0,0,1,20304924,400,400,,
0,0,1,20304925,400,400,,
0,0,1,20304926,400,400,,
0,0,1,20304927,400,400,,
0,0,1,20304928,400,400,,
0,0,1,20304929,400,400,,
0,0,1,20304930,400,400,,
0,0,1,20304931,400,400,,
0,0,1,20304932,400,400,,
0,0,1,20304933,400,400,,
0,0,1,20304934,400,400,,
0,0,1,20304935,400,400,,
0,0,1,20304936,400,400,,
0,0,1,20304937,400,400,,
0,0,1,20304938,400,400,,
0,0,1,20304939,400,400,,
0,0,1,20304940,400,400,,
0,0,1,20304941,400,400,,
0,0,1,20304942,400,400,,
0,0,1,20304943,400,400,,
0,0,1,20304944,400,400,,
0,0,1,20304945,400,400,,
0,0,1,20304946,400,400,,
0,0,1,20304947,400,400,,
0,0,1,20304948,400,400,,
0,0,1,20304949,400,400,,
0,0,1,20304950,400,400,,
0,0,1,20304951,400,400,,
0,0,1,20304952,400,400,,
0,0,1,20304953,400,400,,
0,0,1,20304954,400,400,,
0,0,1,20304955,400,400,,
0,0,1,20304956,400,400,,
0,0,1,20304957,400,400,,
0,0,1,20304958,400,400,,
0,0,1,20304959,400,400,,
0,0,1,20304960,400,400,,
0,0,1,20304961,400,400,,
0,0,1,20304962,400,400,,
0,0,1,20304963,400,400,,
0,0,1,20304964,400,400,,
0,0,1,20304965,400,400,,
0,0,1,20304966,400,400,,
0,0,1,20304967,400,400,,
0,0,1,20304968,400,400,,
0,0,1,20304969,400,400,,
0,0,1,20304970,400,400,,
0,0,1,20304971,400,400,,
0,0,1,20304972,400,400,,
0,0,1,20304973,400,400,,
0,0,1,20304974,400,400,,
0,0,1,20304975,400,400,,
0,0,1,20304976,400,400,,
0,0,1,20304977,400,400,,
0,0,1,20304978,400,400,,
0,0,1,20304979,400,400,,
0,0,1,20304980,400,400,,
0,0,1,20304981,400,400,,
0,0,1,20304982,400,400,,
0,0,1,20304983,400,400,,
0,0,1,20304984,400,400,,
0,0,1,20304985,400,400,,
0,0,1,20304986,400,400,,
0,0,1,20304987,400,400,,
0,0,1,20304988,400,400,,
0,0,1,20304989,400,400,,
0,0,1,20304990,400,400,,
0,0,1,20304991,400,400,,
0,0,1,20304992,400,400,,
0,0,1,20304993,400,400,,
0,0,1,20304994,400,400,,
0,0,1,20304995,400,400,,
0,0,1,20304996,400,400,,
0,0,1,20304997,400,400,,
0,0,1,20304998,400,400,,
0,0,1,20304999,400,400,,
0,0,1,20305000,400,400,,
0,0,1,20305001,400,400,,
0,0,1,20305002,400,400,,
0,0,1,20305003,400,400,,
0,0,1,20305004,400,400,,
0,0,1,20305005,400,400,,
0,0,1,20305006,400,400,,
0,0,1,20305007,400,400,,
0,0,1,20305008,400,400,,
0,0,1,20305009,400,400,,
0,0,1,20305010,400,400,,
0,0,1,20305011,400,400,,
0,0,1,20305012,400,400,,
0,0,1,20305013,400,400,,
0,0,1,20305014,400,400,,
0,0,1,20305015,400,400,,
0,0,1,20305016,400,400,,
0,0,1,20305017,400,400,,
0,0,1,20305018,400,400,,
0,0,1,20305019,400,400,,
0,0,1,20305020,400,400,,
0,0,1,20305021,400,400,,
0,0,1,20305022,400,400,,
0,0,1,20305023,400,400,,
0,0,1,20305024,400,400,,
0,0,1,20305025,400,400,,
0,0,1,20305026,400,400,,
0,0,1,20305027,400,400,,
0,0,1,20305028,400,400,,
0,0,1,20305029,400,400,,
0,0,1,20305030,400,400,,
0,0,1,20305031,400,400,,
0,0,1,20305032,400,400,,
0,0,1,20305033,400,400,,
0,0,1,20305034,400,400,,
0,0,1,20305035,400,400,,
0,0,1,20305036,400,400,,
0,0,1,20305037,400,400,,
0,0,1,20305038,400,400,,
0,0,1,20305039,400,400,,
0,0,1,20305040,400,400,,
0,0,1,20305041,400,400,,
0,0,1,20305042,400,400,,
0,0,1,20305043,400,400,,
0,0,1,20305044,400,400,,
0,0,1,20305045,400,400,,
0,0,1,20305046,400,400,,
0,0,1,20305047,400,400,,
0,0,1,20305048,400,400,,
0,0,1,20305049,400,400,,
0,0,1,20305050,400,400,,
0,0,1,20305051,400,400,,
0,0,1,20305052,400,400,,
0,0,1,20305053,400,400,,
0,0,1,20305054,400,400,,
0,0,1,20305055,400,400,,
0,0,1,20305056,400,400,,
0,0,1,20305057,400,400,,
0,0,1,20305058,400,400,,
0,0,1,20305059,400,400,,
0,0,1,20305060,400,400,,
0,0,1,20305061,400,400,,
0,0,1,20305062,400,400,,
0,0,1,20305063,400,400,,
0,0,1,20305064,400,400,,
0,0,1,20305065,400,400,,
0,0,1,20305066,400,400,,
0,0,1,20305067,400,400,,
0,0,1,20305068,400,400,,
0,0,1,20305069,400,400,,
0,0,1,20305070,400,400,,
0,0,1,20305071,400,400,,
0,0,1,20305072,400,400,,
0,0,1,20305073,400,400,,
0,0,1,20305074,400,400,,
0,0,1,20305075,400,400,,
0,0,1,20305076,400,400,,
0,0,1,20305077,400,400,,
0,0,1,20305078,400,400,,
0,0,1,20305079,400,400,,
0,0,1,20305080,400,400,,
0,0,1,20305081,400,400,,
0,0,1,20305082,400,400,,
0,0,1,20305083,400,400,,
0,0,1,20305084,400,400,,
0,0,1,20305085,400,400,,
0,0,1,20305086,400,400,,
0,0,1,20305087,400,400,,
0,0,1,20305088,400,400,,
0,0,1,20305089,400,400,,
0,0,1,20305090,400,400,,
0,0,1,20305091,400,400,,
0,0,1,20305092,400,400,,
0,0,1,20305093,400,400,,
0,0,1,20305094,400,400,,
0,0,1,20305095,400,400,,
0,0,1,20305096,400,400,,
0,0,1,20305097,400,400,,
0,0,1,20305098,400,400,,
0,0,1,20305099,400,400,,
0,0,1,20305100,400,400,,
0,0,1,20305101,400,400,,
0,0,1,20305102,400,400,,
0,0,1,20305103,400,400,,
0,0,1,20305104,400,400,,
0,0,1,20305105,400,400,,
0,0,1,20305106,400,400,,
0,0,1,20305107,400,400,,
0,0,1,20305108,400,400,,
0,0,1,20305109,400,400,,
0,0,1,20305110,400,400,,
0,0,1,20305111,400,400,,
0,0,1,20305112,400,400,,
0,0,1,20305113,400,400,,
0,0,1,20305114,400,400,,
0,0,1,20305115,400,400,,
0,0,1,20305116,400,400,,
0,0,1,20305117,400,400,,
0,0,1,20305118,400,400,,
0,0,1,20305119,400,400,,
0,0,1,20305120,400,400,,
0,0,1,20305121,400,400,,
0,0,1,20305122,400,400,,
0,0,1,20305123,400,400,,
0,0,1,20305124,400,400,,
0,0,1,20305125,400,400,,
0,0,1,20305126,400,400,,
0,0,1,20305127,400,400,,
0,0,1,20305128,400,400,,
0,0,1,20305129,400,400,,
0,0,1,20305130,400,400,,
0,0,1,20305131,400,400,,
0,0,1,20305132,400,400,,
0,0,1,20305133,400,400,,
0,0,1,20305134,400,400,,
0,0,1,20305135,400,400,,
0,0,1,20305136,400,400,,
0,0,1,20305137,400,400,,
0,0,1,20305138,400,400,,
0,0,1,20305139,400,400,,
0,0,1,20305140,400,400,,
0,0,1,20305141,400,400,,
0,0,1,20305142,400,400,,
0,0,1,20305143,400,400,,
0,0,1,20305144,400,400,,
0,0,1,20305145,400,400,,
0,0,1,20305146,400,400,,
0,0,1,20305147,400,400,,
0,0,1,20305148,400,400,,
0,0,1,20305149,400,400,,
0,0,1,20305150,400,400,,
0,0,1,20305151,400,400,,
0,0,1,20305152,400,400,,
0,0,1,20305153,400,400,,
0,0,1,20305154,400,400,,
0,0,1,20305155,400,400,,
0,0,1,20305156,400,400,,
0,0,1,20305157,400,400,,
0,0,1,20305158,400,400,,
0,0,1,20305159,400,400,,
0,0,1,20305160,400,400,,
0,0,1,20305161,400,400,,
0,0,1,20305162,400,400,,
0,0,1,20305163,400,400,,
0,0,1,20305164,400,400,,
0,0,1,20305165,400,400,,
0,0,1,20305166,400,400,,
0,0,1,20305167,400,400,,
0,0,1,20305168,400,400,,
0,0,1,20305169,400,400,,
0,0,1,20305170,400,400,,
0,0,1,20305171,400,400,,
0,0,1,20305172,400,400,,
0,0,1,20305173,400,400,,
0,0,1,20305174,400,400,,
0,0,1,20305175,400,400,,
0,0,1,20305176,400,400,,
0,0,1,20305177,400,400,,
0,0,1,20305178,400,400,,
0,0,1,20305179,400,400,,
0,0,1,20305180,400,400,,
0,0,1,20305181,400,400,,
0,0,1,20305182,400,400,,
0,0,1,20305183,400,400,,
0,0,1,20305184,400,400,,
0,0,1,20305185,400,400,,
0,0,1,20305186,400,400,,
0,0,1,20305187,400,400,,
0,0,1,20305188,400,400,,
0,0,1,20305189,400,400,,
0,0,1,20305190,400,400,,
0,0,1,20305191,400,400,,
0,0,1,20305192,400,400,,
0,0,1,20305193,400,400,,
0,0,1,20305194,400,400,,
0,0,1,20305195,400,400,,
0,0,1,20305196,400,400,,
0,0,1,20305197,400,400,,
0,0,1,20305198,400,400,,
0,0,1,20305199,400,400,,
0,0,1,20305200,400,400,,
0,0,1,20305201,400,400,,
0,0,1,20305202,400,400,,
0,0,1,20305203,400,400,,
0,0,1,20305204,400,400,,
0,0,1,20305205,400,400,,
0,0,1,20305206,400,400,,
0,0,1,20305207,400,400,,
0,0,1,20305208,400,400,,
0,0,1,20305209,400,400,,
0,0,1,20305210,400,400,,
0,0,1,20305211,400,400,,
0,0,1,20305212,400,400,,
0,0,1,20305213,400,400,,
0,0,1,20305214,400,400,,
0,0,1,20305215,400,400,,
0,0,1,20305216,400,400,,
0,0,1,20305217,400,400,,
0,0,1,20305218,400,400,,
0,0,1,20305219,400,400,,
0,0,1,20305220,400,400,,
0,0,1,20305221,400,400,,
0,0,1,20305222,400,400,,
0,0,1,20305223,400,400,,
0,0,1,20305224,400,400,,
0,0,1,20305225,400,400,,
0,0,1,20305226,400,400,,
0,0,1,20305227,400,400,,
0,0,1,20305228,400,400,,
0,0,1,20305229,400,400,,
0,0,1,20305230,400,400,,
0,0,1,20305231,400,400,,
0,0,1,20305232,400,400,,
0,0,1,20305233,400,400,,
0,0,1,20305234,400,400,,
0,0,1,20305235,400,400,,
0,0,1,20305236,400,400,,
0,0,1,20305237,400,400,,
0,0,1,20305238,400,400,,
0,0,1,20305239,400,400,,
0,0,1,20305240,400,400,,
0,0,1,20305241,400,400,,
0,0,1,20305242,400,400,,
0,0,1,20305243,400,400,,
0,0,1,20305244,400,400,,
0,0,1,20305245,400,400,,
0,0,1,20305246,400,400,,
0,0,1,20305247,400,400,,
0,0,1,20305248,400,400,,
0,0,1,20305249,400,400,,
0,0,1,20305250,400,400,,
0,0,1,20305251,400,400,,
0,0,1,20305252,400,400,,
0,0,1,20305253,400,400,,
0,0,1,20305254,400,400,,
0,0,1,20305255,400,400,,
0,0,1,20305256,400,400,,
0,0,1,20305257,400,400,,
0,0,1,20305258,400,400,,
0,0,1,20305259,400,400,,
0,0,1,20305260,400,400,,
0,0,1,20305261,400,400,,
0,0,1,20305262,400,400,,
0,0,1,20305263,400,400,,
0,0,1,20305264,400,400,,
0,0,1,20305265,400,400,,
0,0,1,20305266,400,400,,
0,0,1,20305267,400,400,,
0,0,1,20305268,400,400,,
0,0,1,20305269,400,400,,
0,0,1,20305270,400,400,,
0,0,1,20305271,400,400,,
0,0,1,20305272,400,400,,
0,0,1,20305273,400,400,,
0,0,1,20305274,400,400,,
0,0,1,20305275,400,400,,
0,0,1,20305276,400,400,,
0,0,1,20305277,400,400,,
0,0,1,20305278,400,400,,
0,0,1,20305279,400,400,,
0,0,1,20305280,400,400,,
0,0,1,20305281,400,400,,
0,0,1,20305282,400,400,,
0,0,1,20305283,400,400,,
0,0,1,20305284,400,400,,
0,0,1,20305285,400,400,,
0,0,1,20305286,400,400,,
0,0,1,20305287,400,400,,
0,0,1,20305288,400,400,,
0,0,1,20305289,400,400,,
0,0,1,20305290,400,400,,
0,0,1,20305291,400,400,,
0,0,1,20305292,400,400,,
0,0,1,20305293,400,400,,
0,0,1,20305294,400,400,,
0,0,1,20305295,400,400,,
0,0,1,20305296,400,400,,
0,0,1,20305297,400,400,,
0,0,1,20305298,400,400,,
0,0,1,20305299,400,400,,
0,0,1,20305300,400,400,,
0,0,1,20305301,400,400,,
0,0,1,20305302,400,400,,
0,0,1,20305303,400,400,,
0,0,1,20305304,400,400,,
0,0,1,20305305,400,400,,
0,0,1,20305306,400,400,,
0,0,1,20305307,400,400,,
0,0,1,20305308,400,400,,
0,0,1,20305309,400,400,,
0,0,1,20305310,400,400,,
0,0,1,20305311,400,400,,
0,0,1,20305312,400,400,,
0,0,1,20305313,400,400,,
0,0,1,20305314,400,400,,
0,0,1,20305315,400,400,,
0,0,1,20305316,400,400,,
0,0,1,20305317,400,400,,
0,0,1,20305318,400,400,,
0,0,1,20305319,400,400,,
0,0,1,20305320,400,400,,
0,0,1,20305321,400,400,,
0,0,1,20305322,400,400,,
0,0,1,20305323,400,400,,
0,0,1,20305324,400,400,,
0,0,1,20305325,400,400,,
0,0,1,20305326,400,400,,
0,0,1,20305327,400,400,,
0,0,1,20305328,400,400,,
0,0,1,20305329,400,400,,
0,0,1,20305330,400,400,,
0,0,1,20305331,400,400,,
0,0,1,20305332,400,400,,
0,0,1,20305333,400,400,,
0,0,1,20305334,400,400,,
0,0,1,20305335,400,400,,
0,0,1,20305336,400,400,,
0,0,1,20305337,400,400,,
0,0,1,20305338,400,400,,
0,0,1,20305339,400,400,,
0,0,1,20305340,400,400,,
0,0,1,20305341,400,400,,
0,0,1,20305342,400,400,,
0,0,1,20305343,400,400,,
0,0,1,20305344,400,400,,
0,0,1,20305345,400,400,,
0,0,1,20305346,400,400,,
0,0,1,20305347,400,400,,
0,0,1,20305348,400,400,,
0,0,1,20305349,400,400,,
0,0,1,20305350,400,400,,
0,0,1,20305351,400,400,,
0,0,1,20305352,400,400,,
0,0,1,20305353,400,400,,
0,0,1,20305354,400,400,,
0,0,1,20305355,400,400,,
0,0,1,20305356,400,400,,
0,0,1,20305357,400,400,,
0,0,1,20305358,400,400,,
0,0,1,20305359,400,400,,
0,0,1,20305360,400,400,,
0,0,1,20305361,400,400,,
0,0,1,20305362,400,400,,
0,0,1,20305363,400,400,,
0,0,1,20305364,400,400,,
0,0,1,20305365,400,400,,
0,0,1,20305366,400,400,,
0,0,1,20305367,400,400,,
0,0,1,20305368,400,400,,
0,0,1,20305369,400,400,,
0,0,1,20305370,400,400,,
0,0,1,20305371,400,400,,
0,0,1,20305372,400,400,,
0,0,1,20305373,400,400,,
0,0,1,20305374,400,400,,
0,0,1,20305375,400,400,,
0,0,1,20305376,400,400,,
0,0,1,20305377,400,400,,
0,0,1,20305378,400,400,,
0,0,1,20305379,400,400,,
0,0,1,20305380,400,400,,
0,0,1,20305381,400,400,,
0,0,1,20305382,400,400,,
0,0,1,20305383,400,400,,
0,0,1,20305384,400,400,,
0,0,1,20305385,400,400,,
0,0,1,20305386,400,400,,
0,0,1,20305387,400,400,,
0,0,1,20305388,400,400,,
0,0,1,20305389,400,400,,
0,0,1,20305390,400,400,,
0,0,1,20305391,400,400,,
0,0,1,20305392,400,400,,
0,0,1,20305393,400,400,,
0,0,1,20305394,400,400,,
0,0,1,20305395,400,400,,
0,0,1,20305396,400,400,,
0,0,1,20305397,400,400,,
0,0,1,20305398,400,400,,
0,0,1,20305399,400,400,,
0,0,1,20305400,400,400,,
0,0,1,20305401,400,400,,
0,0,1,20305402,400,400,,
0,0,1,20305403,400,400,,
0,0,1,20305404,400,400,,
0,0,1,20305405,400,400,,
0,0,1,20305406,400,400,,
0,0,1,20305407,400,400,,
0,0,1,20305408,400,400,,
0,0,1,20305409,400,400,,
0,0,1,20305410,400,400,,
0,0,1,20305411,400,400,,
0,0,1,20305412,400,400,,
0,0,1,20305413,400,400,,
0,0,1,20305414,400,400,,
0,0,1,20305415,400,400,,
0,0,1,20305416,400,400,,
0,0,1,20305417,400,400,,
0,0,1,20305418,400,400,,
0,0,1,20305419,400,400,,
0,0,1,20305420,400,400,,
0,0,1,20305421,400,400,,
0,0,1,20305422,400,400,,
0,0,1,20305423,400,400,,
0,0,1,20305424,400,400,,
0,0,1,20305425,400,400,,
0,0,1,20305426,400,400,,
0,0,1,20305427,400,400,,
0,0,1,20305428,400,400,,
0,0,1,20305429,400,400,,
0,0,1,20305430,400,400,,
0,0,1,20305431,400,400,,
0,0,1,20305432,400,400,,
0,0,1,20305433,400,400,,
0,0,1,20305434,400,400,,
0,0,1,20305435,400,400,,
0,0,1,20305436,400,400,,
0,0,1,20305437,400,400,,
0,0,1,20305438,400,400,,
0,0,1,20305439,400,400,,
0,0,1,20305440,400,400,,
0,0,1,20305441,400,400,,
0,0,1,20305442,400,400,,
0,0,1,20305443,400,400,,
0,0,1,20305444,400,400,,
0,0,1,20305445,400,400,,
0,0,1,20305446,400,400,,
0,0,1,20305447,400,400,,
0,0,1,20305448,400,400,,
0,0,1,20305449,400,400,,
0,0,1,20305450,400,400,,
0,0,1,20305451,400,400,,
0,0,1,20305452,400,400,,
0,0,1,20305453,400,400,,
0,0,1,20305454,400,400,,
0,0,1,20305455,400,400,,
0,0,1,20305456,400,400,,
0,0,1,20305457,400,400,,
0,0,1,20305458,400,400,,
0,0,1,20305459,400,400,,
0,0,1,20305460,400,400,,
0,0,1,20305461,400,400,,
0,0,1,20305462,400,400,,
0,0,1,20305463,400,400,,
0,0,1,20305464,400,400,,
0,0,1,20305465,400,400,,
0,0,1,20305466,400,400,,
0,0,1,20305467,400,400,,
0,0,1,20305468,400,400,,
0,0,1,20305469,400,400,,
0,0,1,20305470,400,400,,
0,0,1,20305471,400,400,,
0,0,1,20305472,400,400,,
0,0,1,20305473,400,400,,
0,0,1,20305474,400,400,,
0,0,1,20305475,400,400,,
0,0,1,20305476,400,400,,
0,0,1,20305477,400,400,,
0,0,1,20305478,400,400,,
0,0,1,20305479,400,400,,
0,0,1,20305480,400,400,,
0,0,1,20305481,400,400,,
0,0,1,20305482,400,400,,
0,0,1,20305483,400,400,,
0,0,1,20305484,400,400,,
0,0,1,20305485,400,400,,
0,0,1,20305486,400,400,,
0,0,1,20305487,400,400,,
0,0,1,20305488,400,400,,
0,0,1,20305489,400,400,,
0,0,1,20305490,400,400,,
0,0,1,20305491,400,400,,
0,0,1,20305492,400,400,,
0,0,1,20305493,400,400,,
0,0,1,20305494,400,400,,
0,0,1,20305495,400,400,,
0,0,1,20305496,400,400,,
0,0,1,20305497,400,400,,
0,0,1,20305498,400,400,,
0,0,1,20305499,400,400,,
0,0,1,20305500,400,400,,
0,0,1,20305501,400,400,,
0,0,1,20305502,400,400,,
0,0,1,20305503,400,400,,
0,0,1,20305504,400,400,,
0,0,1,20305505,400,400,,
0,0,1,20305506,400,400,,
0,0,1,20305507,400,400,,
0,0,1,20305508,400,400,,
0,0,1,20305509,400,400,,
0,0,1,20305510,400,400,,
0,0,1,20305511,400,400,,
0,0,1,20305512,400,400,,
0,0,1,20305513,400,400,,
0,0,1,20305514,400,400,,
0,0,1,20305515,400,400,,
0,0,1,20305516,400,400,,
0,0,1,20305517,400,400,,
0,0,1,20305518,400,400,,
0,0,1,20305519,400,400,,
0,0,1,20305520,400,400,,
0,0,1,20305521,400,400,,
0,0,1,20305522,400,400,,
0,0,1,20305523,400,400,,
0,0,1,20305524,400,400,,
0,0,1,20305525,400,400,,
0,0,1,20305526,400,400,,
0,0,1,20305527,400,400,,
0,0,1,20305528,400,400,,
0,0,1,20305529,400,400,,
0,0,1,20305530,400,400,,
0,0,1,20305531,400,400,,
0,0,1,20305532,400,400,,
0,0,1,20305533,400,400,,
0,0,1,20305534,400,400,,
0,0,1,20305535,400,400,,
0,0,1,20305536,400,400,,
0,0,1,20305537,400,400,,
0,0,1,20305538,400,400,,
0,0,1,20305539,400,400,,
0,0,1,20305540,400,400,,
0,0,1,20305541,400,400,,
0,0,1,20305542,400,400,,
0,0,1,20305543,400,400,,
0,0,1,20305544,400,400,,
0,0,1,20305545,400,400,,
0,0,1,20305546,400,400,,
0,0,1,20305547,400,400,,
0,0,1,20305548,400,400,,
0,0,1,20305549,400,400,,
0,0,1,20305550,400,400,,
0,0,1,20305551,400,400,,
0,0,1,20305552,400,400,,
0,0,1,20305553,400,400,,
0,0,1,20305554,400,400,,
0,0,1,20305555,400,400,,
0,0,1,20305556,400,400,,
0,0,1,20305557,400,400,,
0,0,1,20305558,400,400,,
0,0,1,20305559,400,400,,
0,0,1,20305560,400,400,,
0,0,1,20305561,400,400,,
0,0,1,20305562,400,400,,
0,0,1,20305563,400,400,,
0,0,1,20305564,400,400,,
0,0,1,20305565,400,400,,
0,0,1,20305566,400,400,,
0,0,1,20305567,400,400,,
0,0,1,20305568,400,400,,
0,0,1,20305569,400,400,,
0,0,1,20305570,400,400,,
0,0,1,20305571,400,400,,
0,0,1,20305572,400,400,,
0,0,1,20305573,400,400,,
0,0,1,20305574,400,400,,
0,0,1,20305575,400,400,,
0,0,1,20305576,400,400,,
0,0,1,20305577,400,400,,
0,0,1,20305578,400,400,,
0,0,1,20305579,400,400,,
0,0,1,20305580,400,400,,
0,0,1,20305581,400,400,,
0,0,1,20305582,400,400,,
0,0,1,20305583,400,400,,
0,0,1,20305584,400,400,,
0,0,1,20305585,400,400,,
0,0,1,20305586,400,400,,
0,0,1,20305587,400,400,,
0,0,1,20305588,400,400,,
0,0,1,20305589,400,400,,
0,0,1,20305590,400,400,,
0,0,1,20305591,400,400,,
0,0,1,20305592,400,400,,
0,0,1,20305593,400,400,,
0,0,1,20305594,400,400,,
0,0,1,20305595,400,400,,
0,0,1,20305596,400,400,,
0,0,1,20305597,400,400,,
0,0,1,20305598,400,400,,
0,0,1,20305599,400,400,,
0,0,1,20305600,400,400,,
0,0,1,20305601,400,400,,
0,0,1,20305602,400,400,,
0,0,1,20305603,400,400,,
0,0,1,20305604,400,400,,
0,0,1,20305605,400,400,,
0,0,1,20305606,400,400,,
0,0,1,20305607,400,400,,
0,0,1,20305608,400,400,,
0,0,1,20305609,400,400,,
0,0,1,20305610,400,400,,
0,0,1,20305611,400,400,,
0,0,1,20305612,400,400,,
0,0,1,20305613,400,400,,
0,0,1,20305614,400,400,,
0,0,1,20305615,400,400,,
0,0,1,20305616,400,400,,
0,0,1,20305617,400,400,,
0,0,1,20305618,400,400,,
0,0,1,20305619,400,400,,
0,0,1,20305620,400,400,,
0,0,1,20305621,400,400,,
0,0,1,20305622,400,400,,
0,0,1,20305623,400,400,,
0,0,1,20305624,400,400,,
0,0,1,20305625,400,400,,
0,0,1,20305626,400,400,,
0,0,1,20305627,400,400,,
0,0,1,20305628,400,400,,
0,0,1,20305629,400,400,,
0,0,1,20305630,400,400,,
0,0,1,20305631,400,400,,
0,0,1,20305632,400,400,,
0,0,1,20305633,400,400,,
0,0,1,20305634,400,400,,
0,0,1,20305635,400,400,,
0,0,1,20305636,400,400,,
0,0,1,20305637,400,400,,
0,0,1,20305638,400,400,,
0,0,1,20305639,400,400,,
0,0,1,20305640,400,400,,
0,0,1,20305641,400,400,,
0,0,1,20305642,400,400,,
0,0,1,20305643,400,400,,
0,0,1,20305644,400,400,,
0,0,1,20305645,400,400,,
0,0,1,20305646,400,400,,
0,0,1,20305647,400,400,,
0,0,1,20305648,400,400,,
0,0,1,20305649,400,400,,
0,0,1,20305650,400,400,,
0,0,1,20305651,400,400,,
0,0,1,20305652,400,400,,
0,0,1,20305653,400,400,,
0,0,1,20305654,400,400,,
0,0,1,20305655,400,400,,
0,0,1,20305656,400,400,,
0,0,1,20305657,400,400,,
0,0,1,20305658,400,400,,
0,0,1,20305659,400,400,,
0,0,1,20305660,400,400,,
0,0,1,20305661,400,400,,
0,0,1,20305662,400,400,,
0,0,1,20305663,400,400,,
0,0,1,20305664,400,400,,
0,0,1,20305665,400,400,,
0,0,1,20305666,400,400,,
0,0,1,20305667,400,400,,
0,0,1,20305668,400,400,,
0,0,1,20305669,400,400,,
0,0,1,20305670,400,400,,
0,0,1,20305671,400,400,,
0,0,1,20305672,400,400,,
0,0,1,20305673,400,400,,
0,0,1,20305674,400,400,,
0,0,1,20305675,400,400,,
0,0,1,20305676,400,400,,
0,0,1,20305677,400,400,,
0,0,1,20305678,400,400,,
0,0,1,20305679,400,400,,
0,0,1,20305680,400,400,,
0,0,1,20305681,400,400,,
0,0,1,20305682,400,400,,
0,0,1,20305683,400,400,,
0,0,1,20305684,400,400,,
0,0,1,20305685,400,400,,
0,0,1,20305686,400,400,,
0,0,1,20305687,400,400,,
0,0,1,20305688,400,400,,
0,0,1,20305689,400,400,,
0,0,1,20305690,400,400,,
0,0,1,20305691,400,400,,
0,0,1,20305692,400,400,,
0,0,1,20305693,400,400,,
0,0,1,20305694,400,400,,
0,0,1,20305695,400,400,,
0,0,1,20305696,400,400,,
0,0,1,20305697,400,400,,
0,0,1,20305698,400,400,,
0,0,1,20305699,400,400,,
0,0,1,20305700,400,400,,
0,0,1,20305701,400,400,,
0,0,1,20305702,400,400,,
0,0,1,20305703,400,400,,
0,0,1,20305704,400,400,,
0,0,1,20305705,400,400,,
0,0,1,20305706,400,400,,
0,0,1,20305707,400,400,,
0,0,1,20305708,400,400,,
0,0,1,20305709,400,400,,
0,0,1,20305710,400,400,,
0,0,1,20305711,400,400,,
0,0,1,20305712,400,400,,
0,0,1,20305713,400,400,,
0,0,1,20305714,400,400,,
0,0,1,20305715,400,400,,
0,0,1,20305716,400,400,,
0,0,1,20305717,400,400,,
0,0,1,20305718,400,400,,
0,0,1,20305719,400,400,,
0,0,1,20305720,400,400,,
0,0,1,20305721,400,400,,
0,0,1,20305722,400,400,,
0,0,1,20305723,400,400,,
0,0,1,20305724,400,400,,
0,0,1,20305725,400,400,,
0,0,1,20305726,400,400,,
0,0,1,20305727,400,400,,
0,0,1,20305728,400,400,,
0,0,1,20305729,400,400,,
0,0,1,20305730,400,400,,
0,0,1,20305731,400,400,,
0,0,1,20305732,400,400,,
0,0,1,20305733,400,400,,
0,0,1,20305734,400,400,,
0,0,1,20305735,400,400,,
0,0,1,20305736,400,400,,
0,0,1,20305737,400,400,,
0,0,1,20305738,400,400,,
0,0,1,20305739,400,400,,
0,0,1,20305740,400,400,,
0,0,1,20305741,400,400,,
0,0,1,20305742,400,400,,
0,0,1,20305743,400,400,,
0,0,1,20305744,400,400,,
0,0,1,20305745,400,400,,
0,0,1,20305746,400,400,,
0,0,1,20305747,400,400,,
0,0,1,20305748,400,400,,
0,0,1,20305749,400,400,,
0,0,1,20305750,400,400,,
0,0,1,20305751,400,400,,
0,0,1,20305752,400,400,,
0,0,1,20305753,400,400,,
0,0,1,20305754,400,400,,
0,0,1,20305755,400,400,,
0,0,1,20305756,400,400,,
0,0,1,20305757,400,400,,
0,0,1,20305758,400,400,,
0,0,1,20305759,400,400,,
0,0,1,20305760,400,400,,
0,0,1,20305761,400,400,,
0,0,1,20305762,400,400,,
0,0,1,20305763,400,400,,
0,0,1,20305764,400,400,,
0,0,1,20305765,400,400,,
0,0,1,20305766,400,400,,
0,0,1,20305767,400,400,,
0,0,1,20305768,400,400,,
0,0,1,20305769,400,400,,
0,0,1,20305770,400,400,,
0,0,1,20305771,400,400,,
0,0,1,20305772,400,400,,
0,0,1,20305773,400,400,,
0,0,1,20305774,400,400,,
0,0,1,20305775,400,400,,
0,0,1,20305776,400,400,,
0,0,1,20305777,400,400,,
0,0,1,20305778,400,400,,
0,0,1,20305779,400,400,,
0,0,1,20305780,400,400,,
0,0,1,20305781,400,400,,
0,0,1,20305782,400,400,,
0,0,1,20305783,400,400,,
0,0,1,20305784,400,400,,
0,0,1,20305785,400,400,,
0,0,1,20305786,400,400,,
0,0,1,20305787,400,400,,
0,0,1,20305788,400,400,,
0,0,1,20305789,400,400,,
0,0,1,20305790,400,400,,
0,0,1,20305791,400,400,,
0,0,1,20305792,400,400,,
0,0,1,20305793,400,400,,
0,0,1,20305794,400,400,,
0,0,1,20305795,400,400,,
0,0,1,20305796,400,400,,
0,0,1,20305797,400,400,,
0,0,1,20305798,400,400,,
0,0,1,20305799,400,400,,
0,0,1,20305800,400,400,,
0,0,1,20305801,400,400,,
0,0,1,20305802,400,400,,
0,0,1,20305803,400,400,,
0,0,1,20305804,400,400,,
0,0,1,20305805,400,400,,
0,0,1,20305806,400,400,,
0,0,1,20305807,400,400,,
0,0,1,20305808,400,400,,
0,0,1,20305809,400,400,,
0,0,1,20305810,400,400,,
0,0,1,20305811,400,400,,
0,0,1,20305812,400,400,,
0,0,1,20305813,400,400,,
0,0,1,20305814,400,400,,
0,0,1,20305815,400,400,,
0,0,1,20305816,400,400,,
0,0,1,20305817,400,400,,
0,0,1,20305818,400,400,,
0,0,1,20305819,400,400,,
0,0,1,20305820,400,400,,
0,0,1,20305821,400,400,,
0,0,1,20305822,400,400,,
0,0,1,20305823,400,400,,
0,0,1,20305824,400,400,,
0,0,1,20305825,400,400,,
0,0,1,20305826,400,400,,
0,0,1,20305827,400,400,,
0,0,1,20305828,400,400,,
0,0,1,20305829,400,400,,
0,0,1,20305830,400,400,,
0,0,1,20305831,400,400,,
0,0,1,20305832,400,400,,
0,0,1,20305833,400,400,,
0,0,1,20305834,400,400,,
0,0,1,20305835,400,400,,
0,0,1,20305836,400,400,,
0,0,1,20305837,400,400,,
0,0,1,20305838,400,400,,
0,0,1,20305839,400,400,,
0,0,1,20305840,400,400,,
0,0,1,20305841,400,400,,
0,0,1,20305842,400,400,,
0,0,1,20305843,400,400,,
0,0,1,20305844,400,400,,
0,0,1,20305845,400,400,,
0,0,1,20305846,400,400,,
0,0,1,20305847,400,400,,
0,0,1,20305848,400,400,,
0,0,1,20305849,400,400,,
0,0,1,20305850,400,400,,
0,0,1,20305851,400,400,,
0,0,1,20305852,400,400,,
0,0,1,20305853,400,400,,
0,0,1,20305854,400,400,,
0,0,1,20305855,400,400,,
0,0,1,20305856,400,400,,
0,0,1,20305857,400,400,,
0,0,1,20305858,400,400,,
0,0,1,20305859,400,400,,
0,0,1,20305860,400,400,,
0,0,1,20305861,400,400,,
0,0,1,20305862,400,400,,
0,0,1,20305863,400,400,,
0,0,1,20305864,400,400,,
0,0,1,20305865,400,400,,
0,0,1,20305866,400,400,,
0,0,1,20305867,400,400,,
0,0,1,20305868,400,400,,
0,0,1,20305869,400,400,,
0,0,1,20305870,400,400,,
0,0,1,20305871,400,400,,
0,0,1,20305872,400,400,,
0,0,1,20305873,400,400,,
0,0,1,20305874,400,400,,
0,0,1,20305875,400,400,,
0,0,1,20305876,400,400,,
0,0,1,20305877,400,400,,
0,0,1,20305878,400,400,,
0,0,1,20305879,400,400,,
0,0,1,20305880,400,400,,
0,0,1,20305881,400,400,,
0,0,1,20305882,400,400,,
0,0,1,20305883,400,400,,
0,0,1,20305884,400,400,,
0,0,1,20305885,400,400,,
0,0,1,20305886,400,400,,
0,0,1,20305887,400,400,,
0,0,1,20305888,400,400,,
0,0,1,20305889,400,400,,
0,0,1,20305890,400,400,,
0,0,1,20305891,400,400,,
0,0,1,20305892,400,400,,
0,0,1,20305893,400,400,,
0,0,1,20305894,400,400,,
0,0,1,20305895,400,400,,
0,0,1,20305896,400,400,,
0,0,1,20305897,400,400,,
0,0,1,20305898,400,400,,
0,0,1,20305899,400,400,,
0,0,1,20305900,400,400,,
0,0,1,20305901,400,400,,
0,0,1,20305902,400,400,,
0,0,1,20305903,400,400,,
0,0,1,20305904,400,400,,
0,0,1,20305905,400,400,,
0,0,1,20305906,400,400,,
0,0,1,20305907,400,400,,
0,0,1,20305908,400,400,,
0,0,1,20305909,400,400,,
0,0,1,20305910,400,400,,
0,0,1,20305911,400,400,,
0,0,1,20305912,400,400,,
0,0,1,20305913,400,400,,
0,0,1,20305914,400,400,,
0,0,1,20305915,400,400,,
0,0,1,20305916,400,400,,
0,0,1,20305917,400,400,,
0,0,1,20305918,400,400,,
0,0,1,20305919,400,400,,
0,0,1,20305920,400,400,,
0,0,1,20305921,400,400,,
0,0,1,20305922,400,400,,
0,0,1,20305923,400,400,,
0,0,1,20305924,400,400,,
0,0,1,20305925,400,400,,
0,0,1,20305926,400,400,,
0,0,1,20305927,400,400,,
0,0,1,20305928,400,400,,
0,0,1,20305929,400,400,,
0,0,1,20305930,400,400,,
0,0,1,20305931,400,400,,
0,0,1,20305932,400,400,,
0,0,1,20305933,400,400,,
0,0,1,20305934,400,400,,
0,0,1,20305935,400,400,,
0,0,1,20305936,400,400,,
0,0,1,20305937,400,400,,
0,0,1,20305938,400,400,,
0,0,1,20305939,400,400,,
0,0,1,20305940,400,400,,
0,0,1,20305941,400,400,,
0,0,1,20305942,400,400,,
0,0,1,20305943,400,400,,
0,0,1,20305944,400,400,,
0,0,1,20305945,400,400,,
0,0,1,20305946,400,400,,
0,0,1,20305947,400,400,,
0,0,1,20305948,400,400,,
0,0,1,20305949,400,400,,
0,0,1,20305950,400,400,,
0,0,1,20305951,400,400,,
0,0,1,20305952,400,400,,
0,0,1,20305953,400,400,,
0,0,1,20305954,400,400,,
0,0,1,20305955,400,400,,
0,0,1,20305956,400,400,,
0,0,1,20305957,400,400,,
0,0,1,20305958,400,400,,
0,0,1,20305959,400,400,,
0,0,1,20305960,400,400,,
0,0,1,20305961,400,400,,
0,0,1,20305962,400,400,,
0,0,1,20305963,400,400,,
0,0,1,20305964,400,400,,
0,0,1,20305965,400,400,,
0,0,1,20305966,400,400,,
0,0,1,20305967,400,400,,
0,0,1,20305968,400,400,,
0,0,1,20305969,400,400,,
0,0,1,20305970,400,400,,
0,0,1,20305971,400,400,,
0,0,1,20305972,400,400,,
0,0,1,20305973,400,400,,
0,0,1,20305974,400,400,,
0,0,1,20305975,400,400,,
0,0,1,20305976,400,400,,
0,0,1,20305977,400,400,,
0,0,1,20305978,400,400,,
0,0,1,20305979,400,400,,
0,0,1,20305980,400,400,,
0,0,1,20305981,400,400,,
0,0,1,20305982,400,400,,
0,0,1,20305983,400,400,,
0,0,1,20305984,400,400,,
0,0,1,20305985,400,400,,
0,0,1,20305986,400,400,,
0,0,1,20305987,400,400,,
0,0,1,20305988,400,400,,
0,0,1,20305989,400,400,,
0,0,1,20305990,400,400,,
0,0,1,20305991,400,400,,
0,0,1,20305992,400,400,,
0,0,1,20305993,400,400,,
0,0,1,20305994,400,400,,
0,0,1,20305995,400,400,,
0,0,1,20305996,400,400,,
0,0,1,20305997,400,400,,
0,0,1,20305998,400,400,,
0,0,1,20305999,400,400,,
0,0,1,20306000,400,400,,
0,0,1,20306001,400,400,,
0,0,1,20306002,400,400,,
0,0,1,20306003,400,400,,
0,0,1,20306004,400,400,,
0,0,1,20306005,400,400,,
0,0,1,20306006,400,400,,
0,0,1,20306007,400,400,,
0,0,1,20306008,400,400,,
0,0,1,20306009,400,400,,
0,0,1,20306010,400,400,,
0,0,1,20306011,400,400,,
0,0,1,20306012,400,400,,
0,0,1,20306013,400,400,,
0,0,1,20306014,400,400,,
0,0,1,20306015,400,400,,
0,0,1,20306016,400,400,,
0,0,1,20306017,400,400,,
0,0,1,20306018,400,400,,
0,0,1,20306019,400,400,,
0,0,1,20306020,400,400,,
0,0,1,20306021,400,400,,
0,0,1,20306022,400,400,,
0,0,1,20306023,400,400,,
0,0,1,20306024,400,400,,
0,0,1,20306025,400,400,,
0,0,1,20306026,400,400,,
0,0,1,20306027,400,400,,
0,0,1,20306028,400,400,,
0,0,1,20306029,400,400,,
0,0,1,20306030,400,400,,
0,0,1,20306031,400,400,,
0,0,1,20306032,400,400,,
0,0,1,20306033,400,400,,
0,0,1,20306034,400,400,,
0,0,1,20306035,400,400,,
0,0,1,20306036,400,400,,
0,0,1,20306037,400,400,,
0,0,1,20306038,400,400,,
0,0,1,20306039,400,400,,
0,0,1,20306040,400,400,,
0,0,1,20306041,400,400,,
0,0,1,20306042,400,400,,
0,0,1,20306043,400,400,,
0,0,1,20306044,400,400,,
0,0,1,20306045,400,400,,
0,0,1,20306046,400,400,,
0,0,1,20306047,400,400,,
0,0,1,20306048,400,400,,
0,0,1,20306049,400,400,,
0,0,1,20306050,400,400,,
0,0,1,20306051,400,400,,
0,0,1,20306052,400,400,,
0,0,1,20306053,400,400,,
0,0,1,20306054,400,400,,
0,0,1,20306055,400,400,,
0,0,1,20306056,400,400,,
0,0,1,20306057,400,400,,
0,0,1,20306058,400,400,,
0,0,1,20306059,400,400,,
0,0,1,20306060,400,400,,
0,0,1,20306061,400,400,,
0,0,1,20306062,400,400,,
0,0,1,20306063,400,400,,
0,0,1,20306064,400,400,,
0,0,1,20306065,400,400,,
0,0,1,20306066,400,400,,
0,0,1,20306067,400,400,,
0,0,1,20306068,400,400,,
0,0,1,20306069,400,400,,
0,0,1,20306070,400,400,,
0,0,1,20306071,400,400,,
0,0,1,20306072,400,400,,
0,0,1,20306073,400,400,,
0,0,1,20306074,400,400,,
0,0,1,20306075,400,400,,
0,0,1,20306076,400,400,,
0,0,1,20306077,400,400,,
0,0,1,20306078,400,400,,
0,0,1,20306079,400,400,,
0,0,1,20306080,400,400,,
0,0,1,20306081,400,400,,
0,0,1,20306082,400,400,,
0,0,1,20306083,400,400,,
0,0,1,20306084,400,400,,
0,0,1,20306085,400,400,,
0,0,1,20306086,400,400,,
0,0,1,20306087,400,400,,
0,0,1,20306088,400,400,,
0,0,1,20306089,400,400,,
0,0,1,20306090,400,400,,
0,0,1,20306091,400,400,,
0,0,1,20306092,400,400,,
0,0,1,20306093,400,400,,
0,0,1,20306094,400,400,,
0,0,1,20306095,400,400,,
0,0,1,20306096,400,400,,
0,0,1,20306097,400,400,,
0,0,1,20306098,400,400,,
0,0,1,20306099,400,400,,
0,0,1,20306100,400,400,,
0,0,1,20306101,400,400,,
0,0,1,20306102,400,400,,
0,0,1,20306103,400,400,,
0,0,1,20306104,400,400,,
0,0,1,20306105,400,400,,
0,0,1,20306106,400,400,,
0,0,1,20306107,400,400,,
0,0,1,20306108,400,400,,
0,0,1,20306109,400,400,,
0,0,1,20306110,400,400,,
0,0,1,20306111,400,400,,
0,0,1,20306112,400,400,,
0,0,1,20306113,400,400,,
0,0,1,20306114,400,400,,
0,0,1,20306115,400,400,,
0,0,1,20306116,400,400,,
0,0,1,20306117,400,400,,
0,0,1,20306118,400,400,,
0,0,1,20306119,400,400,,
0,0,1,20306120,400,400,,
0,0,1,20306121,400,400,,
0,0,1,20306122,400,400,,
0,0,1,20306123,400,400,,
0,0,1,20306124,400,400,,
0,0,1,20306125,400,400,,
0,0,1,20306126,400,400,,
0,0,1,20306127,400,400,,
0,0,1,20306128,400,400,,
0,0,1,20306129,400,400,,
0,0,1,20306130,400,400,,
0,0,1,20306131,400,400,,
0,0,1,20306132,400,400,,
0,0,1,20306133,400,400,,
0,0,1,20306134,400,400,,
0,0,1,20306135,400,400,,
0,0,1,20306136,400,400,,
0,0,1,20306137,400,400,,
0,0,1,20306138,400,400,,
0,0,1,20306139,400,400,,
0,0,1,20306140,400,400,,
0,0,1,20306141,400,400,,
0,0,1,20306142,400,400,,
0,0,1,20306143,400,400,,
0,0,1,20306144,400,400,,
0,0,1,20306145,400,400,,
0,0,1,20306146,400,400,,
0,0,1,20306147,400,400,,
0,0,1,20306148,400,400,,
0,0,1,20306149,400,400,,
0,0,1,20306150,400,400,,
0,0,1,20306151,400,400,,
0,0,1,20306152,400,400,,
0,0,1,20306153,400,400,,
0,0,1,20306154,400,400,,
0,0,1,20306155,400,400,,
0,0,1,20306156,400,400,,
0,0,1,20306157,400,400,,
0,0,1,20306158,400,400,,
0,0,1,20306159,400,400,,
0,0,1,20306160,400,400,,
0,0,1,20306161,400,400,,
0,0,1,20306162,400,400,,
0,0,1,20306163,400,400,,
0,0,1,20306164,400,400,,
0,0,1,20306165,400,400,,
0,0,1,20306166,400,400,,
0,0,1,20306167,400,400,,
0,0,1,20306168,400,400,,
0,0,1,20306169,400,400,,
0,0,1,20306170,400,400,,
0,0,1,20306171,400,400,,
0,0,1,20306172,400,400,,
0,0,1,20306173,400,400,,
0,0,1,20306174,400,400,,
0,0,1,20306175,400,400,,
0,0,1,20306176,400,400,,
0,0,1,20306177,400,400,,
0,0,1,20306178,400,400,,
0,0,1,20306179,400,400,,
0,0,1,20306180,400,400,,
0,0,1,20306181,400,400,,
0,0,1,20306182,400,400,,
0,0,1,20306183,400,400,,
0,0,1,20306184,400,400,,
0,0,1,20306185,400,400,,
0,0,1,20306186,400,400,,
0,0,1,20306187,400,400,,
0,0,1,20306188,400,400,,
0,0,1,20306189,400,400,,
0,0,1,20306190,400,400,,
0,0,1,20306191,400,400,,
0,0,1,20306192,400,400,,
0,0,1,20306193,400,400,,
0,0,1,20306194,400,400,,
0,0,1,20306195,400,400,,
0,0,1,20306196,400,400,,
0,0,1,20306197,400,400,,
0,0,1,20306198,400,400,,
0,0,1,20306199,400,400,,
0,0,1,20306200,400,400,,
0,0,1,20306201,400,400,,
0,0,1,20306202,400,400,,
0,0,1,20306203,400,400,,
0,0,1,20306204,400,400,,
0,0,1,20306205,400,400,,
0,0,1,20306206,400,400,,
0,0,1,20306207,400,400,,
0,0,1,20306208,400,400,,
0,0,1,20306209,400,400,,
0,0,1,20306210,400,400,,
0,0,1,20306211,400,400,,
0,0,1,20306212,400,400,,
0,0,1,20306213,400,400,,
0,0,1,20306214,400,400,,
0,0,1,20306215,400,400,,
0,0,1,20306216,400,400,,
0,0,1,20306217,400,400,,
0,0,1,20306218,400,400,,
0,0,1,20306219,400,400,,
0,0,1,20306220,400,400,,
0,0,1,20306221,400,400,,
0,0,1,20306222,400,400,,
0,0,1,20306223,400,400,,
0,0,1,20306224,400,400,,
0,0,1,20306225,400,400,,
0,0,1,20306226,400,400,,
0,0,1,20306227,400,400,,
0,0,1,20306228,400,400,,
0,0,1,20306229,400,400,,
0,0,1,20306230,400,400,,
0,0,1,20306231,400,400,,
0,0,1,20306232,400,400,,
0,0,1,20306233,400,400,,
0,0,1,20306234,400,400,,
0,0,1,20306235,400,400,,
0,0,1,20306236,400,400,,
0,0,1,20306237,400,400,,
0,0,1,20306238,400,400,,
0,0,1,20306239,400,400,,
0,0,1,20306240,400,400,,
0,0,1,20306241,400,400,,
0,0,1,20306242,400,400,,
0,0,1,20306243,400,400,,
0,0,1,20306244,400,400,,
0,0,1,20306245,400,400,,
0,0,1,20306246,400,400,,
0,0,1,20306247,400,400,,
0,0,1,20306248,400,400,,
0,0,1,20306249,400,400,,
0,0,1,20306250,400,400,,
0,0,1,20306251,400,400,,
0,0,1,20306252,400,400,,
0,0,1,20306253,400,400,,
0,0,1,20306254,400,400,,
0,0,1,20306255,400,400,,
0,0,1,20306256,400,400,,
0,0,1,20306257,400,400,,
0,0,1,20306258,400,400,,
0,0,1,20306259,400,400,,
0,0,1,20306260,400,400,,
0,0,1,20306261,400,400,,
0,0,1,20306262,400,400,,
0,0,1,20306263,400,400,,
0,0,1,20306264,400,400,,
0,0,1,20306265,400,400,,
0,0,1,20306266,400,400,,
0,0,1,20306267,400,400,,
0,0,1,20306268,400,400,,
0,0,1,20306269,400,400,,
0,0,1,20306270,400,400,,
0,0,1,20306271,400,400,,
0,0,1,20306272,400,400,,
0,0,1,20306273,400,400,,
0,0,1,20306274,400,400,,
0,0,1,20306275,400,400,,
0,0,1,20306276,400,400,,
0,0,1,20306277,400,400,,
0,0,1,20306278,400,400,,
0,0,1,20306279,400,400,,
0,0,1,20306280,400,400,,
0,0,1,20306281,400,400,,
0,0,1,20306282,400,400,,
0,0,1,20306283,400,400,,
0,0,1,20306284,400,400,,
0,0,1,20306285,400,400,,
0,0,1,20306286,400,400,,
0,0,1,20306287,400,400,,
0,0,1,20306288,400,400,,
0,0,1,20306289,400,400,,
0,0,1,20306290,400,400,,
0,0,1,20306291,400,400,,
0,0,1,20306292,400,400,,
0,0,1,20306293,400,400,,
0,0,1,20306294,400,400,,
0,0,1,20306295,400,400,,
0,0,1,20306296,400,400,,
0,0,1,20306297,400,400,,
0,0,1,20306298,400,400,,
0,0,1,20306299,400,400,,
0,0,1,20306300,400,400,,
0,0,1,20306301,400,400,,
0,0,1,20306302,400,400,,
0,0,1,20306303,400,400,,
0,0,1,20306304,400,400,,
0,0,1,20306305,400,400,,
0,0,1,20306306,400,400,,
0,0,1,20306307,400,400,,
0,0,1,20306308,400,400,,
0,0,1,20306309,400,400,,
0,0,1,20306310,400,400,,
0,0,1,20306311,400,400,,
0,0,1,20306312,400,400,,
0,0,1,20306313,400,400,,
0,0,1,20306314,400,400,,
0,0,1,20306315,400,400,,
0,0,1,20306316,400,400,,
0,0,1,20306317,400,400,,
0,0,1,20306318,400,400,,
0,0,1,20306319,400,400,,
0,0,1,20306320,400,400,,
0,0,1,20306321,400,400,,
0,0,1,20306322,400,400,,
0,0,1,20306323,400,400,,
0,0,1,20306324,400,400,,
0,0,1,20306325,400,400,,
0,0,1,20306326,400,400,,
0,0,1,20306327,400,400,,
0,0,1,20306328,400,400,,
0,0,1,20306329,400,400,,
0,0,1,20306330,400,400,,
0,0,1,20306331,400,400,,
0,0,1,20306332,400,400,,
0,0,1,20306333,400,400,,
0,0,1,20306334,400,400,,
0,0,1,20306335,400,400,,
0,0,1,20306336,400,400,,
0,0,1,20306337,400,400,,
0,0,1,20306338,400,400,,
0,0,1,20306339,400,400,,
0,0,1,20306340,400,400,,
0,0,1,20306341,400,400,,
0,0,1,20306342,400,400,,
0,0,1,20306343,400,400,,
0,0,1,20306344,400,400,,
0,0,1,20306345,400,400,,
0,0,1,20306346,400,400,,
0,0,1,20306347,400,400,,
0,0,1,20306348,400,400,,
0,0,1,20306349,400,400,,
0,0,1,20306350,400,400,,
0,0,1,20306351,400,400,,
0,0,1,20306352,400,400,,
0,0,1,20306353,400,400,,
0,0,1,20306354,400,400,,
0,0,1,20306355,400,400,,
0,0,1,20306356,400,400,,
0,0,1,20306357,400,400,,
0,0,1,20306358,400,400,,
0,0,1,20306359,400,400,,
0,0,1,20306360,400,400,,
0,0,1,20306361,400,400,,
0,0,1,20306362,400,400,,
0,0,1,20306363,400,400,,
0,0,1,20306364,400,400,,
0,0,1,20306365,400,400,,
0,0,1,20306366,400,400,,
0,0,1,20306367,400,400,,
0,0,1,20306368,400,400,,
0,0,1,20306369,400,400,,
0,0,1,20306370,400,400,,
0,0,1,20306371,400,400,,
0,0,1,20306372,400,400,,
0,0,1,20306373,400,400,,
0,0,1,20306374,400,400,,
0,0,1,20306375,400,400,,
0,0,1,20306376,400,400,,
0,0,1,20306377,400,400,,
0,0,1,20306378,400,400,,
0,0,1,20306379,400,400,,
0,0,1,20306380,400,400,,
0,0,1,20306381,400,400,,
0,0,1,20306382,400,400,,
0,0,1,20306383,400,400,,
0,0,1,20306384,400,400,,
0,0,1,20306385,400,400,,
0,0,1,20306386,400,400,,
0,0,1,20306387,400,400,,
0,0,1,20306388,400,400,,
0,0,1,20306389,400,400,,
0,0,1,20306390,400,400,,
0,0,1,20306391,400,400,,
0,0,1,20306392,400,400,,
0,0,1,20306393,400,400,,
0,0,1,20306394,400,400,,
0,0,1,20306395,400,400,,
0,0,1,20306396,400,400,,
0,0,1,20306397,400,400,,
0,0,1,20306398,400,400,,
0,0,1,20306399,400,400,,
0,0,1,20306400,400,400,,
0,0,1,20306401,400,400,,
0,0,1,20306402,400,400,,
0,0,1,20306403,400,400,,
0,0,1,20306404,400,400,,
0,0,1,20306405,400,400,,
0,0,1,20306406,400,400,,
0,0,1,20306407,400,400,,
0,0,1,20306408,400,400,,
0,0,1,20306409,400,400,,
0,0,1,20306410,400,400,,
0,0,1,20306411,400,400,,
0,0,1,20306412,400,400,,
0,0,1,20306413,400,400,,
0,0,1,20306414,400,400,,
0,0,1,20306415,400,400,,
0,0,1,20306416,400,400,,
0,0,1,20306417,400,400,,
0,0,1,20306418,400,400,,
0,0,1,20306419,400,400,,
0,0,1,20306420,400,400,,
0,0,1,20306421,400,400,,
0,0,1,20306422,400,400,,
0,0,1,20306423,400,400,,
0,0,1,20306424,400,400,,
0,0,1,20306425,400,400,,
0,0,1,20306426,400,400,,
0,0,1,20306427,400,400,,
0,0,1,20306428,400,400,,
0,0,1,20306429,400,400,,
0,0,1,20306430,400,400,,
0,0,1,20306431,400,400,,
0,0,1,20306432,400,400,,
0,0,1,20306433,400,400,,
0,0,1,20306434,400,400,,
0,0,1,20306435,400,400,,
0,0,1,20306436,400,400,,
0,0,1,20306437,400,400,,
0,0,1,20306438,400,400,,
0,0,1,20306439,400,400,,
0,0,1,20306440,400,400,,
0,0,1,20306441,400,400,,
0,0,1,20306442,400,400,,
0,0,1,20306443,400,400,,
0,0,1,20306444,400,400,,
0,0,1,20306445,400,400,,
0,0,1,20306446,400,400,,
0,0,1,20306447,400,400,,
0,0,1,20306448,400,400,,
0,0,1,20306449,400,400,,
0,0,1,20306450,400,400,,
0,0,1,20306451,400,400,,
0,0,1,20306452,400,400,,
0,0,1,20306453,400,400,,
0,0,1,20306454,400,400,,
0,0,1,20306455,400,400,,
0,0,1,20306456,400,400,,
0,0,1,20306457,400,400,,
0,0,1,20306458,400,400,,
0,0,1,20306459,400,400,,
0,0,1,20306460,400,400,,
0,0,1,20306461,400,400,,
0,0,1,20306462,400,400,,
0,0,1,20306463,400,400,,
0,0,1,20306464,400,400,,
0,0,1,20306465,400,400,,
0,0,1,20306466,400,400,,
0,0,1,20306467,400,400,,
0,0,1,20306468,400,400,,
0,0,1,20306469,400,400,,
0,0,1,20306470,400,400,,
0,0,1,20306471,400,400,,
0,0,1,20306472,400,400,,
0,0,1,20306473,400,400,,
0,0,1,20306474,400,400,,
0,0,1,20306475,400,400,,
0,0,1,20306476,400,400,,
0,0,1,20306477,400,400,,
0,0,1,20306478,400,400,,
0,0,1,20306479,400,400,,
0,0,1,20306480,400,400,,
0,0,1,20306481,400,400,,
0,0,1,20306482,400,400,,
0,0,1,20306483,400,400,,
0,0,1,20306484,400,400,,
0,0,1,20306485,400,400,,
0,0,1,20306486,400,400,,
0,0,1,20306487,400,400,,
0,0,1,20306488,400,400,,
0,0,1,20306489,400,400,,
0,0,1,20306490,400,400,,
0,0,1,20306491,400,400,,
0,0,1,20306492,400,400,,
0,0,1,20306493,400,400,,
0,0,1,20306494,400,400,,
0,0,1,20306495,400,400,,
0,0,1,20306496,400,400,,
0,0,1,20306497,400,400,,
0,0,1,20306498,400,400,,
0,0,1,20306499,400,400,,
0,0,1,20306500,400,400,,
0,0,1,20306501,400,400,,
0,0,1,20306502,400,400,,
0,0,1,20306503,400,400,,
0,0,1,20306504,400,400,,
0,0,1,20306505,400,400,,
0,0,1,20306506,400,400,,
0,0,1,20306507,400,400,,
0,0,1,20306508,400,400,,
0,0,1,20306509,400,400,,
0,0,1,20306510,400,400,,
0,0,1,20306511,400,400,,
0,0,1,20306512,400,400,,
0,0,1,20306513,400,400,,
0,0,1,20306514,400,400,,
0,0,1,20306515,400,400,,
0,0,1,20306516,400,400,,
0,0,1,20306517,400,400,,
0,0,1,20306518,400,400,,
0,0,1,20306519,400,400,,
0,0,1,20306520,400,400,,
0,0,1,20306521,400,400,,
0,0,1,20306522,400,400,,
0,0,1,20306523,400,400,,
0,0,1,20306524,400,400,,
0,0,1,20306525,400,400,,
0,0,1,20306526,400,400,,
0,0,1,20306527,400,400,,
0,0,1,20306528,400,400,,
0,0,1,20306529,400,400,,
0,0,1,20306530,400,400,,
0,0,1,20306531,400,400,,
0,0,1,20306532,400,400,,
0,0,1,20306533,400,400,,
0,0,1,20306534,400,400,,
0,0,1,20306535,400,400,,
0,0,1,20306536,400,400,,
0,0,1,20306537,400,400,,
0,0,1,20306538,400,400,,
0,0,1,20306539,400,400,,
0,0,1,20306540,400,400,,
0,0,1,20306541,400,400,,
0,0,1,20306542,400,400,,
0,0,1,20306543,400,400,,
0,0,1,20306544,400,400,,
0,0,1,20306545,400,400,,
0,0,1,20306546,400,400,,
0,0,1,20306547,400,400,,
0,0,1,20306548,400,400,,
0,0,1,20306549,400,400,,
0,0,1,20306550,400,400,,
0,0,1,20306551,400,400,,
0,0,1,20306552,400,400,,
0,0,1,20306553,400,400,,
0,0,1,20306554,400,400,,
0,0,1,20306555,400,400,,
0,0,1,20306556,400,400,,
0,0,1,20306557,400,400,,
0,0,1,20306558,400,400,,
0,0,1,20306559,400,400,,
0,0,1,20306560,400,400,,
0,0,1,20306561,400,400,,
0,0,1,20306562,400,400,,
0,0,1,20306563,400,400,,
0,0,1,20306564,400,400,,
0,0,1,20306565,400,400,,
0,0,1,20306566,400,400,,
0,0,1,20306567,400,400,,
0,0,1,20306568,400,400,,
0,0,1,20306569,400,400,,
0,0,1,20306570,400,400,,
0,0,1,20306571,400,400,,
0,0,1,20306572,400,400,,
0,0,1,20306573,400,400,,
0,0,1,20306574,400,400,,
0,0,1,20306575,400,400,,
0,0,1,20306576,400,400,,
0,0,1,20306577,400,400,,
0,0,1,20306578,400,400,,
0,0,1,20306579,400,400,,
0,0,1,20306580,400,400,,
0,0,1,20306581,400,400,,
0,0,1,20306582,400,400,,
0,0,1,20306583,400,400,,
0,0,1,20306584,400,400,,
0,0,1,20306585,400,400,,
0,0,1,20306586,400,400,,
0,0,1,20306587,400,400,,
0,0,1,20306588,400,400,,
0,0,1,20306589,400,400,,
0,0,1,20306590,400,400,,
0,0,1,20306591,400,400,,
0,0,1,20306592,400,400,,
0,0,1,20306593,400,400,,
0,0,1,20306594,400,400,,
0,0,1,20306595,400,400,,
0,0,1,20306596,400,400,,
0,0,1,20306597,400,400,,
0,0,1,20306598,400,400,,
0,0,1,20306599,400,400,,
0,0,1,20306600,400,400,,
0,0,1,20306601,400,400,,
0,0,1,20306602,400,400,,
0,0,1,20306603,400,400,,
0,0,1,20306604,400,400,,
0,0,1,20306605,400,400,,
0,0,1,20306606,400,400,,
0,0,1,20306607,400,400,,
0,0,1,20306608,400,400,,
0,0,1,20306609,400,400,,
0,0,1,20306610,400,400,,
0,0,1,20306611,400,400,,
0,0,1,20306612,400,400,,
0,0,1,20306613,400,400,,
0,0,1,20306614,400,400,,
0,0,1,20306615,400,400,,
0,0,1,20306616,400,400,,
0,0,1,20306617,400,400,,
0,0,1,20306618,400,400,,
0,0,1,20306619,400,400,,
0,0,1,20306620,400,400,,
0,0,1,20306621,400,400,,
0,0,1,20306622,400,400,,
0,0,1,20306623,400,400,,
0,0,1,20306624,400,400,,
0,0,1,20306625,400,400,,
0,0,1,20306626,400,400,,
0,0,1,20306627,400,400,,
0,0,1,20306628,400,400,,
0,0,1,20306629,400,400,,
0,0,1,20306630,400,400,,
0,0,1,20306631,400,400,,
0,0,1,20306632,400,400,,
0,0,1,20306633,400,400,,
0,0,1,20306634,400,400,,
0,0,1,20306635,400,400,,
0,0,1,20306636,400,400,,
0,0,1,20306637,400,400,,
0,0,1,20306638,400,400,,
0,0,1,20306639,400,400,,
0,0,1,20306640,400,400,,
0,0,1,20306641,400,400,,
0,0,1,20306642,400,400,,
0,0,1,20306643,400,400,,
0,0,1,20306644,400,400,,
0,0,1,20306645,400,400,,
0,0,1,20306646,400,400,,
0,0,1,20306647,400,400,,
0,0,1,20306648,400,400,,
0,0,1,20306649,400,400,,
0,0,1,20306650,400,400,,
0,0,1,20306651,400,400,,
0,0,1,20306652,400,400,,
0,0,1,20306653,400,400,,
0,0,1,20306654,400,400,,
0,0,1,20306655,400,400,,
0,0,1,20306656,400,400,,
0,0,1,20306657,400,400,,
0,0,1,20306658,400,400,,
0,0,1,20306659,400,400,,
0,0,1,20306660,400,400,,
0,0,1,20306661,400,400,,
0,0,1,20306662,400,400,,
0,0,1,20306663,400,400,,
0,0,1,20306664,400,400,,
0,0,1,20306665,400,400,,
0,0,1,20306666,400,400,,
0,0,1,20306667,400,400,,
0,0,1,20306668,400,400,,
0,0,1,20306669,400,400,,
0,0,1,20306670,400,400,,
0,0,1,20306671,400,400,,
0,0,1,20306672,400,400,,
0,0,1,20306673,400,400,,
0,0,1,20306674,400,400,,
0,0,1,20306675,400,400,,
0,0,1,20306676,400,400,,
0,0,1,20306677,400,400,,
0,0,1,20306678,400,400,,
0,0,1,20306679,400,400,,
0,0,1,20306680,400,400,,
0,0,1,20306681,400,400,,
0,0,1,20306682,400,400,,
0,0,1,20306683,400,400,,
0,0,1,20306684,400,400,,
0,0,1,20306685,400,400,,
0,0,1,20306686,400,400,,
0,0,1,20306687,400,400,,
0,0,1,20306688,400,400,,
0,0,1,20306689,400,400,,
0,0,1,20306690,400,400,,
0,0,1,20306691,400,400,,
0,0,1,20306692,400,400,,
0,0,1,20306693,400,400,,
0,0,1,20306694,400,400,,
0,0,1,20306695,400,400,,
0,0,1,20306696,400,400,,
0,0,1,20306697,400,400,,
0,0,1,20306698,400,400,,
0,0,1,20306699,400,400,,
0,0,1,20306700,400,400,,
0,0,1,20306701,400,400,,
0,0,1,20306702,400,400,,
0,0,1,20306703,400,400,,
0,0,1,20306704,400,400,,
0,0,1,20306705,400,400,,
0,0,1,20306706,400,400,,
0,0,1,20306707,400,400,,
0,0,1,20306708,400,400,,
0,0,1,20306709,400,400,,
0,0,1,20306710,400,400,,
0,0,1,20306711,400,400,,
0,0,1,20306712,400,400,,
0,0,1,20306713,400,400,,
0,0,1,20306714,400,400,,
0,0,1,20306715,400,400,,
0,0,1,20306716,400,400,,
0,0,1,20306717,400,400,,
0,0,1,20306718,400,400,,
0,0,1,20306719,400,400,,
0,0,1,20306720,400,400,,
0,0,1,20306721,400,400,,
0,0,1,20306722,400,400,,
0,0,1,20306723,400,400,,
0,0,1,20306724,400,400,,
0,0,1,20306725,400,400,,
0,0,1,20306726,400,400,,
0,0,1,20306727,400,400,,
0,0,1,20306728,400,400,,
0,0,1,20306729,400,400,,
0,0,1,20306730,400,400,,
0,0,1,20306731,400,400,,
0,0,1,20306732,400,400,,
0,0,1,20306733,400,400,,
0,0,1,20306734,400,400,,
0,0,1,20306735,400,400,,
0,0,1,20306736,400,400,,
0,0,1,20306737,400,400,,
0,0,1,20306738,400,400,,
0,0,1,20306739,400,400,,
0,0,1,20306740,400,400,,
0,0,1,20306741,400,400,,
0,0,1,20306742,400,400,,
0,0,1,20306743,400,400,,
0,0,1,20306744,400,400,,
0,0,1,20306745,400,400,,
0,0,1,20306746,400,400,,
0,0,1,20306747,400,400,,
0,0,1,20306748,400,400,,
0,0,1,20306749,400,400,,
0,0,1,20306750,400,400,,
0,0,1,20306751,400,400,,
0,0,1,20306752,400,400,,
0,0,1,20306753,400,400,,
0,0,1,20306754,400,400,,
0,0,1,20306755,400,400,,
0,0,1,20306756,400,400,,
0,0,1,20306757,400,400,,
0,0,1,20306758,400,400,,
0,0,1,20306759,400,400,,
0,0,1,20306760,400,400,,
0,0,1,20306761,400,400,,
0,0,1,20306762,400,400,,
0,0,1,20306763,400,400,,
0,0,1,20306764,400,400,,
0,0,1,20306765,400,400,,
0,0,1,20306766,400,400,,
0,0,1,20306767,400,400,,
0,0,1,20306768,400,400,,
0,0,1,20306769,400,400,,
0,0,1,20306770,400,400,,
0,0,1,20306771,400,400,,
0,0,1,20306772,400,400,,
0,0,1,20306773,400,400,,
0,0,1,20306774,400,400,,
0,0,1,20306775,400,400,,
0,0,1,20306776,400,400,,
0,0,1,20306777,400,400,,
0,0,1,20306778,400,400,,
0,0,1,20306779,400,400,,
0,0,1,20306780,400,400,,
0,0,1,20306781,400,400,,
0,0,1,20306782,400,400,,
0,0,1,20306783,400,400,,
0,0,1,20306784,400,400,,
0,0,1,20306785,400,400,,
0,0,1,20306786,400,400,,
0,0,1,20306787,400,400,,
0,0,1,20306788,400,400,,
0,0,1,20306789,400,400,,
0,0,1,20306790,400,400,,
0,0,1,20306791,400,400,,
0,0,1,20306792,400,400,,
0,0,1,20306793,400,400,,
0,0,1,20306794,400,400,,
0,0,1,20306795,400,400,,
0,0,1,20306796,400,400,,
0,0,1,20306797,400,400,,
0,0,1,20306798,400,400,,
0,0,1,20306799,400,400,,
0,0,1,20306800,400,400,,
0,0,1,20306801,400,400,,
0,0,1,20306802,400,400,,
0,0,1,20306803,400,400,,
0,0,1,20306804,400,400,,
0,0,1,20306805,400,400,,
0,0,1,20306806,400,400,,
0,0,1,20306807,400,400,,
0,0,1,20306808,400,400,,
0,0,1,20306809,400,400,,
0,0,1,20306810,400,400,,
0,0,1,20306811,400,400,,
0,0,1,20306812,400,400,,
0,0,1,20306813,400,400,,
0,0,1,20306814,400,400,,
0,0,1,20306815,400,400,,
0,0,1,20306816,400,400,,
0,0,1,20306817,400,400,,
0,0,1,20306818,400,400,,
0,0,1,20306819,400,400,,
0,0,1,20306820,400,400,,
0,0,1,20306821,400,400,,
0,0,1,20306822,400,400,,
0,0,1,20306823,400,400,,
0,0,1,20306824,400,400,,
0,0,1,20306825,400,400,,
0,0,1,20306826,400,400,,
0,0,1,20306827,400,400,,
0,0,1,20306828,400,400,,
0,0,1,20306829,400,400,,
0,0,1,20306830,400,400,,
0,0,1,20306831,400,400,,
0,0,1,20306832,400,400,,
0,0,1,20306833,400,400,,
0,0,1,20306834,400,400,,
0,0,1,20306835,400,400,,
0,0,1,20306836,400,400,,
0,0,1,20306837,400,400,,
0,0,1,20306838,400,400,,
0,0,1,20306839,400,400,,
0,0,1,20306840,400,400,,
0,0,1,20306841,400,400,,
0,0,1,20306842,400,400,,
0,0,1,20306843,400,400,,
0,0,1,20306844,400,400,,
0,0,1,20306845,400,400,,
0,0,1,20306846,400,400,,
0,0,1,20306847,400,400,,
0,0,1,20306848,400,400,,
0,0,1,20306849,400,400,,
0,0,1,20306850,400,400,,
0,0,1,20306851,400,400,,
0,0,1,20306852,400,400,,
0,0,1,20306853,400,400,,
0,0,1,20306854,400,400,,
0,0,1,20306855,400,400,,
0,0,1,20306856,400,400,,
0,0,1,20306857,400,400,,
0,0,1,20306858,400,400,,
0,0,1,20306859,400,400,,
0,0,1,20306860,400,400,,
0,0,1,20306861,400,400,,
0,0,1,20306862,400,400,,
0,0,1,20306863,400,400,,
0,0,1,20306864,400,400,,
0,0,1,20306865,400,400,,
0,0,1,20306866,400,400,,
0,0,1,20306867,400,400,,
0,0,1,20306868,400,400,,
0,0,1,20306869,400,400,,
0,0,1,20306870,400,400,,
0,0,1,20306871,400,400,,
0,0,1,20306872,400,400,,
0,0,1,20306873,400,400,,
0,0,1,20306874,400,400,,
0,0,1,20306875,400,400,,
0,0,1,20306876,400,400,,
0,0,1,20306877,400,400,,
0,0,1,20306878,400,400,,
0,0,1,20306879,400,400,,
0,0,1,20306880,400,400,,
0,0,1,20306881,400,400,,
0,0,1,20306882,400,400,,
0,0,1,20306883,400,400,,
0,0,1,20306884,400,400,,
0,0,1,20306885,400,400,,
0,0,1,20306886,400,400,,
0,0,1,20306887,400,400,,
0,0,1,20306888,400,400,,
0,0,1,20306889,400,400,,
0,0,1,20306890,400,400,,
0,0,1,20306891,400,400,,
0,0,1,20306892,400,400,,
0,0,1,20306893,400,400,,
0,0,1,20306894,400,400,,
0,0,1,20306895,400,400,,
0,0,1,20306896,400,400,,
0,0,1,20306897,400,400,,
0,0,1,20306898,400,400,,
0,0,1,20306899,400,400,,
0,0,1,20306900,400,400,,
0,0,1,20306901,400,400,,
0,0,1,20306902,400,400,,
0,0,1,20306903,400,400,,
0,0,1,20306904,400,400,,
0,0,1,20306905,400,400,,
0,0,1,20306906,400,400,,
0,0,1,20306907,400,400,,
0,0,1,20306908,400,400,,
0,0,1,20306909,400,400,,
0,0,1,20306910,400,400,,
0,0,1,20306911,400,400,,
0,0,1,20306912,400,400,,
0,0,1,20306913,400,400,,
0,0,1,20306914,400,400,,
0,0,1,20306915,400,400,,
0,0,1,20306916,400,400,,
0,0,1,20306917,400,400,,
0,0,1,20306918,400,400,,
0,0,1,20306919,400,400,,
0,0,1,20306920,400,400,,
0,0,1,20306921,400,400,,
0,0,1,20306922,400,400,,
0,0,1,20306923,400,400,,
0,0,1,20306924,400,400,,
0,0,1,20306925,400,400,,
0,0,1,20306926,400,400,,
0,0,1,20306927,400,400,,
0,0,1,20306928,400,400,,
0,0,1,20306929,400,400,,
0,0,1,20306930,400,400,,
0,0,1,20306931,400,400,,
0,0,1,20306932,400,400,,
0,0,1,20306933,400,400,,
0,0,1,20306934,400,400,,
0,0,1,20306935,400,400,,
0,0,1,20306936,400,400,,
0,0,1,20306937,400,400,,
0,0,1,20306938,400,400,,
0,0,1,20306939,400,400,,
0,0,1,20306940,400,400,,
0,0,1,20306941,400,400,,
0,0,1,20306942,400,400,,
0,0,1,20306943,400,400,,
0,0,1,20306944,400,400,,
0,0,1,20306945,400,400,,
0,0,1,20306946,400,400,,
0,0,1,20306947,400,400,,
0,0,1,20306948,400,400,,
0,0,1,20306949,400,400,,
0,0,1,20306950,400,400,,
0,0,1,20306951,400,400,,
0,0,1,20306952,400,400,,
0,0,1,20306953,400,400,,
0,0,1,20306954,400,400,,
0,0,1,20306955,400,400,,
0,0,1,20306956,400,400,,
0,0,1,20306957,400,400,,
0,0,1,20306958,400,400,,
0,0,1,20306959,400,400,,
0,0,1,20306960,400,400,,
0,0,1,20306961,400,400,,
0,0,1,20306962,400,400,,
0,0,1,20306963,400,400,,
0,0,1,20306964,400,400,,
0,0,1,20306965,400,400,,
0,0,1,20306966,400,400,,
0,0,1,20306967,400,400,,
0,0,1,20306968,400,400,,
0,0,1,20306969,400,400,,
0,0,1,20306970,400,400,,
0,0,1,20306971,400,400,,
0,0,1,20306972,400,400,,
0,0,1,20306973,400,400,,
0,0,1,20306974,400,400,,
0,0,1,20306975,400,400,,
0,0,1,20306976,400,400,,
0,0,1,20306977,400,400,,
0,0,1,20306978,400,400,,
0,0,1,20306979,400,400,,
0,0,1,20306980,400,400,,
0,0,1,20306981,400,400,,
0,0,1,20306982,400,400,,
0,0,1,20306983,400,400,,
0,0,1,20306984,400,400,,
0,0,1,20306985,400,400,,
0,0,1,20306986,400,400,,
0,0,1,20306987,400,400,,
0,0,1,20306988,400,400,,
0,0,1,20306989,400,400,,
0,0,1,20306990,400,400,,
0,0,1,20306991,400,400,,
0,0,1,20306992,400,400,,
0,0,1,20306993,400,400,,
0,0,1,20306994,400,400,,
0,0,1,20306995,400,400,,
0,0,1,20306996,400,400,,
0,0,1,20306997,400,400,,
0,0,1,20306998,400,400,,
0,0,1,20306999,400,400,,
0,0,1,20307000,400,400,,
0,0,1,20307001,400,400,,
0,0,1,20307002,400,400,,
0,0,1,20307003,400,400,,
0,0,1,20307004,400,400,,
0,0,1,20307005,400,400,,
0,0,1,20307006,400,400,,
0,0,1,20307007,400,400,,
0,0,1,20307008,400,400,,
0,0,1,20307009,400,400,,
0,0,1,20307010,400,400,,
0,0,1,20307011,400,400,,
0,0,1,20307012,400,400,,
0,0,1,20307013,400,400,,
0,0,1,20307014,400,400,,
0,0,1,20307015,400,400,,
0,0,1,20307016,400,400,,
0,0,1,20307017,400,400,,
0,0,1,20307018,400,400,,
0,0,1,20307019,400,400,,
0,0,1,20307020,400,400,,
0,0,1,20307021,400,400,,
0,0,1,20307022,400,400,,
0,0,1,20307023,400,400,,
0,0,1,20307024,400,400,,
0,0,1,20307025,400,400,,
0,0,1,20307026,400,400,,
0,0,1,20307027,400,400,,
0,0,1,20307028,400,400,,
0,0,1,20307029,400,400,,
0,0,1,20307030,400,400,,
0,0,1,20307031,400,400,,
0,0,1,20307032,400,400,,
0,0,1,20307033,400,400,,
0,0,1,20307034,400,400,,
0,0,1,20307035,400,400,,
0,0,1,20307036,400,400,,
0,0,1,20307037,400,400,,
0,0,1,20307038,400,400,,
0,0,1,20307039,400,400,,
0,0,1,20307040,400,400,,
0,0,1,20307041,400,400,,
0,0,1,20307042,400,400,,
0,0,1,20307043,400,400,,
0,0,1,20307044,400,400,,
0,0,1,20307045,400,400,,
0,0,1,20307046,400,400,,
0,0,1,20307047,400,400,,
0,0,1,20307048,400,400,,
0,0,1,20307049,400,400,,
0,0,1,20307050,400,400,,
0,0,1,20307051,400,400,,
0,0,1,20307052,400,400,,
0,0,1,20307053,400,400,,
0,0,1,20307054,400,400,,
0,0,1,20307055,400,400,,
0,0,1,20307056,400,400,,
0,0,1,20307057,400,400,,
0,0,1,20307058,400,400,,
0,0,1,20307059,400,400,,
0,0,1,20307060,400,400,,
0,0,1,20307061,400,400,,
0,0,1,20307062,400,400,,
0,0,1,20307063,400,400,,
0,0,1,20307064,400,400,,
0,0,1,20307065,400,400,,
0,0,1,20307066,400,400,,
0,0,1,20307067,400,400,,
0,0,1,20307068,400,400,,
0,0,1,20307069,400,400,,
0,0,1,20307070,400,400,,
0,0,1,20307071,400,400,,
0,0,1,20307072,400,400,,
0,0,1,20307073,400,400,,
0,0,1,20307074,400,400,,
0,0,1,20307075,400,400,,
0,0,1,20307076,400,400,,
0,0,1,20307077,400,400,,
0,0,1,20307078,400,400,,
0,0,1,20307079,400,400,,
0,0,1,20307080,400,400,,
0,0,1,20307081,400,400,,
0,0,1,20307082,400,400,,
0,0,1,20307083,400,400,,
0,0,1,20307084,400,400,,
0,0,1,20307085,400,400,,
0,0,1,20307086,400,400,,
0,0,1,20307087,400,400,,
0,0,1,20307088,400,400,,
0,0,1,20307089,400,400,,
0,0,1,20307090,400,400,,
0,0,1,20307091,400,400,,
0,0,1,20307092,400,400,,
0,0,1,20307093,400,400,,
0,0,1,20307094,400,400,,
0,0,1,20307095,400,400,,
0,0,1,20307096,400,400,,
0,0,1,20307097,400,400,,
0,0,1,20307098,400,400,,
0,0,1,20307099,400,400,,
0,0,1,20307100,400,400,,
0,0,1,20307101,400,400,,
0,0,1,20307102,400,400,,
0,0,1,20307103,400,400,,
0,0,1,20307104,400,400,,
0,0,1,20307105,400,400,,
0,0,1,20307106,400,400,,
0,0,1,20307107,400,400,,
0,0,1,20307108,400,400,,
0,0,1,20307109,400,400,,
0,0,1,20307110,400,400,,
0,0,1,20307111,400,400,,
0,0,1,20307112,400,400,,
0,0,1,20307113,400,400,,
0,0,1,20307114,400,400,,
0,0,1,20307115,400,400,,
0,0,1,20307116,400,400,,
0,0,1,20307117,400,400,,
0,0,1,20307118,400,400,,
0,0,1,20307119,400,400,,
0,0,1,20307120,400,400,,
0,0,1,20307121,400,400,,
0,0,1,20307122,400,400,,
0,0,1,20307123,400,400,,
0,0,1,20307124,400,400,,
0,0,1,20307125,400,400,,
0,0,1,20307126,400,400,,
0,0,1,20307127,400,400,,
0,0,1,20307128,400,400,,
0,0,1,20307129,400,400,,
0,0,1,20307130,400,400,,
0,0,1,20307131,400,400,,
0,0,1,20307132,400,400,,
0,0,1,20307133,400,400,,
0,0,1,20307134,400,400,,
0,0,1,20307135,400,400,,
0,0,1,20307136,400,400,,
0,0,1,20307137,400,400,,
0,0,1,20307138,400,400,,
0,0,1,20307139,400,400,,
0,0,1,20307140,400,400,,
0,0,1,20307141,400,400,,
0,0,1,20307142,400,400,,
0,0,1,20307143,400,400,,
0,0,1,20307144,400,400,,
0,0,1,20307145,400,400,,
0,0,1,20307146,400,400,,
0,0,1,20307147,400,400,,
0,0,1,20307148,400,400,,
0,0,1,20307149,400,400,,
0,0,1,20307150,400,400,,
0,0,1,20307151,400,400,,
0,0,1,20307152,400,400,,
0,0,1,20307153,400,400,,
0,0,1,20307154,400,400,,
0,0,1,20307155,400,400,,
0,0,1,20307156,400,400,,
0,0,1,20307157,400,400,,
0,0,1,20307158,400,400,,
0,0,1,20307159,400,400,,
0,0,1,20307160,400,400,,
0,0,1,20307161,400,400,,
0,0,1,20307162,400,400,,
0,0,1,20307163,400,400,,
0,0,1,20307164,400,400,,
0,0,1,20307165,400,400,,
0,0,1,20307166,400,400,,
0,0,1,20307167,400,400,,
0,0,1,20307168,400,400,,
0,0,1,20307169,400,400,,
0,0,1,20307170,400,400,,
0,0,1,20307171,400,400,,
0,0,1,20307172,400,400,,
0,0,1,20307173,400,400,,
0,0,1,20307174,400,400,,
0,0,1,20307175,400,400,,
0,0,1,20307176,400,400,,
0,0,1,20307177,400,400,,
0,0,1,20307178,400,400,,
0,0,1,20307179,400,400,,
0,0,1,20307180,400,400,,
0,0,1,20307181,400,400,,
0,0,1,20307182,400,400,,
0,0,1,20307183,400,400,,
0,0,1,20307184,400,400,,
0,0,1,20307185,400,400,,
0,0,1,20307186,400,400,,
0,0,1,20307187,400,400,,
0,0,1,20307188,400,400,,
0,0,1,20307189,400,400,,
0,0,1,20307190,400,400,,
0,0,1,20307191,400,400,,
0,0,1,20307192,400,400,,
0,0,1,20307193,400,400,,
0,0,1,20307194,400,400,,
0,0,1,20307195,400,400,,
0,0,1,20307196,400,400,,
0,0,1,20307197,400,400,,
0,0,1,20307198,400,400,,
0,0,1,20307199,400,400,,
0,0,1,20307200,400,400,,
0,0,1,20307201,400,400,,
0,0,1,20307202,400,400,,
0,0,1,20307203,400,400,,
0,0,1,20307204,400,400,,
0,0,1,20307205,400,400,,
0,0,1,20307206,400,400,,
0,0,1,20307207,400,400,,
0,0,1,20307208,400,400,,
0,0,1,20307209,400,400,,
0,0,1,20307210,400,400,,
0,0,1,20307211,400,400,,
0,0,1,20307212,400,400,,
0,0,1,20307213,400,400,,
0,0,1,20307214,400,400,,
0,0,1,20307215,400,400,,
0,0,1,20307216,400,400,,
0,0,1,20307217,400,400,,
0,0,1,20307218,400,400,,
0,0,1,20307219,400,400,,
0,0,1,20307220,400,400,,
0,0,1,20307221,400,400,,
0,0,1,20307222,400,400,,
0,0,1,20307223,400,400,,
0,0,1,20307224,400,400,,
0,0,1,20307225,400,400,,
0,0,1,20307226,400,400,,
0,0,1,20307227,400,400,,
0,0,1,20307228,400,400,,
0,0,1,20307229,400,400,,
0,0,1,20307230,400,400,,
0,0,1,20307231,400,400,,
0,0,1,20307232,400,400,,
0,0,1,20307233,400,400,,
0,0,1,20307234,400,400,,
0,0,1,20307235,400,400,,
0,0,1,20307236,400,400,,
0,0,1,20307237,400,400,,
0,0,1,20307238,400,400,,
0,0,1,20307239,400,400,,
0,0,1,20307240,400,400,,
0,0,1,20307241,400,400,,
0,0,1,20307242,400,400,,
0,0,1,20307243,400,400,,
0,0,1,20307244,400,400,,
0,0,1,20307245,400,400,,
0,0,1,20307246,400,400,,
0,0,1,20307247,400,400,,
0,0,1,20307248,400,400,,
0,0,1,20307249,400,400,,
0,0,1,20307250,400,400,,
0,0,1,20307251,400,400,,
0,0,1,20307252,400,400,,
0,0,1,20307253,400,400,,
0,0,1,20307254,400,400,,
0,0,1,20307255,400,400,,
0,0,1,20307256,400,400,,
0,0,1,20307257,400,400,,
0,0,1,20307258,400,400,,
0,0,1,20307259,400,400,,
0,0,1,20307260,400,400,,
0,0,1,20307261,400,400,,
0,0,1,20307262,400,400,,
0,0,1,20307263,400,400,,
0,0,1,20307264,400,400,,
0,0,1,20307265,400,400,,
0,0,1,20307266,400,400,,
0,0,1,20307267,400,400,,
0,0,1,20307268,400,400,,
0,0,1,20307269,400,400,,
0,0,1,20307270,400,400,,
0,0,1,20307271,400,400,,
0,0,1,20307272,400,400,,
0,0,1,20307273,400,400,,
0,0,1,20307274,400,400,,
0,0,1,20307275,400,400,,
0,0,1,20307276,400,400,,
0,0,1,20307277,400,400,,
0,0,1,20307278,400,400,,
0,0,1,20307279,400,400,,
0,0,1,20307280,400,400,,
0,0,1,20307281,400,400,,
0,0,1,20307282,400,400,,
0,0,1,20307283,400,400,,
0,0,1,20307284,400,400,,
0,0,1,20307285,400,400,,
0,0,1,20307286,400,400,,
0,0,1,20307287,400,400,,
0,0,1,20307288,400,400,,
0,0,1,20307289,400,400,,
0,0,1,20307290,400,400,,
0,0,1,20307291,400,400,,
0,0,1,20307292,400,400,,
0,0,1,20307293,400,400,,
0,0,1,20307294,400,400,,
0,0,1,20307295,400,400,,
0,0,1,20307296,400,400,,
0,0,1,20307297,400,400,,
0,0,1,20307298,400,400,,
0,0,1,20307299,400,400,,
0,0,1,20307300,400,400,,
0,0,1,20307301,400,400,,
0,0,1,20307302,400,400,,
0,0,1,20307303,400,400,,
0,0,1,20307304,400,400,,
0,0,1,20307305,400,400,,
0,0,1,20307306,400,400,,
0,0,1,20307307,400,400,,
0,0,1,20307308,400,400,,
0,0,1,20307309,400,400,,
0,0,1,20307310,400,400,,
0,0,1,20307311,400,400,,
0,0,1,20307312,400,400,,
0,0,1,20307313,400,400,,
0,0,1,20307314,400,400,,
0,0,1,20307315,400,400,,
0,0,1,20307316,400,400,,
0,0,1,20307317,400,400,,
0,0,1,20307318,400,400,,
0,0,1,20307319,400,400,,
0,0,1,20307320,400,400,,
0,0,1,20307321,400,400,,
0,0,1,20307322,400,400,,
0,0,1,20307323,400,400,,
0,0,1,20307324,400,400,,
0,0,1,20307325,400,400,,
0,0,1,20307326,400,400,,
0,0,1,20307327,400,400,,
0,0,1,20307328,400,400,,
0,0,1,20307329,400,400,,
0,0,1,20307330,400,400,,
0,0,1,20307331,400,400,,
0,0,1,20307332,400,400,,
0,0,1,20307333,400,400,,
0,0,1,20307334,400,400,,
0,0,1,20307335,400,400,,
0,0,1,20307336,400,400,,
0,0,1,20307337,400,400,,
0,0,1,20307338,400,400,,
0,0,1,20307339,400,400,,
0,0,1,20307340,400,400,,
0,0,1,20307341,400,400,,
0,0,1,20307342,400,400,,
0,0,1,20307343,400,400,,
0,0,1,20307344,400,400,,
0,0,1,20307345,400,400,,
0,0,1,20307346,400,400,,
0,0,1,20307347,400,400,,
0,0,1,20307348,400,400,,
0,0,1,20307349,400,400,,
0,0,1,20307350,400,400,,
0,0,1,20307351,400,400,,
0,0,1,20307352,400,400,,
0,0,1,20307353,400,400,,
0,0,1,20307354,400,400,,
0,0,1,20307355,400,400,,
0,0,1,20307356,400,400,,
0,0,1,20307357,400,400,,
0,0,1,20307358,400,400,,
0,0,1,20307359,400,400,,
0,0,1,20307360,400,400,,
0,0,1,20307361,400,400,,
0,0,1,20307362,400,400,,
0,0,1,20307363,400,400,,
0,0,1,20307364,400,400,,
0,0,1,20307365,400,400,,
0,0,1,20307366,400,400,,
0,0,1,20307367,400,400,,
0,0,1,20307368,400,400,,
0,0,1,20307369,400,400,,
0,0,1,20307370,400,400,,
0,0,1,20307371,400,400,,
0,0,1,20307372,400,400,,
0,0,1,20307373,400,400,,
0,0,1,20307374,400,400,,
0,0,1,20307375,400,400,,
0,0,1,20307376,400,400,,
0,0,1,20307377,400,400,,
0,0,1,20307378,400,400,,
0,0,1,20307379,400,400,,
0,0,1,20307380,400,400,,
0,0,1,20307381,400,400,,
0,0,1,20307382,400,400,,
0,0,1,20307383,400,400,,
0,0,1,20307384,400,400,,
0,0,1,20307385,400,400,,
0,0,1,20307386,400,400,,
0,0,1,20307387,400,400,,
0,0,1,20307388,400,400,,
0,0,1,20307389,400,400,,
0,0,1,20307390,400,400,,
0,0,1,20307391,400,400,,
0,0,1,20307392,400,400,,
0,0,1,20307393,400,400,,
0,0,1,20307394,400,400,,
0,0,1,20307395,400,400,,
0,0,1,20307396,400,400,,
0,0,1,20307397,400,400,,
0,0,1,20307398,400,400,,
0,0,1,20307399,400,400,,
0,0,1,20307400,400,400,,
0,0,1,20307401,400,400,,
0,0,1,20307402,400,400,,
0,0,1,20307403,400,400,,
0,0,1,20307404,400,400,,
0,0,1,20307405,400,400,,
0,0,1,20307406,400,400,,
0,0,1,20307407,400,400,,
0,0,1,20307408,400,400,,
0,0,1,20307409,400,400,,
0,0,1,20307410,400,400,,
0,0,1,20307411,400,400,,
0,0,1,20307412,400,400,,
0,0,1,20307413,400,400,,
0,0,1,20307414,400,400,,
0,0,1,20307415,400,400,,
0,0,1,20307416,400,400,,
0,0,1,20307417,400,400,,
0,0,1,20307418,400,400,,
0,0,1,20307419,400,400,,
0,0,1,20307420,400,400,,
0,0,1,20307421,400,400,,
0,0,1,20307422,400,400,,
0,0,1,20307423,400,400,,
0,0,1,20307424,400,400,,
0,0,1,20307425,400,400,,
0,0,1,20307426,400,400,,
0,0,1,20307427,400,400,,
0,0,1,20307428,400,400,,
0,0,1,20307429,400,400,,
0,0,1,20307430,400,400,,
0,0,1,20307431,400,400,,
0,0,1,20307432,400,400,,
0,0,1,20307433,400,400,,
0,0,1,20307434,400,400,,
0,0,1,20307435,400,400,,
0,0,1,20307436,400,400,,
0,0,1,20307437,400,400,,
0,0,1,20307438,400,400,,
0,0,1,20307439,400,400,,
0,0,1,20307440,400,400,,
0,0,1,20307441,400,400,,
0,0,1,20307442,400,400,,
0,0,1,20307443,400,400,,
0,0,1,20307444,400,400,,
0,0,1,20307445,400,400,,
0,0,1,20307446,400,400,,
0,0,1,20307447,400,400,,
0,0,1,20307448,400,400,,
0,0,1,20307449,400,400,,
0,0,1,20307450,400,400,,
0,0,1,20307451,400,400,,
0,0,1,20307452,400,400,,
0,0,1,20307453,400,400,,
0,0,1,20307454,400,400,,
0,0,1,20307455,400,400,,
0,0,1,20307456,400,400,,
0,0,1,20307457,400,400,,
0,0,1,20307458,400,400,,
0,0,1,20307459,400,400,,
0,0,1,20307460,400,400,,
0,0,1,20307461,400,400,,
0,0,1,20307462,400,400,,
0,0,1,20307463,400,400,,
0,0,1,20307464,400,400,,
0,0,1,20307465,400,400,,
0,0,1,20307466,400,400,,
0,0,1,20307467,400,400,,
0,0,1,20307468,400,400,,
0,0,1,20307469,400,400,,
0,0,1,20307470,400,400,,
0,0,1,20307471,400,400,,
0,0,1,20307472,400,400,,
0,0,1,20307473,400,400,,
0,0,1,20307474,400,400,,
0,0,1,20307475,400,400,,
0,0,1,20307476,400,400,,
0,0,1,20307477,400,400,,
0,0,1,20307478,400,400,,
0,0,1,20307479,400,400,,
0,0,1,20307480,400,400,,
0,0,1,20307481,400,400,,
0,0,1,20307482,400,400,,
0,0,1,20307483,400,400,,
0,0,1,20307484,400,400,,
0,0,1,20307485,400,400,,
0,0,1,20307486,400,400,,
0,0,1,20307487,400,400,,
0,0,1,20307488,400,400,,
0,0,1,20307489,400,400,,
0,0,1,20307490,400,400,,
0,0,1,20307491,400,400,,
0,0,1,20307492,400,400,,
0,0,1,20307493,400,400,,
0,0,1,20307494,400,400,,
0,0,1,20307495,400,400,,
0,0,1,20307496,400,400,,
0,0,1,20307497,400,400,,
0,0,1,20307498,400,400,,
0,0,1,20307499,400,400,,
0,0,1,20307500,400,400,,
0,0,1,20307501,400,400,,
0,0,1,20307502,400,400,,
0,0,1,20307503,400,400,,
0,0,1,20307504,400,400,,
0,0,1,20307505,400,400,,
0,0,1,20307506,400,400,,
0,0,1,20307507,400,400,,
0,0,1,20307508,400,400,,
0,0,1,20307509,400,400,,
0,0,1,20307510,400,400,,
0,0,1,20307511,400,400,,
0,0,1,20307512,400,400,,
0,0,1,20307513,400,400,,
0,0,1,20307514,400,400,,
0,0,1,20307515,400,400,,
0,0,1,20307516,400,400,,
0,0,1,20307517,400,400,,
0,0,1,20307518,400,400,,
0,0,1,20307519,400,400,,
0,0,1,20307520,400,400,,
0,0,1,20307521,400,400,,
0,0,1,20307522,400,400,,
0,0,1,20307523,400,400,,
0,0,1,20307524,400,400,,
0,0,1,20307525,400,400,,
0,0,1,20307526,400,400,,
0,0,1,20307527,400,400,,
0,0,1,20307528,400,400,,
0,0,1,20307529,400,400,,
0,0,1,20307530,400,400,,
0,0,1,20307531,400,400,,
0,0,1,20307532,400,400,,
0,0,1,20307533,400,400,,
0,0,1,20307534,400,400,,
0,0,1,20307535,400,400,,
0,0,1,20307536,400,400,,
0,0,1,20307537,400,400,,
0,0,1,20307538,400,400,,
0,0,1,20307539,400,400,,
0,0,1,20307540,400,400,,
0,0,1,20307541,400,400,,
0,0,1,20307542,400,400,,
0,0,1,20307543,400,400,,
0,0,1,20307544,400,400,,
0,0,1,20307545,400,400,,
0,0,1,20307546,400,400,,
0,0,1,20307547,400,400,,
0,0,1,20307548,400,400,,
0,0,1,20307549,400,400,,
0,0,1,20307550,400,400,,
0,0,1,20307551,400,400,,
0,0,1,20307552,400,400,,
0,0,1,20307553,400,400,,
0,0,1,20307554,400,400,,
0,0,1,20307555,400,400,,
0,0,1,20307556,400,400,,
0,0,1,20307557,400,400,,
0,0,1,20307558,400,400,,
0,0,1,20307559,400,400,,
0,0,1,20307560,400,400,,
0,0,1,20307561,400,400,,
0,0,1,20307562,400,400,,
0,0,1,20307563,400,400,,
0,0,1,20307564,400,400,,
0,0,1,20307565,400,400,,
0,0,1,20307566,400,400,,
0,0,1,20307567,400,400,,
0,0,1,20307568,400,400,,
0,0,1,20307569,400,400,,
0,0,1,20307570,400,400,,
0,0,1,20307571,400,400,,
0,0,1,20307572,400,400,,
0,0,1,20307573,400,400,,
0,0,1,20307574,400,400,,
0,0,1,20307575,400,400,,
0,0,1,20307576,400,400,,
0,0,1,20307577,400,400,,
0,0,1,20307578,400,400,,
0,0,1,20307579,400,400,,
0,0,1,20307580,400,400,,
0,0,1,20307581,400,400,,
0,0,1,20307582,400,400,,
0,0,1,20307583,400,400,,
0,0,1,20307584,400,400,,
0,0,1,20307585,400,400,,
0,0,1,20307586,400,400,,
0,0,1,20307587,400,400,,
0,0,1,20307588,400,400,,
0,0,1,20307589,400,400,,
0,0,1,20307590,400,400,,
0,0,1,20307591,400,400,,
0,0,1,20307592,400,400,,
0,0,1,20307593,400,400,,
0,0,1,20307594,400,400,,
0,0,1,20307595,400,400,,
0,0,1,20307596,400,400,,
0,0,1,20307597,400,400,,
0,0,1,20307598,400,400,,
0,0,1,20307599,400,400,,
0,0,1,20307600,400,400,,
0,0,1,20307601,400,400,,
0,0,1,20307602,400,400,,
0,0,1,20307603,400,400,,
0,0,1,20307604,400,400,,
0,0,1,20307605,400,400,,
0,0,1,20307606,400,400,,
0,0,1,20307607,400,400,,
0,0,1,20307608,400,400,,
0,0,1,20307609,400,400,,
0,0,1,20307610,400,400,,
0,0,1,20307611,400,400,,
0,0,1,20307612,400,400,,
0,0,1,20307613,400,400,,
0,0,1,20307614,400,400,,
0,0,1,20307615,400,400,,
0,0,1,20307616,400,400,,
0,0,1,20307617,400,400,,
0,0,1,20307618,400,400,,
0,0,1,20307619,400,400,,
0,0,1,20307620,400,400,,
0,0,1,20307621,400,400,,
0,0,1,20307622,400,400,,
0,0,1,20307623,400,400,,
0,0,1,20307624,400,400,,
0,0,1,20307625,400,400,,
0,0,1,20307626,400,400,,
0,0,1,20307627,400,400,,
0,0,1,20307628,400,400,,
0,0,1,20307629,400,400,,
0,0,1,20307630,400,400,,
0,0,1,20307631,400,400,,
0,0,1,20307632,400,400,,
0,0,1,20307633,400,400,,
0,0,1,20307634,400,400,,
0,0,1,20307635,400,400,,
0,0,1,20307636,400,400,,
0,0,1,20307637,400,400,,
0,0,1,20307638,400,400,,
0,0,1,20307639,400,400,,
0,0,1,20307640,400,400,,
0,0,1,20307641,400,400,,
0,0,1,20307642,400,400,,
0,0,1,20307643,400,400,,
0,0,1,20307644,400,400,,
0,0,1,20307645,400,400,,
0,0,1,20307646,400,400,,
0,0,1,20307647,400,400,,
0,0,1,20307648,400,400,,
0,0,1,20307649,400,400,,
0,0,1,20307650,400,400,,
0,0,1,20307651,400,400,,
0,0,1,20307652,400,400,,
0,0,1,20307653,400,400,,
0,0,1,20307654,400,400,,
0,0,1,20307655,400,400,,
0,0,1,20307656,400,400,,
0,0,1,20307657,400,400,,
0,0,1,20307658,400,400,,
0,0,1,20307659,400,400,,
0,0,1,20307660,400,400,,
0,0,1,20307661,400,400,,
0,0,1,20307662,400,400,,
0,0,1,20307663,400,400,,
0,0,1,20307664,400,400,,
0,0,1,20307665,400,400,,
0,0,1,20307666,400,400,,
0,0,1,20307667,400,400,,
0,0,1,20307668,400,400,,
0,0,1,20307669,400,400,,
0,0,1,20307670,400,400,,
0,0,1,20307671,400,400,,
0,0,1,20307672,400,400,,
0,0,1,20307673,400,400,,
0,0,1,20307674,400,400,,
0,0,1,20307675,400,400,,
0,0,1,20307676,400,400,,
0,0,1,20307677,400,400,,
0,0,1,20307678,400,400,,
0,0,1,20307679,400,400,,
0,0,1,20307680,400,400,,
0,0,1,20307681,400,400,,
0,0,1,20307682,400,400,,
0,0,1,20307683,400,400,,
0,0,1,20307684,400,400,,
0,0,1,20307685,400,400,,
0,0,1,20307686,400,400,,
0,0,1,20307687,400,400,,
0,0,1,20307688,400,400,,
0,0,1,20307689,400,400,,
0,0,1,20307690,400,400,,
0,0,1,20307691,400,400,,
0,0,1,20307692,400,400,,
0,0,1,20307693,400,400,,
0,0,1,20307694,400,400,,
0,0,1,20307695,400,400,,
0,0,1,20307696,400,400,,
0,0,1,20307697,400,400,,
0,0,1,20307698,400,400,,
0,0,1,20307699,400,400,,
0,0,1,20307700,400,400,,
0,0,1,20307701,400,400,,
0,0,1,20307702,400,400,,
0,0,1,20307703,400,400,,
0,0,1,20307704,400,400,,
0,0,1,20307705,400,400,,
0,0,1,20307706,400,400,,
0,0,1,20307707,400,400,,
0,0,1,20307708,400,400,,
0,0,1,20307709,400,400,,
0,0,1,20307710,400,400,,
0,0,1,20307711,400,400,,
0,0,1,20307712,400,400,,
0,0,1,20307713,400,400,,
0,0,1,20307714,400,400,,
0,0,1,20307715,400,400,,
0,0,1,20307716,400,400,,
0,0,1,20307717,400,400,,
0,0,1,20307718,400,400,,
0,0,1,20307719,400,400,,
0,0,1,20307720,400,400,,
0,0,1,20307721,400,400,,
0,0,1,20307722,400,400,,
0,0,1,20307723,400,400,,
0,0,1,20307724,400,400,,
0,0,1,20307725,400,400,,
0,0,1,20307726,400,400,,
0,0,1,20307727,400,400,,
0,0,1,20307728,400,400,,
0,0,1,20307729,400,400,,
0,0,1,20307730,400,400,,
0,0,1,20307731,400,400,,
0,0,1,20307732,400,400,,
0,0,1,20307733,400,400,,
0,0,1,20307734,400,400,,
0,0,1,20307735,400,400,,
0,0,1,20307736,400,400,,
0,0,1,20307737,400,400,,
0,0,1,20307738,400,400,,
0,0,1,20307739,400,400,,
0,0,1,20307740,400,400,,
0,0,1,20307741,400,400,,
0,0,1,20307742,400,400,,
0,0,1,20307743,400,400,,
0,0,1,20307744,400,400,,
0,0,1,20307745,400,400,,
0,0,1,20307746,400,400,,
0,0,1,20307747,400,400,,
0,0,1,20307748,400,400,,
0,0,1,20307749,400,400,,
0,0,1,20307750,400,400,,
0,0,1,20307751,400,400,,
0,0,1,20307752,400,400,,
0,0,1,20307753,400,400,,
0,0,1,20307754,400,400,,
0,0,1,20307755,400,400,,
0,0,1,20307756,400,400,,
0,0,1,20307757,400,400,,
0,0,1,20307758,400,400,,
0,0,1,20307759,400,400,,
0,0,1,20307760,400,400,,
0,0,1,20307761,400,400,,
0,0,1,20307762,400,400,,
0,0,1,20307763,400,400,,
0,0,1,20307764,400,400,,
0,0,1,20307765,400,400,,
0,0,1,20307766,400,400,,
0,0,1,20307767,400,400,,
0,0,1,20307768,400,400,,
0,0,1,20307769,400,400,,
0,0,1,20307770,400,400,,
0,0,1,20307771,400,400,,
0,0,1,20307772,400,400,,
0,0,1,20307773,400,400,,
0,0,1,20307774,400,400,,
0,0,1,20307775,400,400,,
0,0,1,20307776,400,400,,
0,0,1,20307777,400,400,,
0,0,1,20307778,400,400,,
0,0,1,20307779,400,400,,
0,0,1,20307780,400,400,,
0,0,1,20307781,400,400,,
0,0,1,20307782,400,400,,
0,0,1,20307783,400,400,,
0,0,1,20307784,400,400,,
0,0,1,20307785,400,400,,
0,0,1,20307786,400,400,,
0,0,1,20307787,400,400,,
0,0,1,20307788,400,400,,
0,0,1,20307789,400,400,,
0,0,1,20307790,400,400,,
0,0,1,20307791,400,400,,
0,0,1,20307792,400,400,,
0,0,1,20307793,400,400,,
0,0,1,20307794,400,400,,
0,0,1,20307795,400,400,,
0,0,1,20307796,400,400,,
0,0,1,20307797,400,400,,
0,0,1,20307798,400,400,,
0,0,1,20307799,400,400,,
0,0,1,20307800,400,400,,
0,0,1,20307801,400,400,,
0,0,1,20307802,400,400,,
0,0,1,20307803,400,400,,
0,0,1,20307804,400,400,,
0,0,1,20307805,400,400,,
0,0,1,20307806,400,400,,
0,0,1,20307807,400,400,,
0,0,1,20307808,400,400,,
0,0,1,20307809,400,400,,
0,0,1,20307810,400,400,,
0,0,1,20307811,400,400,,
0,0,1,20307812,400,400,,
0,0,1,20307813,400,400,,
0,0,1,20307814,400,400,,
0,0,1,20307815,400,400,,
0,0,1,20307816,400,400,,
0,0,1,20307817,400,400,,
0,0,1,20307818,400,400,,
0,0,1,20307819,400,400,,
0,0,1,20307820,400,400,,
0,0,1,20307821,400,400,,
0,0,1,20307822,400,400,,
0,0,1,20307823,400,400,,
0,0,1,20307824,400,400,,
0,0,1,20307825,400,400,,
0,0,1,20307826,400,400,,
0,0,1,20307827,400,400,,
0,0,1,20307828,400,400,,
0,0,1,20307829,400,400,,
0,0,1,20307830,400,400,,
0,0,1,20307831,400,400,,
0,0,1,20307832,400,400,,
0,0,1,20307833,400,400,,
0,0,1,20307834,400,400,,
0,0,1,20307835,400,400,,
0,0,1,20307836,400,400,,
0,0,1,20307837,400,400,,
0,0,1,20307838,400,400,,
0,0,1,20307839,400,400,,
0,0,1,20307840,400,400,,
0,0,1,20307841,400,400,,
0,0,1,20307842,400,400,,
0,0,1,20307843,400,400,,
0,0,1,20307844,400,400,,
0,0,1,20307845,400,400,,
0,0,1,20307846,400,400,,
0,0,1,20307847,400,400,,
0,0,1,20307848,400,400,,
0,0,1,20307849,400,400,,
0,0,1,20307850,400,400,,
0,0,1,20307851,400,400,,
0,0,1,20307852,400,400,,
0,0,1,20307853,400,400,,
0,0,1,20307854,400,400,,
0,0,1,20307855,400,400,,
0,0,1,20307856,400,400,,
0,0,1,20307857,400,400,,
0,0,1,20307858,400,400,,
0,0,1,20307859,400,400,,
0,0,1,20307860,400,400,,
0,0,1,20307861,400,400,,
0,0,1,20307862,400,400,,
0,0,1,20307863,400,400,,
0,0,1,20307864,400,400,,
0,0,1,20307865,400,400,,
0,0,1,20307866,400,400,,
0,0,1,20307867,400,400,,
0,0,1,20307868,400,400,,
0,0,1,20307869,400,400,,
0,0,1,20307870,400,400,,
0,0,1,20307871,400,400,,
0,0,1,20307872,400,400,,
0,0,1,20307873,400,400,,
0,0,1,20307874,400,400,,
0,0,1,20307875,400,400,,
0,0,1,20307876,400,400,,
0,0,1,20307877,400,400,,
0,0,1,20307878,400,400,,
0,0,1,20307879,400,400,,
0,0,1,20307880,400,400,,
0,0,1,20307881,400,400,,
0,0,1,20307882,400,400,,
0,0,1,20307883,400,400,,
0,0,1,20307884,400,400,,
0,0,1,20307885,400,400,,
0,0,1,20307886,400,400,,
0,0,1,20307887,400,400,,
0,0,1,20307888,400,400,,
0,0,1,20307889,400,400,,
0,0,1,20307890,400,400,,
0,0,1,20307891,400,400,,
0,0,1,20307892,400,400,,
0,0,1,20307893,400,400,,
0,0,1,20307894,400,400,,
0,0,1,20307895,400,400,,
0,0,1,20307896,400,400,,
0,0,1,20307897,400,400,,
0,0,1,20307898,400,400,,
0,0,1,20307899,400,400,,
0,0,1,20307900,400,400,,
0,0,1,20307901,400,400,,
0,0,1,20307902,400,400,,
0,0,1,20307903,400,400,,
0,0,1,20307904,400,400,,
0,0,1,20307905,400,400,,
0,0,1,20307906,400,400,,
0,0,1,20307907,400,400,,
0,0,1,20307908,400,400,,
0,0,1,20307909,400,400,,
0,0,1,20307910,400,400,,
0,0,1,20307911,400,400,,
0,0,1,20307912,400,400,,
0,0,1,20307913,400,400,,
0,0,1,20307914,400,400,,
0,0,1,20307915,400,400,,
0,0,1,20307916,400,400,,
0,0,1,20307917,400,400,,
0,0,1,20307918,400,400,,
0,0,1,20307919,400,400,,
0,0,1,20307920,400,400,,
0,0,1,20307921,400,400,,
0,0,1,20307922,400,400,,
0,0,1,20307923,400,400,,
0,0,1,20307924,400,400,,
0,0,1,20307925,400,400,,
0,0,1,20307926,400,400,,
0,0,1,20307927,400,400,,
0,0,1,20307928,400,400,,
0,0,1,20307929,400,400,,
0,0,1,20307930,400,400,,
0,0,1,20307931,400,400,,
0,0,1,20307932,400,400,,
0,0,1,20307933,400,400,,
0,0,1,20307934,400,400,,
0,0,1,20307935,400,400,,
0,0,1,20307936,400,400,,
0,0,1,20307937,400,400,,
0,0,1,20307938,400,400,,
0,0,1,20307939,400,400,,
0,0,1,20307940,400,400,,
0,0,1,20307941,400,400,,
0,0,1,20307942,400,400,,
0,0,1,20307943,400,400,,
0,0,1,20307944,400,400,,
0,0,1,20307945,400,400,,
0,0,1,20307946,400,400,,
0,0,1,20307947,400,400,,
0,0,1,20307948,400,400,,
0,0,1,20307949,400,400,,
0,0,1,20307950,400,400,,
0,0,1,20307951,400,400,,
0,0,1,20307952,400,400,,
0,0,1,20307953,400,400,,
0,0,1,20307954,400,400,,
0,0,1,20307955,400,400,,
0,0,1,20307956,400,400,,
0,0,1,20307957,400,400,,
0,0,1,20307958,400,400,,
0,0,1,20307959,400,400,,
0,0,1,20307960,400,400,,
0,0,1,20307961,400,400,,
0,0,1,20307962,400,400,,
0,0,1,20307963,400,400,,
0,0,1,20307964,400,400,,
0,0,1,20307965,400,400,,
0,0,1,20307966,400,400,,
0,0,1,20307967,400,400,,
0,0,1,20307968,400,400,,
0,0,1,20307969,400,400,,
0,0,1,20307970,400,400,,
0,0,1,20307971,400,400,,
0,0,1,20307972,400,400,,
0,0,1,20307973,400,400,,
0,0,1,20307974,400,400,,
0,0,1,20307975,400,400,,
0,0,1,20307976,400,400,,
0,0,1,20307977,400,400,,
0,0,1,20307978,400,400,,
0,0,1,20307979,400,400,,
0,0,1,20307980,400,400,,
0,0,1,20307981,400,400,,
0,0,1,20307982,400,400,,
0,0,1,20307983,400,400,,
0,0,1,20307984,400,400,,
0,0,1,20307985,400,400,,
0,0,1,20307986,400,400,,
0,0,1,20307987,400,400,,
0,0,1,20307988,400,400,,
0,0,1,20307989,400,400,,
0,0,1,20307990,400,400,,
0,0,1,20307991,400,400,,
0,0,1,20307992,400,400,,
0,0,1,20307993,400,400,,
0,0,1,20307994,400,400,,
0,0,1,20307995,400,400,,
0,0,1,20307996,400,400,,
0,0,1,20307997,400,400,,
0,0,1,20307998,400,400,,
0,0,1,20307999,400,400,,
0,0,1,20308000,400,400,,
0,0,1,20308001,400,400,,
0,0,1,20308002,400,400,,
0,0,1,20308003,400,400,,
0,0,1,20308004,400,400,,
0,0,1,20308005,400,400,,
0,0,1,20308006,400,400,,
0,0,1,20308007,400,400,,
0,0,1,20308008,400,400,,
0,0,1,20308009,400,400,,
0,0,1,20308010,400,400,,
0,0,1,20308011,400,400,,
0,0,1,20308012,400,400,,
0,0,1,20308013,400,400,,
0,0,1,20308014,400,400,,
0,0,1,20308015,400,400,,
0,0,1,20308016,400,400,,
0,0,1,20308017,400,400,,
0,0,1,20308018,400,400,,
0,0,1,20308019,400,400,,
0,0,1,20308020,400,400,,
0,0,1,20308021,400,400,,
0,0,1,20308022,400,400,,
0,0,1,20308023,400,400,,
0,0,1,20308024,400,400,,
0,0,1,20308025,400,400,,
0,0,1,20308026,400,400,,
0,0,1,20308027,400,400,,
0,0,1,20308028,400,400,,
0,0,1,20308029,400,400,,
0,0,1,20308030,400,400,,
0,0,1,20308031,400,400,,
0,0,1,20308032,400,400,,
0,0,1,20308033,400,400,,
0,0,1,20308034,400,400,,
0,0,1,20308035,400,400,,
0,0,1,20308036,400,400,,
0,0,1,20308037,400,400,,
0,0,1,20308038,400,400,,
0,0,1,20308039,400,400,,
0,0,1,20308040,400,400,,
0,0,1,20308041,400,400,,
0,0,1,20308042,400,400,,
0,0,1,20308043,400,400,,
0,0,1,20308044,400,400,,
0,0,1,20308045,400,400,,
0,0,1,20308046,400,400,,
0,0,1,20308047,400,400,,
0,0,1,20308048,400,400,,
0,0,1,20308049,400,400,,
0,0,1,20308050,400,400,,
0,0,1,20308051,400,400,,
0,0,1,20308052,400,400,,
0,0,1,20308053,400,400,,
0,0,1,20308054,400,400,,
0,0,1,20308055,400,400,,
0,0,1,20308056,400,400,,
0,0,1,20308057,400,400,,
0,0,1,20308058,400,400,,
0,0,1,20308059,400,400,,
0,0,1,20308060,400,400,,
0,0,1,20308061,400,400,,
0,0,1,20308062,400,400,,
0,0,1,20308063,400,400,,
0,0,1,20308064,400,400,,
0,0,1,20308065,400,400,,
0,0,1,20308066,400,400,,
0,0,1,20308067,400,400,,
0,0,1,20308068,400,400,,
0,0,1,20308069,400,400,,
0,0,1,20308070,400,400,,
0,0,1,20308071,400,400,,
0,0,1,20308072,400,400,,
0,0,1,20308073,400,400,,
0,0,1,20308074,400,400,,
0,0,1,20308075,400,400,,
0,0,1,20308076,400,400,,
0,0,1,20308077,400,400,,
0,0,1,20308078,400,400,,
0,0,1,20308079,400,400,,
0,0,1,20308080,400,400,,
0,0,1,20308081,400,400,,
0,0,1,20308082,400,400,,
0,0,1,20308083,400,400,,
0,0,1,20308084,400,400,,
0,0,1,20308085,400,400,,
0,0,1,20308086,400,400,,
0,0,1,20308087,400,400,,
0,0,1,20308088,400,400,,
0,0,1,20308089,400,400,,
0,0,1,20308090,400,400,,
0,0,1,20308091,400,400,,
0,0,1,20308092,400,400,,
0,0,1,20308093,400,400,,
0,0,1,20308094,400,400,,
0,0,1,20308095,400,400,,
0,0,1,20308096,400,400,,
0,0,1,20308097,400,400,,
0,0,1,20308098,400,400,,
0,0,1,20308099,400,400,,
0,0,1,20308100,400,400,,
0,0,1,20308101,400,400,,
0,0,1,20308102,400,400,,
0,0,1,20308103,400,400,,
0,0,1,20308104,400,400,,
0,0,1,20308105,400,400,,
0,0,1,20308106,400,400,,
0,0,1,20308107,400,400,,
0,0,1,20308108,400,400,,
0,0,1,20308109,400,400,,
0,0,1,20308110,400,400,,
0,0,1,20308111,400,400,,
0,0,1,20308112,400,400,,
0,0,1,20308113,400,400,,
0,0,1,20308114,400,400,,
0,0,1,20308115,400,400,,
0,0,1,20308116,400,400,,
0,0,1,20308117,400,400,,
0,0,1,20308118,400,400,,
0,0,1,20308119,400,400,,
0,0,1,20308120,400,400,,
0,0,1,20308121,400,400,,
0,0,1,20308122,400,400,,
0,0,1,20308123,400,400,,
0,0,1,20308124,400,400,,
0,0,1,20308125,400,400,,
0,0,1,20308126,400,400,,
0,0,1,20308127,400,400,,
0,0,1,20308128,400,400,,
0,0,1,20308129,400,400,,
0,0,1,20308130,400,400,,
0,0,1,20308131,400,400,,
0,0,1,20308132,400,400,,
0,0,1,20308133,400,400,,
0,0,1,20308134,400,400,,
0,0,1,20308135,400,400,,
0,0,1,20308136,400,400,,
0,0,1,20308137,400,400,,
0,0,1,20308138,400,400,,
0,0,1,20308139,400,400,,
0,0,1,20308140,400,400,,
0,0,1,20308141,400,400,,
0,0,1,20308142,400,400,,
0,0,1,20308143,400,400,,
0,0,1,20308144,400,400,,
0,0,1,20308145,400,400,,
0,0,1,20308146,400,400,,
0,0,1,20308147,400,400,,
0,0,1,20308148,400,400,,
0,0,1,20308149,400,400,,
0,0,1,20308150,400,400,,
0,0,1,20308151,400,400,,
0,0,1,20308152,400,400,,
0,0,1,20308153,400,400,,
0,0,1,20308154,400,400,,
0,0,1,20308155,400,400,,
0,0,1,20308156,400,400,,
0,0,1,20308157,400,400,,
0,0,1,20308158,400,400,,
0,0,1,20308159,400,400,,
0,0,1,20308160,400,400,,
0,0,1,20308161,400,400,,
0,0,1,20308162,400,400,,
0,0,1,20308163,400,400,,
0,0,1,20308164,400,400,,
0,0,1,20308165,400,400,,
0,0,1,20308166,400,400,,
0,0,1,20308167,400,400,,
0,0,1,20308168,400,400,,
0,0,1,20308169,400,400,,
0,0,1,20308170,400,400,,
0,0,1,20308171,400,400,,
0,0,1,20308172,400,400,,
0,0,1,20308173,400,400,,
0,0,1,20308174,400,400,,
0,0,1,20308175,400,400,,
0,0,1,20308176,400,400,,
0,0,1,20308177,400,400,,
0,0,1,20308178,400,400,,
0,0,1,20308179,400,400,,
0,0,1,20308180,400,400,,
0,0,1,20308181,400,400,,
0,0,1,20308182,400,400,,
0,0,1,20308183,400,400,,
0,0,1,20308184,400,400,,
0,0,1,20308185,400,400,,
0,0,1,20308186,400,400,,
0,0,1,20308187,400,400,,
0,0,1,20308188,400,400,,
0,0,1,20308189,400,400,,
0,0,1,20308190,400,400,,
0,0,1,20308191,400,400,,
0,0,1,20308192,400,400,,
0,0,1,20308193,400,400,,
0,0,1,20308194,400,400,,
0,0,1,20308195,400,400,,
0,0,1,20308196,400,400,,
0,0,1,20308197,400,400,,
0,0,1,20308198,400,400,,
0,0,1,20308199,400,400,,
0,0,1,20308200,400,400,,
0,0,1,20308201,400,400,,
0,0,1,20308202,400,400,,
0,0,1,20308203,400,400,,
0,0,1,20308204,400,400,,
0,0,1,20308205,400,400,,
0,0,1,20308206,400,400,,
0,0,1,20308207,400,400,,
0,0,1,20308208,400,400,,
0,0,1,20308209,400,400,,
0,0,1,20308210,400,400,,
0,0,1,20308211,400,400,,
0,0,1,20308212,400,400,,
0,0,1,20308213,400,400,,
0,0,1,20308214,400,400,,
0,0,1,20308215,400,400,,
0,0,1,20308216,400,400,,
0,0,1,20308217,400,400,,
0,0,1,20308218,400,400,,
0,0,1,20308219,400,400,,
0,0,1,20308220,400,400,,
0,0,1,20308221,400,400,,
0,0,1,20308222,400,400,,
0,0,1,20308223,400,400,,
0,0,1,20308224,400,400,,
0,0,1,20308225,400,400,,
0,0,1,20308226,400,400,,
0,0,1,20308227,400,400,,
0,0,1,20308228,400,400,,
0,0,1,20308229,400,400,,
0,0,1,20308230,400,400,,
0,0,1,20308231,400,400,,
0,0,1,20308232,400,400,,
0,0,1,20308233,400,400,,
0,0,1,20308234,400,400,,
0,0,1,20308235,400,400,,
0,0,1,20308236,400,400,,
0,0,1,20308237,400,400,,
0,0,1,20308238,400,400,,
0,0,1,20308239,400,400,,
0,0,1,20308240,400,400,,
0,0,1,20308241,400,400,,
0,0,1,20308242,400,400,,
0,0,1,20308243,400,400,,
0,0,1,20308244,400,400,,
0,0,1,20308245,400,400,,
0,0,1,20308246,400,400,,
0,0,1,20308247,400,400,,
0,0,1,20308248,400,400,,
0,0,1,20308249,400,400,,
0,0,1,20308250,400,400,,
0,0,1,20308251,400,400,,
0,0,1,20308252,400,400,,
0,0,1,20308253,400,400,,
0,0,1,20308254,400,400,,
0,0,1,20308255,400,400,,
0,0,1,20308256,400,400,,
0,0,1,20308257,400,400,,
0,0,1,20308258,400,400,,
0,0,1,20308259,400,400,,
0,0,1,20308260,400,400,,
0,0,1,20308261,400,400,,
0,0,1,20308262,400,400,,
0,0,1,20308263,400,400,,
0,0,1,20308264,400,400,,
0,0,1,20308265,400,400,,
0,0,1,20308266,400,400,,
0,0,1,20308267,400,400,,
0,0,1,20308268,400,400,,
0,0,1,20308269,400,400,,
0,0,1,20308270,400,400,,
0,0,1,20308271,400,400,,
0,0,1,20308272,400,400,,
0,0,1,20308273,400,400,,
0,0,1,20308274,400,400,,
0,0,1,20308275,400,400,,
0,0,1,20308276,400,400,,
0,0,1,20308277,400,400,,
0,0,1,20308278,400,400,,
0,0,1,20308279,400,400,,
0,0,1,20308280,400,400,,
0,0,1,20308281,400,400,,
0,0,1,20308282,400,400,,
0,0,1,20308283,400,400,,
0,0,1,20308284,400,400,,
0,0,1,20308285,400,400,,
0,0,1,20308286,400,400,,
0,0,1,20308287,400,400,,
0,0,1,20308288,400,400,,
0,0,1,20308289,400,400,,
0,0,1,20308290,400,400,,
0,0,1,20308291,400,400,,
0,0,1,20308292,400,400,,
0,0,1,20308293,400,400,,
0,0,1,20308294,400,400,,
0,0,1,20308295,400,400,,
0,0,1,20308296,400,400,,
0,0,1,20308297,400,400,,
0,0,1,20308298,400,400,,
0,0,1,20308299,400,400,,
0,0,1,20308300,400,400,,
0,0,1,20308301,400,400,,
0,0,1,20308302,400,400,,
0,0,1,20308303,400,400,,
0,0,1,20308304,400,400,,
0,0,1,20308305,400,400,,
0,0,1,20308306,400,400,,
0,0,1,20308307,400,400,,
0,0,1,20308308,400,400,,
0,0,1,20308309,400,400,,
0,0,1,20308310,400,400,,
0,0,1,20308311,400,400,,
0,0,1,20308312,400,400,,
0,0,1,20308313,400,400,,
0,0,1,20308314,400,400,,
0,0,1,20308315,400,400,,
0,0,1,20308316,400,400,,
0,0,1,20308317,400,400,,
0,0,1,20308318,400,400,,
0,0,1,20308319,400,400,,
0,0,1,20308320,400,400,,
0,0,1,20308321,400,400,,
0,0,1,20308322,400,400,,
0,0,1,20308323,400,400,,
0,0,1,20308324,400,400,,
0,0,1,20308325,400,400,,
0,0,1,20308326,400,400,,
0,0,1,20308327,400,400,,
0,0,1,20308328,400,400,,
0,0,1,20308329,400,400,,
0,0,1,20308330,400,400,,
0,0,1,20308331,400,400,,
0,0,1,20308332,400,400,,
0,0,1,20308333,400,400,,
0,0,1,20308334,400,400,,
0,0,1,20308335,400,400,,
0,0,1,20308336,400,400,,
0,0,1,20308337,400,400,,
0,0,1,20308338,400,400,,
0,0,1,20308339,400,400,,
0,0,1,20308340,400,400,,
0,0,1,20308341,400,400,,
0,0,1,20308342,400,400,,
0,0,1,20308343,400,400,,
0,0,1,20308344,400,400,,
0,0,1,20308345,400,400,,
0,0,1,20308346,400,400,,
0,0,1,20308347,400,400,,
0,0,1,20308348,400,400,,
0,0,1,20308349,400,400,,
0,0,1,20308350,400,400,,
0,0,1,20308351,400,400,,
0,0,1,20308352,400,400,,
0,0,1,20308353,400,400,,
0,0,1,20308354,400,400,,
0,0,1,20308355,400,400,,
0,0,1,20308356,400,400,,
0,0,1,20308357,400,400,,
0,0,1,20308358,400,400,,
0,0,1,20308359,400,400,,
0,0,1,20308360,400,400,,
0,0,1,20308361,400,400,,
0,0,1,20308362,400,400,,
0,0,1,20308363,400,400,,
0,0,1,20308364,400,400,,
0,0,1,20308365,400,400,,
0,0,1,20308366,400,400,,
0,0,1,20308367,400,400,,
0,0,1,20308368,400,400,,
0,0,1,20308369,400,400,,
0,0,1,20308370,400,400,,
0,0,1,20308371,400,400,,
0,0,1,20308372,400,400,,
0,0,1,20308373,400,400,,
0,0,1,20308374,400,400,,
0,0,1,20308375,400,400,,
0,0,1,20308376,400,400,,
0,0,1,20308377,400,400,,
0,0,1,20308378,400,400,,
0,0,1,20308379,400,400,,
0,0,1,20308380,400,400,,
0,0,1,20308381,400,400,,
0,0,1,20308382,400,400,,
0,0,1,20308383,400,400,,
0,0,1,20308384,400,400,,
0,0,1,20308385,400,400,,
0,0,1,20308386,400,400,,
0,0,1,20308387,400,400,,
0,0,1,20308388,400,400,,
0,0,1,20308389,400,400,,
0,0,1,20308390,400,400,,
0,0,1,20308391,400,400,,
0,0,1,20308392,400,400,,
0,0,1,20308393,400,400,,
0,0,1,20308394,400,400,,
0,0,1,20308395,400,400,,
0,0,1,20308396,400,400,,
0,0,1,20308397,400,400,,
0,0,1,20308398,400,400,,
0,0,1,20308399,400,400,,
0,0,1,20308400,400,400,,
0,0,1,20308401,400,400,,
0,0,1,20308402,400,400,,
0,0,1,20308403,400,400,,
0,0,1,20308404,400,400,,
0,0,1,20308405,400,400,,
0,0,1,20308406,400,400,,
0,0,1,20308407,400,400,,
0,0,1,20308408,400,400,,
0,0,1,20308409,400,400,,
0,0,1,20308410,400,400,,
0,0,1,20308411,400,400,,
0,0,1,20308412,400,400,,
0,0,1,20308413,400,400,,
0,0,1,20308414,400,400,,
0,0,1,20308415,400,400,,
0,0,1,20308416,400,400,,
0,0,1,20308417,400,400,,
0,0,1,20308418,400,400,,
0,0,1,20308419,400,400,,
0,0,1,20308420,400,400,,
0,0,1,20308421,400,400,,
0,0,1,20308422,400,400,,
0,0,1,20308423,400,400,,
0,0,1,20308424,400,400,,
0,0,1,20308425,400,400,,
0,0,1,20308426,400,400,,
0,0,1,20308427,400,400,,
0,0,1,20308428,400,400,,
0,0,1,20308429,400,400,,
0,0,1,20308430,400,400,,
0,0,1,20308431,400,400,,
0,0,1,20308432,400,400,,
0,0,1,20308433,400,400,,
0,0,1,20308434,400,400,,
0,0,1,20308435,400,400,,
0,0,1,20308436,400,400,,
0,0,1,20308437,400,400,,
0,0,1,20308438,400,400,,
0,0,1,20308439,400,400,,
0,0,1,20308440,400,400,,
0,0,1,20308441,400,400,,
0,0,1,20308442,400,400,,
0,0,1,20308443,400,400,,
0,0,1,20308444,400,400,,
0,0,1,20308445,400,400,,
0,0,1,20308446,400,400,,
0,0,1,20308447,400,400,,
0,0,1,20308448,400,400,,
0,0,1,20308449,400,400,,
0,0,1,20308450,400,400,,
0,0,1,20308451,400,400,,
0,0,1,20308452,400,400,,
0,0,1,20308453,400,400,,
0,0,1,20308454,400,400,,
0,0,1,20308455,400,400,,
0,0,1,20308456,400,400,,
0,0,1,20308457,400,400,,
0,0,1,20308458,400,400,,
0,0,1,20308459,400,400,,
0,0,1,20308460,400,400,,
0,0,1,20308461,400,400,,
0,0,1,20308462,400,400,,
0,0,1,20308463,400,400,,
0,0,1,20308464,400,400,,
0,0,1,20308465,400,400,,
0,0,1,20308466,400,400,,
0,0,1,20308467,400,400,,
0,0,1,20308468,400,400,,
0,0,1,20308469,400,400,,
0,0,1,20308470,400,400,,
0,0,1,20308471,400,400,,
0,0,1,20308472,400,400,,
0,0,1,20308473,400,400,,
0,0,1,20308474,400,400,,
0,0,1,20308475,400,400,,
0,0,1,20308476,400,400,,
0,0,1,20308477,400,400,,
0,0,1,20308478,400,400,,
0,0,1,20308479,400,400,,
0,0,1,20308480,400,400,,
0,0,1,20308481,400,400,,
0,0,1,20308482,400,400,,
0,0,1,20308483,400,400,,
0,0,1,20308484,400,400,,
0,0,1,20308485,400,400,,
0,0,1,20308486,400,400,,
0,0,1,20308487,400,400,,
0,0,1,20308488,400,400,,
0,0,1,20308489,400,400,,
0,0,1,20308490,400,400,,
0,0,1,20308491,400,400,,
0,0,1,20308492,400,400,,
0,0,1,20308493,400,400,,
0,0,1,20308494,400,400,,
0,0,1,20308495,400,400,,
0,0,1,20308496,400,400,,
0,0,1,20308497,400,400,,
0,0,1,20308498,400,400,,
0,0,1,20308499,400,400,,
0,0,1,20308500,400,400,,
0,0,1,20308501,400,400,,
0,0,1,20308502,400,400,,
0,0,1,20308503,400,400,,
0,0,1,20308504,400,400,,
0,0,1,20308505,400,400,,
0,0,1,20308506,400,400,,
0,0,1,20308507,400,400,,
0,0,1,20308508,400,400,,
0,0,1,20308509,400,400,,
0,0,1,20308510,400,400,,
0,0,1,20308511,400,400,,
0,0,1,20308512,400,400,,
0,0,1,20308513,400,400,,
0,0,1,20308514,400,400,,
0,0,1,20308515,400,400,,
0,0,1,20308516,400,400,,
0,0,1,20308517,400,400,,
0,0,1,20308518,400,400,,
0,0,1,20308519,400,400,,
0,0,1,20308520,400,400,,
0,0,1,20308521,400,400,,
0,0,1,20308522,400,400,,
0,0,1,20308523,400,400,,
0,0,1,20308524,400,400,,
0,0,1,20308525,400,400,,
0,0,1,20308526,400,400,,
0,0,1,20308527,400,400,,
0,0,1,20308528,400,400,,
0,0,1,20308529,400,400,,
0,0,1,20308530,400,400,,
0,0,1,20308531,400,400,,
0,0,1,20308532,400,400,,
0,0,1,20308533,400,400,,
0,0,1,20308534,400,400,,
0,0,1,20308535,400,400,,
0,0,1,20308536,400,400,,
0,0,1,20308537,400,400,,
0,0,1,20308538,400,400,,
0,0,1,20308539,400,400,,
0,0,1,20308540,400,400,,
0,0,1,20308541,400,400,,
0,0,1,20308542,400,400,,
0,0,1,20308543,400,400,,
0,0,1,20308544,400,400,,
0,0,1,20308545,400,400,,
0,0,1,20308546,400,400,,
0,0,1,20308547,400,400,,
0,0,1,20308548,400,400,,
0,0,1,20308549,400,400,,
0,0,1,20308550,400,400,,
0,0,1,20308551,400,400,,
0,0,1,20308552,400,400,,
0,0,1,20308553,400,400,,
0,0,1,20308554,400,400,,
0,0,1,20308555,400,400,,
0,0,1,20308556,400,400,,
0,0,1,20308557,400,400,,
0,0,1,20308558,400,400,,
0,0,1,20308559,400,400,,
0,0,1,20308560,400,400,,
0,0,1,20308561,400,400,,
0,0,1,20308562,400,400,,
0,0,1,20308563,400,400,,
0,0,1,20308564,400,400,,
0,0,1,20308565,400,400,,
0,0,1,20308566,400,400,,
0,0,1,20308567,400,400,,
0,0,1,20308568,400,400,,
0,0,1,20308569,400,400,,
0,0,1,20308570,400,400,,
0,0,1,20308571,400,400,,
0,0,1,20308572,400,400,,
0,0,1,20308573,400,400,,
0,0,1,20308574,400,400,,
0,0,1,20308575,400,400,,
0,0,1,20308576,400,400,,
0,0,1,20308577,400,400,,
0,0,1,20308578,400,400,,
0,0,1,20308579,400,400,,
0,0,1,20308580,400,400,,
0,0,1,20308581,400,400,,
0,0,1,20308582,400,400,,
0,0,1,20308583,400,400,,
0,0,1,20308584,400,400,,
0,0,1,20308585,400,400,,
0,0,1,20308586,400,400,,
0,0,1,20308587,400,400,,
0,0,1,20308588,400,400,,
0,0,1,20308589,400,400,,
0,0,1,20308590,400,400,,
0,0,1,20308591,400,400,,
0,0,1,20308592,400,400,,
0,0,1,20308593,400,400,,
0,0,1,20308594,400,400,,
0,0,1,20308595,400,400,,
0,0,1,20308596,400,400,,
0,0,1,20308597,400,400,,
0,0,1,20308598,400,400,,
0,0,1,20308599,400,400,,
0,0,1,20308600,400,400,,
0,0,1,20308601,400,400,,
0,0,1,20308602,400,400,,
0,0,1,20308603,400,400,,
0,0,1,20308604,400,400,,
0,0,1,20308605,400,400,,
0,0,1,20308606,400,400,,
0,0,1,20308607,400,400,,
0,0,1,20308608,400,400,,
0,0,1,20308609,400,400,,
0,0,1,20308610,400,400,,
0,0,1,20308611,400,400,,
0,0,1,20308612,400,400,,
0,0,1,20308613,400,400,,
0,0,1,20308614,400,400,,
0,0,1,20308615,400,400,,
0,0,1,20308616,400,400,,
0,0,1,20308617,400,400,,
0,0,1,20308618,400,400,,
0,0,1,20308619,400,400,,
0,0,1,20308620,400,400,,
0,0,1,20308621,400,400,,
0,0,1,20308622,400,400,,
0,0,1,20308623,400,400,,
0,0,1,20308624,400,400,,
0,0,1,20308625,400,400,,
0,0,1,20308626,400,400,,
0,0,1,20308627,400,400,,
0,0,1,20308628,400,400,,
0,0,1,20308629,400,400,,
0,0,1,20308630,400,400,,
0,0,1,20308631,400,400,,
0,0,1,20308632,400,400,,
0,0,1,20308633,400,400,,
0,0,1,20308634,400,400,,
0,0,1,20308635,400,400,,
0,0,1,20308636,400,400,,
0,0,1,20308637,400,400,,
0,0,1,20308638,400,400,,
0,0,1,20308639,400,400,,
0,0,1,20308640,400,400,,
0,0,1,20308641,400,400,,
0,0,1,20308642,400,400,,
0,0,1,20308643,400,400,,
0,0,1,20308644,400,400,,
0,0,1,20308645,400,400,,
0,0,1,20308646,400,400,,
0,0,1,20308647,400,400,,
0,0,1,20308648,400,400,,
0,0,1,20308649,400,400,,
0,0,1,20308650,400,400,,
0,0,1,20308651,400,400,,
0,0,1,20308652,400,400,,
0,0,1,20308653,400,400,,
0,0,1,20308654,400,400,,
0,0,1,20308655,400,400,,
0,0,1,20308656,400,400,,
0,0,1,20308657,400,400,,
0,0,1,20308658,400,400,,
0,0,1,20308659,400,400,,
0,0,1,20308660,400,400,,
0,0,1,20308661,400,400,,
0,0,1,20308662,400,400,,
0,0,1,20308663,400,400,,
0,0,1,20308664,400,400,,
0,0,1,20308665,400,400,,
0,0,1,20308666,400,400,,
0,0,1,20308667,400,400,,
0,0,1,20308668,400,400,,
0,0,1,20308669,400,400,,
0,0,1,20308670,400,400,,
0,0,1,20308671,400,400,,
0,0,1,20308672,400,400,,
0,0,1,20308673,400,400,,
0,0,1,20308674,400,400,,
0,0,1,20308675,400,400,,
0,0,1,20308676,400,400,,
0,0,1,20308677,400,400,,
0,0,1,20308678,400,400,,
0,0,1,20308679,400,400,,
0,0,1,20308680,400,400,,
0,0,1,20308681,400,400,,
0,0,1,20308682,400,400,,
0,0,1,20308683,400,400,,
0,0,1,20308684,400,400,,
0,0,1,20308685,400,400,,
0,0,1,20308686,400,400,,
0,0,1,20308687,400,400,,
0,0,1,20308688,400,400,,
0,0,1,20308689,400,400,,
0,0,1,20308690,400,400,,
0,0,1,20308691,400,400,,
0,0,1,20308692,400,400,,
0,0,1,20308693,400,400,,
0,0,1,20308694,400,400,,
0,0,1,20308695,400,400,,
0,0,1,20308696,400,400,,
0,0,1,20308697,400,400,,
0,0,1,20308698,400,400,,
0,0,1,20308699,400,400,,
0,0,1,20308700,400,400,,
0,0,1,20308701,400,400,,
0,0,1,20308702,400,400,,
0,0,1,20308703,400,400,,
0,0,1,20308704,400,400,,
0,0,1,20308705,400,400,,
0,0,1,20308706,400,400,,
0,0,1,20308707,400,400,,
0,0,1,20308708,400,400,,
0,0,1,20308709,400,400,,
0,0,1,20308710,400,400,,
0,0,1,20308711,400,400,,
0,0,1,20308712,400,400,,
0,0,1,20308713,400,400,,
0,0,1,20308714,400,400,,
0,0,1,20308715,400,400,,
0,0,1,20308716,400,400,,
0,0,1,20308717,400,400,,
0,0,1,20308718,400,400,,
0,0,1,20308719,400,400,,
0,0,1,20308720,400,400,,
0,0,1,20308721,400,400,,
0,0,1,20308722,400,400,,
0,0,1,20308723,400,400,,
0,0,1,20308724,400,400,,
0,0,1,20308725,400,400,,
0,0,1,20308726,400,400,,
0,0,1,20308727,400,400,,
0,0,1,20308728,400,400,,
0,0,1,20308729,400,400,,
0,0,1,20308730,400,400,,
0,0,1,20308731,400,400,,
0,0,1,20308732,400,400,,
0,0,1,20308733,400,400,,
0,0,1,20308734,400,400,,
0,0,1,20308735,400,400,,
0,0,1,20308736,400,400,,
0,0,1,20308737,400,400,,
0,0,1,20308738,400,400,,
0,0,1,20308739,400,400,,
0,0,1,20308740,400,400,,
0,0,1,20308741,400,400,,
0,0,1,20308742,400,400,,
0,0,1,20308743,400,400,,
0,0,1,20308744,400,400,,
0,0,1,20308745,400,400,,
0,0,1,20308746,400,400,,
0,0,1,20308747,400,400,,
0,0,1,20308748,400,400,,
0,0,1,20308749,400,400,,
0,0,1,20308750,400,400,,
0,0,1,20308751,400,400,,
0,0,1,20308752,400,400,,
0,0,1,20308753,400,400,,
0,0,1,20308754,400,400,,
0,0,1,20308755,400,400,,
0,0,1,20308756,400,400,,
0,0,1,20308757,400,400,,
0,0,1,20308758,400,400,,
0,0,1,20308759,400,400,,
0,0,1,20308760,400,400,,
0,0,1,20350001,400,400,,
0,0,1,20350002,400,400,,
0,0,1,20350003,400,400,,
0,0,1,20350004,400,400,,
0,0,1,20350005,400,400,,
0,0,1,20350006,400,400,,
0,0,1,20350007,400,400,,
0,0,1,20350008,400,400,,
0,0,1,20350009,400,400,,
0,0,1,20350010,400,400,,
0,0,1,20350011,400,400,,
0,0,1,20350012,400,400,,
0,0,1,20350013,400,400,,
0,0,1,20350014,400,400,,
0,0,1,20350015,400,400,,
0,0,1,20350016,400,400,,
0,0,1,20350017,400,400,,
0,0,1,20350018,400,400,,
0,0,1,20350019,400,400,,
0,0,1,20350020,400,400,,
0,0,1,20350021,400,400,,
0,0,1,20350022,400,400,,
0,0,1,20350023,400,400,,
0,0,1,20350024,400,400,,
0,0,1,20350025,400,400,,
0,0,1,20350026,400,400,,
0,0,1,20350027,400,400,,
0,0,1,20350028,400,400,,
0,0,1,20350029,400,400,,
0,0,1,20350030,400,400,,
0,0,1,20350031,400,400,,
0,0,1,20350032,400,400,,
0,0,1,20350033,400,400,,
0,0,1,20350034,400,400,,
0,0,1,20350035,400,400,,
0,0,1,20350036,400,400,,
0,0,1,20350037,400,400,,
0,0,1,20350038,400,400,,
0,0,1,20350039,400,400,,
0,0,1,20350040,400,400,,
0,0,1,20350041,400,400,,
0,0,1,20350042,400,400,,
0,0,1,20350043,400,400,,
0,0,1,20350044,400,400,,
0,0,1,20350045,400,400,,
0,0,1,20350046,400,400,,
0,0,1,20350047,400,400,,
0,0,1,20350048,400,400,,
0,0,1,20350049,400,400,,
0,0,1,20350050,400,400,,
0,0,1,20350051,400,400,,
0,0,1,20350052,400,400,,
0,0,1,20350053,400,400,,
0,0,1,20350054,400,400,,
0,0,1,20350055,400,400,,
0,0,1,20350056,400,400,,
0,0,1,20350057,400,400,,
0,0,1,20350058,400,400,,
0,0,1,20350059,400,400,,
0,0,1,20350060,400,400,,
0,0,1,20350061,400,400,,
0,0,1,20350062,400,400,,
0,0,1,20350063,400,400,,
0,0,1,20350064,400,400,,
0,0,1,20350065,400,400,,
0,0,1,20350066,400,400,,
0,0,1,20350067,400,400,,
0,0,1,20350068,400,400,,
0,0,1,20350069,400,400,,
0,0,1,20350070,400,400,,
0,0,1,20350071,400,400,,
0,0,1,20350072,400,400,,
0,0,1,20350073,400,400,,
0,0,1,20350074,400,400,,
0,0,1,20350075,400,400,,
0,0,1,20350076,400,400,,
0,0,1,20350077,400,400,,
0,0,1,20350078,400,400,,
0,0,1,20350079,400,400,,
0,0,1,20350080,400,400,,
0,0,1,20350081,400,400,,
0,0,1,20350082,400,400,,
0,0,1,20350083,400,400,,
0,0,1,20350084,400,400,,
0,0,1,20350085,400,400,,
0,0,1,20350086,400,400,,
0,0,1,20350087,400,400,,
0,0,1,20350088,400,400,,
0,0,1,20350089,400,400,,
0,0,1,20350090,400,400,,
0,0,1,20350091,400,400,,
0,0,1,20350092,400,400,,
0,0,1,20350093,400,400,,
0,0,1,20350094,400,400,,
0,0,1,20350095,400,400,,
0,0,1,20350096,400,400,,
0,0,1,20350097,400,400,,
0,0,1,20350098,400,400,,
0,0,1,20350099,400,400,,
0,0,1,20350100,400,400,,
0,0,1,20350101,400,400,,
0,0,1,20350102,400,400,,
0,0,1,20350103,400,400,,
0,0,1,20350104,400,400,,
0,0,1,20350105,400,400,,
0,0,1,20350106,400,400,,
0,0,1,20350107,400,400,,
0,0,1,20350108,400,400,,
0,0,1,20350109,400,400,,
0,0,1,20350110,400,400,,
0,0,1,20350111,400,400,,
0,0,1,20350112,400,400,,
0,0,1,20350113,400,400,,
0,0,1,20350114,400,400,,
0,0,1,20350115,400,400,,
0,0,1,20350116,400,400,,
0,0,1,20350117,400,400,,
0,0,1,20350118,400,400,,
0,0,1,20350119,400,400,,
0,0,1,20350120,400,400,,
0,0,1,20350121,400,400,,
0,0,1,20350122,400,400,,
0,0,1,20350123,400,400,,
0,0,1,20350124,400,400,,
0,0,1,20350125,400,400,,
0,0,1,20350126,400,400,,
0,0,1,20350127,400,400,,
0,0,1,20350128,400,400,,
0,0,1,20350129,400,400,,
0,0,1,20350130,400,400,,
0,0,1,20350131,400,400,,
0,0,1,20350132,400,400,,
0,0,1,20350133,400,400,,
0,0,1,20350134,400,400,,
0,0,1,20350135,400,400,,
0,0,1,20350136,400,400,,
0,0,1,20350137,400,400,,
0,0,1,20350138,400,400,,
0,0,1,20350139,400,400,,
0,0,1,20350140,400,400,,
0,0,1,20350141,400,400,,
0,0,1,20350142,400,400,,
0,0,1,20350143,400,400,,
0,0,1,20350144,400,400,,
0,0,1,20350145,400,400,,
0,0,1,20350146,400,400,,
0,0,1,20350147,400,400,,
0,0,1,20350148,400,400,,
0,0,1,20350149,400,400,,
0,0,1,20350150,400,400,,
0,0,1,20350151,400,400,,
0,0,1,20350152,400,400,,
0,0,1,20350153,400,400,,
0,0,1,20350154,400,400,,
0,0,1,20350155,400,400,,
0,0,1,20350156,400,400,,
0,0,1,20350157,400,400,,
0,0,1,20350158,400,400,,
0,0,1,20350159,400,400,,
0,0,1,20350160,400,400,,
0,0,1,20350161,400,400,,
0,0,1,20350162,400,400,,
0,0,1,20350163,400,400,,
0,0,1,20350164,400,400,,
0,0,1,20350165,400,400,,
0,0,1,20350166,400,400,,
0,0,1,20350167,400,400,,
0,0,1,20350168,400,400,,
0,0,1,20350169,400,400,,
0,0,1,20350170,400,400,,
0,0,1,20350171,400,400,,
0,0,1,20350172,400,400,,
0,0,1,20350173,400,400,,
0,0,1,20350174,400,400,,
0,0,1,20350175,400,400,,
0,0,1,20350176,400,400,,
0,0,1,20350177,400,400,,
0,0,1,20350178,400,400,,
0,0,1,20350179,400,400,,
0,0,1,20350180,400,400,,
0,0,1,20350181,400,400,,
0,0,1,20350182,400,400,,
0,0,1,20350183,400,400,,
0,0,1,20350184,400,400,,
0,0,1,20350185,400,400,,
0,0,1,20350186,400,400,,
0,0,1,20350187,400,400,,
0,0,1,20350188,400,400,,
0,0,1,20350189,400,400,,
0,0,1,20350190,400,400,,
0,0,1,20350191,400,400,,
0,0,1,20350192,400,400,,
0,0,1,20350193,400,400,,
0,0,1,20350194,400,400,,
0,0,1,20350195,400,400,,
0,0,1,20350196,400,400,,
0,0,1,20350197,400,400,,
0,0,1,20350198,400,400,,
0,0,1,20350199,400,400,,
0,0,1,20350200,400,400,,
0,0,1,20350201,400,400,,
0,0,1,20350202,400,400,,
0,0,1,20350203,400,400,,
0,0,1,20350204,400,400,,
0,0,1,20350205,400,400,,
0,0,1,20350206,400,400,,
0,0,1,20350207,400,400,,
0,0,1,20350208,400,400,,
0,0,1,20350209,400,400,,
0,0,1,20350210,400,400,,
0,0,1,20350211,400,400,,
0,0,1,20350212,400,400,,
0,0,1,20350213,400,400,,
0,0,1,20350214,400,400,,
0,0,1,20350215,400,400,,
0,0,1,20350216,400,400,,
0,0,1,20350217,400,400,,
0,0,1,20350218,400,400,,
0,0,1,20350219,400,400,,
0,0,1,20350220,400,400,,
0,0,1,20350221,400,400,,
0,0,1,20350222,400,400,,
0,0,1,20350223,400,400,,
0,0,1,20350224,400,400,,
0,0,1,20350225,400,400,,
0,0,1,20350226,400,400,,
0,0,1,20350227,400,400,,
0,0,1,20350228,400,400,,
0,0,1,20350229,400,400,,
0,0,1,20350230,400,400,,
0,0,1,20350231,400,400,,
0,0,1,20350232,400,400,,
0,0,1,20350233,400,400,,
0,0,1,20350234,400,400,,
0,0,1,20350235,400,400,,
0,0,1,20350236,400,400,,
0,0,1,20350237,400,400,,
0,0,1,20350238,400,400,,
0,0,1,20350239,400,400,,
0,0,1,20350240,400,400,,
0,0,1,20350241,400,400,,
0,0,1,20350242,400,400,,
0,0,1,20350243,400,400,,
0,0,1,20350244,400,400,,
0,0,1,20350245,400,400,,
0,0,1,20350246,400,400,,
0,0,1,20350247,400,400,,
0,0,1,20350248,400,400,,
0,0,1,20350249,400,400,,
0,0,1,20350250,400,400,,
0,0,1,20350251,400,400,,
0,0,1,20350252,400,400,,
0,0,1,20350253,400,400,,
0,0,1,20350254,400,400,,
0,0,1,20350255,400,400,,
0,0,1,20350256,400,400,,
0,0,1,20350257,400,400,,
0,0,1,20350258,400,400,,
0,0,1,20350259,400,400,,
0,0,1,20350260,400,400,,
0,0,1,20350261,400,400,,
0,0,1,20350262,400,400,,
0,0,1,20350263,400,400,,
0,0,1,20350264,400,400,,
0,0,1,20350265,400,400,,
0,0,1,20350266,400,400,,
0,0,1,20350267,400,400,,
0,0,1,20350268,400,400,,
0,0,1,20350269,400,400,,
0,0,1,20350270,400,400,,
0,0,1,20350271,400,400,,
0,0,1,20350272,400,400,,
0,0,1,20350273,400,400,,
0,0,1,20350274,400,400,,
0,0,1,20350275,400,400,,
0,0,1,20350276,400,400,,
0,0,1,20350277,400,400,,
0,0,1,20350278,400,400,,
0,0,1,20350279,400,400,,
0,0,1,20350280,400,400,,
0,0,1,20350281,400,400,,
0,0,1,20350282,400,400,,
0,0,1,20350283,400,400,,
0,0,1,20350284,400,400,,
0,0,1,20350285,400,400,,
0,0,1,20350286,400,400,,
0,0,1,20350287,400,400,,
0,0,1,20350288,400,400,,
0,0,1,20350289,400,400,,
0,0,1,20350290,400,400,,
0,0,1,20350291,400,400,,
0,0,1,20350292,400,400,,
0,0,1,20350293,400,400,,
0,0,1,20350294,400,400,,
0,0,1,20350295,400,400,,
0,0,1,20350296,400,400,,
0,0,1,20350297,400,400,,
0,0,1,20350298,400,400,,
0,0,1,20350299,400,400,,
0,0,1,20350300,400,400,,
0,0,1,20350301,400,400,,
0,0,1,20350302,400,400,,
0,0,1,20350303,400,400,,
0,0,1,20350304,400,400,,
0,0,1,20350305,400,400,,
0,0,1,20350306,400,400,,
0,0,1,20350307,400,400,,
0,0,1,20350308,400,400,,
0,0,1,20350309,400,400,,
0,0,1,20350310,400,400,,
0,0,1,20350311,400,400,,
0,0,1,20350312,400,400,,
0,0,1,20350313,400,400,,
0,0,1,20350314,400,400,,
0,0,1,20350315,400,400,,
0,0,1,20350316,400,400,,
0,0,1,20350317,400,400,,
0,0,1,20350318,400,400,,
0,0,1,20350319,400,400,,
0,0,1,20350320,400,400,,
0,0,1,20350321,400,400,,
0,0,1,20350322,400,400,,
0,0,1,20350323,400,400,,
0,0,1,20350324,400,400,,
0,0,1,20350325,400,400,,
0,0,1,20350326,400,400,,
0,0,1,20350327,400,400,,
0,0,1,20350328,400,400,,
0,0,1,20350329,400,400,,
0,0,1,20350330,400,400,,
0,0,1,20350331,400,400,,
0,0,1,20350332,400,400,,
0,0,1,20350333,400,400,,
0,0,1,20350334,400,400,,
0,0,1,20350335,400,400,,
0,0,1,20350336,400,400,,
0,0,1,20350337,400,400,,
0,0,1,20350338,400,400,,
0,0,1,20350339,400,400,,
0,0,1,20350340,400,400,,
0,0,1,20350341,400,400,,
0,0,1,20350342,400,400,,
0,0,1,20350343,400,400,,
0,0,1,20350344,400,400,,
0,0,1,20350345,400,400,,
0,0,1,20350346,400,400,,
0,0,1,20350347,400,400,,
0,0,1,20350348,400,400,,
0,0,1,20350349,400,400,,
0,0,1,20350350,400,400,,
0,0,1,20350351,400,400,,
0,0,1,20350352,400,400,,
0,0,1,20350353,400,400,,
0,0,1,20350354,400,400,,
0,0,1,20350355,400,400,,
0,0,1,20350356,400,400,,
0,0,1,20350357,400,400,,
0,0,1,20350358,400,400,,
0,0,1,20350359,400,400,,
0,0,1,20350360,400,400,,
0,0,1,20350361,400,400,,
0,0,1,20350362,400,400,,
0,0,1,20350363,400,400,,
0,0,1,20350364,400,400,,
0,0,1,20350365,400,400,,
0,0,1,20350366,400,400,,
0,0,1,20350367,400,400,,
0,0,1,20350368,400,400,,
0,0,1,20350369,400,400,,
0,0,1,20350370,400,400,,
0,0,1,20350371,400,400,,
0,0,1,20350372,400,400,,
0,0,1,20350373,400,400,,
0,0,1,20350374,400,400,,
0,0,1,20350375,400,400,,
0,0,1,20350376,400,400,,
0,0,1,20350377,400,400,,
0,0,1,20350378,400,400,,
0,0,1,20350379,400,400,,
0,0,1,20350380,400,400,,
0,0,1,20350381,400,400,,
0,0,1,20350382,400,400,,
0,0,1,20350383,400,400,,
0,0,1,20350384,400,400,,
0,0,1,20350385,400,400,,
0,0,1,20350386,400,400,,
0,0,1,20350387,400,400,,
0,0,1,20350388,400,400,,
0,0,1,20350389,400,400,,
0,0,1,20350390,400,400,,
0,0,1,20350391,400,400,,
0,0,1,20350392,400,400,,
0,0,1,20350393,400,400,,
0,0,1,20350394,400,400,,
0,0,1,20350395,400,400,,
0,0,1,20350396,400,400,,
0,0,1,20350397,400,400,,
0,0,1,20350398,400,400,,
0,0,1,20350399,400,400,,
0,0,1,20350400,400,400,,
0,0,1,20350401,400,400,,
0,0,1,20350402,400,400,,
0,0,1,20350403,400,400,,
0,0,1,20350404,400,400,,
0,0,1,20350405,400,400,,
0,0,1,20350406,400,400,,
0,0,1,20350407,400,400,,
0,0,1,20350408,400,400,,
0,0,1,20350409,400,400,,
0,0,1,20350410,400,400,,
0,0,1,20350411,400,400,,
0,0,1,20350412,400,400,,
0,0,1,20350413,400,400,,
0,0,1,20350414,400,400,,
0,0,1,20350415,400,400,,
0,0,1,20350416,400,400,,
0,0,1,20350417,400,400,,
0,0,1,20350418,400,400,,
0,0,1,20350419,400,400,,
0,0,1,20350420,400,400,,
0,0,1,20350421,400,400,,
0,0,1,20350422,400,400,,
0,0,1,20350423,400,400,,
0,0,1,20350424,400,400,,
0,0,1,20350425,400,400,,
0,0,1,20350426,400,400,,
0,0,1,20350427,400,400,,
0,0,1,20350428,400,400,,
0,0,1,20350429,400,400,,
0,0,1,20350430,400,400,,
0,0,1,20350431,400,400,,
0,0,1,20350432,400,400,,
0,0,1,20350433,400,400,,
0,0,1,20350434,400,400,,
0,0,1,20350435,400,400,,
0,0,1,20350436,400,400,,
0,0,1,20350437,400,400,,
0,0,1,20350438,400,400,,
0,0,1,20350439,400,400,,
0,0,1,20350440,400,400,,
0,0,1,20350441,400,400,,
0,0,1,20350442,400,400,,
0,0,1,20350443,400,400,,
0,0,1,20350444,400,400,,
0,0,1,20350445,400,400,,
0,0,1,20350446,400,400,,
0,0,1,20350447,400,400,,
0,0,1,20350448,400,400,,
0,0,1,20350449,400,400,,
0,0,1,20350450,400,400,,
0,0,1,20350451,400,400,,
0,0,1,20350452,400,400,,
0,0,1,20350453,400,400,,
0,0,1,20350454,400,400,,
0,0,1,20350455,400,400,,
0,0,1,20350456,400,400,,
0,0,1,20350457,400,400,,
0,0,1,20350458,400,400,,
0,0,1,20350459,400,400,,
0,0,1,20350460,400,400,,
0,0,1,20350461,400,400,,
0,0,1,20350462,400,400,,
0,0,1,20350463,400,400,,
0,0,1,20350464,400,400,,
0,0,1,20350465,400,400,,
0,0,1,20350466,400,400,,
0,0,1,20350467,400,400,,
0,0,1,20350468,400,400,,
0,0,1,20350469,400,400,,
0,0,1,20350470,400,400,,
0,0,1,20350471,400,400,,
0,0,1,20350472,400,400,,
0,0,1,20350473,400,400,,
0,0,1,20350474,400,400,,
0,0,1,20350475,400,400,,
0,0,1,20350476,400,400,,
0,0,1,20350477,400,400,,
0,0,1,20350478,400,400,,
0,0,1,20350479,400,400,,
0,0,1,20350480,400,400,,
0,0,1,20350481,400,400,,
0,0,1,20350482,400,400,,
0,0,1,20350483,400,400,,
0,0,1,20350484,400,400,,
0,0,1,20350485,400,400,,
0,0,1,20350486,400,400,,
0,0,1,20350487,400,400,,
0,0,1,20350488,400,400,,
0,0,1,20350489,400,400,,
0,0,1,20350490,400,400,,
0,0,1,20350491,400,400,,
0,0,1,20350492,400,400,,
0,0,1,20350493,400,400,,
0,0,1,20350494,400,400,,
0,0,1,20350495,400,400,,
0,0,1,20350496,400,400,,
0,0,1,20350497,400,400,,
0,0,1,20350498,400,400,,
0,0,1,20350499,400,400,,
0,0,1,20350500,400,400,,
0,0,1,20350501,400,400,,
0,0,1,20350502,400,400,,
0,0,1,20350503,400,400,,
0,0,1,20350504,400,400,,
0,0,1,20350505,400,400,,
0,0,1,20350506,400,400,,
0,0,1,20350507,400,400,,
0,0,1,20350508,400,400,,
0,0,1,20350509,400,400,,
0,0,1,20350510,400,400,,
0,0,1,20350511,400,400,,
0,0,1,20350512,400,400,,
0,0,1,20350513,400,400,,
0,0,1,20350514,400,400,,
0,0,1,20350515,400,400,,
0,0,1,20350516,400,400,,
0,0,1,20350517,400,400,,
0,0,1,20350518,400,400,,
0,0,1,20350519,400,400,,
0,0,1,20350520,400,400,,
0,0,1,20350521,400,400,,
0,0,1,20350522,400,400,,
0,0,1,20350523,400,400,,
0,0,1,20350524,400,400,,
0,0,1,20350525,400,400,,
0,0,1,20350526,400,400,,
0,0,1,20350527,400,400,,
0,0,1,20350528,400,400,,
0,0,1,20350529,400,400,,
0,0,1,20350530,400,400,,
0,0,1,20350531,400,400,,
0,0,1,20350532,400,400,,
0,0,1,20350533,400,400,,
0,0,1,20350534,400,400,,
0,0,1,20350535,400,400,,
0,0,1,20350536,400,400,,
0,0,1,20350537,400,400,,
0,0,1,20350538,400,400,,
0,0,1,20350539,400,400,,
0,0,1,20350540,400,400,,
0,0,1,20350541,400,400,,
0,0,1,20350542,400,400,,
0,0,1,20350543,400,400,,
0,0,1,20350544,400,400,,
0,0,1,20350545,400,400,,
0,0,1,20350546,400,400,,
0,0,1,20350547,400,400,,
0,0,1,20350548,400,400,,
0,0,1,20350549,400,400,,
0,0,1,20350550,400,400,,
0,0,1,20350551,400,400,,
0,0,1,20350552,400,400,,
0,0,1,20350553,400,400,,
0,0,1,20350554,400,400,,
0,0,1,20350555,400,400,,
0,0,1,20350556,400,400,,
0,0,1,20350557,400,400,,
0,0,1,20350558,400,400,,
0,0,1,20350559,400,400,,
0,0,1,20350560,400,400,,
0,0,1,20350561,400,400,,
0,0,1,20350562,400,400,,
0,0,1,20350563,400,400,,
0,0,1,20350564,400,400,,
0,0,1,20350565,400,400,,
0,0,1,20350566,400,400,,
0,0,1,20350567,400,400,,
0,0,1,20350568,400,400,,
0,0,1,20350569,400,400,,
0,0,1,20350570,400,400,,
0,0,1,20350571,400,400,,
0,0,1,20350572,400,400,,
0,0,1,20350573,400,400,,
0,0,1,20350574,400,400,,
0,0,1,20350575,400,400,,
0,0,1,20350576,400,400,,
0,0,1,20350577,400,400,,
0,0,1,20350578,400,400,,
0,0,1,20350579,400,400,,
0,0,1,20350580,400,400,,
0,0,1,20350581,400,400,,
0,0,1,20350582,400,400,,
0,0,1,20350583,400,400,,
0,0,1,20350584,400,400,,
0,0,1,20350585,400,400,,
0,0,1,20350586,400,400,,
0,0,1,20350587,400,400,,
0,0,1,20350588,400,400,,
0,0,1,20350589,400,400,,
0,0,1,20350590,400,400,,
0,0,1,20350591,400,400,,
0,0,1,20350592,400,400,,
0,0,1,20350593,400,400,,
0,0,1,20350594,400,400,,
0,0,1,20350595,400,400,,
0,0,1,20350596,400,400,,
0,0,1,20350597,400,400,,
0,0,1,20350598,400,400,,
0,0,1,20350599,400,400,,
0,0,1,20350600,400,400,,
0,0,1,20350601,400,400,,
0,0,1,20350602,400,400,,
0,0,1,20350603,400,400,,
0,0,1,20350604,400,400,,
0,0,1,20350605,400,400,,
0,0,1,20350606,400,400,,
0,0,1,20350607,400,400,,
0,0,1,20350608,400,400,,
0,0,1,20350609,400,400,,
0,0,1,20350610,400,400,,
0,0,1,20350611,400,400,,
0,0,1,20350612,400,400,,
0,0,1,20350613,400,400,,
0,0,1,20350614,400,400,,
0,0,1,20350615,400,400,,
0,0,1,20350616,400,400,,
0,0,1,20350617,400,400,,
0,0,1,20350618,400,400,,
0,0,1,20350619,400,400,,
0,0,1,20350620,400,400,,
0,0,1,20350621,400,400,,
0,0,1,20350622,400,400,,
0,0,1,20350623,400,400,,
0,0,1,20350624,400,400,,
0,0,1,20350625,400,400,,
0,0,1,20350626,400,400,,
0,0,1,20350627,400,400,,
0,0,1,20350628,400,400,,
0,0,1,20350629,400,400,,
0,0,1,20350630,400,400,,
0,0,1,20350631,400,400,,
0,0,1,20350632,400,400,,
0,0,1,20350633,400,400,,
0,0,1,20350634,400,400,,
0,0,1,20350635,400,400,,
0,0,1,20350636,400,400,,
0,0,1,20350637,400,400,,
0,0,1,20350638,400,400,,
0,0,1,20350639,400,400,,
0,0,1,20350640,400,400,,
0,0,1,20350641,400,400,,
0,0,1,20350642,400,400,,
0,0,1,20350643,400,400,,
0,0,1,20350644,400,400,,
0,0,1,20350645,400,400,,
0,0,1,20350646,400,400,,
0,0,1,20350647,400,400,,
0,0,1,20350648,400,400,,
0,0,1,20350649,400,400,,
0,0,1,20350650,400,400,,
0,0,1,20350651,400,400,,
0,0,1,20350652,400,400,,
0,0,1,20350653,400,400,,
0,0,1,20350654,400,400,,
0,0,1,20350655,400,400,,
0,0,1,20350656,400,400,,
0,0,1,20350657,400,400,,
0,0,1,20350658,400,400,,
0,0,1,20350659,400,400,,
0,0,1,20350660,400,400,,
0,0,1,20350661,400,400,,
0,0,1,20350662,400,400,,
0,0,1,20350663,400,400,,
0,0,1,20350664,400,400,,
0,0,1,20350665,400,400,,
0,0,1,20350666,400,400,,
0,0,1,20350667,400,400,,
0,0,1,20350668,400,400,,
0,0,1,20350669,400,400,,
0,0,1,20350670,400,400,,
0,0,1,20350671,400,400,,
0,0,1,20350672,400,400,,
0,0,1,20350673,400,400,,
0,0,1,20350674,400,400,,
0,0,1,20350675,400,400,,
0,0,1,20350676,400,400,,
0,0,1,20350677,400,400,,
0,0,1,20350678,400,400,,
0,0,1,20350679,400,400,,
0,0,1,20350680,400,400,,
0,0,1,20350681,400,400,,
0,0,1,20350682,400,400,,
0,0,1,20350683,400,400,,
0,0,1,20350684,400,400,,
0,0,1,20350685,400,400,,
0,0,1,20350686,400,400,,
0,0,1,20350687,400,400,,
0,0,1,20350688,400,400,,
0,0,1,20350689,400,400,,
0,0,1,20350690,400,400,,
0,0,1,20350691,400,400,,
0,0,1,20350692,400,400,,
0,0,1,20350693,400,400,,
0,0,1,20350694,400,400,,
0,0,1,20350695,400,400,,
0,0,1,20350696,400,400,,
0,0,1,20350697,400,400,,
0,0,1,20350698,400,400,,
0,0,1,20350699,400,400,,
0,0,1,20350700,400,400,,
0,0,1,20350701,400,400,,
0,0,1,20350702,400,400,,
0,0,1,20350703,400,400,,
0,0,1,20350704,400,400,,
0,0,1,20350705,400,400,,
0,0,1,20350706,400,400,,
0,0,1,20350707,400,400,,
0,0,1,20350708,400,400,,
0,0,1,20350709,400,400,,
0,0,1,20350710,400,400,,
0,0,1,20350711,400,400,,
0,0,1,20350712,400,400,,
0,0,1,20350713,400,400,,
0,0,1,20350714,400,400,,
0,0,1,20350715,400,400,,
0,0,1,20350716,400,400,,
0,0,1,20350717,400,400,,
0,0,1,20350718,400,400,,
0,0,1,20350719,400,400,,
0,0,1,20350720,400,400,,
0,0,1,20350721,400,400,,
0,0,1,20350722,400,400,,
0,0,1,20350723,400,400,,
0,0,1,20350724,400,400,,
0,0,1,20350725,400,400,,
0,0,1,20350726,400,400,,
0,0,1,20350727,400,400,,
0,0,1,20350728,400,400,,
0,0,1,20350729,400,400,,
0,0,1,20350730,400,400,,
0,0,1,20350731,400,400,,
0,0,1,20350732,400,400,,
0,0,1,20350733,400,400,,
0,0,1,20350734,400,400,,
0,0,1,20350735,400,400,,
0,0,1,20350736,400,400,,
0,0,1,20350737,400,400,,
0,0,1,20350738,400,400,,
0,0,1,20350739,400,400,,
0,0,1,20350740,400,400,,
0,0,1,20350741,400,400,,
0,0,1,20350742,400,400,,
0,0,1,20350743,400,400,,
0,0,1,20350744,400,400,,
0,0,1,20350745,400,400,,
0,0,1,20350746,400,400,,
0,0,1,20350747,400,400,,
0,0,1,20350748,400,400,,
0,0,1,20350749,400,400,,
0,0,1,20350750,400,400,,
0,0,1,20350751,400,400,,
0,0,1,20350752,400,400,,
0,0,1,20350753,400,400,,
0,0,1,20350754,400,400,,
0,0,1,20350755,400,400,,
0,0,1,20350756,400,400,,
0,0,1,20350757,400,400,,
0,0,1,20350758,400,400,,
0,0,1,20350759,400,400,,
0,0,1,20350760,400,400,,
0,0,1,20350761,400,400,,
0,0,1,20350762,400,400,,
0,0,1,20350763,400,400,,
0,0,1,20350764,400,400,,
0,0,1,20350765,400,400,,
0,0,1,20350766,400,400,,
0,0,1,20350767,400,400,,
0,0,1,20350768,400,400,,
0,0,1,20350769,400,400,,
0,0,1,20350770,400,400,,
0,0,1,20350771,400,400,,
0,0,1,20350772,400,400,,
0,0,1,20350773,400,400,,
0,0,1,20350774,400,400,,
0,0,1,20350775,400,400,,
0,0,1,20350776,400,400,,
0,0,1,20350777,400,400,,
0,0,1,20350778,400,400,,
0,0,1,20350779,400,400,,
0,0,1,20350780,400,400,,
0,0,1,20350781,400,400,,
0,0,1,20350782,400,400,,
0,0,1,20350783,400,400,,
0,0,1,20350784,400,400,,
0,0,1,20350785,400,400,,
0,0,1,20350786,400,400,,
0,0,1,20350787,400,400,,
0,0,1,20350788,400,400,,
0,0,1,20350789,400,400,,
0,0,1,20350790,400,400,,
0,0,1,20350791,400,400,,
0,0,1,20350792,400,400,,
0,0,1,20350793,400,400,,
0,0,1,20350794,400,400,,
0,0,1,20350795,400,400,,
0,0,1,20350796,400,400,,
0,0,1,20350797,400,400,,
0,0,1,20350798,400,400,,
0,0,1,20350799,400,400,,
0,0,1,20350800,400,400,,
0,0,1,20350801,400,400,,
0,0,1,20350802,400,400,,
0,0,1,20350803,400,400,,
0,0,1,20350804,400,400,,
0,0,1,20350805,400,400,,
0,0,1,20350806,400,400,,
0,0,1,20350807,400,400,,
0,0,1,20350808,400,400,,
0,0,1,20350809,400,400,,
0,0,1,20350810,400,400,,
0,0,1,20350811,400,400,,
0,0,1,20350812,400,400,,
0,0,1,20350813,400,400,,
0,0,1,20350814,400,400,,
0,0,1,20350815,400,400,,
0,0,1,20350816,400,400,,
0,0,1,20350817,400,400,,
0,0,1,20350818,400,400,,
0,0,1,20350819,400,400,,
0,0,1,20350820,400,400,,
0,0,1,20350821,400,400,,
0,0,1,20350822,400,400,,
0,0,1,20350823,400,400,,
0,0,1,20350824,400,400,,
0,0,1,20350825,400,400,,
0,0,1,20350826,400,400,,
0,0,1,20350827,400,400,,
0,0,1,20350828,400,400,,
0,0,1,20350829,400,400,,
0,0,1,20350830,400,400,,
0,0,1,20350831,400,400,,
0,0,1,20350832,400,400,,
0,0,1,20350833,400,400,,
0,0,1,20350834,400,400,,
0,0,1,20350835,400,400,,
0,0,1,20350836,400,400,,
0,0,1,20350837,400,400,,
0,0,1,20350838,400,400,,
0,0,1,20350839,400,400,,
0,0,1,20350840,400,400,,
0,0,1,20350841,400,400,,
0,0,1,20350842,400,400,,
0,0,1,20350843,400,400,,
0,0,1,20350844,400,400,,
0,0,1,20350845,400,400,,
0,0,1,20350846,400,400,,
0,0,1,20350847,400,400,,
0,0,1,20350848,400,400,,
0,0,1,20350849,400,400,,
0,0,1,20350850,400,400,,
0,0,1,20350851,400,400,,
0,0,1,20350852,400,400,,
0,0,1,20350853,400,400,,
0,0,1,20350854,400,400,,
0,0,1,20350855,400,400,,
0,0,1,20350856,400,400,,
0,0,1,20350857,400,400,,
0,0,1,20350858,400,400,,
0,0,1,20350859,400,400,,
0,0,1,20350860,400,400,,
0,0,1,20350861,400,400,,
0,0,1,20350862,400,400,,
0,0,1,20350863,400,400,,
0,0,1,20350864,400,400,,
0,0,1,20350865,400,400,,
0,0,1,20350866,400,400,,
0,0,1,20350867,400,400,,
0,0,1,20350868,400,400,,
0,0,1,20350869,400,400,,
0,0,1,20350870,400,400,,
0,0,1,20350871,400,400,,
0,0,1,20350872,400,400,,
0,0,1,20350873,400,400,,
0,0,1,20350874,400,400,,
0,0,1,20350875,400,400,,
0,0,1,20350876,400,400,,
0,0,1,20350877,400,400,,
0,0,1,20350878,400,400,,
0,0,1,20350879,400,400,,
0,0,1,20350880,400,400,,
0,0,1,20350881,400,400,,
0,0,1,20350882,400,400,,
0,0,1,20350883,400,400,,
0,0,1,20350884,400,400,,
0,0,1,20350885,400,400,,
0,0,1,20350886,400,400,,
0,0,1,20350887,400,400,,
0,0,1,20350888,400,400,,
0,0,1,20350889,400,400,,
0,0,1,20350890,400,400,,
0,0,1,20350891,400,400,,
0,0,1,20350892,400,400,,
0,0,1,20350893,400,400,,
0,0,1,20350894,400,400,,
0,0,1,20350895,400,400,,
0,0,1,20350896,400,400,,
0,0,1,20350897,400,400,,
0,0,1,20350898,400,400,,
0,0,1,20350899,400,400,,
0,0,1,20350900,400,400,,
0,0,1,20350901,400,400,,
0,0,1,20350902,400,400,,
0,0,1,20350903,400,400,,
0,0,1,20350904,400,400,,
0,0,1,20350905,400,400,,
0,0,1,20350906,400,400,,
0,0,1,20350907,400,400,,
0,0,1,20350908,400,400,,
0,0,1,20350909,400,400,,
0,0,1,20350910,400,400,,
0,0,1,20350911,400,400,,
0,0,1,20350912,400,400,,
0,0,1,20350913,400,400,,
0,0,1,20350914,400,400,,
0,0,1,20350915,400,400,,
0,0,1,20350916,400,400,,
0,0,1,20350917,400,400,,
0,0,1,20350918,400,400,,
0,0,1,20350919,400,400,,
0,0,1,20350920,400,400,,
0,0,1,20350921,400,400,,
0,0,1,20350922,400,400,,
0,0,1,20350923,400,400,,
0,0,1,20350924,400,400,,
0,0,1,20350925,400,400,,
0,0,1,20350926,400,400,,
0,0,1,20350927,400,400,,
0,0,1,20350928,400,400,,
0,0,1,20350929,400,400,,
0,0,1,20350930,400,400,,
0,0,1,20350931,400,400,,
0,0,1,20350932,400,400,,
0,0,1,20350933,400,400,,
0,0,1,20350934,400,400,,
0,0,1,20350935,400,400,,
0,0,1,20350936,400,400,,
0,0,1,20350937,400,400,,
0,0,1,20350938,400,400,,
0,0,1,20350939,400,400,,
0,0,1,20350940,400,400,,
0,0,1,20350941,400,400,,
0,0,1,20350942,400,400,,
0,0,1,20350943,400,400,,
0,0,1,20350944,400,400,,
0,0,1,20350945,400,400,,
0,0,1,20350946,400,400,,
0,0,1,20350947,400,400,,
0,0,1,20350948,400,400,,
0,0,1,20350949,400,400,,
0,0,1,20350950,400,400,,
0,0,1,20350951,400,400,,
0,0,1,20350952,400,400,,
0,0,1,20350953,400,400,,
0,0,1,20350954,400,400,,
0,0,1,20350955,400,400,,
0,0,1,20350956,400,400,,
0,0,1,20350957,400,400,,
0,0,1,20350958,400,400,,
0,0,1,20350959,400,400,,
0,0,1,20350960,400,400,,
0,0,1,20350961,400,400,,
0,0,1,20350962,400,400,,
0,0,1,20350963,400,400,,
0,0,1,20350964,400,400,,
0,0,1,20350965,400,400,,
0,0,1,20350966,400,400,,
0,0,1,20350967,400,400,,
0,0,1,20350968,400,400,,
0,0,1,20350969,400,400,,
0,0,1,20350970,400,400,,
0,0,1,20350971,400,400,,
0,0,1,20350972,400,400,,
0,0,1,20350973,400,400,,
0,0,1,20350974,400,400,,
0,0,1,20350975,400,400,,
0,0,1,20350976,400,400,,
0,0,1,20350977,400,400,,
0,0,1,20350978,400,400,,
0,0,1,20350979,400,400,,
0,0,1,20350980,400,400,,
0,0,1,20350981,400,400,,
0,0,1,20350982,400,400,,
0,0,1,20350983,400,400,,
0,0,1,20350984,400,400,,
0,0,1,20350985,400,400,,
0,0,1,20350986,400,400,,
0,0,1,20350987,400,400,,
0,0,1,20350988,400,400,,
0,0,1,20350989,400,400,,
0,0,1,20350990,400,400,,
0,0,1,20350991,400,400,,
0,0,1,20350992,400,400,,
0,0,1,20350993,400,400,,
0,0,1,20350994,400,400,,
0,0,1,20350995,400,400,,
0,0,1,20350996,400,400,,
0,0,1,20350997,400,400,,
0,0,1,20350998,400,400,,
0,0,1,20350999,400,400,,
0,0,1,20351000,400,400,,
0,0,1,20351001,400,400,,
0,0,1,20351002,400,400,,
0,0,1,20351003,400,400,,
0,0,1,20351004,400,400,,
0,0,1,20351005,400,400,,
0,0,1,20351006,400,400,,
0,0,1,20351007,400,400,,
0,0,1,20351008,400,400,,
0,0,1,20351009,400,400,,
0,0,1,20351010,400,400,,
0,0,1,20351011,400,400,,
0,0,1,20351012,400,400,,
0,0,1,20351013,400,400,,
0,0,1,20351014,400,400,,
0,0,1,20351015,400,400,,
0,0,1,20351016,400,400,,
0,0,1,20351017,400,400,,
0,0,1,20351018,400,400,,
0,0,1,20351019,400,400,,
0,0,1,20351020,400,400,,
0,0,1,20351021,400,400,,
0,0,1,20351022,400,400,,
0,0,1,20351023,400,400,,
0,0,1,20351024,400,400,,
0,0,1,20351025,400,400,,
0,0,1,20351026,400,400,,
0,0,1,20351027,400,400,,
0,0,1,20351028,400,400,,
0,0,1,20351029,400,400,,
0,0,1,20351030,400,400,,
0,0,1,20351031,400,400,,
0,0,1,20351032,400,400,,
0,0,1,20351033,400,400,,
0,0,1,20351034,400,400,,
0,0,1,20351035,400,400,,
0,0,1,20351036,400,400,,
0,0,1,20351037,400,400,,
0,0,1,20351038,400,400,,
0,0,1,20351039,400,400,,
0,0,1,20351040,400,400,,
0,0,1,20351041,400,400,,
0,0,1,20351042,400,400,,
0,0,1,20351043,400,400,,
0,0,1,20351044,400,400,,
0,0,1,20351045,400,400,,
0,0,1,20351046,400,400,,
0,0,1,20351047,400,400,,
0,0,1,20351048,400,400,,
0,0,1,20351049,400,400,,
0,0,1,20351050,400,400,,
0,0,1,20351051,400,400,,
0,0,1,20351052,400,400,,
0,0,1,20351053,400,400,,
0,0,1,20351054,400,400,,
0,0,1,20351055,400,400,,
0,0,1,20351056,400,400,,
0,0,1,20351057,400,400,,
0,0,1,20351058,400,400,,
0,0,1,20351059,400,400,,
0,0,1,20351060,400,400,,
0,0,1,20351061,400,400,,
0,0,1,20351062,400,400,,
0,0,1,20351063,400,400,,
0,0,1,20351064,400,400,,
0,0,1,20351065,400,400,,
0,0,1,20351066,400,400,,
0,0,1,20351067,400,400,,
0,0,1,20351068,400,400,,
0,0,1,20351069,400,400,,
0,0,1,20351070,400,400,,
0,0,1,20351071,400,400,,
0,0,1,20351072,400,400,,
0,0,1,20351073,400,400,,
0,0,1,20351074,400,400,,
0,0,1,20351075,400,400,,
0,0,1,20351076,400,400,,
0,0,1,20351077,400,400,,
0,0,1,20351078,400,400,,
0,0,1,20351079,400,400,,
0,0,1,20351080,400,400,,
0,0,1,20351081,400,400,,
0,0,1,20351082,400,400,,
0,0,1,20351083,400,400,,
0,0,1,20351084,400,400,,
0,0,1,20351085,400,400,,
0,0,1,20351086,400,400,,
0,0,1,20351087,400,400,,
0,0,1,20351088,400,400,,
0,0,1,20351089,400,400,,
0,0,1,20351090,400,400,,
0,0,1,20351091,400,400,,
0,0,1,20351092,400,400,,
0,0,1,20351093,400,400,,
0,0,1,20351094,400,400,,
0,0,1,20351095,400,400,,
0,0,1,20351096,400,400,,
0,0,1,20351097,400,400,,
0,0,1,20351098,400,400,,
0,0,1,20351099,400,400,,
0,0,1,20351100,400,400,,
0,0,1,20351101,400,400,,
0,0,1,20351102,400,400,,
0,0,1,20351103,400,400,,
0,0,1,20351104,400,400,,
0,0,1,20351105,400,400,,
0,0,1,20351106,400,400,,
0,0,1,20351107,400,400,,
0,0,1,20351108,400,400,,
0,0,1,20351109,400,400,,
0,0,1,20351110,400,400,,
0,0,1,20351111,400,400,,
0,0,1,20351112,400,400,,
0,0,1,20351113,400,400,,
0,0,1,20351114,400,400,,
0,0,1,20351115,400,400,,
0,0,1,20351116,400,400,,
0,0,1,20351117,400,400,,
0,0,1,20351118,400,400,,
0,0,1,20351119,400,400,,
0,0,1,20351120,400,400,,
0,0,1,20351121,400,400,,
0,0,1,20351122,400,400,,
0,0,1,20351123,400,400,,
0,0,1,20351124,400,400,,
0,0,1,20351125,400,400,,
0,0,1,20351126,400,400,,
0,0,1,20351127,400,400,,
0,0,1,20351128,400,400,,
0,0,1,20351129,400,400,,
0,0,1,20351130,400,400,,
0,0,1,20351131,400,400,,
0,0,1,20351132,400,400,,
0,0,1,20351133,400,400,,
0,0,1,20351134,400,400,,
0,0,1,20351135,400,400,,
0,0,1,20351136,400,400,,
0,0,1,20351137,400,400,,
0,0,1,20351138,400,400,,
0,0,1,20351139,400,400,,
0,0,1,20351140,400,400,,
0,0,1,20351141,400,400,,
0,0,1,20351142,400,400,,
0,0,1,20351143,400,400,,
0,0,1,20351144,400,400,,
0,0,1,20351145,400,400,,
0,0,1,20351146,400,400,,
0,0,1,20351147,400,400,,
0,0,1,20351148,400,400,,
0,0,1,20351149,400,400,,
0,0,1,20351150,400,400,,
0,0,1,20351151,400,400,,
0,0,1,20351152,400,400,,
0,0,1,20351153,400,400,,
0,0,1,20351154,400,400,,
0,0,1,20351155,400,400,,
0,0,1,20351156,400,400,,
0,0,1,20351157,400,400,,
0,0,1,20351158,400,400,,
0,0,1,20351159,400,400,,
0,0,1,20351160,400,400,,
0,0,1,20351161,400,400,,
0,0,1,20351162,400,400,,
0,0,1,20351163,400,400,,
0,0,1,20351164,400,400,,
0,0,1,20351165,400,400,,
0,0,1,20351166,400,400,,
0,0,1,20351167,400,400,,
0,0,1,20351168,400,400,,
0,0,1,20351169,400,400,,
0,0,1,20351170,400,400,,
0,0,1,20351171,400,400,,
0,0,1,20351172,400,400,,
0,0,1,20351173,400,400,,
0,0,1,20351174,400,400,,
0,0,1,20351175,400,400,,
0,0,1,20351176,400,400,,
0,0,1,20351177,400,400,,
0,0,1,20351178,400,400,,
0,0,1,20351179,400,400,,
0,0,1,20351180,400,400,,
0,0,1,20351181,400,400,,
0,0,1,20351182,400,400,,
0,0,1,20351183,400,400,,
0,0,1,20351184,400,400,,
0,0,1,20351185,400,400,,
0,0,1,20351186,400,400,,
0,0,1,20351187,400,400,,
0,0,1,20351188,400,400,,
0,0,1,20351189,400,400,,
0,0,1,20351190,400,400,,
0,0,1,20351191,400,400,,
0,0,1,20351192,400,400,,
0,0,1,20351193,400,400,,
0,0,1,20351194,400,400,,
0,0,1,20351195,400,400,,
0,0,1,20351196,400,400,,
0,0,1,20351197,400,400,,
0,0,1,20351198,400,400,,
0,0,1,20351199,400,400,,
0,0,1,20351200,400,400,,
0,0,1,20351201,400,400,,
0,0,1,20351202,400,400,,
0,0,1,20351203,400,400,,
0,0,1,20351204,400,400,,
0,0,1,20351205,400,400,,
0,0,1,20351206,400,400,,
0,0,1,20351207,400,400,,
0,0,1,20351208,400,400,,
0,0,1,20351209,400,400,,
0,0,1,20351210,400,400,,
0,0,1,20351211,400,400,,
0,0,1,20351212,400,400,,
0,0,1,20351213,400,400,,
0,0,1,20351214,400,400,,
0,0,1,20351215,400,400,,
0,0,1,20351216,400,400,,
0,0,1,20351217,400,400,,
0,0,1,20351218,400,400,,
0,0,1,20351219,400,400,,
0,0,1,20351220,400,400,,
0,0,1,20351221,400,400,,
0,0,1,20351222,400,400,,
0,0,1,20351223,400,400,,
0,0,1,20351224,400,400,,
0,0,1,20351225,400,400,,
0,0,1,20351226,400,400,,
0,0,1,20351227,400,400,,
0,0,1,20351228,400,400,,
0,0,1,20351229,400,400,,
0,0,1,20351230,400,400,,
0,0,1,20351231,400,400,,
0,0,1,20351232,400,400,,
0,0,1,20351233,400,400,,
0,0,1,20351234,400,400,,
0,0,1,20351235,400,400,,
0,0,1,20351236,400,400,,
0,0,1,20351237,400,400,,
0,0,1,20351238,400,400,,
0,0,1,20351239,400,400,,
0,0,1,20351240,400,400,,
0,0,1,20351241,400,400,,
0,0,1,20351242,400,400,,
0,0,1,20351243,400,400,,
0,0,1,20351244,400,400,,
0,0,1,20351245,400,400,,
0,0,1,20351246,400,400,,
0,0,1,20351247,400,400,,
0,0,1,20351248,400,400,,
0,0,1,20351249,400,400,,
0,0,1,20351250,400,400,,
0,0,1,20351251,400,400,,
0,0,1,20351252,400,400,,
0,0,1,20351253,400,400,,
0,0,1,20351254,400,400,,
0,0,1,20351255,400,400,,
0,0,1,20351256,400,400,,
0,0,1,20351257,400,400,,
0,0,1,20351258,400,400,,
0,0,1,20351259,400,400,,
0,0,1,20351260,400,400,,
0,0,1,20351261,400,400,,
0,0,1,20351262,400,400,,
0,0,1,20351263,400,400,,
0,0,1,20351264,400,400,,
0,0,1,20351265,400,400,,
0,0,1,20351266,400,400,,
0,0,1,20351267,400,400,,
0,0,1,20351268,400,400,,
0,0,1,20351269,400,400,,
0,0,1,20351270,400,400,,
0,0,1,20351271,400,400,,
0,0,1,20351272,400,400,,
0,0,1,20351273,400,400,,
0,0,1,20351274,400,400,,
0,0,1,20351275,400,400,,
0,0,1,20351276,400,400,,
0,0,1,20351277,400,400,,
0,0,1,20351278,400,400,,
0,0,1,20351279,400,400,,
0,0,1,20351280,400,400,,
0,0,1,20351281,400,400,,
0,0,1,20351282,400,400,,
0,0,1,20351283,400,400,,
0,0,1,20351284,400,400,,
0,0,1,20351285,400,400,,
0,0,1,20351286,400,400,,
0,0,1,20351287,400,400,,
0,0,1,20351288,400,400,,
0,0,1,20351289,400,400,,
0,0,1,20351290,400,400,,
0,0,1,20351291,400,400,,
0,0,1,20351292,400,400,,
0,0,1,20351293,400,400,,
0,0,1,20351294,400,400,,
0,0,1,20351295,400,400,,
0,0,1,20351296,400,400,,
0,0,1,20351297,400,400,,
0,0,1,20351298,400,400,,
0,0,1,20351299,400,400,,
0,0,1,20351300,400,400,,
0,0,1,20351301,400,400,,
0,0,1,20351302,400,400,,
0,0,1,20351303,400,400,,
0,0,1,20351304,400,400,,
0,0,1,20351305,400,400,,
0,0,1,20351306,400,400,,
0,0,1,20351307,400,400,,
0,0,1,20351308,400,400,,
0,0,1,20351309,400,400,,
0,0,1,20351310,400,400,,
0,0,1,20351311,400,400,,
0,0,1,20351312,400,400,,
0,0,1,20351313,400,400,,
0,0,1,20351314,400,400,,
0,0,1,20351315,400,400,,
0,0,1,20351316,400,400,,
0,0,1,20351317,400,400,,
0,0,1,20351318,400,400,,
0,0,1,20351319,400,400,,
0,0,1,20351320,400,400,,
0,0,1,20351321,400,400,,
0,0,1,20351322,400,400,,
0,0,1,20351323,400,400,,
0,0,1,20351324,400,400,,
0,0,1,20351325,400,400,,
0,0,1,20351326,400,400,,
0,0,1,20351327,400,400,,
0,0,1,20351328,400,400,,
0,0,1,20351329,400,400,,
0,0,1,20351330,400,400,,
0,0,1,20351331,400,400,,
0,0,1,20351332,400,400,,
0,0,1,20351333,400,400,,
0,0,1,20351334,400,400,,
0,0,1,20351335,400,400,,
0,0,1,20351336,400,400,,
0,0,1,20351337,400,400,,
0,0,1,20351338,400,400,,
0,0,1,20351339,400,400,,
0,0,1,20351340,400,400,,
0,0,1,20351341,400,400,,
0,0,1,20351342,400,400,,
0,0,1,20351343,400,400,,
0,0,1,20351344,400,400,,
0,0,1,20351345,400,400,,
0,0,1,20351346,400,400,,
0,0,1,20351347,400,400,,
0,0,1,20351348,400,400,,
0,0,1,20351349,400,400,,
0,0,1,20351350,400,400,,
0,0,1,20351351,400,400,,
0,0,1,20351352,400,400,,
0,0,1,20351353,400,400,,
0,0,1,20351354,400,400,,
0,0,1,20351355,400,400,,
0,0,1,20351356,400,400,,
0,0,1,20351357,400,400,,
0,0,1,20351358,400,400,,
0,0,1,20351359,400,400,,
0,0,1,20351360,400,400,,
0,0,1,20351361,400,400,,
0,0,1,20351362,400,400,,
0,0,1,20351363,400,400,,
0,0,1,20351364,400,400,,
0,0,1,20351365,400,400,,
0,0,1,20351366,400,400,,
0,0,1,20351367,400,400,,
0,0,1,20351368,400,400,,
0,0,1,20351369,400,400,,
0,0,1,20351370,400,400,,
0,0,1,20351371,400,400,,
0,0,1,20351372,400,400,,
0,0,1,20351373,400,400,,
0,0,1,20351374,400,400,,
0,0,1,20351375,400,400,,
0,0,1,20351376,400,400,,
0,0,1,20351377,400,400,,
0,0,1,20351378,400,400,,
0,0,1,20351379,400,400,,
0,0,1,20351380,400,400,,
0,0,1,20351381,400,400,,
0,0,1,20351382,400,400,,
0,0,1,20351383,400,400,,
0,0,1,20351384,400,400,,
0,0,1,20351385,400,400,,
0,0,1,20351386,400,400,,
0,0,1,20351387,400,400,,
0,0,1,20351388,400,400,,
0,0,1,20351389,400,400,,
0,0,1,20351390,400,400,,
0,0,1,20351391,400,400,,
0,0,1,20351392,400,400,,
0,0,1,20351393,400,400,,
0,0,1,20351394,400,400,,
0,0,1,20351395,400,400,,
0,0,1,20351396,400,400,,
0,0,1,20351397,400,400,,
0,0,1,20351398,400,400,,
0,0,1,20351399,400,400,,
0,0,1,20351400,400,400,,
0,0,1,20351401,400,400,,
0,0,1,20351402,400,400,,
0,0,1,20351403,400,400,,
0,0,1,20351404,400,400,,
0,0,1,20351405,400,400,,
0,0,1,20351406,400,400,,
0,0,1,20351407,400,400,,
0,0,1,20351408,400,400,,
0,0,1,20351409,400,400,,
0,0,1,20351410,400,400,,
0,0,1,20351411,400,400,,
0,0,1,20351412,400,400,,
0,0,1,20351413,400,400,,
0,0,1,20351414,400,400,,
0,0,1,20351415,400,400,,
0,0,1,20351416,400,400,,
0,0,1,20351417,400,400,,
0,0,1,20351418,400,400,,
0,0,1,20351419,400,400,,
0,0,1,20351420,400,400,,
0,0,1,20351421,400,400,,
0,0,1,20351422,400,400,,
0,0,1,20351423,400,400,,
0,0,1,20351424,400,400,,
0,0,1,20351425,400,400,,
0,0,1,20351426,400,400,,
0,0,1,20351427,400,400,,
0,0,1,20351428,400,400,,
0,0,1,20351429,400,400,,
0,0,1,20351430,400,400,,
0,0,1,20351431,400,400,,
0,0,1,20351432,400,400,,
0,0,1,20351433,400,400,,
0,0,1,20351434,400,400,,
0,0,1,20351435,400,400,,
0,0,1,20351436,400,400,,
0,0,1,20351437,400,400,,
0,0,1,20351438,400,400,,
0,0,1,20351439,400,400,,
0,0,1,20351440,400,400,,
0,0,1,20351441,400,400,,
0,0,1,20351442,400,400,,
0,0,1,20351443,400,400,,
0,0,1,20351444,400,400,,
0,0,1,20351445,400,400,,
0,0,1,20351446,400,400,,
0,0,1,20351447,400,400,,
0,0,1,20351448,400,400,,
0,0,1,20351449,400,400,,
0,0,1,20351450,400,400,,
0,0,1,20351451,400,400,,
0,0,1,20351452,400,400,,
0,0,1,20351453,400,400,,
0,0,1,20351454,400,400,,
0,0,1,20351455,400,400,,
0,0,1,20351456,400,400,,
0,0,1,20351457,400,400,,
0,0,1,20351458,400,400,,
0,0,1,20351459,400,400,,
0,0,1,20351460,400,400,,
0,0,1,20351461,400,400,,
0,0,1,20351462,400,400,,
0,0,1,20351463,400,400,,
0,0,1,20351464,400,400,,
0,0,1,20351465,400,400,,
0,0,1,20351466,400,400,,
0,0,1,20351467,400,400,,
0,0,1,20351468,400,400,,
0,0,1,20351469,400,400,,
0,0,1,20351470,400,400,,
0,0,1,20351471,400,400,,
0,0,1,20351472,400,400,,
0,0,1,20351473,400,400,,
0,0,1,20351474,400,400,,
0,0,1,20351475,400,400,,
0,0,1,20351476,400,400,,
0,0,1,20351477,400,400,,
0,0,1,20351478,400,400,,
0,0,1,20351479,400,400,,
0,0,1,20351480,400,400,,
0,0,1,20351481,400,400,,
0,0,1,20351482,400,400,,
0,0,1,20351483,400,400,,
0,0,1,20351484,400,400,,
0,0,1,20351485,400,400,,
0,0,1,20351486,400,400,,
0,0,1,20351487,400,400,,
0,0,1,20351488,400,400,,
0,0,1,20351489,400,400,,
0,0,1,20351490,400,400,,
0,0,1,20351491,400,400,,
0,0,1,20351492,400,400,,
0,0,1,20351493,400,400,,
0,0,1,20351494,400,400,,
0,0,1,20351495,400,400,,
0,0,1,20351496,400,400,,
0,0,1,20351497,400,400,,
0,0,1,20351498,400,400,,
0,0,1,20351499,400,400,,
0,0,1,20351500,400,400,,
0,0,1,20351501,400,400,,
0,0,1,20351502,400,400,,
0,0,1,20351503,400,400,,
0,0,1,20351504,400,400,,
0,0,1,20351505,400,400,,
0,0,1,20351506,400,400,,
0,0,1,20351507,400,400,,
0,0,1,20351508,400,400,,
0,0,1,20351509,400,400,,
0,0,1,20351510,400,400,,
0,0,1,20351511,400,400,,
0,0,1,20351512,400,400,,
0,0,1,20351513,400,400,,
0,0,1,20351514,400,400,,
0,0,1,20351515,400,400,,
0,0,1,20351516,400,400,,
0,0,1,20351517,400,400,,
0,0,1,20351518,400,400,,
0,0,1,20351519,400,400,,
0,0,1,20351520,400,400,,
0,0,1,20351521,400,400,,
0,0,1,20351522,400,400,,
0,0,1,20351523,400,400,,
0,0,1,20351524,400,400,,
0,0,1,20351525,400,400,,
0,0,1,20351526,400,400,,
0,0,1,20351527,400,400,,
0,0,1,20351528,400,400,,
0,0,1,20351529,400,400,,
0,0,1,20351530,400,400,,
0,0,1,20351531,400,400,,
0,0,1,20351532,400,400,,
0,0,1,20351533,400,400,,
0,0,1,20351534,400,400,,
0,0,1,20351535,400,400,,
0,0,1,20351536,400,400,,
0,0,1,20351537,400,400,,
0,0,1,20351538,400,400,,
0,0,1,20351539,400,400,,
0,0,1,20351540,400,400,,
0,0,1,20351541,400,400,,
0,0,1,20351542,400,400,,
0,0,1,20351543,400,400,,
0,0,1,20351544,400,400,,
0,0,1,20351545,400,400,,
0,0,1,20351546,400,400,,
0,0,1,20351547,400,400,,
0,0,1,20351548,400,400,,
0,0,1,20351549,400,400,,
0,0,1,20351550,400,400,,
0,0,1,20351551,400,400,,
0,0,1,20351552,400,400,,
0,0,1,20351553,400,400,,
0,0,1,20351554,400,400,,
0,0,1,20351555,400,400,,
0,0,1,20351556,400,400,,
0,0,1,20351557,400,400,,
0,0,1,20351558,400,400,,
0,0,1,20351559,400,400,,
0,0,1,20351560,400,400,,
0,0,1,20351561,400,400,,
0,0,1,20351562,400,400,,
0,0,1,20351563,400,400,,
0,0,1,20351564,400,400,,
0,0,1,20351565,400,400,,
0,0,1,20351566,400,400,,
0,0,1,20351567,400,400,,
0,0,1,20351568,400,400,,
0,0,1,20351569,400,400,,
0,0,1,20351570,400,400,,
0,0,1,20351571,400,400,,
0,0,1,20351572,400,400,,
0,0,1,20351573,400,400,,
0,0,1,20351574,400,400,,
0,0,1,20351575,400,400,,
0,0,1,20351576,400,400,,
0,0,1,20351577,400,400,,
0,0,1,20351578,400,400,,
0,0,1,20351579,400,400,,
0,0,1,20351580,400,400,,
0,0,1,20351581,400,400,,
0,0,1,20351582,400,400,,
0,0,1,20351583,400,400,,
0,0,1,20351584,400,400,,
0,0,1,20351585,400,400,,
0,0,1,20351586,400,400,,
0,0,1,20351587,400,400,,
0,0,1,20351588,400,400,,
0,0,1,20351589,400,400,,
0,0,1,20351590,400,400,,
0,0,1,20351591,400,400,,
0,0,1,20351592,400,400,,
0,0,1,20351593,400,400,,
0,0,1,20351594,400,400,,
0,0,1,20351595,400,400,,
0,0,1,20351596,400,400,,
0,0,1,20351597,400,400,,
0,0,1,20351598,400,400,,
0,0,1,20351599,400,400,,
0,0,1,20351600,400,400,,
0,0,1,20351601,400,400,,
0,0,1,20351602,400,400,,
0,0,1,20351603,400,400,,
0,0,1,20351604,400,400,,
0,0,1,20351605,400,400,,
0,0,1,20351606,400,400,,
0,0,1,20351607,400,400,,
0,0,1,20351608,400,400,,
0,0,1,20351609,400,400,,
0,0,1,20351610,400,400,,
0,0,1,20351611,400,400,,
0,0,1,20351612,400,400,,
0,0,1,20351613,400,400,,
0,0,1,20351614,400,400,,
0,0,1,20351615,400,400,,
0,0,1,20351616,400,400,,
0,0,1,20351617,400,400,,
0,0,1,20351618,400,400,,
0,0,1,20351619,400,400,,
0,0,1,20351620,400,400,,
0,0,1,20351621,400,400,,
0,0,1,20351622,400,400,,
0,0,1,20351623,400,400,,
0,0,1,20351624,400,400,,
0,0,1,20351625,400,400,,
0,0,1,20351626,400,400,,
0,0,1,20351627,400,400,,
0,0,1,20351628,400,400,,
0,0,1,20351629,400,400,,
0,0,1,20351630,400,400,,
0,0,1,20351631,400,400,,
0,0,1,20351632,400,400,,
0,0,1,20351633,400,400,,
0,0,1,20351634,400,400,,
0,0,1,20351635,400,400,,
0,0,1,20351636,400,400,,
0,0,1,20351637,400,400,,
0,0,1,20351638,400,400,,
0,0,1,20351639,400,400,,
0,0,1,20351640,400,400,,
0,0,1,20351641,400,400,,
0,0,1,20351642,400,400,,
0,0,1,20351643,400,400,,
0,0,1,20351644,400,400,,
0,0,1,20351645,400,400,,
0,0,1,20351646,400,400,,
0,0,1,20351647,400,400,,
0,0,1,20351648,400,400,,
0,0,1,20351649,400,400,,
0,0,1,20351650,400,400,,
0,0,1,20351651,400,400,,
0,0,1,20351652,400,400,,
0,0,1,20351653,400,400,,
0,0,1,20351654,400,400,,
0,0,1,20351655,400,400,,
0,0,1,20351656,400,400,,
0,0,1,20351657,400,400,,
0,0,1,20351658,400,400,,
0,0,1,20351659,400,400,,
0,0,1,20351660,400,400,,
0,0,1,20351661,400,400,,
0,0,1,20351662,400,400,,
0,0,1,20351663,400,400,,
0,0,1,20351664,400,400,,
0,0,1,20351665,400,400,,
0,0,1,20351666,400,400,,
0,0,1,20351667,400,400,,
0,0,1,20351668,400,400,,
0,0,1,20351669,400,400,,
0,0,1,20351670,400,400,,
0,0,1,20351671,400,400,,
0,0,1,20351672,400,400,,
0,0,1,20351673,400,400,,
0,0,1,20351674,400,400,,
0,0,1,20351675,400,400,,
0,0,1,20351676,400,400,,
0,0,1,20351677,400,400,,
0,0,1,20351678,400,400,,
0,0,1,20351679,400,400,,
0,0,1,20351680,400,400,,
0,0,1,20351681,400,400,,
0,0,1,20351682,400,400,,
0,0,1,20351683,400,400,,
0,0,1,20351684,400,400,,
0,0,1,20351685,400,400,,
0,0,1,20351686,400,400,,
0,0,1,20351687,400,400,,
0,0,1,20351688,400,400,,
0,0,1,20351689,400,400,,
0,0,1,20351690,400,400,,
0,0,1,20351691,400,400,,
0,0,1,20351692,400,400,,
0,0,1,20351693,400,400,,
0,0,1,20351694,400,400,,
0,0,1,20351695,400,400,,
0,0,1,20351696,400,400,,
0,0,1,20351697,400,400,,
0,0,1,20351698,400,400,,
0,0,1,20351699,400,400,,
0,0,1,20351700,400,400,,
0,0,1,20351701,400,400,,
0,0,1,20351702,400,400,,
0,0,1,20351703,400,400,,
0,0,1,20351704,400,400,,
0,0,1,20351705,400,400,,
0,0,1,20351706,400,400,,
0,0,1,20351707,400,400,,
0,0,1,20351708,400,400,,
0,0,1,20351709,400,400,,
0,0,1,20351710,400,400,,
0,0,1,20351711,400,400,,
0,0,1,20351712,400,400,,
0,0,1,20351713,400,400,,
0,0,1,20351714,400,400,,
0,0,1,20351715,400,400,,
0,0,1,20351716,400,400,,
0,0,1,20351717,400,400,,
0,0,1,20351718,400,400,,
0,0,1,20351719,400,400,,
0,0,1,20351720,400,400,,
0,0,1,20351721,400,400,,
0,0,1,20351722,400,400,,
0,0,1,20351723,400,400,,
0,0,1,20351724,400,400,,
0,0,1,20351725,400,400,,
0,0,1,20351726,400,400,,
0,0,1,20351727,400,400,,
0,0,1,20351728,400,400,,
0,0,1,20351729,400,400,,
0,0,1,20351730,400,400,,
0,0,1,20351731,400,400,,
0,0,1,20351732,400,400,,
0,0,1,20351733,400,400,,
0,0,1,20351734,400,400,,
0,0,1,20351735,400,400,,
0,0,1,20351736,400,400,,
0,0,1,20351737,400,400,,
0,0,1,20351738,400,400,,
0,0,1,20351739,400,400,,
0,0,1,20351740,400,400,,
0,0,1,20351741,400,400,,
0,0,1,20351742,400,400,,
0,0,1,20351743,400,400,,
0,0,1,20351744,400,400,,
0,0,1,20351745,400,400,,
0,0,1,20351746,400,400,,
0,0,1,20351747,400,400,,
0,0,1,20351748,400,400,,
0,0,1,20351749,400,400,,
0,0,1,20351750,400,400,,
0,0,1,20351751,400,400,,
0,0,1,20351752,400,400,,
0,0,1,20351753,400,400,,
0,0,1,20351754,400,400,,
0,0,1,20351755,400,400,,
0,0,1,20351756,400,400,,
0,0,1,20351757,400,400,,
0,0,1,20351758,400,400,,
0,0,1,20351759,400,400,,
0,0,1,20351760,400,400,,
0,0,1,20351761,400,400,,
0,0,1,20351762,400,400,,
0,0,1,20351763,400,400,,
0,0,1,20351764,400,400,,
0,0,1,20351765,400,400,,
0,0,1,20351766,400,400,,
0,0,1,20351767,400,400,,
0,0,1,20351768,400,400,,
0,0,1,20351769,400,400,,
0,0,1,20351770,400,400,,
0,0,1,20351771,400,400,,
0,0,1,20351772,400,400,,
0,0,1,20351773,400,400,,
0,0,1,20351774,400,400,,
0,0,1,20351775,400,400,,
0,0,1,20351776,400,400,,
0,0,1,20351777,400,400,,
0,0,1,20351778,400,400,,
0,0,1,20351779,400,400,,
0,0,1,20351780,400,400,,
0,0,1,20351781,400,400,,
0,0,1,20351782,400,400,,
0,0,1,20351783,400,400,,
0,0,1,20351784,400,400,,
0,0,1,20351785,400,400,,
0,0,1,20351786,400,400,,
0,0,1,20351787,400,400,,
0,0,1,20351788,400,400,,
0,0,1,20351789,400,400,,
0,0,1,20351790,400,400,,
0,0,1,20351791,400,400,,
0,0,1,20351792,400,400,,
0,0,1,20351793,400,400,,
0,0,1,20351794,400,400,,
0,0,1,20351795,400,400,,
0,0,1,20351796,400,400,,
0,0,1,20351797,400,400,,
0,0,1,20351798,400,400,,
0,0,1,20351799,400,400,,
0,0,1,20351800,400,400,,
0,0,1,20351801,400,400,,
0,0,1,20351802,400,400,,
0,0,1,20351803,400,400,,
0,0,1,20351804,400,400,,
0,0,1,20351805,400,400,,
0,0,1,20351806,400,400,,
0,0,1,20351807,400,400,,
0,0,1,20351808,400,400,,
0,0,1,20351809,400,400,,
0,0,1,20351810,400,400,,
0,0,1,20351811,400,400,,
0,0,1,20351812,400,400,,
0,0,1,20351813,400,400,,
0,0,1,20351814,400,400,,
0,0,1,20351815,400,400,,
0,0,1,20351816,400,400,,
0,0,1,20351817,400,400,,
0,0,1,20351818,400,400,,
0,0,1,20351819,400,400,,
0,0,1,20351820,400,400,,
0,0,1,20351821,400,400,,
0,0,1,20351822,400,400,,
0,0,1,20351823,400,400,,
0,0,1,20351824,400,400,,
0,0,1,20351825,400,400,,
0,0,1,20351826,400,400,,
0,0,1,20351827,400,400,,
0,0,1,20351828,400,400,,
0,0,1,20351829,400,400,,
0,0,1,20351830,400,400,,
0,0,1,20351831,400,400,,
0,0,1,20351832,400,400,,
0,0,1,20351833,400,400,,
0,0,1,20351834,400,400,,
0,0,1,20351835,400,400,,
0,0,1,20351836,400,400,,
0,0,1,20351837,400,400,,
0,0,1,20351838,400,400,,
0,0,1,20351839,400,400,,
0,0,1,20351840,400,400,,
0,0,1,20351841,400,400,,
0,0,1,20351842,400,400,,
0,0,1,20351843,400,400,,
0,0,1,20351844,400,400,,
0,0,1,20351845,400,400,,
0,0,1,20351846,400,400,,
0,0,1,20351847,400,400,,
0,0,1,20351848,400,400,,
0,0,1,20351849,400,400,,
0,0,1,20351850,400,400,,
0,0,1,20351851,400,400,,
0,0,1,20351852,400,400,,
0,0,1,20351853,400,400,,
0,0,1,20351854,400,400,,
0,0,1,20351855,400,400,,
0,0,1,20351856,400,400,,
0,0,1,20351857,400,400,,
0,0,1,20351858,400,400,,
0,0,1,20351859,400,400,,
0,0,1,20351860,400,400,,
0,0,1,20351861,400,400,,
0,0,1,20351862,400,400,,
0,0,1,20351863,400,400,,
0,0,1,20351864,400,400,,
0,0,1,20351865,400,400,,
0,0,1,20351866,400,400,,
0,0,1,20351867,400,400,,
0,0,1,20351868,400,400,,
0,0,1,20351869,400,400,,
0,0,1,20351870,400,400,,
0,0,1,20351871,400,400,,
0,0,1,20351872,400,400,,
0,0,1,20351873,400,400,,
0,0,1,20351874,400,400,,
0,0,1,20351875,400,400,,
0,0,1,20351876,400,400,,
0,0,1,20351877,400,400,,
0,0,1,20351878,400,400,,
0,0,1,20351879,400,400,,
0,0,1,20351880,400,400,,
0,0,1,20351881,400,400,,
0,0,1,20351882,400,400,,
0,0,1,20351883,400,400,,
0,0,1,20351884,400,400,,
0,0,1,20351885,400,400,,
0,0,1,20351886,400,400,,
0,0,1,20351887,400,400,,
0,0,1,20351888,400,400,,
0,0,1,20351889,400,400,,
0,0,1,20351890,400,400,,
0,0,1,20351891,400,400,,
0,0,1,20351892,400,400,,
0,0,1,20351893,400,400,,
0,0,1,20351894,400,400,,
0,0,1,20351895,400,400,,
0,0,1,20351896,400,400,,
0,0,1,20351897,400,400,,
0,0,1,20351898,400,400,,
0,0,1,20351899,400,400,,
0,0,1,20351900,400,400,,
0,0,1,20351901,400,400,,
0,0,1,20351902,400,400,,
0,0,1,20351903,400,400,,
0,0,1,20351904,400,400,,
0,0,1,20351905,400,400,,
0,0,1,20351906,400,400,,
0,0,1,20351907,400,400,,
0,0,1,20351908,400,400,,
0,0,1,20351909,400,400,,
0,0,1,20351910,400,400,,
0,0,1,20351911,400,400,,
0,0,1,20351912,400,400,,
0,0,1,20351913,400,400,,
0,0,1,20351914,400,400,,
0,0,1,20351915,400,400,,
0,0,1,20351916,400,400,,
0,0,1,20351917,400,400,,
0,0,1,20351918,400,400,,
0,0,1,20351919,400,400,,
0,0,1,20351920,400,400,,
0,0,1,20351921,400,400,,
0,0,1,20351922,400,400,,
0,0,1,20351923,400,400,,
0,0,1,20351924,400,400,,
0,0,1,20351925,400,400,,
0,0,1,20351926,400,400,,
0,0,1,20351927,400,400,,
0,0,1,20351928,400,400,,
0,0,1,20351929,400,400,,
0,0,1,20351930,400,400,,
0,0,1,20351931,400,400,,
0,0,1,20351932,400,400,,
0,0,1,20351933,400,400,,
0,0,1,20351934,400,400,,
0,0,1,20351935,400,400,,
0,0,1,20351936,400,400,,
0,0,1,20351937,400,400,,
0,0,1,20351938,400,400,,
0,0,1,20351939,400,400,,
0,0,1,20351940,400,400,,
0,0,1,20351941,400,400,,
0,0,1,20351942,400,400,,
0,0,1,20351943,400,400,,
0,0,1,20351944,400,400,,
0,0,1,20351945,400,400,,
0,0,1,20351946,400,400,,
0,0,1,20351947,400,400,,
0,0,1,20351948,400,400,,
0,0,1,20351949,400,400,,
0,0,1,20351950,400,400,,
0,0,1,20351951,400,400,,
0,0,1,20351952,400,400,,
0,0,1,20351953,400,400,,
0,0,1,20351954,400,400,,
0,0,1,20351955,400,400,,
0,0,1,20351956,400,400,,
0,0,1,20351957,400,400,,
0,0,1,20351958,400,400,,
0,0,1,20351959,400,400,,
0,0,1,20351960,400,400,,
0,0,1,20351961,400,400,,
0,0,1,20351962,400,400,,
0,0,1,20351963,400,400,,
0,0,1,20351964,400,400,,
0,0,1,20351965,400,400,,
0,0,1,20351966,400,400,,
0,0,1,20351967,400,400,,
0,0,1,20351968,400,400,,
0,0,1,20351969,400,400,,
0,0,1,20351970,400,400,,
0,0,1,20351971,400,400,,
0,0,1,20351972,400,400,,
0,0,1,20351973,400,400,,
0,0,1,20351974,400,400,,
0,0,1,20351975,400,400,,
0,0,1,20351976,400,400,,
0,0,1,20351977,400,400,,
0,0,1,20351978,400,400,,
0,0,1,20351979,400,400,,
0,0,1,20351980,400,400,,
0,0,1,20351981,400,400,,
0,0,1,20351982,400,400,,
0,0,1,20351983,400,400,,
0,0,1,20351984,400,400,,
0,0,1,20351985,400,400,,
0,0,1,20351986,400,400,,
0,0,1,20351987,400,400,,
0,0,1,20351988,400,400,,
0,0,1,20351989,400,400,,
0,0,1,20351990,400,400,,
0,0,1,20351991,400,400,,
0,0,1,20351992,400,400,,
0,0,1,20351993,400,400,,
0,0,1,20351994,400,400,,
0,0,1,20351995,400,400,,
0,0,1,20351996,400,400,,
0,0,1,20351997,400,400,,
0,0,1,20351998,400,400,,
0,0,1,20351999,400,400,,
0,0,1,20352000,400,400,,
0,0,1,20352001,400,400,,
0,0,1,20352002,400,400,,
0,0,1,20352003,400,400,,
0,0,1,20352004,400,400,,
0,0,1,20352005,400,400,,
0,0,1,20352006,400,400,,
0,0,1,20352007,400,400,,
0,0,1,20352008,400,400,,
0,0,1,20352009,400,400,,
0,0,1,20352010,400,400,,
0,0,1,20352011,400,400,,
0,0,1,20352012,400,400,,
0,0,1,20352013,400,400,,
0,0,1,20352014,400,400,,
0,0,1,20352015,400,400,,
0,0,1,20352016,400,400,,
0,0,1,20352017,400,400,,
0,0,1,20352018,400,400,,
0,0,1,20352019,400,400,,
0,0,1,20352020,400,400,,
0,0,1,20352021,400,400,,
0,0,1,20352022,400,400,,
0,0,1,20352023,400,400,,
0,0,1,20352024,400,400,,
0,0,1,20352025,400,400,,
0,0,1,20352026,400,400,,
0,0,1,20352027,400,400,,
0,0,1,20352028,400,400,,
0,0,1,20352029,400,400,,
0,0,1,20352030,400,400,,
0,0,1,20352031,400,400,,
0,0,1,20352032,400,400,,
0,0,1,20352033,400,400,,
0,0,1,20352034,400,400,,
0,0,1,20352035,400,400,,
0,0,1,20352036,400,400,,
0,0,1,20352037,400,400,,
0,0,1,20352038,400,400,,
0,0,1,20352039,400,400,,
0,0,1,20352040,400,400,,
0,0,1,20352041,400,400,,
0,0,1,20352042,400,400,,
0,0,1,20352043,400,400,,
0,0,1,20352044,400,400,,
0,0,1,20352045,400,400,,
0,0,1,20352046,400,400,,
0,0,1,20352047,400,400,,
0,0,1,20352048,400,400,,
0,0,1,20352049,400,400,,
0,0,1,20352050,400,400,,
0,0,1,20352051,400,400,,
0,0,1,20352052,400,400,,
0,0,1,20352053,400,400,,
0,0,1,20352054,400,400,,
0,0,1,20352055,400,400,,
0,0,1,20352056,400,400,,
0,0,1,20352057,400,400,,
0,0,1,20352058,400,400,,
0,0,1,20352059,400,400,,
0,0,1,20352060,400,400,,
0,0,1,20352061,400,400,,
0,0,1,20352062,400,400,,
0,0,1,20352063,400,400,,
0,0,1,20352064,400,400,,
0,0,1,20352065,400,400,,
0,0,1,20352066,400,400,,
0,0,1,20352067,400,400,,
0,0,1,20352068,400,400,,
0,0,1,20352069,400,400,,
0,0,1,20352070,400,400,,
0,0,1,20352071,400,400,,
0,0,1,20352072,400,400,,
0,0,1,20352073,400,400,,
0,0,1,20352074,400,400,,
0,0,1,20352075,400,400,,
0,0,1,20352076,400,400,,
0,0,1,20352077,400,400,,
0,0,1,20352078,400,400,,
0,0,1,20352079,400,400,,
0,0,1,20352080,400,400,,
0,0,1,20352081,400,400,,
0,0,1,20352082,400,400,,
0,0,1,20352083,400,400,,
0,0,1,20352084,400,400,,
0,0,1,20352085,400,400,,
0,0,1,20352086,400,400,,
0,0,1,20352087,400,400,,
0,0,1,20352088,400,400,,
0,0,1,20352089,400,400,,
0,0,1,20352090,400,400,,
0,0,1,20352091,400,400,,
0,0,1,20352092,400,400,,
0,0,1,20352093,400,400,,
0,0,1,20352094,400,400,,
0,0,1,20352095,400,400,,
0,0,1,20352096,400,400,,
0,0,1,20352097,400,400,,
0,0,1,20352098,400,400,,
0,0,1,20352099,400,400,,
0,0,1,20352100,400,400,,
0,0,1,20352101,400,400,,
0,0,1,20352102,400,400,,
0,0,1,20352103,400,400,,
0,0,1,20352104,400,400,,
0,0,1,20352105,400,400,,
0,0,1,20352106,400,400,,
0,0,1,20352107,400,400,,
0,0,1,20352108,400,400,,
0,0,1,20352109,400,400,,
0,0,1,20352110,400,400,,
0,0,1,20352111,400,400,,
0,0,1,20352112,400,400,,
0,0,1,20352113,400,400,,
0,0,1,20352114,400,400,,
0,0,1,20352115,400,400,,
0,0,1,20352116,400,400,,
0,0,1,20352117,400,400,,
0,0,1,20352118,400,400,,
0,0,1,20352119,400,400,,
0,0,1,20352120,400,400,,
0,0,1,20352121,400,400,,
0,0,1,20352122,400,400,,
0,0,1,20352123,400,400,,
0,0,1,20352124,400,400,,
0,0,1,20352125,400,400,,
0,0,1,20352126,400,400,,
0,0,1,20352127,400,400,,
0,0,1,20352128,400,400,,
0,0,1,20352129,400,400,,
0,0,1,20352130,400,400,,
0,0,1,20352131,400,400,,
0,0,1,20352132,400,400,,
0,0,1,20352133,400,400,,
0,0,1,20352134,400,400,,
0,0,1,20352135,400,400,,
0,0,1,20352136,400,400,,
0,0,1,20352137,400,400,,
0,0,1,20352138,400,400,,
0,0,1,20352139,400,400,,
0,0,1,20352140,400,400,,
0,0,1,20352141,400,400,,
0,0,1,20352142,400,400,,
0,0,1,20352143,400,400,,
0,0,1,20352144,400,400,,
0,0,1,20352145,400,400,,
0,0,1,20352146,400,400,,
0,0,1,20352147,400,400,,
0,0,1,20352148,400,400,,
0,0,1,20352149,400,400,,
0,0,1,20352150,400,400,,
0,0,1,20352151,400,400,,
0,0,1,20352152,400,400,,
0,0,1,20352153,400,400,,
0,0,1,20352154,400,400,,
0,0,1,20352155,400,400,,
0,0,1,20352156,400,400,,
0,0,1,20352157,400,400,,
0,0,1,20352158,400,400,,
0,0,1,20352159,400,400,,
0,0,1,20352160,400,400,,
0,0,1,20352161,400,400,,
0,0,1,20352162,400,400,,
0,0,1,20352163,400,400,,
0,0,1,20352164,400,400,,
0,0,1,20352165,400,400,,
0,0,1,20352166,400,400,,
0,0,1,20352167,400,400,,
0,0,1,20352168,400,400,,
0,0,1,20352169,400,400,,
0,0,1,20352170,400,400,,
0,0,1,20352171,400,400,,
0,0,1,20352172,400,400,,
0,0,1,20352173,400,400,,
0,0,1,20352174,400,400,,
0,0,1,20352175,400,400,,
0,0,1,20352176,400,400,,
0,0,1,20352177,400,400,,
0,0,1,20352178,400,400,,
0,0,1,20352179,400,400,,
0,0,1,20352180,400,400,,
0,0,1,20352181,400,400,,
0,0,1,20352182,400,400,,
0,0,1,20352183,400,400,,
0,0,1,20352184,400,400,,
0,0,1,20352185,400,400,,
0,0,1,20352186,400,400,,
0,0,1,20352187,400,400,,
0,0,1,20352188,400,400,,
0,0,1,20352189,400,400,,
0,0,1,20352190,400,400,,
0,0,1,20352191,400,400,,
0,0,1,20352192,400,400,,
0,0,1,20352193,400,400,,
0,0,1,20352194,400,400,,
0,0,1,20352195,400,400,,
0,0,1,20352196,400,400,,
0,0,1,20352197,400,400,,
0,0,1,20352198,400,400,,
0,0,1,20352199,400,400,,
0,0,1,20352200,400,400,,
0,0,1,20352201,400,400,,
0,0,1,20352202,400,400,,
0,0,1,20352203,400,400,,
0,0,1,20352204,400,400,,
0,0,1,20352205,400,400,,
0,0,1,20352206,400,400,,
0,0,1,20352207,400,400,,
0,0,1,20352208,400,400,,
0,0,1,20352209,400,400,,
0,0,1,20352210,400,400,,
0,0,1,20352211,400,400,,
0,0,1,20352212,400,400,,
0,0,1,20352213,400,400,,
0,0,1,20352214,400,400,,
0,0,1,20352215,400,400,,
0,0,1,20352216,400,400,,
0,0,1,20352217,400,400,,
0,0,1,20352218,400,400,,
0,0,1,20352219,400,400,,
0,0,1,20352220,400,400,,
0,0,1,20352221,400,400,,
0,0,1,20352222,400,400,,
0,0,1,20352223,400,400,,
0,0,1,20352224,400,400,,
0,0,1,20352225,400,400,,
0,0,1,20352226,400,400,,
0,0,1,20352227,400,400,,
0,0,1,20352228,400,400,,
0,0,1,20352229,400,400,,
0,0,1,20352230,400,400,,
0,0,1,20352231,400,400,,
0,0,1,20352232,400,400,,
0,0,1,20352233,400,400,,
0,0,1,20352234,400,400,,
0,0,1,20352235,400,400,,
0,0,1,20352236,400,400,,
0,0,1,20352237,400,400,,
0,0,1,20352238,400,400,,
0,0,1,20352239,400,400,,
0,0,1,20352240,400,400,,
0,0,1,20352241,400,400,,
0,0,1,20352242,400,400,,
0,0,1,20352243,400,400,,
0,0,1,20352244,400,400,,
0,0,1,20352245,400,400,,
0,0,1,20352246,400,400,,
0,0,1,20352247,400,400,,
0,0,1,20352248,400,400,,
0,0,1,20352249,400,400,,
0,0,1,20352250,400,400,,
0,0,1,20352251,400,400,,
0,0,1,20352252,400,400,,
0,0,1,20352253,400,400,,
0,0,1,20352254,400,400,,
0,0,1,20352255,400,400,,
0,0,1,20352256,400,400,,
0,0,1,20352257,400,400,,
0,0,1,20352258,400,400,,
0,0,1,20352259,400,400,,
0,0,1,20352260,400,400,,
0,0,1,20352261,400,400,,
0,0,1,20352262,400,400,,
0,0,1,20352263,400,400,,
0,0,1,20352264,400,400,,
0,0,1,20352265,400,400,,
0,0,1,20352266,400,400,,
0,0,1,20352267,400,400,,
0,0,1,20352268,400,400,,
0,0,1,20352269,400,400,,
0,0,1,20352270,400,400,,
0,0,1,20352271,400,400,,
0,0,1,20352272,400,400,,
0,0,1,20352273,400,400,,
0,0,1,20352274,400,400,,
0,0,1,20352275,400,400,,
0,0,1,20352276,400,400,,
0,0,1,20352277,400,400,,
0,0,1,20352278,400,400,,
0,0,1,20352279,400,400,,
0,0,1,20352280,400,400,,
0,0,1,20352281,400,400,,
0,0,1,20352282,400,400,,
0,0,1,20352283,400,400,,
0,0,1,20352284,400,400,,
0,0,1,20352285,400,400,,
0,0,1,20352286,400,400,,
0,0,1,20352287,400,400,,
0,0,1,20352288,400,400,,
0,0,1,20352289,400,400,,
0,0,1,20352290,400,400,,
0,0,1,20352291,400,400,,
0,0,1,20352292,400,400,,
0,0,1,20352293,400,400,,
0,0,1,20352294,400,400,,
0,0,1,20352295,400,400,,
0,0,1,20352296,400,400,,
0,0,1,20352297,400,400,,
0,0,1,20352298,400,400,,
0,0,1,20352299,400,400,,
0,0,1,20352300,400,400,,
0,0,1,20352301,400,400,,
0,0,1,20352302,400,400,,
0,0,1,20352303,400,400,,
0,0,1,20352304,400,400,,
0,0,1,20352305,400,400,,
0,0,1,20352306,400,400,,
0,0,1,20352307,400,400,,
0,0,1,20352308,400,400,,
0,0,1,20352309,400,400,,
0,0,1,20352310,400,400,,
0,0,1,20352311,400,400,,
0,0,1,20352312,400,400,,
0,0,1,20352313,400,400,,
0,0,1,20352314,400,400,,
0,0,1,20352315,400,400,,
0,0,1,20352316,400,400,,
0,0,1,20352317,400,400,,
0,0,1,20352318,400,400,,
0,0,1,20352319,400,400,,
0,0,1,20352320,400,400,,
0,0,1,20352321,400,400,,
0,0,1,20352322,400,400,,
0,0,1,20352323,400,400,,
0,0,1,20352324,400,400,,
0,0,1,20352325,400,400,,
0,0,1,20352326,400,400,,
0,0,1,20352327,400,400,,
0,0,1,20352328,400,400,,
0,0,1,20352329,400,400,,
0,0,1,20352330,400,400,,
0,0,1,20352331,400,400,,
0,0,1,20352332,400,400,,
0,0,1,20352333,400,400,,
0,0,1,20352334,400,400,,
0,0,1,20352335,400,400,,
0,0,1,20352336,400,400,,
0,0,1,20352337,400,400,,
0,0,1,20352338,400,400,,
0,0,1,20352339,400,400,,
0,0,1,20352340,400,400,,
0,0,1,20352341,400,400,,
0,0,1,20352342,400,400,,
0,0,1,20352343,400,400,,
0,0,1,20352344,400,400,,
0,0,1,20352345,400,400,,
0,0,1,20352346,400,400,,
0,0,1,20352347,400,400,,
0,0,1,20352348,400,400,,
0,0,1,20352349,400,400,,
0,0,1,20352350,400,400,,
0,0,1,20352351,400,400,,
0,0,1,20352352,400,400,,
0,0,1,20352353,400,400,,
0,0,1,20352354,400,400,,
0,0,1,20352355,400,400,,
0,0,1,20352356,400,400,,
0,0,1,20352357,400,400,,
0,0,1,20352358,400,400,,
0,0,1,20352359,400,400,,
0,0,1,20352360,400,400,,
0,0,1,20352361,400,400,,
0,0,1,20352362,400,400,,
0,0,1,20352363,400,400,,
0,0,1,20352364,400,400,,
0,0,1,20352365,400,400,,
0,0,1,20352366,400,400,,
0,0,1,20352367,400,400,,
0,0,1,20352368,400,400,,
0,0,1,20352369,400,400,,
0,0,1,20352370,400,400,,
0,0,1,20352371,400,400,,
0,0,1,20352372,400,400,,
0,0,1,20352373,400,400,,
0,0,1,20352374,400,400,,
0,0,1,20352375,400,400,,
0,0,1,20352376,400,400,,
0,0,1,20352377,400,400,,
0,0,1,20352378,400,400,,
0,0,1,20352379,400,400,,
0,0,1,20352380,400,400,,
0,0,1,20352381,400,400,,
0,0,1,20352382,400,400,,
0,0,1,20352383,400,400,,
0,0,1,20352384,400,400,,
0,0,1,20352385,400,400,,
0,0,1,20352386,400,400,,
0,0,1,20352387,400,400,,
0,0,1,20352388,400,400,,
0,0,1,20352389,400,400,,
0,0,1,20352390,400,400,,
0,0,1,20352391,400,400,,
0,0,1,20352392,400,400,,
0,0,1,20352393,400,400,,
0,0,1,20352394,400,400,,
0,0,1,20352395,400,400,,
0,0,1,20352396,400,400,,
0,0,1,20352397,400,400,,
0,0,1,20352398,400,400,,
0,0,1,20352399,400,400,,
0,0,1,20352400,400,400,,
0,0,1,20352401,400,400,,
0,0,1,20352402,400,400,,
0,0,1,20352403,400,400,,
0,0,1,20352404,400,400,,
0,0,1,20352405,400,400,,
0,0,1,20352406,400,400,,
0,0,1,20352407,400,400,,
0,0,1,20352408,400,400,,
0,0,1,20352409,400,400,,
0,0,1,20352410,400,400,,
0,0,1,20352411,400,400,,
0,0,1,20352412,400,400,,
0,0,1,20352413,400,400,,
0,0,1,20352414,400,400,,
0,0,1,20352415,400,400,,
0,0,1,20352416,400,400,,
0,0,1,20352417,400,400,,
0,0,1,20352418,400,400,,
0,0,1,20352419,400,400,,
0,0,1,20352420,400,400,,
0,0,1,20352421,400,400,,
0,0,1,20352422,400,400,,
0,0,1,20352423,400,400,,
0,0,1,20352424,400,400,,
0,0,1,20352425,400,400,,
0,0,1,20352426,400,400,,
0,0,1,20352427,400,400,,
0,0,1,20352428,400,400,,
0,0,1,20352429,400,400,,
0,0,1,20352430,400,400,,
0,0,1,20352431,400,400,,
0,0,1,20352432,400,400,,
0,0,1,20352433,400,400,,
0,0,1,20352434,400,400,,
0,0,1,20352435,400,400,,
0,0,1,20352436,400,400,,
0,0,1,20352437,400,400,,
0,0,1,20352438,400,400,,
0,0,1,20352439,400,400,,
0,0,1,20352440,400,400,,
0,0,1,20352441,400,400,,
0,0,1,20352442,400,400,,
0,0,1,20352443,400,400,,
0,0,1,20352444,400,400,,
0,0,1,20352445,400,400,,
0,0,1,20352446,400,400,,
0,0,1,20352447,400,400,,
0,0,1,20352448,400,400,,
0,0,1,20352449,400,400,,
0,0,1,20352450,400,400,,
0,0,1,20352451,400,400,,
0,0,1,20352452,400,400,,
0,0,1,20352453,400,400,,
0,0,1,20352454,400,400,,
0,0,1,20352455,400,400,,
0,0,1,20352456,400,400,,
0,0,1,20352457,400,400,,
0,0,1,20352458,400,400,,
0,0,1,20352459,400,400,,
0,0,1,20352460,400,400,,
0,0,1,20352461,400,400,,
0,0,1,20352462,400,400,,
0,0,1,20352463,400,400,,
0,0,1,20352464,400,400,,
0,0,1,20352465,400,400,,
0,0,1,20352466,400,400,,
0,0,1,20352467,400,400,,
0,0,1,20352468,400,400,,
0,0,1,20352469,400,400,,
0,0,1,20352470,400,400,,
0,0,1,20352471,400,400,,
0,0,1,20352472,400,400,,
0,0,1,20352473,400,400,,
0,0,1,20352474,400,400,,
0,0,1,20352475,400,400,,
0,0,1,20352476,400,400,,
0,0,1,20352477,400,400,,
0,0,1,20352478,400,400,,
0,0,1,20352479,400,400,,
0,0,1,20352480,400,400,,
0,0,1,20352481,400,400,,
0,0,1,20352482,400,400,,
0,0,1,20352483,400,400,,
0,0,1,20352484,400,400,,
0,0,1,20352485,400,400,,
0,0,1,20352486,400,400,,
0,0,1,20352487,400,400,,
0,0,1,20352488,400,400,,
0,0,1,20352489,400,400,,
0,0,1,20352490,400,400,,
0,0,1,20352491,400,400,,
0,0,1,20352492,400,400,,
0,0,1,20352493,400,400,,
0,0,1,20352494,400,400,,
0,0,1,20352495,400,400,,
0,0,1,20352496,400,400,,
0,0,1,20352497,400,400,,
0,0,1,20352498,400,400,,
0,0,1,20352499,400,400,,
0,0,1,20352500,400,400,,
0,0,1,20352501,400,400,,
0,0,1,20352502,400,400,,
0,0,1,20352503,400,400,,
0,0,1,20352504,400,400,,
0,0,1,20352505,400,400,,
0,0,1,20352506,400,400,,
0,0,1,20352507,400,400,,
0,0,1,20352508,400,400,,
0,0,1,20352509,400,400,,
0,0,1,20352510,400,400,,
0,0,1,20352511,400,400,,
0,0,1,20352512,400,400,,
0,0,1,20352513,400,400,,
0,0,1,20352514,400,400,,
0,0,1,20352515,400,400,,
0,0,1,20352516,400,400,,
0,0,1,20352517,400,400,,
0,0,1,20352518,400,400,,
0,0,1,20352519,400,400,,
0,0,1,20352520,400,400,,
0,0,1,20352521,400,400,,
0,0,1,20352522,400,400,,
0,0,1,20352523,400,400,,
0,0,1,20352524,400,400,,
0,0,1,20352525,400,400,,
0,0,1,20352526,400,400,,
0,0,1,20352527,400,400,,
0,0,1,20352528,400,400,,
0,0,1,20352529,400,400,,
0,0,1,20352530,400,400,,
0,0,1,20352531,400,400,,
0,0,1,20352532,400,400,,
0,0,1,20352533,400,400,,
0,0,1,20352534,400,400,,
0,0,1,20352535,400,400,,
0,0,1,20352536,400,400,,
0,0,1,20352537,400,400,,
0,0,1,20352538,400,400,,
0,0,1,20352539,400,400,,
0,0,1,20352540,400,400,,
0,0,1,20352541,400,400,,
0,0,1,20352542,400,400,,
0,0,1,20352543,400,400,,
0,0,1,20352544,400,400,,
0,0,1,20352545,400,400,,
0,0,1,20352546,400,400,,
0,0,1,20352547,400,400,,
0,0,1,20352548,400,400,,
0,0,1,20352549,400,400,,
0,0,1,20352550,400,400,,
0,0,1,20352551,400,400,,
0,0,1,20352552,400,400,,
0,0,1,20352553,400,400,,
0,0,1,20352554,400,400,,
0,0,1,20352555,400,400,,
0,0,1,20352556,400,400,,
0,0,1,20352557,400,400,,
0,0,1,20352558,400,400,,
0,0,1,20352559,400,400,,
0,0,1,20352560,400,400,,
0,0,1,20352561,400,400,,
0,0,1,20352562,400,400,,
0,0,1,20352563,400,400,,
0,0,1,20352564,400,400,,
0,0,1,20352565,400,400,,
0,0,1,20352566,400,400,,
0,0,1,20352567,400,400,,
0,0,1,20352568,400,400,,
0,0,1,20352569,400,400,,
0,0,1,20352570,400,400,,
0,0,1,20352571,400,400,,
0,0,1,20352572,400,400,,
0,0,1,20352573,400,400,,
0,0,1,20352574,400,400,,
0,0,1,20352575,400,400,,
0,0,1,20352576,400,400,,
0,0,1,20352577,400,400,,
0,0,1,20352578,400,400,,
0,0,1,20352579,400,400,,
0,0,1,20352580,400,400,,
0,0,1,20352581,400,400,,
0,0,1,20352582,400,400,,
0,0,1,20352583,400,400,,
0,0,1,20352584,400,400,,
0,0,1,20352585,400,400,,
0,0,1,20352586,400,400,,
0,0,1,20352587,400,400,,
0,0,1,20352588,400,400,,
0,0,1,20352589,400,400,,
0,0,1,20352590,400,400,,
0,0,1,20352591,400,400,,
0,0,1,20352592,400,400,,
0,0,1,20352593,400,400,,
0,0,1,20352594,400,400,,
0,0,1,20352595,400,400,,
0,0,1,20352596,400,400,,
0,0,1,20352597,400,400,,
0,0,1,20352598,400,400,,
0,0,1,20352599,400,400,,
0,0,1,20352600,400,400,,
0,0,1,20352601,400,400,,
0,0,1,20352602,400,400,,
0,0,1,20352603,400,400,,
0,0,1,20352604,400,400,,
0,0,1,20352605,400,400,,
0,0,1,20352606,400,400,,
0,0,1,20352607,400,400,,
0,0,1,20352608,400,400,,
0,0,1,20352609,400,400,,
0,0,1,20352610,400,400,,
0,0,1,20352611,400,400,,
0,0,1,20352612,400,400,,
0,0,1,20352613,400,400,,
0,0,1,20352614,400,400,,
0,0,1,20352615,400,400,,
0,0,1,20352616,400,400,,
0,0,1,20352617,400,400,,
0,0,1,20352618,400,400,,
0,0,1,20352619,400,400,,
0,0,1,20352620,400,400,,
0,0,1,20352621,400,400,,
0,0,1,20352622,400,400,,
0,0,1,20352623,400,400,,
0,0,1,20352624,400,400,,
0,0,1,20352625,400,400,,
0,0,1,20352626,400,400,,
0,0,1,20352627,400,400,,
0,0,1,20352628,400,400,,
0,0,1,20352629,400,400,,
0,0,1,20352630,400,400,,
0,0,1,20352631,400,400,,
0,0,1,20352632,400,400,,
0,0,1,20352633,400,400,,
0,0,1,20352634,400,400,,
0,0,1,20352635,400,400,,
0,0,1,20352636,400,400,,
0,0,1,20352637,400,400,,
0,0,1,20352638,400,400,,
0,0,1,20352639,400,400,,
0,0,1,20352640,400,400,,
0,0,1,20352641,400,400,,
0,0,1,20352642,400,400,,
0,0,1,20352643,400,400,,
0,0,1,20352644,400,400,,
0,0,1,20352645,400,400,,
0,0,1,20352646,400,400,,
0,0,1,20352647,400,400,,
0,0,1,20352648,400,400,,
0,0,1,20352649,400,400,,
0,0,1,20352650,400,400,,
0,0,1,20352651,400,400,,
0,0,1,20352652,400,400,,
0,0,1,20352653,400,400,,
0,0,1,20352654,400,400,,
0,0,1,20352655,400,400,,
0,0,1,20352656,400,400,,
0,0,1,20352657,400,400,,
0,0,1,20352658,400,400,,
0,0,1,20352659,400,400,,
0,0,1,20352660,400,400,,
0,0,1,20352661,400,400,,
0,0,1,20352662,400,400,,
0,0,1,20352663,400,400,,
0,0,1,20352664,400,400,,
0,0,1,20352665,400,400,,
0,0,1,20352666,400,400,,
0,0,1,20352667,400,400,,
0,0,1,20352668,400,400,,
0,0,1,20352669,400,400,,
0,0,1,20352670,400,400,,
0,0,1,20352671,400,400,,
0,0,1,20352672,400,400,,
0,0,1,20352673,400,400,,
0,0,1,20352674,400,400,,
0,0,1,20352675,400,400,,
0,0,1,20352676,400,400,,
0,0,1,20352677,400,400,,
0,0,1,20352678,400,400,,
0,0,1,20352679,400,400,,
0,0,1,20352680,400,400,,
0,0,1,20352681,400,400,,
0,0,1,20352682,400,400,,
0,0,1,20352683,400,400,,
0,0,1,20352684,400,400,,
0,0,1,20352685,400,400,,
0,0,1,20352686,400,400,,
0,0,1,20352687,400,400,,
0,0,1,20352688,400,400,,
0,0,1,20352689,400,400,,
0,0,1,20352690,400,400,,
0,0,1,20352691,400,400,,
0,0,1,20352692,400,400,,
0,0,1,20352693,400,400,,
0,0,1,20352694,400,400,,
0,0,1,20352695,400,400,,
0,0,1,20352696,400,400,,
0,0,1,20352697,400,400,,
0,0,1,20352698,400,400,,
0,0,1,20352699,400,400,,
0,0,1,20352700,400,400,,
0,0,1,20352701,400,400,,
0,0,1,20352702,400,400,,
0,0,1,20352703,400,400,,
0,0,1,20352704,400,400,,
0,0,1,20352705,400,400,,
0,0,1,20352706,400,400,,
0,0,1,20352707,400,400,,
0,0,1,20352708,400,400,,
0,0,1,20352709,400,400,,
0,0,1,20352710,400,400,,
0,0,1,20352711,400,400,,
0,0,1,20352712,400,400,,
0,0,1,20352713,400,400,,
0,0,1,20352714,400,400,,
0,0,1,20352715,400,400,,
0,0,1,20352716,400,400,,
0,0,1,20352717,400,400,,
0,0,1,20352718,400,400,,
0,0,1,20352719,400,400,,
0,0,1,20352720,400,400,,
0,0,1,20352721,400,400,,
0,0,1,20352722,400,400,,
0,0,1,20352723,400,400,,
0,0,1,20352724,400,400,,
0,0,1,20352725,400,400,,
0,0,1,20352726,400,400,,
0,0,1,20352727,400,400,,
0,0,1,20352728,400,400,,
0,0,1,20352729,400,400,,
0,0,1,20352730,400,400,,
0,0,1,20352731,400,400,,
0,0,1,20352732,400,400,,
0,0,1,20352733,400,400,,
0,0,1,20352734,400,400,,
0,0,1,20352735,400,400,,
0,0,1,20352736,400,400,,
0,0,1,20352737,400,400,,
0,0,1,20352738,400,400,,
0,0,1,20352739,400,400,,
0,0,1,20352740,400,400,,
0,0,1,20352741,400,400,,
0,0,1,20352742,400,400,,
0,0,1,20352743,400,400,,
0,0,1,20352744,400,400,,
0,0,1,20352745,400,400,,
0,0,1,20352746,400,400,,
0,0,1,20352747,400,400,,
0,0,1,20352748,400,400,,
0,0,1,20352749,400,400,,
0,0,1,20352750,400,400,,
0,0,1,20352751,400,400,,
0,0,1,20352752,400,400,,
0,0,1,20352753,400,400,,
0,0,1,20352754,400,400,,
0,0,1,20352755,400,400,,
0,0,1,20352756,400,400,,
0,0,1,20352757,400,400,,
0,0,1,20352758,400,400,,
0,0,1,20352759,400,400,,
0,0,1,20352760,400,400,,
0,0,1,20352761,400,400,,
0,0,1,20352762,400,400,,
0,0,1,20352763,400,400,,
0,0,1,20352764,400,400,,
0,0,1,20352765,400,400,,
0,0,1,20352766,400,400,,
0,0,1,20352767,400,400,,
0,0,1,20352768,400,400,,
0,0,1,20352769,400,400,,
0,0,1,20352770,400,400,,
0,0,1,20352771,400,400,,
0,0,1,20352772,400,400,,
0,0,1,20352773,400,400,,
0,0,1,20352774,400,400,,
0,0,1,20352775,400,400,,
0,0,1,20352776,400,400,,
0,0,1,20352777,400,400,,
0,0,1,20352778,400,400,,
0,0,1,20352779,400,400,,
0,0,1,20352780,400,400,,
0,0,1,20352781,400,400,,
0,0,1,20352782,400,400,,
0,0,1,20352783,400,400,,
0,0,1,20352784,400,400,,
0,0,1,20352785,400,400,,
0,0,1,20352786,400,400,,
0,0,1,20352787,400,400,,
0,0,1,20352788,400,400,,
0,0,1,20352789,400,400,,
0,0,1,20352790,400,400,,
0,0,1,20352791,400,400,,
0,0,1,20352792,400,400,,
0,0,1,20352793,400,400,,
0,0,1,20352794,400,400,,
0,0,1,20352795,400,400,,
0,0,1,20352796,400,400,,
0,0,1,20352797,400,400,,
0,0,1,20352798,400,400,,
0,0,1,20352799,400,400,,
0,0,1,20352800,400,400,,
0,0,1,20352801,400,400,,
0,0,1,20352802,400,400,,
0,0,1,20352803,400,400,,
0,0,1,20352804,400,400,,
0,0,1,20352805,400,400,,
0,0,1,20352806,400,400,,
0,0,1,20352807,400,400,,
0,0,1,20352808,400,400,,
0,0,1,20352809,400,400,,
0,0,1,20352810,400,400,,
0,0,1,20352811,400,400,,
0,0,1,20352812,400,400,,
0,0,1,20352813,400,400,,
0,0,1,20352814,400,400,,
0,0,1,20352815,400,400,,
0,0,1,20352816,400,400,,
0,0,1,20352817,400,400,,
0,0,1,20352818,400,400,,
0,0,1,20352819,400,400,,
0,0,1,20352820,400,400,,
0,0,1,20352821,400,400,,
0,0,1,20352822,400,400,,
0,0,1,20352823,400,400,,
0,0,1,20352824,400,400,,
0,0,1,20352825,400,400,,
0,0,1,20352826,400,400,,
0,0,1,20352827,400,400,,
0,0,1,20352828,400,400,,
0,0,1,20352829,400,400,,
0,0,1,20352830,400,400,,
0,0,1,20352831,400,400,,
0,0,1,20352832,400,400,,
0,0,1,20352833,400,400,,
0,0,1,20352834,400,400,,
0,0,1,20352835,400,400,,
0,0,1,20352836,400,400,,
0,0,1,20352837,400,400,,
0,0,1,20352838,400,400,,
0,0,1,20352839,400,400,,
0,0,1,20352840,400,400,,
0,0,1,20352841,400,400,,
0,0,1,20352842,400,400,,
0,0,1,20352843,400,400,,
0,0,1,20352844,400,400,,
0,0,1,20352845,400,400,,
0,0,1,20352846,400,400,,
0,0,1,20352847,400,400,,
0,0,1,20352848,400,400,,
0,0,1,20352849,400,400,,
0,0,1,20352850,400,400,,
0,0,1,20352851,400,400,,
0,0,1,20352852,400,400,,
0,0,1,20352853,400,400,,
0,0,1,20352854,400,400,,
0,0,1,20352855,400,400,,
0,0,1,20352856,400,400,,
0,0,1,20352857,400,400,,
0,0,1,20352858,400,400,,
0,0,1,20352859,400,400,,
0,0,1,20352860,400,400,,
0,0,1,20352861,400,400,,
0,0,1,20352862,400,400,,
0,0,1,20352863,400,400,,
0,0,1,20352864,400,400,,
0,0,1,20352865,400,400,,
0,0,1,20352866,400,400,,
0,0,1,20352867,400,400,,
0,0,1,20352868,400,400,,
0,0,1,20352869,400,400,,
0,0,1,20352870,400,400,,
0,0,1,20352871,400,400,,
0,0,1,20352872,400,400,,
0,0,1,20352873,400,400,,
0,0,1,20352874,400,400,,
0,0,1,20352875,400,400,,
0,0,1,20352876,400,400,,
0,0,1,20352877,400,400,,
0,0,1,20352878,400,400,,
0,0,1,20352879,400,400,,
0,0,1,20352880,400,400,,
0,0,1,20352881,400,400,,
0,0,1,20352882,400,400,,
0,0,1,20352883,400,400,,
0,0,1,20352884,400,400,,
0,0,1,20352885,400,400,,
0,0,1,20352886,400,400,,
0,0,1,20352887,400,400,,
0,0,1,20352888,400,400,,
0,0,1,20352889,400,400,,
0,0,1,20352890,400,400,,
0,0,1,20352891,400,400,,
0,0,1,20352892,400,400,,
0,0,1,20352893,400,400,,
0,0,1,20352894,400,400,,
0,0,1,20352895,400,400,,
0,0,1,20352896,400,400,,
0,0,1,20352897,400,400,,
0,0,1,20352898,400,400,,
0,0,1,20352899,400,400,,
0,0,1,20352900,400,400,,
0,0,1,20352901,400,400,,
0,0,1,20352902,400,400,,
0,0,1,20352903,400,400,,
0,0,1,20352904,400,400,,
0,0,1,20352905,400,400,,
0,0,1,20352906,400,400,,
0,0,1,20352907,400,400,,
0,0,1,20352908,400,400,,
0,0,1,20352909,400,400,,
0,0,1,20352910,400,400,,
0,0,1,20352911,400,400,,
0,0,1,20352912,400,400,,
0,0,1,20352913,400,400,,
0,0,1,20352914,400,400,,
0,0,1,20352915,400,400,,
0,0,1,20352916,400,400,,
0,0,1,20352917,400,400,,
0,0,1,20352918,400,400,,
0,0,1,20352919,400,400,,
0,0,1,20352920,400,400,,
0,0,1,20352921,400,400,,
0,0,1,20352922,400,400,,
0,0,1,20352923,400,400,,
0,0,1,20352924,400,400,,
0,0,1,20352925,400,400,,
0,0,1,20352926,400,400,,
0,0,1,20352927,400,400,,
0,0,1,20352928,400,400,,
0,0,1,20352929,400,400,,
0,0,1,20352930,400,400,,
0,0,1,20352931,400,400,,
0,0,1,20352932,400,400,,
0,0,1,20352933,400,400,,
0,0,1,20352934,400,400,,
0,0,1,20352935,400,400,,
0,0,1,20352936,400,400,,
0,0,1,20352937,400,400,,
0,0,1,20352938,400,400,,
0,0,1,20352939,400,400,,
0,0,1,20352940,400,400,,
0,0,1,20352941,400,400,,
0,0,1,20352942,400,400,,
0,0,1,20352943,400,400,,
0,0,1,20352944,400,400,,
0,0,1,20352945,400,400,,
0,0,1,20352946,400,400,,
0,0,1,20352947,400,400,,
0,0,1,20352948,400,400,,
0,0,1,20352949,400,400,,
0,0,1,20352950,400,400,,
0,0,1,20352951,400,400,,
0,0,1,20352952,400,400,,
0,0,1,20352953,400,400,,
0,0,1,20352954,400,400,,
0,0,1,20352955,400,400,,
0,0,1,20352956,400,400,,
0,0,1,20352957,400,400,,
0,0,1,20352958,400,400,,
0,0,1,20352959,400,400,,
0,0,1,20352960,400,400,,
0,0,1,20352961,400,400,,
0,0,1,20352962,400,400,,
0,0,1,20352963,400,400,,
0,0,1,20352964,400,400,,
0,0,1,20352965,400,400,,
0,0,1,20352966,400,400,,
0,0,1,20352967,400,400,,
0,0,1,20352968,400,400,,
0,0,1,20352969,400,400,,
0,0,1,20352970,400,400,,
0,0,1,20352971,400,400,,
0,0,1,20352972,400,400,,
0,0,1,20352973,400,400,,
0,0,1,20352974,400,400,,
0,0,1,20352975,400,400,,
0,0,1,20352976,400,400,,
0,0,1,20352977,400,400,,
0,0,1,20352978,400,400,,
0,0,1,20352979,400,400,,
0,0,1,20352980,400,400,,
0,0,1,20352981,400,400,,
0,0,1,20352982,400,400,,
0,0,1,20352983,400,400,,
0,0,1,20352984,400,400,,
0,0,1,20352985,400,400,,
0,0,1,20352986,400,400,,
0,0,1,20352987,400,400,,
0,0,1,20352988,400,400,,
0,0,1,20352989,400,400,,
0,0,1,20352990,400,400,,
0,0,1,20352991,400,400,,
0,0,1,20352992,400,400,,
0,0,1,20352993,400,400,,
0,0,1,20352994,400,400,,
0,0,1,20352995,400,400,,
0,0,1,20352996,400,400,,
0,0,1,20352997,400,400,,
0,0,1,20352998,400,400,,
0,0,1,20352999,400,400,,
0,0,1,20353000,400,400,,
0,0,1,20353001,400,400,,
0,0,1,20353002,400,400,,
0,0,1,20353003,400,400,,
0,0,1,20353004,400,400,,
0,0,1,20353005,400,400,,
0,0,1,20353006,400,400,,
0,0,1,20353007,400,400,,
0,0,1,20353008,400,400,,
0,0,1,20353009,400,400,,
0,0,1,20353010,400,400,,
0,0,1,20353011,400,400,,
0,0,1,20353012,400,400,,
0,0,1,20353013,400,400,,
0,0,1,20353014,400,400,,
0,0,1,20353015,400,400,,
0,0,1,20353016,400,400,,
0,0,1,20353017,400,400,,
0,0,1,20353018,400,400,,
0,0,1,20353019,400,400,,
0,0,1,20353020,400,400,,
0,0,1,20353021,400,400,,
0,0,1,20353022,400,400,,
0,0,1,20353023,400,400,,
0,0,1,20353024,400,400,,
0,0,1,20353025,400,400,,
0,0,1,20353026,400,400,,
0,0,1,20353027,400,400,,
0,0,1,20353028,400,400,,
0,0,1,20353029,400,400,,
0,0,1,20353030,400,400,,
0,0,1,20353031,400,400,,
0,0,1,20353032,400,400,,
0,0,1,20353033,400,400,,
0,0,1,20353034,400,400,,
0,0,1,20353035,400,400,,
0,0,1,20353036,400,400,,
0,0,1,20353037,400,400,,
0,0,1,20353038,400,400,,
0,0,1,20353039,400,400,,
0,0,1,20353040,400,400,,
0,0,1,20353041,400,400,,
0,0,1,20353042,400,400,,
0,0,1,20353043,400,400,,
0,0,1,20353044,400,400,,
0,0,1,20353045,400,400,,
0,0,1,20353046,400,400,,
0,0,1,20353047,400,400,,
0,0,1,20353048,400,400,,
0,0,1,20353049,400,400,,
0,0,1,20353050,400,400,,
0,0,1,20353051,400,400,,
0,0,1,20353052,400,400,,
0,0,1,20353053,400,400,,
0,0,1,20353054,400,400,,
0,0,1,20353055,400,400,,
0,0,1,20353056,400,400,,
0,0,1,20353057,400,400,,
0,0,1,20353058,400,400,,
0,0,1,20353059,400,400,,
0,0,1,20353060,400,400,,
0,0,1,20353061,400,400,,
0,0,1,20353062,400,400,,
0,0,1,20353063,400,400,,
0,0,1,20353064,400,400,,
0,0,1,20353065,400,400,,
0,0,1,20353066,400,400,,
0,0,1,20353067,400,400,,
0,0,1,20353068,400,400,,
0,0,1,20353069,400,400,,
0,0,1,20353070,400,400,,
0,0,1,20353071,400,400,,
0,0,1,20353072,400,400,,
0,0,1,20353073,400,400,,
0,0,1,20353074,400,400,,
0,0,1,20353075,400,400,,
0,0,1,20353076,400,400,,
0,0,1,20353077,400,400,,
0,0,1,20353078,400,400,,
0,0,1,20353079,400,400,,
0,0,1,20353080,400,400,,
0,0,1,20353081,400,400,,
0,0,1,20353082,400,400,,
0,0,1,20353083,400,400,,
0,0,1,20353084,400,400,,
0,0,1,20353085,400,400,,
0,0,1,20353086,400,400,,
0,0,1,20353087,400,400,,
0,0,1,20353088,400,400,,
0,0,1,20353089,400,400,,
0,0,1,20353090,400,400,,
0,0,1,20353091,400,400,,
0,0,1,20353092,400,400,,
0,0,1,20353093,400,400,,
0,0,1,20353094,400,400,,
0,0,1,20353095,400,400,,
0,0,1,20353096,400,400,,
0,0,1,20353097,400,400,,
0,0,1,20353098,400,400,,
0,0,1,20353099,400,400,,
0,0,1,20353100,400,400,,
0,0,1,20353101,400,400,,
0,0,1,20353102,400,400,,
0,0,1,20353103,400,400,,
0,0,1,20353104,400,400,,
0,0,1,20353105,400,400,,
0,0,1,20353106,400,400,,
0,0,1,20353107,400,400,,
0,0,1,20353108,400,400,,
0,0,1,20353109,400,400,,
0,0,1,20353110,400,400,,
0,0,1,20353111,400,400,,
0,0,1,20353112,400,400,,
0,0,1,20353113,400,400,,
0,0,1,20353114,400,400,,
0,0,1,20353115,400,400,,
0,0,1,20353116,400,400,,
0,0,1,20353117,400,400,,
0,0,1,20353118,400,400,,
0,0,1,20353119,400,400,,
0,0,1,20353120,400,400,,
0,0,1,20353121,400,400,,
0,0,1,20353122,400,400,,
0,0,1,20353123,400,400,,
0,0,1,20353124,400,400,,
0,0,1,20353125,400,400,,
0,0,1,20353126,400,400,,
0,0,1,20353127,400,400,,
0,0,1,20353128,400,400,,
0,0,1,20353129,400,400,,
0,0,1,20353130,400,400,,
0,0,1,20353131,400,400,,
0,0,1,20353132,400,400,,
0,0,1,20353133,400,400,,
0,0,1,20353134,400,400,,
0,0,1,20353135,400,400,,
0,0,1,20353136,400,400,,
0,0,1,20353137,400,400,,
0,0,1,20353138,400,400,,
0,0,1,20353139,400,400,,
0,0,1,20353140,400,400,,
0,0,1,20353141,400,400,,
0,0,1,20353142,400,400,,
0,0,1,20353143,400,400,,
0,0,1,20353144,400,400,,
0,0,1,20353145,400,400,,
0,0,1,20353146,400,400,,
0,0,1,20353147,400,400,,
0,0,1,20353148,400,400,,
0,0,1,20353149,400,400,,
0,0,1,20353150,400,400,,
0,0,1,20353151,400,400,,
0,0,1,20353152,400,400,,
0,0,1,20353153,400,400,,
0,0,1,20353154,400,400,,
0,0,1,20353155,400,400,,
0,0,1,20353156,400,400,,
0,0,1,20353157,400,400,,
0,0,1,20353158,400,400,,
0,0,1,20353159,400,400,,
0,0,1,20353160,400,400,,
0,0,1,20353161,400,400,,
0,0,1,20353162,400,400,,
0,0,1,20353163,400,400,,
0,0,1,20353164,400,400,,
0,0,1,20353165,400,400,,
0,0,1,20353166,400,400,,
0,0,1,20353167,400,400,,
0,0,1,20353168,400,400,,
0,0,1,20353169,400,400,,
0,0,1,20353170,400,400,,
0,0,1,20353171,400,400,,
0,0,1,20353172,400,400,,
0,0,1,20353173,400,400,,
0,0,1,20353174,400,400,,
0,0,1,20353175,400,400,,
0,0,1,20353176,400,400,,
0,0,1,20353177,400,400,,
0,0,1,20353178,400,400,,
0,0,1,20353179,400,400,,
0,0,1,20353180,400,400,,
0,0,1,20353181,400,400,,
0,0,1,20353182,400,400,,
0,0,1,20353183,400,400,,
0,0,1,20353184,400,400,,
0,0,1,20353185,400,400,,
0,0,1,20353186,400,400,,
0,0,1,20353187,400,400,,
0,0,1,20353188,400,400,,
0,0,1,20353189,400,400,,
0,0,1,20353190,400,400,,
0,0,1,20353191,400,400,,
0,0,1,20353192,400,400,,
0,0,1,20353193,400,400,,
0,0,1,20353194,400,400,,
0,0,1,20353195,400,400,,
0,0,1,20353196,400,400,,
0,0,1,20353197,400,400,,
0,0,1,20353198,400,400,,
0,0,1,20353199,400,400,,
0,0,1,20353200,400,400,,
0,0,1,20353201,400,400,,
0,0,1,20353202,400,400,,
0,0,1,20353203,400,400,,
0,0,1,20353204,400,400,,
0,0,1,20353205,400,400,,
0,0,1,20353206,400,400,,
0,0,1,20353207,400,400,,
0,0,1,20353208,400,400,,
0,0,1,20353209,400,400,,
0,0,1,20353210,400,400,,
0,0,1,20353211,400,400,,
0,0,1,20353212,400,400,,
0,0,1,20353213,400,400,,
0,0,1,20353214,400,400,,
0,0,1,20353215,400,400,,
0,0,1,20353216,400,400,,
0,0,1,20353217,400,400,,
0,0,1,20353218,400,400,,
0,0,1,20353219,400,400,,
0,0,1,20353220,400,400,,
0,0,1,20353221,400,400,,
0,0,1,20353222,400,400,,
0,0,1,20353223,400,400,,
0,0,1,20353224,400,400,,
0,0,1,20353225,400,400,,
0,0,1,20353226,400,400,,
0,0,1,20353227,400,400,,
0,0,1,20353228,400,400,,
0,0,1,20353229,400,400,,
0,0,1,20353230,400,400,,
0,0,1,20353231,400,400,,
0,0,1,20353232,400,400,,
0,0,1,20353233,400,400,,
0,0,1,20353234,400,400,,
0,0,1,20353235,400,400,,
0,0,1,20353236,400,400,,
0,0,1,20353237,400,400,,
0,0,1,20353238,400,400,,
0,0,1,20353239,400,400,,
0,0,1,20353240,400,400,,
0,0,1,20353241,400,400,,
0,0,1,20353242,400,400,,
0,0,1,20353243,400,400,,
0,0,1,20353244,400,400,,
0,0,1,20353245,400,400,,
0,0,1,20353246,400,400,,
0,0,1,20353247,400,400,,
0,0,1,20353248,400,400,,
0,0,1,20353249,400,400,,
0,0,1,20353250,400,400,,
0,0,1,20353251,400,400,,
0,0,1,20353252,400,400,,
0,0,1,20353253,400,400,,
0,0,1,20353254,400,400,,
0,0,1,20353255,400,400,,
0,0,1,20353256,400,400,,
0,0,1,20353257,400,400,,
0,0,1,20353258,400,400,,
0,0,1,20353259,400,400,,
0,0,1,20353260,400,400,,
0,0,1,20353261,400,400,,
0,0,1,20353262,400,400,,
0,0,1,20353263,400,400,,
0,0,1,20353264,400,400,,
0,0,1,20353265,400,400,,
0,0,1,20353266,400,400,,
0,0,1,20353267,400,400,,
0,0,1,20353268,400,400,,
0,0,1,20353269,400,400,,
0,0,1,20353270,400,400,,
0,0,1,20353271,400,400,,
0,0,1,20353272,400,400,,
0,0,1,20353273,400,400,,
0,0,1,20353274,400,400,,
0,0,1,20353275,400,400,,
0,0,1,20353276,400,400,,
0,0,1,20353277,400,400,,
0,0,1,20353278,400,400,,
0,0,1,20353279,400,400,,
0,0,1,20353280,400,400,,
0,0,1,20353281,400,400,,
0,0,1,20353282,400,400,,
0,0,1,20353283,400,400,,
0,0,1,20353284,400,400,,
0,0,1,20353285,400,400,,
0,0,1,20353286,400,400,,
0,0,1,20353287,400,400,,
0,0,1,20353288,400,400,,
0,0,1,20353289,400,400,,
0,0,1,20353290,400,400,,
0,0,1,20353291,400,400,,
0,0,1,20353292,400,400,,
0,0,1,20353293,400,400,,
0,0,1,20353294,400,400,,
0,0,1,20353295,400,400,,
0,0,1,20353296,400,400,,
0,0,1,20353297,400,400,,
0,0,1,20353298,400,400,,
0,0,1,20353299,400,400,,
0,0,1,20353300,400,400,,
0,0,1,20353301,400,400,,
0,0,1,20353302,400,400,,
0,0,1,20353303,400,400,,
0,0,1,20353304,400,400,,
0,0,1,20353305,400,400,,
0,0,1,20353306,400,400,,
0,0,1,20353307,400,400,,
0,0,1,20353308,400,400,,
0,0,1,20353309,400,400,,
0,0,1,20353310,400,400,,
0,0,1,20353311,400,400,,
0,0,1,20353312,400,400,,
0,0,1,20353313,400,400,,
0,0,1,20353314,400,400,,
0,0,1,20353315,400,400,,
0,0,1,20353316,400,400,,
0,0,1,20353317,400,400,,
0,0,1,20353318,400,400,,
0,0,1,20353319,400,400,,
0,0,1,20353320,400,400,,
0,0,1,20353321,400,400,,
0,0,1,20353322,400,400,,
0,0,1,20353323,400,400,,
0,0,1,20353324,400,400,,
0,0,1,20353325,400,400,,
0,0,1,20353326,400,400,,
0,0,1,20353327,400,400,,
0,0,1,20353328,400,400,,
0,0,1,20353329,400,400,,
0,0,1,20353330,400,400,,
0,0,1,20353331,400,400,,
0,0,1,20353332,400,400,,
0,0,1,20353333,400,400,,
0,0,1,20353334,400,400,,
0,0,1,20353335,400,400,,
0,0,1,20353336,400,400,,
0,0,1,20353337,400,400,,
0,0,1,20353338,400,400,,
0,0,1,20353339,400,400,,
0,0,1,20353340,400,400,,
0,0,1,20353341,400,400,,
0,0,1,20353342,400,400,,
0,0,1,20353343,400,400,,
0,0,1,20353344,400,400,,
0,0,1,20353345,400,400,,
0,0,1,20353346,400,400,,
0,0,1,20353347,400,400,,
0,0,1,20353348,400,400,,
0,0,1,20353349,400,400,,
0,0,1,20353350,400,400,,
0,0,1,20353351,400,400,,
0,0,1,20353352,400,400,,
0,0,1,20353353,400,400,,
0,0,1,20353354,400,400,,
0,0,1,20353355,400,400,,
0,0,1,20353356,400,400,,
0,0,1,20353357,400,400,,
0,0,1,20353358,400,400,,
0,0,1,20353359,400,400,,
0,0,1,20353360,400,400,,
0,0,1,20353361,400,400,,
0,0,1,20353362,400,400,,
0,0,1,20353363,400,400,,
0,0,1,20353364,400,400,,
0,0,1,20353365,400,400,,
0,0,1,20353366,400,400,,
0,0,1,20353367,400,400,,
0,0,1,20353368,400,400,,
0,0,1,20353369,400,400,,
0,0,1,20353370,400,400,,
0,0,1,20353371,400,400,,
0,0,1,20353372,400,400,,
0,0,1,20353373,400,400,,
0,0,1,20353374,400,400,,
0,0,1,20353375,400,400,,
0,0,1,20353376,400,400,,
0,0,1,20353377,400,400,,
0,0,1,20353378,400,400,,
0,0,1,20353379,400,400,,
0,0,1,20353380,400,400,,
0,0,1,20353381,400,400,,
0,0,1,20353382,400,400,,
0,0,1,20353383,400,400,,
0,0,1,20353384,400,400,,
0,0,1,20353385,400,400,,
0,0,1,20353386,400,400,,
0,0,1,20353387,400,400,,
0,0,1,20353388,400,400,,
0,0,1,20353389,400,400,,
0,0,1,20353390,400,400,,
0,0,1,20353391,400,400,,
0,0,1,20353392,400,400,,
0,0,1,20353393,400,400,,
0,0,1,20353394,400,400,,
0,0,1,20353395,400,400,,
0,0,1,20353396,400,400,,
0,0,1,20353397,400,400,,
0,0,1,20353398,400,400,,
0,0,1,20353399,400,400,,
0,0,1,20353400,400,400,,
0,0,1,20353401,400,400,,
0,0,1,20353402,400,400,,
0,0,1,20353403,400,400,,
0,0,1,20353404,400,400,,
0,0,1,20353405,400,400,,
0,0,1,20353406,400,400,,
0,0,1,20353407,400,400,,
0,0,1,20353408,400,400,,
0,0,1,20353409,400,400,,
0,0,1,20353410,400,400,,
0,0,1,20353411,400,400,,
0,0,1,20353412,400,400,,
0,0,1,20353413,400,400,,
0,0,1,20353414,400,400,,
0,0,1,20353415,400,400,,
0,0,1,20353416,400,400,,
0,0,1,20353417,400,400,,
0,0,1,20353418,400,400,,
0,0,1,20353419,400,400,,
0,0,1,20353420,400,400,,
0,0,1,20353421,400,400,,
0,0,1,20353422,400,400,,
0,0,1,20353423,400,400,,
0,0,1,20353424,400,400,,
0,0,1,20353425,400,400,,
0,0,1,20353426,400,400,,
0,0,1,20353427,400,400,,
0,0,1,20353428,400,400,,
0,0,1,20353429,400,400,,
0,0,1,20353430,400,400,,
0,0,1,20353431,400,400,,
0,0,1,20353432,400,400,,
0,0,1,20353433,400,400,,
0,0,1,20353434,400,400,,
0,0,1,20353435,400,400,,
0,0,1,20353436,400,400,,
0,0,1,20353437,400,400,,
0,0,1,20353438,400,400,,
0,0,1,20353439,400,400,,
0,0,1,20353440,400,400,,
0,0,1,20353441,400,400,,
0,0,1,20353442,400,400,,
0,0,1,20353443,400,400,,
0,0,1,20353444,400,400,,
0,0,1,20353445,400,400,,
0,0,1,20353446,400,400,,
0,0,1,20353447,400,400,,
0,0,1,20353448,400,400,,
0,0,1,20353449,400,400,,
0,0,1,20353450,400,400,,
0,0,1,20353451,400,400,,
0,0,1,20353452,400,400,,
0,0,1,20353453,400,400,,
0,0,1,20353454,400,400,,
0,0,1,20353455,400,400,,
0,0,1,20353456,400,400,,
0,0,1,20353457,400,400,,
0,0,1,20353458,400,400,,
0,0,1,20353459,400,400,,
0,0,1,20353460,400,400,,
0,0,1,20353461,400,400,,
0,0,1,20353462,400,400,,
0,0,1,20353463,400,400,,
0,0,1,20353464,400,400,,
0,0,1,20353465,400,400,,
0,0,1,20353466,400,400,,
0,0,1,20353467,400,400,,
0,0,1,20353468,400,400,,
0,0,1,20353469,400,400,,
0,0,1,20353470,400,400,,
0,0,1,20353471,400,400,,
0,0,1,20353472,400,400,,
0,0,1,20353473,400,400,,
0,0,1,20353474,400,400,,
0,0,1,20353475,400,400,,
0,0,1,20353476,400,400,,
0,0,1,20353477,400,400,,
0,0,1,20353478,400,400,,
0,0,1,20353479,400,400,,
0,0,1,20353480,400,400,,
0,0,1,20353481,400,400,,
0,0,1,20353482,400,400,,
0,0,1,20353483,400,400,,
0,0,1,20353484,400,400,,
0,0,1,20353485,400,400,,
0,0,1,20353486,400,400,,
0,0,1,20353487,400,400,,
0,0,1,20353488,400,400,,
0,0,1,20353489,400,400,,
0,0,1,20353490,400,400,,
0,0,1,20353491,400,400,,
0,0,1,20353492,400,400,,
0,0,1,20353493,400,400,,
0,0,1,20353494,400,400,,
0,0,1,20353495,400,400,,
0,0,1,20353496,400,400,,
0,0,1,20353497,400,400,,
0,0,1,20353498,400,400,,
0,0,1,20353499,400,400,,
0,0,1,20353500,400,400,,
0,0,1,20353501,400,400,,
0,0,1,20353502,400,400,,
0,0,1,20353503,400,400,,
0,0,1,20353504,400,400,,
0,0,1,20353505,400,400,,
0,0,1,20353506,400,400,,
0,0,1,20353507,400,400,,
0,0,1,20353508,400,400,,
0,0,1,20353509,400,400,,
0,0,1,20353510,400,400,,
0,0,1,20353511,400,400,,
0,0,1,20353512,400,400,,
0,0,1,20353513,400,400,,
0,0,1,20353514,400,400,,
0,0,1,20353515,400,400,,
0,0,1,20353516,400,400,,
0,0,1,20353517,400,400,,
0,0,1,20353518,400,400,,
0,0,1,20353519,400,400,,
0,0,1,20353520,400,400,,
0,0,1,20353521,400,400,,
0,0,1,20353522,400,400,,
0,0,1,20353523,400,400,,
0,0,1,20353524,400,400,,
0,0,1,20353525,400,400,,
0,0,1,20353526,400,400,,
0,0,1,20353527,400,400,,
0,0,1,20353528,400,400,,
0,0,1,20353529,400,400,,
0,0,1,20353530,400,400,,
0,0,1,20353531,400,400,,
0,0,1,20353532,400,400,,
0,0,1,20353533,400,400,,
0,0,1,20353534,400,400,,
0,0,1,20353535,400,400,,
0,0,1,20353536,400,400,,
0,0,1,20353537,400,400,,
0,0,1,20353538,400,400,,
0,0,1,20353539,400,400,,
0,0,1,20353540,400,400,,
0,0,1,20353541,400,400,,
0,0,1,20353542,400,400,,
0,0,1,20353543,400,400,,
0,0,1,20353544,400,400,,
0,0,1,20353545,400,400,,
0,0,1,20353546,400,400,,
0,0,1,20353547,400,400,,
0,0,1,20353548,400,400,,
0,0,1,20353549,400,400,,
0,0,1,20353550,400,400,,
0,0,1,20353551,400,400,,
0,0,1,20353552,400,400,,
0,0,1,20353553,400,400,,
0,0,1,20353554,400,400,,
0,0,1,20353555,400,400,,
0,0,1,20353556,400,400,,
0,0,1,20353557,400,400,,
0,0,1,20353558,400,400,,
0,0,1,20353559,400,400,,
0,0,1,20353560,400,400,,
0,0,1,20353561,400,400,,
0,0,1,20353562,400,400,,
0,0,1,20353563,400,400,,
0,0,1,20353564,400,400,,
0,0,1,20353565,400,400,,
0,0,1,20353566,400,400,,
0,0,1,20353567,400,400,,
0,0,1,20353568,400,400,,
0,0,1,20353569,400,400,,
0,0,1,20353570,400,400,,
0,0,1,20353571,400,400,,
0,0,1,20353572,400,400,,
0,0,1,20353573,400,400,,
0,0,1,20353574,400,400,,
0,0,1,20353575,400,400,,
0,0,1,20353576,400,400,,
0,0,1,20353577,400,400,,
0,0,1,20353578,400,400,,
0,0,1,20353579,400,400,,
0,0,1,20353580,400,400,,
0,0,1,20353581,400,400,,
0,0,1,20353582,400,400,,
0,0,1,20353583,400,400,,
0,0,1,20353584,400,400,,
0,0,1,20353585,400,400,,
0,0,1,20353586,400,400,,
0,0,1,20353587,400,400,,
0,0,1,20353588,400,400,,
0,0,1,20353589,400,400,,
0,0,1,20353590,400,400,,
0,0,1,20353591,400,400,,
0,0,1,20353592,400,400,,
0,0,1,20353593,400,400,,
0,0,1,20353594,400,400,,
0,0,1,20353595,400,400,,
0,0,1,20353596,400,400,,
0,0,1,20353597,400,400,,
0,0,1,20353598,400,400,,
0,0,1,20353599,400,400,,
0,0,1,20353600,400,400,,
0,0,1,20353601,400,400,,
0,0,1,20353602,400,400,,
0,0,1,20353603,400,400,,
0,0,1,20353604,400,400,,
0,0,1,20353605,400,400,,
0,0,1,20353606,400,400,,
0,0,1,20353607,400,400,,
0,0,1,20353608,400,400,,
0,0,1,20353609,400,400,,
0,0,1,20353610,400,400,,
0,0,1,20353611,400,400,,
0,0,1,20353612,400,400,,
0,0,1,20353613,400,400,,
0,0,1,20353614,400,400,,
0,0,1,20353615,400,400,,
0,0,1,20353616,400,400,,
0,0,1,20353617,400,400,,
0,0,1,20353618,400,400,,
0,0,1,20353619,400,400,,
0,0,1,20353620,400,400,,
0,0,1,20353621,400,400,,
0,0,1,20353622,400,400,,
0,0,1,20353623,400,400,,
0,0,1,20353624,400,400,,
0,0,1,20353625,400,400,,
0,0,1,20353626,400,400,,
0,0,1,20353627,400,400,,
0,0,1,20353628,400,400,,
0,0,1,20353629,400,400,,
0,0,1,20353630,400,400,,
0,0,1,20353631,400,400,,
0,0,1,20353632,400,400,,
0,0,1,20353633,400,400,,
0,0,1,20353634,400,400,,
0,0,1,20353635,400,400,,
0,0,1,20353636,400,400,,
0,0,1,20353637,400,400,,
0,0,1,20353638,400,400,,
0,0,1,20353639,400,400,,
0,0,1,20353640,400,400,,
0,0,1,20353641,400,400,,
0,0,1,20353642,400,400,,
0,0,1,20353643,400,400,,
0,0,1,20353644,400,400,,
0,0,1,20353645,400,400,,
0,0,1,20353646,400,400,,
0,0,1,20353647,400,400,,
0,0,1,20353648,400,400,,
0,0,1,20353649,400,400,,
0,0,1,20353650,400,400,,
0,0,1,20353651,400,400,,
0,0,1,20353652,400,400,,
0,0,1,20353653,400,400,,
0,0,1,20353654,400,400,,
0,0,1,20353655,400,400,,
0,0,1,20353656,400,400,,
0,0,1,20353657,400,400,,
0,0,1,20353658,400,400,,
0,0,1,20353659,400,400,,
0,0,1,20353660,400,400,,
0,0,1,20353661,400,400,,
0,0,1,20353662,400,400,,
0,0,1,20353663,400,400,,
0,0,1,20353664,400,400,,
0,0,1,20353665,400,400,,
0,0,1,20353666,400,400,,
0,0,1,20353667,400,400,,
0,0,1,20353668,400,400,,
0,0,1,20353669,400,400,,
0,0,1,20353670,400,400,,
0,0,1,20353671,400,400,,
0,0,1,20353672,400,400,,
0,0,1,20353673,400,400,,
0,0,1,20353674,400,400,,
0,0,1,20353675,400,400,,
0,0,1,20353676,400,400,,
0,0,1,20353677,400,400,,
0,0,1,20353678,400,400,,
0,0,1,20353679,400,400,,
0,0,1,20353680,400,400,,
0,0,1,20353681,400,400,,
0,0,1,20353682,400,400,,
0,0,1,20353683,400,400,,
0,0,1,20353684,400,400,,
0,0,1,20353685,400,400,,
0,0,1,20353686,400,400,,
0,0,1,20353687,400,400,,
0,0,1,20353688,400,400,,
0,0,1,20353689,400,400,,
0,0,1,20353690,400,400,,
0,0,1,20353691,400,400,,
0,0,1,20353692,400,400,,
0,0,1,20353693,400,400,,
0,0,1,20353694,400,400,,
0,0,1,20353695,400,400,,
0,0,1,20353696,400,400,,
0,0,1,20353697,400,400,,
0,0,1,20353698,400,400,,
0,0,1,20353699,400,400,,
0,0,1,20353700,400,400,,
0,0,1,20353701,400,400,,
0,0,1,20353702,400,400,,
0,0,1,20353703,400,400,,
0,0,1,20353704,400,400,,
0,0,1,20353705,400,400,,
0,0,1,20353706,400,400,,
0,0,1,20353707,400,400,,
0,0,1,20353708,400,400,,
0,0,1,20353709,400,400,,
0,0,1,20353710,400,400,,
0,0,1,20353711,400,400,,
0,0,1,20353712,400,400,,
0,0,1,20353713,400,400,,
0,0,1,20353714,400,400,,
0,0,1,20353715,400,400,,
0,0,1,20353716,400,400,,
0,0,1,20353717,400,400,,
0,0,1,20353718,400,400,,
0,0,1,20353719,400,400,,
0,0,1,20353720,400,400,,
0,0,1,20353721,400,400,,
0,0,1,20353722,400,400,,
0,0,1,20353723,400,400,,
0,0,1,20353724,400,400,,
0,0,1,20353725,400,400,,
0,0,1,20353726,400,400,,
0,0,1,20353727,400,400,,
0,0,1,20353728,400,400,,
0,0,1,20353729,400,400,,
0,0,1,20353730,400,400,,
0,0,1,20353731,400,400,,
0,0,1,20353732,400,400,,
0,0,1,20353733,400,400,,
0,0,1,20353734,400,400,,
0,0,1,20353735,400,400,,
0,0,1,20353736,400,400,,
0,0,1,20353737,400,400,,
0,0,1,20353738,400,400,,
0,0,1,20353739,400,400,,
0,0,1,20353740,400,400,,
0,0,1,20353741,400,400,,
0,0,1,20353742,400,400,,
0,0,1,20353743,400,400,,
0,0,1,20353744,400,400,,
0,0,1,20353745,400,400,,
0,0,1,20353746,400,400,,
0,0,1,20353747,400,400,,
0,0,1,20353748,400,400,,
0,0,1,20353749,400,400,,
0,0,1,20353750,400,400,,
0,0,1,20353751,400,400,,
0,0,1,20353752,400,400,,
0,0,1,20353753,400,400,,
0,0,1,20353754,400,400,,
0,0,1,20353755,400,400,,
0,0,1,20353756,400,400,,
0,0,1,20353757,400,400,,
0,0,1,20353758,400,400,,
0,0,1,20353759,400,400,,
0,0,1,20353760,400,400,,
0,0,1,20353761,400,400,,
0,0,1,20353762,400,400,,
0,0,1,20353763,400,400,,
0,0,1,20353764,400,400,,
0,0,1,20353765,400,400,,
0,0,1,20353766,400,400,,
0,0,1,20353767,400,400,,
0,0,1,20353768,400,400,,
0,0,1,20353769,400,400,,
0,0,1,20353770,400,400,,
0,0,1,20353771,400,400,,
0,0,1,20353772,400,400,,
0,0,1,20353773,400,400,,
0,0,1,20353774,400,400,,
0,0,1,20353775,400,400,,
0,0,1,20353776,400,400,,
0,0,1,20353777,400,400,,
0,0,1,20353778,400,400,,
0,0,1,20353779,400,400,,
0,0,1,20353780,400,400,,
0,0,1,20353781,400,400,,
0,0,1,20353782,400,400,,
0,0,1,20353783,400,400,,
0,0,1,20353784,400,400,,
0,0,1,20353785,400,400,,
0,0,1,20353786,400,400,,
0,0,1,20353787,400,400,,
0,0,1,20353788,400,400,,
0,0,1,20353789,400,400,,
0,0,1,20353790,400,400,,
0,0,1,20353791,400,400,,
0,0,1,20353792,400,400,,
0,0,1,20353793,400,400,,
0,0,1,20353794,400,400,,
0,0,1,20353795,400,400,,
0,0,1,20353796,400,400,,
0,0,1,20353797,400,400,,
0,0,1,20353798,400,400,,
0,0,1,20353799,400,400,,
0,0,1,20353800,400,400,,
0,0,1,20353801,400,400,,
0,0,1,20353802,400,400,,
0,0,1,20353803,400,400,,
0,0,1,20353804,400,400,,
0,0,1,20353805,400,400,,
0,0,1,20353806,400,400,,
0,0,1,20353807,400,400,,
0,0,1,20353808,400,400,,
0,0,1,20353809,400,400,,
0,0,1,20353810,400,400,,
0,0,1,20353811,400,400,,
0,0,1,20353812,400,400,,
0,0,1,20353813,400,400,,
0,0,1,20353814,400,400,,
0,0,1,20353815,400,400,,
0,0,1,20353816,400,400,,
0,0,1,20353817,400,400,,
0,0,1,20353818,400,400,,
0,0,1,20353819,400,400,,
0,0,1,20353820,400,400,,
0,0,1,20353821,400,400,,
0,0,1,20353822,400,400,,
0,0,1,20353823,400,400,,
0,0,1,20353824,400,400,,
0,0,1,20353825,400,400,,
0,0,1,20353826,400,400,,
0,0,1,20353827,400,400,,
0,0,1,20353828,400,400,,
0,0,1,20353829,400,400,,
0,0,1,20353830,400,400,,
0,0,1,20353831,400,400,,
0,0,1,20353832,400,400,,
0,0,1,20353833,400,400,,
0,0,1,20353834,400,400,,
0,0,1,20353835,400,400,,
0,0,1,20353836,400,400,,
0,0,1,20353837,400,400,,
0,0,1,20353838,400,400,,
0,0,1,20353839,400,400,,
0,0,1,20353840,400,400,,
0,0,1,20353841,400,400,,
0,0,1,20353842,400,400,,
0,0,1,20353843,400,400,,
0,0,1,20353844,400,400,,
0,0,1,20353845,400,400,,
0,0,1,20353846,400,400,,
0,0,1,20353847,400,400,,
0,0,1,20353848,400,400,,
0,0,1,20353849,400,400,,
0,0,1,20353850,400,400,,
0,0,1,20353851,400,400,,
0,0,1,20353852,400,400,,
0,0,1,20353853,400,400,,
0,0,1,20353854,400,400,,
0,0,1,20353855,400,400,,
0,0,1,20353856,400,400,,
0,0,1,20353857,400,400,,
0,0,1,20353858,400,400,,
0,0,1,20353859,400,400,,
0,0,1,20353860,400,400,,
0,0,1,20353861,400,400,,
0,0,1,20353862,400,400,,
0,0,1,20353863,400,400,,
0,0,1,20353864,400,400,,
0,0,1,20353865,400,400,,
0,0,1,20353866,400,400,,
0,0,1,20353867,400,400,,
0,0,1,20353868,400,400,,
0,0,1,20353869,400,400,,
0,0,1,20353870,400,400,,
0,0,1,20353871,400,400,,
0,0,1,20353872,400,400,,
0,0,1,20353873,400,400,,
0,0,1,20353874,400,400,,
0,0,1,20353875,400,400,,
0,0,1,20353876,400,400,,
0,0,1,20353877,400,400,,
0,0,1,20353878,400,400,,
0,0,1,20353879,400,400,,
0,0,1,20353880,400,400,,
0,0,1,20353881,400,400,,
0,0,1,20353882,400,400,,
0,0,1,20353883,400,400,,
0,0,1,20353884,400,400,,
0,0,1,20353885,400,400,,
0,0,1,20353886,400,400,,
0,0,1,20353887,400,400,,
0,0,1,20353888,400,400,,
0,0,1,20353889,400,400,,
0,0,1,20353890,400,400,,
0,0,1,20353891,400,400,,
0,0,1,20353892,400,400,,
0,0,1,20353893,400,400,,
0,0,1,20353894,400,400,,
0,0,1,20353895,400,400,,
0,0,1,20353896,400,400,,
0,0,1,20353897,400,400,,
0,0,1,20353898,400,400,,
0,0,1,20353899,400,400,,
0,0,1,20353900,400,400,,
0,0,1,20353901,400,400,,
0,0,1,20353902,400,400,,
0,0,1,20353903,400,400,,
0,0,1,20353904,400,400,,
0,0,1,20353905,400,400,,
0,0,1,20353906,400,400,,
0,0,1,20353907,400,400,,
0,0,1,20353908,400,400,,
0,0,1,20353909,400,400,,
0,0,1,20353910,400,400,,
0,0,1,20353911,400,400,,
0,0,1,20353912,400,400,,
0,0,1,20353913,400,400,,
0,0,1,20353914,400,400,,
0,0,1,20353915,400,400,,
0,0,1,20353916,400,400,,
0,0,1,20353917,400,400,,
0,0,1,20353918,400,400,,
0,0,1,20353919,400,400,,
0,0,1,20353920,400,400,,
0,0,1,20353921,400,400,,
0,0,1,20353922,400,400,,
0,0,1,20353923,400,400,,
0,0,1,20353924,400,400,,
0,0,1,20353925,400,400,,
0,0,1,20353926,400,400,,
0,0,1,20353927,400,400,,
0,0,1,20353928,400,400,,
0,0,1,20353929,400,400,,
0,0,1,20353930,400,400,,
0,0,1,20353931,400,400,,
0,0,1,20353932,400,400,,
0,0,1,20353933,400,400,,
0,0,1,20353934,400,400,,
0,0,1,20353935,400,400,,
0,0,1,20353936,400,400,,
0,0,1,20353937,400,400,,
0,0,1,20353938,400,400,,
0,0,1,20353939,400,400,,
0,0,1,20353940,400,400,,
0,0,1,20353941,400,400,,
0,0,1,20353942,400,400,,
0,0,1,20353943,400,400,,
0,0,1,20353944,400,400,,
0,0,1,20353945,400,400,,
0,0,1,20353946,400,400,,
0,0,1,20353947,400,400,,
0,0,1,20353948,400,400,,
0,0,1,20353949,400,400,,
0,0,1,20353950,400,400,,
0,0,1,20353951,400,400,,
0,0,1,20353952,400,400,,
0,0,1,20353953,400,400,,
0,0,1,20353954,400,400,,
0,0,1,20353955,400,400,,
0,0,1,20353956,400,400,,
0,0,1,20353957,400,400,,
0,0,1,20353958,400,400,,
0,0,1,20353959,400,400,,
0,0,1,20353960,400,400,,
0,0,1,20353961,400,400,,
0,0,1,20353962,400,400,,
0,0,1,20353963,400,400,,
0,0,1,20353964,400,400,,
0,0,1,20353965,400,400,,
0,0,1,20353966,400,400,,
0,0,1,20353967,400,400,,
0,0,1,20353968,400,400,,
0,0,1,20353969,400,400,,
0,0,1,20353970,400,400,,
0,0,1,20353971,400,400,,
0,0,1,20353972,400,400,,
0,0,1,20353973,400,400,,
0,0,1,20353974,400,400,,
0,0,1,20353975,400,400,,
0,0,1,20353976,400,400,,
0,0,1,20353977,400,400,,
0,0,1,20353978,400,400,,
0,0,1,20353979,400,400,,
0,0,1,20353980,400,400,,
0,0,1,20353981,400,400,,
0,0,1,20353982,400,400,,
0,0,1,20353983,400,400,,
0,0,1,20353984,400,400,,
0,0,1,20353985,400,400,,
0,0,1,20353986,400,400,,
0,0,1,20353987,400,400,,
0,0,1,20353988,400,400,,
0,0,1,20353989,400,400,,
0,0,1,20353990,400,400,,
0,0,1,20353991,400,400,,
0,0,1,20353992,400,400,,
0,0,1,20353993,400,400,,
0,0,1,20353994,400,400,,
0,0,1,20353995,400,400,,
0,0,1,20353996,400,400,,
0,0,1,20353997,400,400,,
0,0,1,20353998,400,400,,
0,0,1,20353999,400,400,,
0,0,1,20354000,400,400,,
0,0,1,20354001,400,400,,
0,0,1,20354002,400,400,,
0,0,1,20354003,400,400,,
0,0,1,20354004,400,400,,
0,0,1,20354005,400,400,,
0,0,1,20354006,400,400,,
0,0,1,20354007,400,400,,
0,0,1,20354008,400,400,,
0,0,1,20354009,400,400,,
0,0,1,20354010,400,400,,
0,0,1,20354011,400,400,,
0,0,1,20354012,400,400,,
0,0,1,20354013,400,400,,
0,0,1,20354014,400,400,,
0,0,1,20354015,400,400,,
0,0,1,20354016,400,400,,
0,0,1,20354017,400,400,,
0,0,1,20354018,400,400,,
0,0,1,20354019,400,400,,
0,0,1,20354020,400,400,,
0,0,1,20354021,400,400,,
0,0,1,20354022,400,400,,
0,0,1,20354023,400,400,,
0,0,1,20354024,400,400,,
0,0,1,20354025,400,400,,
0,0,1,20354026,400,400,,
0,0,1,20354027,400,400,,
0,0,1,20354028,400,400,,
0,0,1,20354029,400,400,,
0,0,1,20354030,400,400,,
0,0,1,20354031,400,400,,
0,0,1,20354032,400,400,,
0,0,1,20354033,400,400,,
0,0,1,20354034,400,400,,
0,0,1,20354035,400,400,,
0,0,1,20354036,400,400,,
0,0,1,20354037,400,400,,
0,0,1,20354038,400,400,,
0,0,1,20354039,400,400,,
0,0,1,20354040,400,400,,
0,0,1,20354041,400,400,,
0,0,1,20354042,400,400,,
0,0,1,20354043,400,400,,
0,0,1,20354044,400,400,,
0,0,1,20354045,400,400,,
0,0,1,20354046,400,400,,
0,0,1,20354047,400,400,,
0,0,1,20354048,400,400,,
0,0,1,20354049,400,400,,
0,0,1,20354050,400,400,,
0,0,1,20354051,400,400,,
0,0,1,20354052,400,400,,
0,0,1,20354053,400,400,,
0,0,1,20354054,400,400,,
0,0,1,20354055,400,400,,
0,0,1,20354056,400,400,,
0,0,1,20354057,400,400,,
0,0,1,20354058,400,400,,
0,0,1,20354059,400,400,,
0,0,1,20354060,400,400,,
0,0,1,20354061,400,400,,
0,0,1,20354062,400,400,,
0,0,1,20354063,400,400,,
0,0,1,20354064,400,400,,
0,0,1,20354065,400,400,,
0,0,1,20354066,400,400,,
0,0,1,20354067,400,400,,
0,0,1,20354068,400,400,,
0,0,1,20354069,400,400,,
0,0,1,20354070,400,400,,
0,0,1,20354071,400,400,,
0,0,1,20354072,400,400,,
0,0,1,20354073,400,400,,
0,0,1,20354074,400,400,,
0,0,1,20354075,400,400,,
0,0,1,20354076,400,400,,
0,0,1,20354077,400,400,,
0,0,1,20354078,400,400,,
0,0,1,20354079,400,400,,
0,0,1,20354080,400,400,,
0,0,1,20354081,400,400,,
0,0,1,20354082,400,400,,
0,0,1,20354083,400,400,,
0,0,1,20354084,400,400,,
0,0,1,20354085,400,400,,
0,0,1,20354086,400,400,,
0,0,1,20354087,400,400,,
0,0,1,20354088,400,400,,
0,0,1,20354089,400,400,,
0,0,1,20354090,400,400,,
0,0,1,20354091,400,400,,
0,0,1,20354092,400,400,,
0,0,1,20354093,400,400,,
0,0,1,20354094,400,400,,
0,0,1,20354095,400,400,,
0,0,1,20354096,400,400,,
0,0,1,20354097,400,400,,
0,0,1,20354098,400,400,,
0,0,1,20354099,400,400,,
0,0,1,20354100,400,400,,
0,0,1,20354101,400,400,,
0,0,1,20354102,400,400,,
0,0,1,20354103,400,400,,
0,0,1,20354104,400,400,,
0,0,1,20354105,400,400,,
0,0,1,20354106,400,400,,
0,0,1,20354107,400,400,,
0,0,1,20354108,400,400,,
0,0,1,20354109,400,400,,
0,0,1,20354110,400,400,,
0,0,1,20354111,400,400,,
0,0,1,20354112,400,400,,
0,0,1,20354113,400,400,,
0,0,1,20354114,400,400,,
0,0,1,20354115,400,400,,
0,0,1,20354116,400,400,,
0,0,1,20354117,400,400,,
0,0,1,20354118,400,400,,
0,0,1,20354119,400,400,,
0,0,1,20354120,400,400,,
0,0,1,20354121,400,400,,
0,0,1,20354122,400,400,,
0,0,1,20354123,400,400,,
0,0,1,20354124,400,400,,
0,0,1,20354125,400,400,,
0,0,1,20354126,400,400,,
0,0,1,20354127,400,400,,
0,0,1,20354128,400,400,,
0,0,1,20354129,400,400,,
0,0,1,20354130,400,400,,
0,0,1,20354131,400,400,,
0,0,1,20354132,400,400,,
0,0,1,20354133,400,400,,
0,0,1,20354134,400,400,,
0,0,1,20354135,400,400,,
0,0,1,20354136,400,400,,
0,0,1,20354137,400,400,,
0,0,1,20354138,400,400,,
0,0,1,20354139,400,400,,
0,0,1,20354140,400,400,,
0,0,1,20354141,400,400,,
0,0,1,20354142,400,400,,
0,0,1,20354143,400,400,,
0,0,1,20354144,400,400,,
0,0,1,20354145,400,400,,
0,0,1,20354146,400,400,,
0,0,1,20354147,400,400,,
0,0,1,20354148,400,400,,
0,0,1,20354149,400,400,,
0,0,1,20354150,400,400,,
0,0,1,20354151,400,400,,
0,0,1,20354152,400,400,,
0,0,1,20354153,400,400,,
0,0,1,20354154,400,400,,
0,0,1,20354155,400,400,,
0,0,1,20354156,400,400,,
0,0,1,20354157,400,400,,
0,0,1,20354158,400,400,,
0,0,1,20354159,400,400,,
0,0,1,20354160,400,400,,
0,0,1,20354161,400,400,,
0,0,1,20354162,400,400,,
0,0,1,20354163,400,400,,
0,0,1,20354164,400,400,,
0,0,1,20354165,400,400,,
0,0,1,20354166,400,400,,
0,0,1,20354167,400,400,,
0,0,1,20354168,400,400,,
0,0,1,20354169,400,400,,
0,0,1,20354170,400,400,,
0,0,1,20354171,400,400,,
0,0,1,20354172,400,400,,
0,0,1,20354173,400,400,,
0,0,1,20354174,400,400,,
0,0,1,20354175,400,400,,
0,0,1,20354176,400,400,,
0,0,1,20354177,400,400,,
0,0,1,20354178,400,400,,
0,0,1,20354179,400,400,,
0,0,1,20354180,400,400,,
0,0,1,20354181,400,400,,
0,0,1,20354182,400,400,,
0,0,1,20354183,400,400,,
0,0,1,20354184,400,400,,
0,0,1,20354185,400,400,,
0,0,1,20354186,400,400,,
0,0,1,20354187,400,400,,
0,0,1,20354188,400,400,,
0,0,1,20354189,400,400,,
0,0,1,20354190,400,400,,
0,0,1,20354191,400,400,,
0,0,1,20354192,400,400,,
0,0,1,20354193,400,400,,
0,0,1,20354194,400,400,,
0,0,1,20354195,400,400,,
0,0,1,20354196,400,400,,
0,0,1,20354197,400,400,,
0,0,1,20354198,400,400,,
0,0,1,20354199,400,400,,
0,0,1,20354200,400,400,,
0,0,1,20354201,400,400,,
0,0,1,20354202,400,400,,
0,0,1,20354203,400,400,,
0,0,1,20354204,400,400,,
0,0,1,20354205,400,400,,
0,0,1,20354206,400,400,,
0,0,1,20354207,400,400,,
0,0,1,20354208,400,400,,
0,0,1,20354209,400,400,,
0,0,1,20354210,400,400,,
0,0,1,20354211,400,400,,
0,0,1,20354212,400,400,,
0,0,1,20354213,400,400,,
0,0,1,20354214,400,400,,
0,0,1,20354215,400,400,,
0,0,1,20354216,400,400,,
0,0,1,20354217,400,400,,
0,0,1,20354218,400,400,,
0,0,1,20354219,400,400,,
0,0,1,20354220,400,400,,
0,0,1,20354221,400,400,,
0,0,1,20354222,400,400,,
0,0,1,20354223,400,400,,
0,0,1,20354224,400,400,,
0,0,1,20354225,400,400,,
0,0,1,20354226,400,400,,
0,0,1,20354227,400,400,,
0,0,1,20354228,400,400,,
0,0,1,20354229,400,400,,
0,0,1,20354230,400,400,,
0,0,1,20354231,400,400,,
0,0,1,20354232,400,400,,
0,0,1,20354233,400,400,,
0,0,1,20354234,400,400,,
0,0,1,20354235,400,400,,
0,0,1,20354236,400,400,,
0,0,1,20354237,400,400,,
0,0,1,20354238,400,400,,
0,0,1,20354239,400,400,,
0,0,1,20354240,400,400,,
0,0,1,20354241,400,400,,
0,0,1,20354242,400,400,,
0,0,1,20354243,400,400,,
0,0,1,20354244,400,400,,
0,0,1,20354245,400,400,,
0,0,1,20354246,400,400,,
0,0,1,20354247,400,400,,
0,0,1,20354248,400,400,,
0,0,1,20354249,400,400,,
0,0,1,20354250,400,400,,
0,0,1,20354251,400,400,,
0,0,1,20354252,400,400,,
0,0,1,20354253,400,400,,
0,0,1,20354254,400,400,,
0,0,1,20354255,400,400,,
0,0,1,20354256,400,400,,
0,0,1,20354257,400,400,,
0,0,1,20354258,400,400,,
0,0,1,20354259,400,400,,
0,0,1,20354260,400,400,,
0,0,1,20354261,400,400,,
0,0,1,20354262,400,400,,
0,0,1,20354263,400,400,,
0,0,1,20354264,400,400,,
0,0,1,20354265,400,400,,
0,0,1,20354266,400,400,,
0,0,1,20354267,400,400,,
0,0,1,20354268,400,400,,
0,0,1,20354269,400,400,,
0,0,1,20354270,400,400,,
0,0,1,20354271,400,400,,
0,0,1,20354272,400,400,,
0,0,1,20354273,400,400,,
0,0,1,20354274,400,400,,
0,0,1,20354275,400,400,,
0,0,1,20354276,400,400,,
0,0,1,20354277,400,400,,
0,0,1,20354278,400,400,,
0,0,1,20354279,400,400,,
0,0,1,20354280,400,400,,
0,0,1,20354281,400,400,,
0,0,1,20354282,400,400,,
0,0,1,20354283,400,400,,
0,0,1,20354284,400,400,,
0,0,1,20354285,400,400,,
0,0,1,20354286,400,400,,
0,0,1,20354287,400,400,,
0,0,1,20354288,400,400,,
0,0,1,20354289,400,400,,
0,0,1,20354290,400,400,,
0,0,1,20354291,400,400,,
0,0,1,20354292,400,400,,
0,0,1,20354293,400,400,,
0,0,1,20354294,400,400,,
0,0,1,20354295,400,400,,
0,0,1,20354296,400,400,,
0,0,1,20354297,400,400,,
0,0,1,20354298,400,400,,
0,0,1,20354299,400,400,,
0,0,1,20354300,400,400,,
0,0,1,20354301,400,400,,
0,0,1,20354302,400,400,,
0,0,1,20354303,400,400,,
0,0,1,20354304,400,400,,
0,0,1,20354305,400,400,,
0,0,1,20354306,400,400,,
0,0,1,20354307,400,400,,
0,0,1,20354308,400,400,,
0,0,1,20354309,400,400,,
0,0,1,20354310,400,400,,
0,0,1,20354311,400,400,,
0,0,1,20354312,400,400,,
0,0,1,20354313,400,400,,
0,0,1,20354314,400,400,,
0,0,1,20354315,400,400,,
0,0,1,20354316,400,400,,
0,0,1,20354317,400,400,,
0,0,1,20354318,400,400,,
0,0,1,20354319,400,400,,
0,0,1,20354320,400,400,,
0,0,1,20354321,400,400,,
0,0,1,20354322,400,400,,
0,0,1,20354323,400,400,,
0,0,1,20354324,400,400,,
0,0,1,20354325,400,400,,
0,0,1,20354326,400,400,,
0,0,1,20354327,400,400,,
0,0,1,20354328,400,400,,
0,0,1,20354329,400,400,,
0,0,1,20354330,400,400,,
0,0,1,20354331,400,400,,
0,0,1,20354332,400,400,,
0,0,1,20354333,400,400,,
0,0,1,20354334,400,400,,
0,0,1,20354335,400,400,,
0,0,1,20354336,400,400,,
0,0,1,20354337,400,400,,
0,0,1,20354338,400,400,,
0,0,1,20354339,400,400,,
0,0,1,20354340,400,400,,
0,0,1,20354341,400,400,,
0,0,1,20354342,400,400,,
0,0,1,20354343,400,400,,
0,0,1,20354344,400,400,,
0,0,1,20354345,400,400,,
0,0,1,20354346,400,400,,
0,0,1,20354347,400,400,,
0,0,1,20354348,400,400,,
0,0,1,20354349,400,400,,
0,0,1,20354350,400,400,,
0,0,1,20354351,400,400,,
0,0,1,20354352,400,400,,
0,0,1,20354353,400,400,,
0,0,1,20354354,400,400,,
0,0,1,20354355,400,400,,
0,0,1,20354356,400,400,,
0,0,1,20354357,400,400,,
0,0,1,20354358,400,400,,
0,0,1,20354359,400,400,,
0,0,1,20354360,400,400,,
0,0,1,20354361,400,400,,
0,0,1,20354362,400,400,,
0,0,1,20354363,400,400,,
0,0,1,20354364,400,400,,
0,0,1,20354365,400,400,,
0,0,1,20354366,400,400,,
0,0,1,20354367,400,400,,
0,0,1,20354368,400,400,,
0,0,1,20354369,400,400,,
0,0,1,20354370,400,400,,
0,0,1,20354371,400,400,,
0,0,1,20354372,400,400,,
0,0,1,20354373,400,400,,
0,0,1,20354374,400,400,,
0,0,1,20354375,400,400,,
0,0,1,20354376,400,400,,
0,0,1,20354377,400,400,,
0,0,1,20354378,400,400,,
0,0,1,20354379,400,400,,
0,0,1,20354380,400,400,,
0,0,1,20354381,400,400,,
0,0,1,20354382,400,400,,
0,0,1,20354383,400,400,,
0,0,1,20354384,400,400,,
0,0,1,20354385,400,400,,
0,0,1,20354386,400,400,,
0,0,1,20354387,400,400,,
0,0,1,20354388,400,400,,
0,0,1,20354389,400,400,,
0,0,1,20354390,400,400,,
0,0,1,20354391,400,400,,
0,0,1,20354392,400,400,,
0,0,1,20354393,400,400,,
0,0,1,20354394,400,400,,
0,0,1,20354395,400,400,,
0,0,1,20354396,400,400,,
0,0,1,20354397,400,400,,
0,0,1,20354398,400,400,,
0,0,1,20354399,400,400,,
0,0,1,20354400,400,400,,
0,0,1,20354401,400,400,,
0,0,1,20354402,400,400,,
0,0,1,20354403,400,400,,
0,0,1,20354404,400,400,,
0,0,1,20354405,400,400,,
0,0,1,20354406,400,400,,
0,0,1,20354407,400,400,,
0,0,1,20354408,400,400,,
0,0,1,20354409,400,400,,
0,0,1,20354410,400,400,,
0,0,1,20354411,400,400,,
0,0,1,20354412,400,400,,
0,0,1,20354413,400,400,,
0,0,1,20354414,400,400,,
0,0,1,20354415,400,400,,
0,0,1,20354416,400,400,,
0,0,1,20354417,400,400,,
0,0,1,20354418,400,400,,
0,0,1,20354419,400,400,,
0,0,1,20354420,400,400,,
0,0,1,20354421,400,400,,
0,0,1,20354422,400,400,,
0,0,1,20354423,400,400,,
0,0,1,20354424,400,400,,
0,0,1,20354425,400,400,,
0,0,1,20354426,400,400,,
0,0,1,20354427,400,400,,
0,0,1,20354428,400,400,,
0,0,1,20354429,400,400,,
0,0,1,20354430,400,400,,
0,0,1,20354431,400,400,,
0,0,1,20354432,400,400,,
0,0,1,20354433,400,400,,
0,0,1,20354434,400,400,,
0,0,1,20354435,400,400,,
0,0,1,20354436,400,400,,
0,0,1,20354437,400,400,,
0,0,1,20354438,400,400,,
0,0,1,20354439,400,400,,
0,0,1,20354440,400,400,,
0,0,1,20354441,400,400,,
0,0,1,20354442,400,400,,
0,0,1,20354443,400,400,,
0,0,1,20354444,400,400,,
0,0,1,20354445,400,400,,
0,0,1,20354446,400,400,,
0,0,1,20354447,400,400,,
0,0,1,20354448,400,400,,
0,0,1,20354449,400,400,,
0,0,1,20354450,400,400,,
0,0,1,20354451,400,400,,
0,0,1,20354452,400,400,,
0,0,1,20354453,400,400,,
0,0,1,20354454,400,400,,
0,0,1,20354455,400,400,,
0,0,1,20354456,400,400,,
0,0,1,20354457,400,400,,
0,0,1,20354458,400,400,,
0,0,1,20354459,400,400,,
0,0,1,20354460,400,400,,
0,0,1,20354461,400,400,,
0,0,1,20354462,400,400,,
0,0,1,20354463,400,400,,
0,0,1,20354464,400,400,,
0,0,1,20354465,400,400,,
0,0,1,20354466,400,400,,
0,0,1,20354467,400,400,,
0,0,1,20354468,400,400,,
0,0,1,20354469,400,400,,
0,0,1,20354470,400,400,,
0,0,1,20354471,400,400,,
0,0,1,20354472,400,400,,
0,0,1,20354473,400,400,,
0,0,1,20354474,400,400,,
0,0,1,20354475,400,400,,
0,0,1,20354476,400,400,,
0,0,1,20354477,400,400,,
0,0,1,20354478,400,400,,
0,0,1,20354479,400,400,,
0,0,1,20354480,400,400,,
0,0,1,20354481,400,400,,
0,0,1,20354482,400,400,,
0,0,1,20354483,400,400,,
0,0,1,20354484,400,400,,
0,0,1,20354485,400,400,,
0,0,1,20354486,400,400,,
0,0,1,20354487,400,400,,
0,0,1,20354488,400,400,,
0,0,1,20354489,400,400,,
0,0,1,20354490,400,400,,
0,0,1,20354491,400,400,,
0,0,1,20354492,400,400,,
0,0,1,20354493,400,400,,
0,0,1,20354494,400,400,,
0,0,1,20354495,400,400,,
0,0,1,20354496,400,400,,
0,0,1,20354497,400,400,,
0,0,1,20354498,400,400,,
0,0,1,20354499,400,400,,
0,0,1,20354500,400,400,,
0,0,1,20354501,400,400,,
0,0,1,20354502,400,400,,
0,0,1,20354503,400,400,,
0,0,1,20354504,400,400,,
0,0,1,20354505,400,400,,
0,0,1,20354506,400,400,,
0,0,1,20354507,400,400,,
0,0,1,20354508,400,400,,
0,0,1,20354509,400,400,,
0,0,1,20354510,400,400,,
0,0,1,20354511,400,400,,
0,0,1,20354512,400,400,,
0,0,1,20354513,400,400,,
0,0,1,20354514,400,400,,
0,0,1,20354515,400,400,,
0,0,1,20354516,400,400,,
0,0,1,20354517,400,400,,
0,0,1,20354518,400,400,,
0,0,1,20354519,400,400,,
0,0,1,20354520,400,400,,
0,0,1,20354521,400,400,,
0,0,1,20354522,400,400,,
0,0,1,20354523,400,400,,
0,0,1,20354524,400,400,,
0,0,1,20354525,400,400,,
0,0,1,20354526,400,400,,
0,0,1,20354527,400,400,,
0,0,1,20354528,400,400,,
0,0,1,20354529,400,400,,
0,0,1,20354530,400,400,,
0,0,1,20354531,400,400,,
0,0,1,20354532,400,400,,
0,0,1,20354533,400,400,,
0,0,1,20354534,400,400,,
0,0,1,20354535,400,400,,
0,0,1,20354536,400,400,,
0,0,1,20354537,400,400,,
0,0,1,20354538,400,400,,
0,0,1,20354539,400,400,,
0,0,1,20354540,400,400,,
0,0,1,20354541,400,400,,
0,0,1,20354542,400,400,,
0,0,1,20354543,400,400,,
0,0,1,20354544,400,400,,
0,0,1,20354545,400,400,,
0,0,1,20354546,400,400,,
0,0,1,20354547,400,400,,
0,0,1,20354548,400,400,,
0,0,1,20354549,400,400,,
0,0,1,20354550,400,400,,
0,0,1,20354551,400,400,,
0,0,1,20354552,400,400,,
0,0,1,20354553,400,400,,
0,0,1,20354554,400,400,,
0,0,1,20354555,400,400,,
0,0,1,20354556,400,400,,
0,0,1,20354557,400,400,,
0,0,1,20354558,400,400,,
0,0,1,20354559,400,400,,
0,0,1,20354560,400,400,,
0,0,1,20354561,400,400,,
0,0,1,20354562,400,400,,
0,0,1,20354563,400,400,,
0,0,1,20354564,400,400,,
0,0,1,20354565,400,400,,
0,0,1,20354566,400,400,,
0,0,1,20354567,400,400,,
0,0,1,20354568,400,400,,
0,0,1,20354569,400,400,,
0,0,1,20354570,400,400,,
0,0,1,20354571,400,400,,
0,0,1,20354572,400,400,,
0,0,1,20354573,400,400,,
0,0,1,20354574,400,400,,
0,0,1,20354575,400,400,,
0,0,1,20354576,400,400,,
0,0,1,20354577,400,400,,
0,0,1,20354578,400,400,,
0,0,1,20354579,400,400,,
0,0,1,20354580,400,400,,
0,0,1,20354581,400,400,,
0,0,1,20354582,400,400,,
0,0,1,20354583,400,400,,
0,0,1,20354584,400,400,,
0,0,1,20354585,400,400,,
0,0,1,20354586,400,400,,
0,0,1,20354587,400,400,,
0,0,1,20354588,400,400,,
0,0,1,20354589,400,400,,
0,0,1,20354590,400,400,,
0,0,1,20354591,400,400,,
0,0,1,20354592,400,400,,
0,0,1,20354593,400,400,,
0,0,1,20354594,400,400,,
0,0,1,20354595,400,400,,
0,0,1,20354596,400,400,,
0,0,1,20354597,400,400,,
0,0,1,20354598,400,400,,
0,0,1,20354599,400,400,,
0,0,1,20354600,400,400,,
0,0,1,20354601,400,400,,
0,0,1,20354602,400,400,,
0,0,1,20354603,400,400,,
0,0,1,20354604,400,400,,
0,0,1,20354605,400,400,,
0,0,1,20354606,400,400,,
0,0,1,20354607,400,400,,
0,0,1,20354608,400,400,,
0,0,1,20354609,400,400,,
0,0,1,20354610,400,400,,
0,0,1,20354611,400,400,,
0,0,1,20354612,400,400,,
0,0,1,20354613,400,400,,
0,0,1,20354614,400,400,,
0,0,1,20354615,400,400,,
0,0,1,20354616,400,400,,
0,0,1,20354617,400,400,,
0,0,1,20354618,400,400,,
0,0,1,20354619,400,400,,
0,0,1,20354620,400,400,,
0,0,1,20354621,400,400,,
0,0,1,20354622,400,400,,
0,0,1,20354623,400,400,,
0,0,1,20354624,400,400,,
0,0,1,20354625,400,400,,
0,0,1,20354626,400,400,,
0,0,1,20354627,400,400,,
0,0,1,20354628,400,400,,
0,0,1,20354629,400,400,,
0,0,1,20354630,400,400,,
0,0,1,20354631,400,400,,
0,0,1,20354632,400,400,,
0,0,1,20354633,400,400,,
0,0,1,20354634,400,400,,
0,0,1,20354635,400,400,,
0,0,1,20354636,400,400,,
0,0,1,20354637,400,400,,
0,0,1,20354638,400,400,,
0,0,1,20354639,400,400,,
0,0,1,20354640,400,400,,
0,0,1,20354641,400,400,,
0,0,1,20354642,400,400,,
0,0,1,20354643,400,400,,
0,0,1,20354644,400,400,,
0,0,1,20354645,400,400,,
0,0,1,20354646,400,400,,
0,0,1,20354647,400,400,,
0,0,1,20354648,400,400,,
0,0,1,20354649,400,400,,
0,0,1,20354650,400,400,,
0,0,1,20354651,400,400,,
0,0,1,20354652,400,400,,
0,0,1,20354653,400,400,,
0,0,1,20354654,400,400,,
0,0,1,20354655,400,400,,
0,0,1,20354656,400,400,,
0,0,1,20354657,400,400,,
0,0,1,20354658,400,400,,
0,0,1,20354659,400,400,,
0,0,1,20354660,400,400,,
0,0,1,20354661,400,400,,
0,0,1,20354662,400,400,,
0,0,1,20354663,400,400,,
0,0,1,20354664,400,400,,
0,0,1,20354665,400,400,,
0,0,1,20354666,400,400,,
0,0,1,20354667,400,400,,
0,0,1,20354668,400,400,,
0,0,1,20354669,400,400,,
0,0,1,20354670,400,400,,
0,0,1,20354671,400,400,,
0,0,1,20354672,400,400,,
0,0,1,20354673,400,400,,
0,0,1,20354674,400,400,,
0,0,1,20354675,400,400,,
0,0,1,20354676,400,400,,
0,0,1,20354677,400,400,,
0,0,1,20354678,400,400,,
0,0,1,20354679,400,400,,
0,0,1,20354680,400,400,,
0,0,1,20354681,400,400,,
0,0,1,20354682,400,400,,
0,0,1,20354683,400,400,,
0,0,1,20354684,400,400,,
0,0,1,20354685,400,400,,
0,0,1,20354686,400,400,,
0,0,1,20354687,400,400,,
0,0,1,20354688,400,400,,
0,0,1,20354689,400,400,,
0,0,1,20354690,400,400,,
0,0,1,20354691,400,400,,
0,0,1,20354692,400,400,,
0,0,1,20354693,400,400,,
0,0,1,20354694,400,400,,
0,0,1,20354695,400,400,,
0,0,1,20354696,400,400,,
0,0,1,20354697,400,400,,
0,0,1,20354698,400,400,,
0,0,1,20354699,400,400,,
0,0,1,20354700,400,400,,
0,0,1,20354701,400,400,,
0,0,1,20354702,400,400,,
0,0,1,20354703,400,400,,
0,0,1,20354704,400,400,,
0,0,1,20354705,400,400,,
0,0,1,20354706,400,400,,
0,0,1,20354707,400,400,,
0,0,1,20354708,400,400,,
0,0,1,20354709,400,400,,
0,0,1,20354710,400,400,,
0,0,1,20354711,400,400,,
0,0,1,20354712,400,400,,
0,0,1,20354713,400,400,,
0,0,1,20354714,400,400,,
0,0,1,20354715,400,400,,
0,0,1,20354716,400,400,,
0,0,1,20354717,400,400,,
0,0,1,20354718,400,400,,
0,0,1,20354719,400,400,,
0,0,1,20354720,400,400,,
0,0,1,20354721,400,400,,
0,0,1,20354722,400,400,,
0,0,1,20354723,400,400,,
0,0,1,20354724,400,400,,
0,0,1,20354725,400,400,,
0,0,1,20354726,400,400,,
0,0,1,20354727,400,400,,
0,0,1,20354728,400,400,,
0,0,1,20354729,400,400,,
0,0,1,20354730,400,400,,
0,0,1,20354731,400,400,,
0,0,1,20354732,400,400,,
0,0,1,20354733,400,400,,
0,0,1,20354734,400,400,,
0,0,1,20354735,400,400,,
0,0,1,20354736,400,400,,
0,0,1,20354737,400,400,,
0,0,1,20354738,400,400,,
0,0,1,20354739,400,400,,
0,0,1,20354740,400,400,,
0,0,1,20354741,400,400,,
0,0,1,20354742,400,400,,
0,0,1,20354743,400,400,,
0,0,1,20354744,400,400,,
0,0,1,20354745,400,400,,
0,0,1,20354746,400,400,,
0,0,1,20354747,400,400,,
0,0,1,20354748,400,400,,
0,0,1,20354749,400,400,,
0,0,1,20354750,400,400,,
0,0,1,20354751,400,400,,
0,0,1,20354752,400,400,,
0,0,1,20354753,400,400,,
0,0,1,20354754,400,400,,
0,0,1,20354755,400,400,,
0,0,1,20354756,400,400,,
0,0,1,20354757,400,400,,
0,0,1,20354758,400,400,,
0,0,1,20354759,400,400,,
0,0,1,20354760,400,400,,
0,0,1,20354761,400,400,,
0,0,1,20354762,400,400,,
0,0,1,20354763,400,400,,
0,0,1,20354764,400,400,,
0,0,1,20354765,400,400,,
0,0,1,20354766,400,400,,
0,0,1,20354767,400,400,,
0,0,1,20354768,400,400,,
0,0,1,20354769,400,400,,
0,0,1,20354770,400,400,,
0,0,1,20354771,400,400,,
0,0,1,20354772,400,400,,
0,0,1,20354773,400,400,,
0,0,1,20354774,400,400,,
0,0,1,20354775,400,400,,
0,0,1,20354776,400,400,,
0,0,1,20354777,400,400,,
0,0,1,20354778,400,400,,
0,0,1,20354779,400,400,,
0,0,1,20354780,400,400,,
0,0,1,20354781,400,400,,
0,0,1,20354782,400,400,,
0,0,1,20354783,400,400,,
0,0,1,20354784,400,400,,
0,0,1,20354785,400,400,,
0,0,1,20354786,400,400,,
0,0,1,20354787,400,400,,
0,0,1,20354788,400,400,,
0,0,1,20354789,400,400,,
0,0,1,20354790,400,400,,
0,0,1,20354791,400,400,,
0,0,1,20354792,400,400,,
0,0,1,20354793,400,400,,
0,0,1,20354794,400,400,,
0,0,1,20354795,400,400,,
0,0,1,20354796,400,400,,
0,0,1,20354797,400,400,,
0,0,1,20354798,400,400,,
0,0,1,20354799,400,400,,
0,0,1,20354800,400,400,,
0,0,1,20354801,400,400,,
0,0,1,20354802,400,400,,
0,0,1,20354803,400,400,,
0,0,1,20354804,400,400,,
0,0,1,20354805,400,400,,
0,0,1,20354806,400,400,,
0,0,1,20354807,400,400,,
0,0,1,20354808,400,400,,
0,0,1,20354809,400,400,,
0,0,1,20354810,400,400,,
0,0,1,20354811,400,400,,
0,0,1,20354812,400,400,,
0,0,1,20354813,400,400,,
0,0,1,20354814,400,400,,
0,0,1,20354815,400,400,,
0,0,1,20354816,400,400,,
0,0,1,20354817,400,400,,
0,0,1,20354818,400,400,,
0,0,1,20354819,400,400,,
0,0,1,20354820,400,400,,
0,0,1,20354821,400,400,,
0,0,1,20354822,400,400,,
0,0,1,20354823,400,400,,
0,0,1,20354824,400,400,,
0,0,1,20354825,400,400,,
0,0,1,20354826,400,400,,
0,0,1,20354827,400,400,,
0,0,1,20354828,400,400,,
0,0,1,20354829,400,400,,
0,0,1,20354830,400,400,,
0,0,1,20354831,400,400,,
0,0,1,20354832,400,400,,
0,0,1,20354833,400,400,,
0,0,1,20354834,400,400,,
0,0,1,20354835,400,400,,
0,0,1,20354836,400,400,,
0,0,1,20354837,400,400,,
0,0,1,20354838,400,400,,
0,0,1,20354839,400,400,,
0,0,1,20354840,400,400,,
0,0,1,20354841,400,400,,
0,0,1,20354842,400,400,,
0,0,1,20354843,400,400,,
0,0,1,20354844,400,400,,
0,0,1,20354845,400,400,,
0,0,1,20354846,400,400,,
0,0,1,20354847,400,400,,
0,0,1,20354848,400,400,,
0,0,1,20354849,400,400,,
0,0,1,20354850,400,400,,
0,0,1,20354851,400,400,,
0,0,1,20354852,400,400,,
0,0,1,20354853,400,400,,
0,0,1,20354854,400,400,,
0,0,1,20354855,400,400,,
0,0,1,20354856,400,400,,
0,0,1,20354857,400,400,,
0,0,1,20354858,400,400,,
0,0,1,20354859,400,400,,
0,0,1,20354860,400,400,,
0,0,1,20354861,400,400,,
0,0,1,20354862,400,400,,
0,0,1,20354863,400,400,,
0,0,1,20354864,400,400,,
0,0,1,20354865,400,400,,
0,0,1,20354866,400,400,,
0,0,1,20354867,400,400,,
0,0,1,20354868,400,400,,
0,0,1,20354869,400,400,,
0,0,1,20354870,400,400,,
0,0,1,20354871,400,400,,
0,0,1,20354872,400,400,,
0,0,1,20354873,400,400,,
0,0,1,20354874,400,400,,
0,0,1,20354875,400,400,,
0,0,1,20354876,400,400,,
0,0,1,20354877,400,400,,
0,0,1,20354878,400,400,,
0,0,1,20354879,400,400,,
0,0,1,20354880,400,400,,
0,0,1,20354881,400,400,,
0,0,1,20354882,400,400,,
0,0,1,20354883,400,400,,
0,0,1,20354884,400,400,,
0,0,1,20354885,400,400,,
0,0,1,20354886,400,400,,
0,0,1,20354887,400,400,,
0,0,1,20354888,400,400,,
0,0,1,20354889,400,400,,
0,0,1,20354890,400,400,,
0,0,1,20354891,400,400,,
0,0,1,20354892,400,400,,
0,0,1,20354893,400,400,,
0,0,1,20354894,400,400,,
0,0,1,20354895,400,400,,
0,0,1,20354896,400,400,,
0,0,1,20354897,400,400,,
0,0,1,20354898,400,400,,
0,0,1,20354899,400,400,,
0,0,1,20354900,400,400,,
0,0,1,20354901,400,400,,
0,0,1,20354902,400,400,,
0,0,1,20354903,400,400,,
0,0,1,20354904,400,400,,
0,0,1,20354905,400,400,,
0,0,1,20354906,400,400,,
0,0,1,20354907,400,400,,
0,0,1,20354908,400,400,,
0,0,1,20354909,400,400,,
0,0,1,20354910,400,400,,
0,0,1,20354911,400,400,,
0,0,1,20354912,400,400,,
0,0,1,20354913,400,400,,
0,0,1,20354914,400,400,,
0,0,1,20354915,400,400,,
0,0,1,20354916,400,400,,
0,0,1,20354917,400,400,,
0,0,1,20354918,400,400,,
0,0,1,20354919,400,400,,
0,0,1,20354920,400,400,,
0,0,1,20354921,400,400,,
0,0,1,20354922,400,400,,
0,0,1,20354923,400,400,,
0,0,1,20354924,400,400,,
0,0,1,20354925,400,400,,
0,0,1,20354926,400,400,,
0,0,1,20354927,400,400,,
0,0,1,20354928,400,400,,
0,0,1,20354929,400,400,,
0,0,1,20354930,400,400,,
0,0,1,20354931,400,400,,
0,0,1,20354932,400,400,,
0,0,1,20354933,400,400,,
0,0,1,20354934,400,400,,
0,0,1,20354935,400,400,,
0,0,1,20354936,400,400,,
0,0,1,20354937,400,400,,
0,0,1,20354938,400,400,,
0,0,1,20354939,400,400,,
0,0,1,20354940,400,400,,
0,0,1,20354941,400,400,,
0,0,1,20354942,400,400,,
0,0,1,20354943,400,400,,
0,0,1,20354944,400,400,,
0,0,1,20354945,400,400,,
0,0,1,20354946,400,400,,
0,0,1,20354947,400,400,,
0,0,1,20354948,400,400,,
0,0,1,20354949,400,400,,
0,0,1,20354950,400,400,,
0,0,1,20354951,400,400,,
0,0,1,20354952,400,400,,
0,0,1,20354953,400,400,,
0,0,1,20354954,400,400,,
0,0,1,20354955,400,400,,
0,0,1,20354956,400,400,,
0,0,1,20354957,400,400,,
0,0,1,20354958,400,400,,
0,0,1,20354959,400,400,,
0,0,1,20354960,400,400,,
0,0,1,20354961,400,400,,
0,0,1,20354962,400,400,,
0,0,1,20354963,400,400,,
0,0,1,20354964,400,400,,
0,0,1,20354965,400,400,,
0,0,1,20354966,400,400,,
0,0,1,20354967,400,400,,
0,0,1,20354968,400,400,,
0,0,1,20354969,400,400,,
0,0,1,20354970,400,400,,
0,0,1,20354971,400,400,,
0,0,1,20354972,400,400,,
0,0,1,20354973,400,400,,
0,0,1,20354974,400,400,,
0,0,1,20354975,400,400,,
0,0,1,20354976,400,400,,
0,0,1,20354977,400,400,,
0,0,1,20354978,400,400,,
0,0,1,20354979,400,400,,
0,0,1,20354980,400,400,,
0,0,1,20354981,400,400,,
0,0,1,20354982,400,400,,
0,0,1,20354983,400,400,,
0,0,1,20354984,400,400,,
0,0,1,20354985,400,400,,
0,0,1,20354986,400,400,,
0,0,1,20354987,400,400,,
0,0,1,20354988,400,400,,
0,0,1,20354989,400,400,,
0,0,1,20354990,400,400,,
0,0,1,20354991,400,400,,
0,0,1,20354992,400,400,,
0,0,1,20354993,400,400,,
0,0,1,20354994,400,400,,
0,0,1,20354995,400,400,,
0,0,1,20354996,400,400,,
0,0,1,20354997,400,400,,
0,0,1,20354998,400,400,,
0,0,1,20354999,400,400,,
0,0,1,20355000,400,400,,
0,0,1,20355001,400,400,,
0,0,1,20355002,400,400,,
0,0,1,20355003,400,400,,
0,0,1,20355004,400,400,,
0,0,1,20355005,400,400,,
0,0,1,20355006,400,400,,
0,0,1,20355007,400,400,,
0,0,1,20355008,400,400,,
0,0,1,20355009,400,400,,
0,0,1,20355010,400,400,,
0,0,1,20355011,400,400,,
0,0,1,20355012,400,400,,
0,0,1,20355013,400,400,,
0,0,1,20355014,400,400,,
0,0,1,20355015,400,400,,
0,0,1,20355016,400,400,,
0,0,1,20355017,400,400,,
0,0,1,20355018,400,400,,
0,0,1,20355019,400,400,,
0,0,1,20355020,400,400,,
0,0,1,20355021,400,400,,
0,0,1,20355022,400,400,,
0,0,1,20355023,400,400,,
0,0,1,20355024,400,400,,
0,0,1,20355025,400,400,,
0,0,1,20355026,400,400,,
0,0,1,20355027,400,400,,
0,0,1,20355028,400,400,,
0,0,1,20355029,400,400,,
0,0,1,20355030,400,400,,
0,0,1,20355031,400,400,,
0,0,1,20355032,400,400,,
0,0,1,20355033,400,400,,
0,0,1,20355034,400,400,,
0,0,1,20355035,400,400,,
0,0,1,20355036,400,400,,
0,0,1,20355037,400,400,,
0,0,1,20355038,400,400,,
0,0,1,20355039,400,400,,
0,0,1,20355040,400,400,,
0,0,1,20355041,400,400,,
0,0,1,20355042,400,400,,
0,0,1,20355043,400,400,,
0,0,1,20355044,400,400,,
0,0,1,20355045,400,400,,
0,0,1,20355046,400,400,,
0,0,1,20355047,400,400,,
0,0,1,20355048,400,400,,
0,0,1,20355049,400,400,,
0,0,1,20355050,400,400,,
0,0,1,20355051,400,400,,
0,0,1,20355052,400,400,,
0,0,1,20355053,400,400,,
0,0,1,20355054,400,400,,
0,0,1,20355055,400,400,,
0,0,1,20355056,400,400,,
0,0,1,20355057,400,400,,
0,0,1,20355058,400,400,,
0,0,1,20355059,400,400,,
0,0,1,20355060,400,400,,
0,0,1,20355061,400,400,,
0,0,1,20355062,400,400,,
0,0,1,20355063,400,400,,
0,0,1,20355064,400,400,,
0,0,1,20355065,400,400,,
0,0,1,20355066,400,400,,
0,0,1,20355067,400,400,,
0,0,1,20355068,400,400,,
0,0,1,20355069,400,400,,
0,0,1,20355070,400,400,,
0,0,1,20355071,400,400,,
0,0,1,20355072,400,400,,
0,0,1,20355073,400,400,,
0,0,1,20355074,400,400,,
0,0,1,20355075,400,400,,
0,0,1,20355076,400,400,,
0,0,1,20355077,400,400,,
0,0,1,20355078,400,400,,
0,0,1,20355079,400,400,,
0,0,1,20355080,400,400,,
0,0,1,20355081,400,400,,
0,0,1,20355082,400,400,,
0,0,1,20355083,400,400,,
0,0,1,20355084,400,400,,
0,0,1,20355085,400,400,,
0,0,1,20355086,400,400,,
0,0,1,20355087,400,400,,
0,0,1,20355088,400,400,,
0,0,1,20355089,400,400,,
0,0,1,20355090,400,400,,
0,0,1,20355091,400,400,,
0,0,1,20355092,400,400,,
0,0,1,20355093,400,400,,
0,0,1,20355094,400,400,,
0,0,1,20355095,400,400,,
0,0,1,20355096,400,400,,
0,0,1,20355097,400,400,,
0,0,1,20355098,400,400,,
0,0,1,20355099,400,400,,
0,0,1,20355100,400,400,,
0,0,1,20355101,400,400,,
0,0,1,20355102,400,400,,
0,0,1,20355103,400,400,,
0,0,1,20355104,400,400,,
0,0,1,20355105,400,400,,
0,0,1,20355106,400,400,,
0,0,1,20355107,400,400,,
0,0,1,20355108,400,400,,
0,0,1,20355109,400,400,,
0,0,1,20355110,400,400,,
0,0,1,20355111,400,400,,
0,0,1,20355112,400,400,,
0,0,1,20355113,400,400,,
0,0,1,20355114,400,400,,
0,0,1,20355115,400,400,,
0,0,1,20355116,400,400,,
0,0,1,20355117,400,400,,
0,0,1,20355118,400,400,,
0,0,1,20355119,400,400,,
0,0,1,20355120,400,400,,
0,0,1,20355121,400,400,,
0,0,1,20355122,400,400,,
0,0,1,20355123,400,400,,
0,0,1,20355124,400,400,,
0,0,1,20355125,400,400,,
0,0,1,20355126,400,400,,
0,0,1,20355127,400,400,,
0,0,1,20355128,400,400,,
0,0,1,20355129,400,400,,
0,0,1,20355130,400,400,,
0,0,1,20355131,400,400,,
0,0,1,20355132,400,400,,
0,0,1,20355133,400,400,,
0,0,1,20355134,400,400,,
0,0,1,20355135,400,400,,
0,0,1,20355136,400,400,,
0,0,1,20355137,400,400,,
0,0,1,20355138,400,400,,
0,0,1,20355139,400,400,,
0,0,1,20355140,400,400,,
0,0,1,20355141,400,400,,
0,0,1,20355142,400,400,,
0,0,1,20355143,400,400,,
0,0,1,20355144,400,400,,
0,0,1,20355145,400,400,,
0,0,1,20355146,400,400,,
0,0,1,20355147,400,400,,
0,0,1,20355148,400,400,,
0,0,1,20355149,400,400,,
0,0,1,20355150,400,400,,
0,0,1,20355151,400,400,,
0,0,1,20355152,400,400,,
0,0,1,20355153,400,400,,
0,0,1,20355154,400,400,,
0,0,1,20355155,400,400,,
0,0,1,20355156,400,400,,
0,0,1,20355157,400,400,,
0,0,1,20355158,400,400,,
0,0,1,20355159,400,400,,
0,0,1,20355160,400,400,,
0,0,1,20355161,400,400,,
0,0,1,20355162,400,400,,
0,0,1,20355163,400,400,,
0,0,1,20355164,400,400,,
0,0,1,20355165,400,400,,
0,0,1,20355166,400,400,,
0,0,1,20355167,400,400,,
0,0,1,20355168,400,400,,
0,0,1,20355169,400,400,,
0,0,1,20355170,400,400,,
0,0,1,20355171,400,400,,
0,0,1,20355172,400,400,,
0,0,1,20355173,400,400,,
0,0,1,20355174,400,400,,
0,0,1,20355175,400,400,,
0,0,1,20355176,400,400,,
0,0,1,20355177,400,400,,
0,0,1,20355178,400,400,,
0,0,1,20355179,400,400,,
0,0,1,20355180,400,400,,
0,0,1,20355181,400,400,,
0,0,1,20355182,400,400,,
0,0,1,20355183,400,400,,
0,0,1,20355184,400,400,,
0,0,1,20355185,400,400,,
0,0,1,20355186,400,400,,
0,0,1,20355187,400,400,,
0,0,1,20355188,400,400,,
0,0,1,20355189,400,400,,
0,0,1,20355190,400,400,,
0,0,1,20355191,400,400,,
0,0,1,20355192,400,400,,
0,0,1,20355193,400,400,,
0,0,1,20355194,400,400,,
0,0,1,20355195,400,400,,
0,0,1,20355196,400,400,,
0,0,1,20355197,400,400,,
0,0,1,20355198,400,400,,
0,0,1,20355199,400,400,,
0,0,1,20355200,400,400,,
0,0,1,20355201,400,400,,
0,0,1,20355202,400,400,,
0,0,1,20355203,400,400,,
0,0,1,20355204,400,400,,
0,0,1,20355205,400,400,,
0,0,1,20355206,400,400,,
0,0,1,20355207,400,400,,
0,0,1,20355208,400,400,,
0,0,1,20355209,400,400,,
0,0,1,20355210,400,400,,
0,0,1,20355211,400,400,,
0,0,1,20355212,400,400,,
0,0,1,20355213,400,400,,
0,0,1,20355214,400,400,,
0,0,1,20355215,400,400,,
0,0,1,20355216,400,400,,
0,0,1,20355217,400,400,,
0,0,1,20355218,400,400,,
0,0,1,20355219,400,400,,
0,0,1,20355220,400,400,,
0,0,1,20355221,400,400,,
0,0,1,20355222,400,400,,
0,0,1,20355223,400,400,,
0,0,1,20355224,400,400,,
0,0,1,20355225,400,400,,
0,0,1,20355226,400,400,,
0,0,1,20355227,400,400,,
0,0,1,20355228,400,400,,
0,0,1,20355229,400,400,,
0,0,1,20355230,400,400,,
0,0,1,20355231,400,400,,
0,0,1,20355232,400,400,,
0,0,1,20355233,400,400,,
0,0,1,20355234,400,400,,
0,0,1,20355235,400,400,,
0,0,1,20355236,400,400,,
0,0,1,20355237,400,400,,
0,0,1,20355238,400,400,,
0,0,1,20355239,400,400,,
0,0,1,20355240,400,400,,
0,0,1,20355241,400,400,,
0,0,1,20355242,400,400,,
0,0,1,20355243,400,400,,
0,0,1,20355244,400,400,,
0,0,1,20355245,400,400,,
0,0,1,20355246,400,400,,
0,0,1,20355247,400,400,,
0,0,1,20355248,400,400,,
0,0,1,20355249,400,400,,
0,0,1,20355250,400,400,,
0,0,1,20355251,400,400,,
0,0,1,20355252,400,400,,
0,0,1,20355253,400,400,,
0,0,1,20355254,400,400,,
0,0,1,20355255,400,400,,
0,0,1,20355256,400,400,,
0,0,1,20355257,400,400,,
0,0,1,20355258,400,400,,
0,0,1,20355259,400,400,,
0,0,1,20355260,400,400,,
0,0,1,20355261,400,400,,
0,0,1,20355262,400,400,,
0,0,1,20355263,400,400,,
0,0,1,20355264,400,400,,
0,0,1,20355265,400,400,,
0,0,1,20355266,400,400,,
0,0,1,20355267,400,400,,
0,0,1,20355268,400,400,,
0,0,1,20355269,400,400,,
0,0,1,20355270,400,400,,
0,0,1,20355271,400,400,,
0,0,1,20355272,400,400,,
0,0,1,20355273,400,400,,
0,0,1,20355274,400,400,,
0,0,1,20355275,400,400,,
0,0,1,20355276,400,400,,
0,0,1,20355277,400,400,,
0,0,1,20355278,400,400,,
0,0,1,20355279,400,400,,
0,0,1,20355280,400,400,,
0,0,1,20355281,400,400,,
0,0,1,20355282,400,400,,
0,0,1,20355283,400,400,,
0,0,1,20355284,400,400,,
0,0,1,20355285,400,400,,
0,0,1,20355286,400,400,,
0,0,1,20355287,400,400,,
0,0,1,20355288,400,400,,
0,0,1,20355289,400,400,,
0,0,1,20355290,400,400,,
0,0,1,20355291,400,400,,
0,0,1,20355292,400,400,,
0,0,1,20355293,400,400,,
0,0,1,20355294,400,400,,
0,0,1,20355295,400,400,,
0,0,1,20355296,400,400,,
0,0,1,20355297,400,400,,
0,0,1,20355298,400,400,,
0,0,1,20355299,400,400,,
0,0,1,20355300,400,400,,
0,0,1,20355301,400,400,,
0,0,1,20355302,400,400,,
0,0,1,20355303,400,400,,
0,0,1,20355304,400,400,,
0,0,1,20355305,400,400,,
0,0,1,20355306,400,400,,
0,0,1,20355307,400,400,,
0,0,1,20355308,400,400,,
0,0,1,20355309,400,400,,
0,0,1,20355310,400,400,,
0,0,1,20355311,400,400,,
0,0,1,20355312,400,400,,
0,0,1,20355313,400,400,,
0,0,1,20355314,400,400,,
0,0,1,20355315,400,400,,
0,0,1,20355316,400,400,,
0,0,1,20355317,400,400,,
0,0,1,20355318,400,400,,
0,0,1,20355319,400,400,,
0,0,1,20355320,400,400,,
0,0,1,20355321,400,400,,
0,0,1,20355322,400,400,,
0,0,1,20355323,400,400,,
0,0,1,20355324,400,400,,
0,0,1,20355325,400,400,,
0,0,1,20355326,400,400,,
0,0,1,20355327,400,400,,
0,0,1,20355328,400,400,,
0,0,1,20355329,400,400,,
0,0,1,20355330,400,400,,
0,0,1,20355331,400,400,,
0,0,1,20355332,400,400,,
0,0,1,20355333,400,400,,
0,0,1,20355334,400,400,,
0,0,1,20355335,400,400,,
0,0,1,20355336,400,400,,
0,0,1,20355337,400,400,,
0,0,1,20355338,400,400,,
0,0,1,20355339,400,400,,
0,0,1,20355340,400,400,,
0,0,1,20355341,400,400,,
0,0,1,20355342,400,400,,
0,0,1,20355343,400,400,,
0,0,1,20355344,400,400,,
0,0,1,20355345,400,400,,
0,0,1,20355346,400,400,,
0,0,1,20355347,400,400,,
0,0,1,20355348,400,400,,
0,0,1,20355349,400,400,,
0,0,1,20355350,400,400,,
0,0,1,20355351,400,400,,
0,0,1,20355352,400,400,,
0,0,1,20355353,400,400,,
0,0,1,20355354,400,400,,
0,0,1,20355355,400,400,,
0,0,1,20355356,400,400,,
0,0,1,20355357,400,400,,
0,0,1,20355358,400,400,,
0,0,1,20355359,400,400,,
0,0,1,20355360,400,400,,
0,0,1,20355361,400,400,,
0,0,1,20355362,400,400,,
0,0,1,20355363,400,400,,
0,0,1,20355364,400,400,,
0,0,1,20355365,400,400,,
0,0,1,20355366,400,400,,
0,0,1,20355367,400,400,,
0,0,1,20355368,400,400,,
0,0,1,20355369,400,400,,
0,0,1,20355370,400,400,,
0,0,1,20355371,400,400,,
0,0,1,20355372,400,400,,
0,0,1,20355373,400,400,,
0,0,1,20355374,400,400,,
0,0,1,20355375,400,400,,
0,0,1,20355376,400,400,,
0,0,1,20355377,400,400,,
0,0,1,20355378,400,400,,
0,0,1,20355379,400,400,,
0,0,1,20355380,400,400,,
0,0,1,20355381,400,400,,
0,0,1,20355382,400,400,,
0,0,1,20355383,400,400,,
0,0,1,20355384,400,400,,
0,0,1,20355385,400,400,,
0,0,1,20355386,400,400,,
0,0,1,20355387,400,400,,
0,0,1,20355388,400,400,,
0,0,1,20355389,400,400,,
0,0,1,20355390,400,400,,
0,0,1,20355391,400,400,,
0,0,1,20355392,400,400,,
0,0,1,20355393,400,400,,
0,0,1,20355394,400,400,,
0,0,1,20355395,400,400,,
0,0,1,20355396,400,400,,
0,0,1,20355397,400,400,,
0,0,1,20355398,400,400,,
0,0,1,20355399,400,400,,
0,0,1,20355400,400,400,,
0,0,1,20355401,400,400,,
0,0,1,20355402,400,400,,
0,0,1,20355403,400,400,,
0,0,1,20355404,400,400,,
0,0,1,20355405,400,400,,
0,0,1,20355406,400,400,,
0,0,1,20355407,400,400,,
0,0,1,20355408,400,400,,
0,0,1,20355409,400,400,,
0,0,1,20355410,400,400,,
0,0,1,20355411,400,400,,
0,0,1,20355412,400,400,,
0,0,1,20355413,400,400,,
0,0,1,20355414,400,400,,
0,0,1,20355415,400,400,,
0,0,1,20355416,400,400,,
0,0,1,20355417,400,400,,
0,0,1,20355418,400,400,,
0,0,1,20355419,400,400,,
0,0,1,20355420,400,400,,
0,0,1,20355421,400,400,,
0,0,1,20355422,400,400,,
0,0,1,20355423,400,400,,
0,0,1,20355424,400,400,,
0,0,1,20355425,400,400,,
0,0,1,20355426,400,400,,
0,0,1,20355427,400,400,,
0,0,1,20355428,400,400,,
0,0,1,20355429,400,400,,
0,0,1,20355430,400,400,,
0,0,1,20355431,400,400,,
0,0,1,20355432,400,400,,
0,0,1,20355433,400,400,,
0,0,1,20355434,400,400,,
0,0,1,20355435,400,400,,
0,0,1,20355436,400,400,,
0,0,1,20355437,400,400,,
0,0,1,20355438,400,400,,
0,0,1,20355439,400,400,,
0,0,1,20355440,400,400,,
0,0,1,20355441,400,400,,
0,0,1,20355442,400,400,,
0,0,1,20355443,400,400,,
0,0,1,20355444,400,400,,
0,0,1,20355445,400,400,,
0,0,1,20355446,400,400,,
0,0,1,20355447,400,400,,
0,0,1,20355448,400,400,,
0,0,1,20355449,400,400,,
0,0,1,20355450,400,400,,
0,0,1,20355451,400,400,,
0,0,1,20355452,400,400,,
0,0,1,20355453,400,400,,
0,0,1,20355454,400,400,,
0,0,1,20355455,400,400,,
0,0,1,20355456,400,400,,
0,0,1,20355457,400,400,,
0,0,1,20355458,400,400,,
0,0,1,20355459,400,400,,
0,0,1,20355460,400,400,,
0,0,1,20355461,400,400,,
0,0,1,20355462,400,400,,
0,0,1,20355463,400,400,,
0,0,1,20355464,400,400,,
0,0,1,20355465,400,400,,
0,0,1,20355466,400,400,,
0,0,1,20355467,400,400,,
0,0,1,20355468,400,400,,
0,0,1,20355469,400,400,,
0,0,1,20355470,400,400,,
0,0,1,20355471,400,400,,
0,0,1,20355472,400,400,,
0,0,1,20355473,400,400,,
0,0,1,20355474,400,400,,
0,0,1,20355475,400,400,,
0,0,1,20355476,400,400,,
0,0,1,20355477,400,400,,
0,0,1,20355478,400,400,,
0,0,1,20355479,400,400,,
0,0,1,20355480,400,400,,
0,0,1,20355481,400,400,,
0,0,1,20355482,400,400,,
0,0,1,20355483,400,400,,
0,0,1,20355484,400,400,,
0,0,1,20355485,400,400,,
0,0,1,20355486,400,400,,
0,0,1,20355487,400,400,,
0,0,1,20355488,400,400,,
0,0,1,20355489,400,400,,
0,0,1,20355490,400,400,,
0,0,1,20355491,400,400,,
0,0,1,20355492,400,400,,
0,0,1,20355493,400,400,,
0,0,1,20355494,400,400,,
0,0,1,20355495,400,400,,
0,0,1,20355496,400,400,,
0,0,1,20355497,400,400,,
0,0,1,20355498,400,400,,
0,0,1,20355499,400,400,,
0,0,1,20355500,400,400,,
0,0,1,20355501,400,400,,
0,0,1,20355502,400,400,,
0,0,1,20355503,400,400,,
0,0,1,20355504,400,400,,
0,0,1,20355505,400,400,,
0,0,1,20355506,400,400,,
0,0,1,20355507,400,400,,
0,0,1,20355508,400,400,,
0,0,1,20355509,400,400,,
0,0,1,20355510,400,400,,
0,0,1,20355511,400,400,,
0,0,1,20355512,400,400,,
0,0,1,20355513,400,400,,
0,0,1,20355514,400,400,,
0,0,1,20355515,400,400,,
0,0,1,20355516,400,400,,
0,0,1,20355517,400,400,,
0,0,1,20355518,400,400,,
0,0,1,20355519,400,400,,
0,0,1,20355520,400,400,,
0,0,1,20355521,400,400,,
0,0,1,20355522,400,400,,
0,0,1,20355523,400,400,,
0,0,1,20355524,400,400,,
0,0,1,20355525,400,400,,
0,0,1,20355526,400,400,,
0,0,1,20355527,400,400,,
0,0,1,20355528,400,400,,
0,0,1,20355529,400,400,,
0,0,1,20355530,400,400,,
0,0,1,20355531,400,400,,
0,0,1,20355532,400,400,,
0,0,1,20355533,400,400,,
0,0,1,20355534,400,400,,
0,0,1,20355535,400,400,,
0,0,1,20355536,400,400,,
0,0,1,20355537,400,400,,
0,0,1,20355538,400,400,,
0,0,1,20355539,400,400,,
0,0,1,20355540,400,400,,
0,0,1,20355541,400,400,,
0,0,1,20355542,400,400,,
0,0,1,20355543,400,400,,
0,0,1,20355544,400,400,,
0,0,1,20355545,400,400,,
0,0,1,20355546,400,400,,
0,0,1,20355547,400,400,,
0,0,1,20355548,400,400,,
0,0,1,20355549,400,400,,
0,0,1,20355550,400,400,,
0,0,1,20355551,400,400,,
0,0,1,20355552,400,400,,
0,0,1,20355553,400,400,,
0,0,1,20355554,400,400,,
0,0,1,20355555,400,400,,
0,0,1,20355556,400,400,,
0,0,1,20355557,400,400,,
0,0,1,20355558,400,400,,
0,0,1,20355559,400,400,,
0,0,1,20355560,400,400,,
0,0,1,20355561,400,400,,
0,0,1,20355562,400,400,,
0,0,1,20355563,400,400,,
0,0,1,20355564,400,400,,
0,0,1,20355565,400,400,,
0,0,1,20355566,400,400,,
0,0,1,20355567,400,400,,
0,0,1,20355568,400,400,,
0,0,1,20355569,400,400,,
0,0,1,20355570,400,400,,
0,0,1,20355571,400,400,,
0,0,1,20355572,400,400,,
0,0,1,20355573,400,400,,
0,0,1,20355574,400,400,,
0,0,1,20355575,400,400,,
0,0,1,20355576,400,400,,
0,0,1,20355577,400,400,,
0,0,1,20355578,400,400,,
0,0,1,20355579,400,400,,
0,0,1,20355580,400,400,,
0,0,1,20355581,400,400,,
0,0,1,20355582,400,400,,
0,0,1,20355583,400,400,,
0,0,1,20355584,400,400,,
0,0,1,20355585,400,400,,
0,0,1,20355586,400,400,,
0,0,1,20355587,400,400,,
0,0,1,20355588,400,400,,
0,0,1,20355589,400,400,,
0,0,1,20355590,400,400,,
0,0,1,20355591,400,400,,
0,0,1,20355592,400,400,,
0,0,1,20355593,400,400,,
0,0,1,20355594,400,400,,
0,0,1,20355595,400,400,,
0,0,1,20355596,400,400,,
0,0,1,20355597,400,400,,
0,0,1,20355598,400,400,,
0,0,1,20355599,400,400,,
0,0,1,20355600,400,400,,
0,0,1,20355601,400,400,,
0,0,1,20355602,400,400,,
0,0,1,20355603,400,400,,
0,0,1,20355604,400,400,,
0,0,1,20355605,400,400,,
0,0,1,20355606,400,400,,
0,0,1,20355607,400,400,,
0,0,1,20355608,400,400,,
0,0,1,20355609,400,400,,
0,0,1,20355610,400,400,,
0,0,1,20355611,400,400,,
0,0,1,20355612,400,400,,
0,0,1,20355613,400,400,,
0,0,1,20355614,400,400,,
0,0,1,20355615,400,400,,
0,0,1,20355616,400,400,,
0,0,1,20355617,400,400,,
0,0,1,20355618,400,400,,
0,0,1,20355619,400,400,,
0,0,1,20355620,400,400,,
0,0,1,20355621,400,400,,
0,0,1,20355622,400,400,,
0,0,1,20355623,400,400,,
0,0,1,20355624,400,400,,
0,0,1,20355625,400,400,,
0,0,1,20355626,400,400,,
0,0,1,20355627,400,400,,
0,0,1,20355628,400,400,,
0,0,1,20355629,400,400,,
0,0,1,20355630,400,400,,
0,0,1,20355631,400,400,,
0,0,1,20355632,400,400,,
0,0,1,20355633,400,400,,
0,0,1,20355634,400,400,,
0,0,1,20355635,400,400,,
0,0,1,20355636,400,400,,
0,0,1,20355637,400,400,,
0,0,1,20355638,400,400,,
0,0,1,20355639,400,400,,
0,0,1,20355640,400,400,,
0,0,1,20355641,400,400,,
0,0,1,20355642,400,400,,
0,0,1,20355643,400,400,,
0,0,1,20355644,400,400,,
0,0,1,20355645,400,400,,
0,0,1,20355646,400,400,,
0,0,1,20355647,400,400,,
0,0,1,20355648,400,400,,
0,0,1,20355649,400,400,,
0,0,1,20355650,400,400,,
0,0,1,20355651,400,400,,
0,0,1,20355652,400,400,,
0,0,1,20355653,400,400,,
0,0,1,20355654,400,400,,
0,0,1,20355655,400,400,,
0,0,1,20355656,400,400,,
0,0,1,20355657,400,400,,
0,0,1,20355658,400,400,,
0,0,1,20355659,400,400,,
0,0,1,20355660,400,400,,
0,0,1,20355661,400,400,,
0,0,1,20355662,400,400,,
0,0,1,20355663,400,400,,
0,0,1,20355664,400,400,,
0,0,1,20355665,400,400,,
0,0,1,20355666,400,400,,
0,0,1,20355667,400,400,,
0,0,1,20355668,400,400,,
0,0,1,20355669,400,400,,
0,0,1,20355670,400,400,,
0,0,1,20355671,400,400,,
0,0,1,20355672,400,400,,
0,0,1,20355673,400,400,,
0,0,1,20355674,400,400,,
0,0,1,20355675,400,400,,
0,0,1,20355676,400,400,,
0,0,1,20355677,400,400,,
0,0,1,20355678,400,400,,
0,0,1,20355679,400,400,,
0,0,1,20355680,400,400,,
0,0,1,20355681,400,400,,
0,0,1,20355682,400,400,,
0,0,1,20355683,400,400,,
0,0,1,20355684,400,400,,
0,0,1,20355685,400,400,,
0,0,1,20355686,400,400,,
0,0,1,20355687,400,400,,
0,0,1,20355688,400,400,,
0,0,1,20355689,400,400,,
0,0,1,20355690,400,400,,
0,0,1,20355691,400,400,,
0,0,1,20355692,400,400,,
0,0,1,20355693,400,400,,
0,0,1,20355694,400,400,,
0,0,1,20355695,400,400,,
0,0,1,20355696,400,400,,
0,0,1,20355697,400,400,,
0,0,1,20355698,400,400,,
0,0,1,20355699,400,400,,
0,0,1,20355700,400,400,,
0,0,1,20355701,400,400,,
0,0,1,20355702,400,400,,
0,0,1,20355703,400,400,,
0,0,1,20355704,400,400,,
0,0,1,20355705,400,400,,
0,0,1,20355706,400,400,,
0,0,1,20355707,400,400,,
0,0,1,20355708,400,400,,
0,0,1,20355709,400,400,,
0,0,1,20355710,400,400,,
0,0,1,20355711,400,400,,
0,0,1,20355712,400,400,,
0,0,1,20355713,400,400,,
0,0,1,20355714,400,400,,
0,0,1,20355715,400,400,,
0,0,1,20355716,400,400,,
0,0,1,20355717,400,400,,
0,0,1,20355718,400,400,,
0,0,1,20355719,400,400,,
0,0,1,20355720,400,400,,
0,0,1,20355721,400,400,,
0,0,1,20355722,400,400,,
0,0,1,20355723,400,400,,
0,0,1,20355724,400,400,,
0,0,1,20355725,400,400,,
0,0,1,20355726,400,400,,
0,0,1,20355727,400,400,,
0,0,1,20355728,400,400,,
0,0,1,20355729,400,400,,
0,0,1,20355730,400,400,,
0,0,1,20355731,400,400,,
0,0,1,20355732,400,400,,
0,0,1,20355733,400,400,,
0,0,1,20355734,400,400,,
0,0,1,20355735,400,400,,
0,0,1,20355736,400,400,,
0,0,1,20355737,400,400,,
0,0,1,20355738,400,400,,
0,0,1,20355739,400,400,,
0,0,1,20355740,400,400,,
0,0,1,20355741,400,400,,
0,0,1,20355742,400,400,,
0,0,1,20355743,400,400,,
0,0,1,20355744,400,400,,
0,0,1,20355745,400,400,,
0,0,1,20355746,400,400,,
0,0,1,20355747,400,400,,
0,0,1,20355748,400,400,,
0,0,1,20355749,400,400,,
0,0,1,20355750,400,400,,
0,0,1,20355751,400,400,,
0,0,1,20355752,400,400,,
0,0,1,20355753,400,400,,
0,0,1,20355754,400,400,,
0,0,1,20355755,400,400,,
0,0,1,20355756,400,400,,
0,0,1,20355757,400,400,,
0,0,1,20355758,400,400,,
0,0,1,20355759,400,400,,
0,0,1,20355760,400,400,,
0,0,1,20355761,400,400,,
0,0,1,20355762,400,400,,
0,0,1,20355763,400,400,,
0,0,1,20355764,400,400,,
0,0,1,20355765,400,400,,
0,0,1,20355766,400,400,,
0,0,1,20355767,400,400,,
0,0,1,20355768,400,400,,
0,0,1,20355769,400,400,,
0,0,1,20355770,400,400,,
0,0,1,20355771,400,400,,
0,0,1,20355772,400,400,,
0,0,1,20355773,400,400,,
0,0,1,20355774,400,400,,
0,0,1,20355775,400,400,,
0,0,1,20355776,400,400,,
0,0,1,20355777,400,400,,
0,0,1,20355778,400,400,,
0,0,1,20355779,400,400,,
0,0,1,20355780,400,400,,
0,0,1,20355781,400,400,,
0,0,1,20355782,400,400,,
0,0,1,20355783,400,400,,
0,0,1,20355784,400,400,,
0,0,1,20355785,400,400,,
0,0,1,20355786,400,400,,
0,0,1,20355787,400,400,,
0,0,1,20355788,400,400,,
0,0,1,20355789,400,400,,
0,0,1,20355790,400,400,,
0,0,1,20355791,400,400,,
0,0,1,20355792,400,400,,
0,0,1,20355793,400,400,,
0,0,1,20355794,400,400,,
0,0,1,20355795,400,400,,
0,0,1,20355796,400,400,,
0,0,1,20355797,400,400,,
0,0,1,20355798,400,400,,
0,0,1,20355799,400,400,,
0,0,1,20355800,400,400,,
0,0,1,20355801,400,400,,
0,0,1,20355802,400,400,,
0,0,1,20355803,400,400,,
0,0,1,20355804,400,400,,
0,0,1,20355805,400,400,,
0,0,1,20355806,400,400,,
0,0,1,20355807,400,400,,
0,0,1,20355808,400,400,,
0,0,1,20355809,400,400,,
0,0,1,20355810,400,400,,
0,0,1,20355811,400,400,,
0,0,1,20355812,400,400,,
0,0,1,20355813,400,400,,
0,0,1,20355814,400,400,,
0,0,1,20355815,400,400,,
0,0,1,20355816,400,400,,
0,0,1,20355817,400,400,,
0,0,1,20355818,400,400,,
0,0,1,20355819,400,400,,
0,0,1,20355820,400,400,,
0,0,1,20355821,400,400,,
0,0,1,20355822,400,400,,
0,0,1,20355823,400,400,,
0,0,1,20355824,400,400,,
0,0,1,20355825,400,400,,
0,0,1,20355826,400,400,,
0,0,1,20355827,400,400,,
0,0,1,20355828,400,400,,
0,0,1,20355829,400,400,,
0,0,1,20355830,400,400,,
0,0,1,20355831,400,400,,
0,0,1,20355832,400,400,,
0,0,1,20355833,400,400,,
0,0,1,20355834,400,400,,
0,0,1,20355835,400,400,,
0,0,1,20355836,400,400,,
0,0,1,20355837,400,400,,
0,0,1,20355838,400,400,,
0,0,1,20355839,400,400,,
0,0,1,20355840,400,400,,
0,0,1,20355841,400,400,,
0,0,1,20355842,400,400,,
0,0,1,20355843,400,400,,
0,0,1,20355844,400,400,,
0,0,1,20355845,400,400,,
0,0,1,20355846,400,400,,
0,0,1,20355847,400,400,,
0,0,1,20355848,400,400,,
0,0,1,20355849,400,400,,
0,0,1,20355850,400,400,,
0,0,1,20355851,400,400,,
0,0,1,20355852,400,400,,
0,0,1,20355853,400,400,,
0,0,1,20355854,400,400,,
0,0,1,20355855,400,400,,
0,0,1,20355856,400,400,,
0,0,1,20355857,400,400,,
0,0,1,20355858,400,400,,
0,0,1,20355859,400,400,,
0,0,1,20355860,400,400,,
0,0,1,20355861,400,400,,
0,0,1,20355862,400,400,,
0,0,1,20355863,400,400,,
0,0,1,20355864,400,400,,
0,0,1,20355865,400,400,,
0,0,1,20355866,400,400,,
0,0,1,20355867,400,400,,
0,0,1,20355868,400,400,,
0,0,1,20355869,400,400,,
0,0,1,20355870,400,400,,
0,0,1,20355871,400,400,,
0,0,1,20355872,400,400,,
0,0,1,20355873,400,400,,
0,0,1,20355874,400,400,,
0,0,1,20355875,400,400,,
0,0,1,20355876,400,400,,
0,0,1,20355877,400,400,,
0,0,1,20355878,400,400,,
0,0,1,20355879,400,400,,
0,0,1,20355880,400,400,,
0,0,1,20355881,400,400,,
0,0,1,20355882,400,400,,
0,0,1,20355883,400,400,,
0,0,1,20355884,400,400,,
0,0,1,20355885,400,400,,
0,0,1,20355886,400,400,,
0,0,1,20355887,400,400,,
0,0,1,20355888,400,400,,
0,0,1,20355889,400,400,,
0,0,1,20355890,400,400,,
0,0,1,20355891,400,400,,
0,0,1,20355892,400,400,,
0,0,1,20355893,400,400,,
0,0,1,20355894,400,400,,
0,0,1,20355895,400,400,,
0,0,1,20355896,400,400,,
0,0,1,20355897,400,400,,
0,0,1,20355898,400,400,,
0,0,1,20355899,400,400,,
0,0,1,20355900,400,400,,
0,0,1,20355901,400,400,,
0,0,1,20355902,400,400,,
0,0,1,20355903,400,400,,
0,0,1,20355904,400,400,,
0,0,1,20355905,400,400,,
0,0,1,20355906,400,400,,
0,0,1,20355907,400,400,,
0,0,1,20355908,400,400,,
0,0,1,20355909,400,400,,
0,0,1,20355910,400,400,,
0,0,1,20355911,400,400,,
0,0,1,20355912,400,400,,
0,0,1,20355913,400,400,,
0,0,1,20355914,400,400,,
0,0,1,20355915,400,400,,
0,0,1,20355916,400,400,,
0,0,1,20355917,400,400,,
0,0,1,20355918,400,400,,
0,0,1,20355919,400,400,,
0,0,1,20355920,400,400,,
0,0,1,20355921,400,400,,
0,0,1,20355922,400,400,,
0,0,1,20355923,400,400,,
0,0,1,20355924,400,400,,
0,0,1,20355925,400,400,,
0,0,1,20355926,400,400,,
0,0,1,20355927,400,400,,
0,0,1,20355928,400,400,,
0,0,1,20355929,400,400,,
0,0,1,20355930,400,400,,
0,0,1,20355931,400,400,,
0,0,1,20355932,400,400,,
0,0,1,20355933,400,400,,
0,0,1,20355934,400,400,,
0,0,1,20355935,400,400,,
0,0,1,20355936,400,400,,
0,0,1,20355937,400,400,,
0,0,1,20355938,400,400,,
0,0,1,20355939,400,400,,
0,0,1,20355940,400,400,,
0,0,1,20355941,400,400,,
0,0,1,20355942,400,400,,
0,0,1,20355943,400,400,,
0,0,1,20355944,400,400,,
0,0,1,20355945,400,400,,
0,0,1,20355946,400,400,,
0,0,1,20355947,400,400,,
0,0,1,20355948,400,400,,
0,0,1,20355949,400,400,,
0,0,1,20355950,400,400,,
0,0,1,20355951,400,400,,
0,0,1,20355952,400,400,,
0,0,1,20355953,400,400,,
0,0,1,20355954,400,400,,
0,0,1,20355955,400,400,,
0,0,1,20355956,400,400,,
0,0,1,20355957,400,400,,
0,0,1,20355958,400,400,,
0,0,1,20355959,400,400,,
0,0,1,20355960,400,400,,
0,0,1,20355961,400,400,,
0,0,1,20355962,400,400,,
0,0,1,20355963,400,400,,
0,0,1,20355964,400,400,,
0,0,1,20355965,400,400,,
0,0,1,20355966,400,400,,
0,0,1,20355967,400,400,,
0,0,1,20355968,400,400,,
0,0,1,20355969,400,400,,
0,0,1,20355970,400,400,,
0,0,1,20355971,400,400,,
0,0,1,20355972,400,400,,
0,0,1,20355973,400,400,,
0,0,1,20355974,400,400,,
0,0,1,20355975,400,400,,
0,0,1,20355976,400,400,,
0,0,1,20355977,400,400,,
0,0,1,20355978,400,400,,
0,0,1,20355979,400,400,,
0,0,1,20355980,400,400,,
0,0,1,20355981,400,400,,
0,0,1,20355982,400,400,,
0,0,1,20355983,400,400,,
0,0,1,20355984,400,400,,
0,0,1,20355985,400,400,,
0,0,1,20355986,400,400,,
0,0,1,20355987,400,400,,
0,0,1,20355988,400,400,,
0,0,1,20355989,400,400,,
0,0,1,20355990,400,400,,
0,0,1,20355991,400,400,,
0,0,1,20355992,400,400,,
0,0,1,20355993,400,400,,
0,0,1,20355994,400,400,,
0,0,1,20355995,400,400,,
0,0,1,20355996,400,400,,
0,0,1,20355997,400,400,,
0,0,1,20355998,400,400,,
0,0,1,20355999,400,400,,
0,0,1,20356000,400,400,,
0,0,1,20356001,400,400,,
0,0,1,20356002,400,400,,
0,0,1,20356003,400,400,,
0,0,1,20356004,400,400,,
0,0,1,20356005,400,400,,
0,0,1,20356006,400,400,,
0,0,1,20356007,400,400,,
0,0,1,20356008,400,400,,
0,0,1,20356009,400,400,,
0,0,1,20356010,400,400,,
0,0,1,20356011,400,400,,
0,0,1,20356012,400,400,,
0,0,1,20356013,400,400,,
0,0,1,20356014,400,400,,
0,0,1,20356015,400,400,,
0,0,1,20356016,400,400,,
0,0,1,20356017,400,400,,
0,0,1,20356018,400,400,,
0,0,1,20356019,400,400,,
0,0,1,20356020,400,400,,
0,0,1,20356021,400,400,,
0,0,1,20356022,400,400,,
0,0,1,20356023,400,400,,
0,0,1,20356024,400,400,,
0,0,1,20356025,400,400,,
0,0,1,20356026,400,400,,
0,0,1,20356027,400,400,,
0,0,1,20356028,400,400,,
0,0,1,20356029,400,400,,
0,0,1,20356030,400,400,,
0,0,1,20356031,400,400,,
0,0,1,20356032,400,400,,
0,0,1,20356033,400,400,,
0,0,1,20356034,400,400,,
0,0,1,20356035,400,400,,
0,0,1,20356036,400,400,,
0,0,1,20356037,400,400,,
0,0,1,20356038,400,400,,
0,0,1,20356039,400,400,,
0,0,1,20356040,400,400,,
0,0,1,20356041,400,400,,
0,0,1,20356042,400,400,,
0,0,1,20356043,400,400,,
0,0,1,20356044,400,400,,
0,0,1,20356045,400,400,,
0,0,1,20356046,400,400,,
0,0,1,20356047,400,400,,
0,0,1,20356048,400,400,,
0,0,1,20356049,400,400,,
0,0,1,20356050,400,400,,
0,0,1,20356051,400,400,,
0,0,1,20356052,400,400,,
0,0,1,20356053,400,400,,
0,0,1,20356054,400,400,,
0,0,1,20356055,400,400,,
0,0,1,20356056,400,400,,
0,0,1,20356057,400,400,,
0,0,1,20356058,400,400,,
0,0,1,20356059,400,400,,
0,0,1,20356060,400,400,,
0,0,1,20356061,400,400,,
0,0,1,20356062,400,400,,
0,0,1,20356063,400,400,,
0,0,1,20356064,400,400,,
0,0,1,20356065,400,400,,
0,0,1,20356066,400,400,,
0,0,1,20356067,400,400,,
0,0,1,20356068,400,400,,
0,0,1,20356069,400,400,,
0,0,1,20356070,400,400,,
0,0,1,20356071,400,400,,
0,0,1,20356072,400,400,,
0,0,1,20356073,400,400,,
0,0,1,20356074,400,400,,
0,0,1,20356075,400,400,,
0,0,1,20356076,400,400,,
0,0,1,20356077,400,400,,
0,0,1,20356078,400,400,,
0,0,1,20356079,400,400,,
0,0,1,20356080,400,400,,
0,0,1,20356081,400,400,,
0,0,1,20356082,400,400,,
0,0,1,20356083,400,400,,
0,0,1,20356084,400,400,,
0,0,1,20356085,400,400,,
0,0,1,20356086,400,400,,
0,0,1,20356087,400,400,,
0,0,1,20356088,400,400,,
0,0,1,20356089,400,400,,
0,0,1,20356090,400,400,,
0,0,1,20356091,400,400,,
0,0,1,20356092,400,400,,
0,0,1,20356093,400,400,,
0,0,1,20356094,400,400,,
0,0,1,20356095,400,400,,
0,0,1,20356096,400,400,,
0,0,1,20356097,400,400,,
0,0,1,20356098,400,400,,
0,0,1,20356099,400,400,,
0,0,1,20356100,400,400,,
0,0,1,20356101,400,400,,
0,0,1,20356102,400,400,,
0,0,1,20356103,400,400,,
0,0,1,20356104,400,400,,
0,0,1,20356105,400,400,,
0,0,1,20356106,400,400,,
0,0,1,20356107,400,400,,
0,0,1,20356108,400,400,,
0,0,1,20356109,400,400,,
0,0,1,20356110,400,400,,
0,0,1,20356111,400,400,,
0,0,1,20356112,400,400,,
0,0,1,20356113,400,400,,
0,0,1,20356114,400,400,,
0,0,1,20356115,400,400,,
0,0,1,20356116,400,400,,
0,0,1,20356117,400,400,,
0,0,1,20356118,400,400,,
0,0,1,20356119,400,400,,
0,0,1,20356120,400,400,,
0,0,1,20356121,400,400,,
0,0,1,20356122,400,400,,
0,0,1,20356123,400,400,,
0,0,1,20356124,400,400,,
0,0,1,20356125,400,400,,
0,0,1,20356126,400,400,,
0,0,1,20356127,400,400,,
0,0,1,20356128,400,400,,
0,0,1,20356129,400,400,,
0,0,1,20356130,400,400,,
0,0,1,20356131,400,400,,
0,0,1,20356132,400,400,,
0,0,1,20356133,400,400,,
0,0,1,20356134,400,400,,
0,0,1,20356135,400,400,,
0,0,1,20356136,400,400,,
0,0,1,20356137,400,400,,
0,0,1,20356138,400,400,,
0,0,1,20356139,400,400,,
0,0,1,20356140,400,400,,
0,0,1,20356141,400,400,,
0,0,1,20356142,400,400,,
0,0,1,20356143,400,400,,
0,0,1,20356144,400,400,,
0,0,1,20356145,400,400,,
0,0,1,20356146,400,400,,
0,0,1,20356147,400,400,,
0,0,1,20356148,400,400,,
0,0,1,20356149,400,400,,
0,0,1,20356150,400,400,,
0,0,1,20356151,400,400,,
0,0,1,20356152,400,400,,
0,0,1,20356153,400,400,,
0,0,1,20356154,400,400,,
0,0,1,20356155,400,400,,
0,0,1,20356156,400,400,,
0,0,1,20356157,400,400,,
0,0,1,20356158,400,400,,
0,0,1,20356159,400,400,,
0,0,1,20356160,400,400,,
0,0,1,20356161,400,400,,
0,0,1,20356162,400,400,,
0,0,1,20356163,400,400,,
0,0,1,20356164,400,400,,
0,0,1,20356165,400,400,,
0,0,1,20356166,400,400,,
0,0,1,20356167,400,400,,
0,0,1,20356168,400,400,,
0,0,1,20356169,400,400,,
0,0,1,20356170,400,400,,
0,0,1,20356171,400,400,,
0,0,1,20356172,400,400,,
0,0,1,20356173,400,400,,
0,0,1,20356174,400,400,,
0,0,1,20356175,400,400,,
0,0,1,20356176,400,400,,
0,0,1,20356177,400,400,,
0,0,1,20356178,400,400,,
0,0,1,20356179,400,400,,
0,0,1,20356180,400,400,,
0,0,1,20356181,400,400,,
0,0,1,20356182,400,400,,
0,0,1,20356183,400,400,,
0,0,1,20356184,400,400,,
0,0,1,20356185,400,400,,
0,0,1,20356186,400,400,,
0,0,1,20356187,400,400,,
0,0,1,20356188,400,400,,
0,0,1,20356189,400,400,,
0,0,1,20356190,400,400,,
0,0,1,20356191,400,400,,
0,0,1,20356192,400,400,,
0,0,1,20356193,400,400,,
0,0,1,20356194,400,400,,
0,0,1,20356195,400,400,,
0,0,1,20356196,400,400,,
0,0,1,20356197,400,400,,
0,0,1,20356198,400,400,,
0,0,1,20356199,400,400,,
0,0,1,20356200,400,400,,
0,0,1,20356201,400,400,,
0,0,1,20356202,400,400,,
0,0,1,20356203,400,400,,
0,0,1,20356204,400,400,,
0,0,1,20356205,400,400,,
0,0,1,20356206,400,400,,
0,0,1,20356207,400,400,,
0,0,1,20356208,400,400,,
0,0,1,20356209,400,400,,
0,0,1,20356210,400,400,,
0,0,1,20356211,400,400,,
0,0,1,20356212,400,400,,
0,0,1,20356213,400,400,,
0,0,1,20356214,400,400,,
0,0,1,20356215,400,400,,
0,0,1,20356216,400,400,,
0,0,1,20356217,400,400,,
0,0,1,20356218,400,400,,
0,0,1,20356219,400,400,,
0,0,1,20356220,400,400,,
0,0,1,20356221,400,400,,
0,0,1,20356222,400,400,,
0,0,1,20356223,400,400,,
0,0,1,20356224,400,400,,
0,0,1,20356225,400,400,,
0,0,1,20356226,400,400,,
0,0,1,20356227,400,400,,
0,0,1,20356228,400,400,,
0,0,1,20356229,400,400,,
0,0,1,20356230,400,400,,
0,0,1,20356231,400,400,,
0,0,1,20356232,400,400,,
0,0,1,20356233,400,400,,
0,0,1,20356234,400,400,,
0,0,1,20356235,400,400,,
0,0,1,20356236,400,400,,
0,0,1,20356237,400,400,,
0,0,1,20356238,400,400,,
0,0,1,20356239,400,400,,
0,0,1,20356240,400,400,,
0,0,1,20356241,400,400,,
0,0,1,20356242,400,400,,
0,0,1,20356243,400,400,,
0,0,1,20356244,400,400,,
0,0,1,20356245,400,400,,
0,0,1,20356246,400,400,,
0,0,1,20356247,400,400,,
0,0,1,20356248,400,400,,
0,0,1,20356249,400,400,,
0,0,1,20356250,400,400,,
0,0,1,20356251,400,400,,
0,0,1,20356252,400,400,,
0,0,1,20356253,400,400,,
0,0,1,20356254,400,400,,
0,0,1,20356255,400,400,,
0,0,1,20356256,400,400,,
0,0,1,20356257,400,400,,
0,0,1,20356258,400,400,,
0,0,1,20356259,400,400,,
0,0,1,20356260,400,400,,
0,0,1,20356261,400,400,,
0,0,1,20356262,400,400,,
0,0,1,20356263,400,400,,
0,0,1,20356264,400,400,,
0,0,1,20356265,400,400,,
0,0,1,20356266,400,400,,
0,0,1,20356267,400,400,,
0,0,1,20356268,400,400,,
0,0,1,20356269,400,400,,
0,0,1,20356270,400,400,,
0,0,1,20356271,400,400,,
0,0,1,20356272,400,400,,
0,0,1,20356273,400,400,,
0,0,1,20356274,400,400,,
0,0,1,20356275,400,400,,
0,0,1,20356276,400,400,,
0,0,1,20356277,400,400,,
0,0,1,20356278,400,400,,
0,0,1,20356279,400,400,,
0,0,1,20356280,400,400,,
0,0,1,20356281,400,400,,
0,0,1,20356282,400,400,,
0,0,1,20356283,400,400,,
0,0,1,20356284,400,400,,
0,0,1,20356285,400,400,,
0,0,1,20356286,400,400,,
0,0,1,20356287,400,400,,
0,0,1,20356288,400,400,,
0,0,1,20356289,400,400,,
0,0,1,20356290,400,400,,
0,0,1,20356291,400,400,,
0,0,1,20356292,400,400,,
0,0,1,20356293,400,400,,
0,0,1,20356294,400,400,,
0,0,1,20356295,400,400,,
0,0,1,20356296,400,400,,
0,0,1,20356297,400,400,,
0,0,1,20356298,400,400,,
0,0,1,20356299,400,400,,
0,0,1,20356300,400,400,,
0,0,1,20356301,400,400,,
0,0,1,20356302,400,400,,
0,0,1,20356303,400,400,,
0,0,1,20356304,400,400,,
0,0,1,20356305,400,400,,
0,0,1,20356306,400,400,,
0,0,1,20356307,400,400,,
0,0,1,20356308,400,400,,
0,0,1,20356309,400,400,,
0,0,1,20356310,400,400,,
0,0,1,20356311,400,400,,
0,0,1,20356312,400,400,,
0,0,1,20356313,400,400,,
0,0,1,20356314,400,400,,
0,0,1,20356315,400,400,,
0,0,1,20356316,400,400,,
0,0,1,20356317,400,400,,
0,0,1,20356318,400,400,,
0,0,1,20356319,400,400,,
0,0,1,20356320,400,400,,
0,0,1,20356321,400,400,,
0,0,1,20356322,400,400,,
0,0,1,20356323,400,400,,
0,0,1,20356324,400,400,,
0,0,1,20356325,400,400,,
0,0,1,20356326,400,400,,
0,0,1,20356327,400,400,,
0,0,1,20356328,400,400,,
0,0,1,20356329,400,400,,
0,0,1,20356330,400,400,,
0,0,1,20356331,400,400,,
0,0,1,20356332,400,400,,
0,0,1,20356333,400,400,,
0,0,1,20356334,400,400,,
0,0,1,20356335,400,400,,
0,0,1,20356336,400,400,,
0,0,1,20356337,400,400,,
0,0,1,20356338,400,400,,
0,0,1,20356339,400,400,,
0,0,1,20356340,400,400,,
0,0,1,20356341,400,400,,
0,0,1,20356342,400,400,,
0,0,1,20356343,400,400,,
0,0,1,20356344,400,400,,
0,0,1,20356345,400,400,,
0,0,1,20356346,400,400,,
0,0,1,20356347,400,400,,
0,0,1,20356348,400,400,,
0,0,1,20356349,400,400,,
0,0,1,20356350,400,400,,
0,0,1,20356351,400,400,,
0,0,1,20356352,400,400,,
0,0,1,20356353,400,400,,
0,0,1,20356354,400,400,,
0,0,1,20356355,400,400,,
0,0,1,20356356,400,400,,
0,0,1,20356357,400,400,,
0,0,1,20356358,400,400,,
0,0,1,20356359,400,400,,
0,0,1,20356360,400,400,,
0,0,1,20356361,400,400,,
0,0,1,20356362,400,400,,
0,0,1,20356363,400,400,,
0,0,1,20356364,400,400,,
0,0,1,20356365,400,400,,
0,0,1,20356366,400,400,,
0,0,1,20356367,400,400,,
0,0,1,20356368,400,400,,
0,0,1,20356369,400,400,,
0,0,1,20356370,400,400,,
0,0,1,20356371,400,400,,
0,0,1,20356372,400,400,,
0,0,1,20356373,400,400,,
0,0,1,20356374,400,400,,
0,0,1,20356375,400,400,,
0,0,1,20356376,400,400,,
0,0,1,20356377,400,400,,
0,0,1,20356378,400,400,,
0,0,1,20356379,400,400,,
0,0,1,20356380,400,400,,
0,0,1,20356381,400,400,,
0,0,1,20356382,400,400,,
0,0,1,20356383,400,400,,
0,0,1,20356384,400,400,,
0,0,1,20356385,400,400,,
0,0,1,20356386,400,400,,
0,0,1,20356387,400,400,,
0,0,1,20356388,400,400,,
0,0,1,20356389,400,400,,
0,0,1,20356390,400,400,,
0,0,1,20356391,400,400,,
0,0,1,20356392,400,400,,
0,0,1,20356393,400,400,,
0,0,1,20356394,400,400,,
0,0,1,20356395,400,400,,
0,0,1,20356396,400,400,,
0,0,1,20356397,400,400,,
0,0,1,20356398,400,400,,
0,0,1,20356399,400,400,,
0,0,1,20356400,400,400,,
0,0,1,20356401,400,400,,
0,0,1,20356402,400,400,,
0,0,1,20356403,400,400,,
0,0,1,20356404,400,400,,
0,0,1,20356405,400,400,,
0,0,1,20356406,400,400,,
0,0,1,20356407,400,400,,
0,0,1,20356408,400,400,,
0,0,1,20356409,400,400,,
0,0,1,20356410,400,400,,
0,0,1,20356411,400,400,,
0,0,1,20356412,400,400,,
0,0,1,20356413,400,400,,
0,0,1,20356414,400,400,,
0,0,1,20356415,400,400,,
0,0,1,20356416,400,400,,
0,0,1,20356417,400,400,,
0,0,1,20356418,400,400,,
0,0,1,20356419,400,400,,
0,0,1,20356420,400,400,,
0,0,1,20356421,400,400,,
0,0,1,20356422,400,400,,
0,0,1,20356423,400,400,,
0,0,1,20356424,400,400,,
0,0,1,20356425,400,400,,
0,0,1,20356426,400,400,,
0,0,1,20356427,400,400,,
0,0,1,20356428,400,400,,
0,0,1,20356429,400,400,,
0,0,1,20356430,400,400,,
0,0,1,20356431,400,400,,
0,0,1,20356432,400,400,,
0,0,1,20356433,400,400,,
0,0,1,20356434,400,400,,
0,0,1,20356435,400,400,,
0,0,1,20356436,400,400,,
0,0,1,20356437,400,400,,
0,0,1,20356438,400,400,,
0,0,1,20356439,400,400,,
0,0,1,20356440,400,400,,
0,0,1,20356441,400,400,,
0,0,1,20356442,400,400,,
0,0,1,20356443,400,400,,
0,0,1,20356444,400,400,,
0,0,1,20356445,400,400,,
0,0,1,20356446,400,400,,
0,0,1,20356447,400,400,,
0,0,1,20356448,400,400,,
0,0,1,20356449,400,400,,
0,0,1,20356450,400,400,,
0,0,1,20356451,400,400,,
0,0,1,20356452,400,400,,
0,0,1,20356453,400,400,,
0,0,1,20356454,400,400,,
0,0,1,20356455,400,400,,
0,0,1,20356456,400,400,,
0,0,1,20356457,400,400,,
0,0,1,20356458,400,400,,
0,0,1,20356459,400,400,,
0,0,1,20356460,400,400,,
0,0,1,20356461,400,400,,
0,0,1,20356462,400,400,,
0,0,1,20356463,400,400,,
0,0,1,20356464,400,400,,
0,0,1,20356465,400,400,,
0,0,1,20356466,400,400,,
0,0,1,20356467,400,400,,
0,0,1,20356468,400,400,,
0,0,1,20356469,400,400,,
0,0,1,20356470,400,400,,
0,0,1,20356471,400,400,,
0,0,1,20356472,400,400,,
0,0,1,20356473,400,400,,
0,0,1,20356474,400,400,,
0,0,1,20356475,400,400,,
0,0,1,20356476,400,400,,
0,0,1,20356477,400,400,,
0,0,1,20356478,400,400,,
0,0,1,20356479,400,400,,
0,0,1,20356480,400,400,,
0,0,1,20356481,400,400,,
0,0,1,20356482,400,400,,
0,0,1,20356483,400,400,,
0,0,1,20356484,400,400,,
0,0,1,20356485,400,400,,
0,0,1,20356486,400,400,,
0,0,1,20356487,400,400,,
0,0,1,20356488,400,400,,
0,0,1,20356489,400,400,,
0,0,1,20356490,400,400,,
0,0,1,20356491,400,400,,
0,0,1,20356492,400,400,,
0,0,1,20356493,400,400,,
0,0,1,20356494,400,400,,
0,0,1,20356495,400,400,,
0,0,1,20356496,400,400,,
0,0,1,20356497,400,400,,
0,0,1,20356498,400,400,,
0,0,1,20356499,400,400,,
0,0,1,20356500,400,400,,
0,0,1,20356501,400,400,,
0,0,1,20356502,400,400,,
0,0,1,20356503,400,400,,
0,0,1,20356504,400,400,,
0,0,1,20356505,400,400,,
0,0,1,20356506,400,400,,
0,0,1,20356507,400,400,,
0,0,1,20356508,400,400,,
0,0,1,20356509,400,400,,
0,0,1,20356510,400,400,,
0,0,1,20356511,400,400,,
0,0,1,20356512,400,400,,
0,0,1,20356513,400,400,,
0,0,1,20356514,400,400,,
0,0,1,20356515,400,400,,
0,0,1,20356516,400,400,,
0,0,1,20356517,400,400,,
0,0,1,20356518,400,400,,
0,0,1,20356519,400,400,,
0,0,1,20356520,400,400,,
0,0,1,20356521,400,400,,
0,0,1,20356522,400,400,,
0,0,1,20356523,400,400,,
0,0,1,20356524,400,400,,
0,0,1,20356525,400,400,,
0,0,1,20356526,400,400,,
0,0,1,20356527,400,400,,
0,0,1,20356528,400,400,,
0,0,1,20356529,400,400,,
0,0,1,20356530,400,400,,
0,0,1,20356531,400,400,,
0,0,1,20356532,400,400,,
0,0,1,20356533,400,400,,
0,0,1,20356534,400,400,,
0,0,1,20356535,400,400,,
0,0,1,20356536,400,400,,
0,0,1,20356537,400,400,,
0,0,1,20356538,400,400,,
0,0,1,20356539,400,400,,
0,0,1,20356540,400,400,,
0,0,1,20356541,400,400,,
0,0,1,20356542,400,400,,
0,0,1,20356543,400,400,,
0,0,1,20356544,400,400,,
0,0,1,20356545,400,400,,
0,0,1,20356546,400,400,,
0,0,1,20356547,400,400,,
0,0,1,20356548,400,400,,
0,0,1,20356549,400,400,,
0,0,1,20356550,400,400,,
0,0,1,20356551,400,400,,
0,0,1,20356552,400,400,,
0,0,1,20356553,400,400,,
0,0,1,20356554,400,400,,
0,0,1,20356555,400,400,,
0,0,1,20356556,400,400,,
0,0,1,20356557,400,400,,
0,0,1,20356558,400,400,,
0,0,1,20356559,400,400,,
0,0,1,20356560,400,400,,
0,0,1,20356561,400,400,,
0,0,1,20356562,400,400,,
0,0,1,20356563,400,400,,
0,0,1,20356564,400,400,,
0,0,1,20356565,400,400,,
0,0,1,20356566,400,400,,
0,0,1,20356567,400,400,,
0,0,1,20356568,400,400,,
0,0,1,20356569,400,400,,
0,0,1,20356570,400,400,,
0,0,1,20356571,400,400,,
0,0,1,20356572,400,400,,
0,0,1,20356573,400,400,,
0,0,1,20356574,400,400,,
0,0,1,20356575,400,400,,
0,0,1,20356576,400,400,,
0,0,1,20356577,400,400,,
0,0,1,20356578,400,400,,
0,0,1,20356579,400,400,,
0,0,1,20356580,400,400,,
0,0,1,20356581,400,400,,
0,0,1,20356582,400,400,,
0,0,1,20356583,400,400,,
0,0,1,20356584,400,400,,
0,0,1,20356585,400,400,,
0,0,1,20356586,400,400,,
0,0,1,20356587,400,400,,
0,0,1,20356588,400,400,,
0,0,1,20356589,400,400,,
0,0,1,20356590,400,400,,
0,0,1,20356591,400,400,,
0,0,1,20356592,400,400,,
0,0,1,20356593,400,400,,
0,0,1,20356594,400,400,,
0,0,1,20356595,400,400,,
0,0,1,20356596,400,400,,
0,0,1,20356597,400,400,,
0,0,1,20356598,400,400,,
0,0,1,20356599,400,400,,
0,0,1,20356600,400,400,,
0,0,1,20356601,400,400,,
0,0,1,20356602,400,400,,
0,0,1,20356603,400,400,,
0,0,1,20356604,400,400,,
0,0,1,20356605,400,400,,
0,0,1,20356606,400,400,,
0,0,1,20356607,400,400,,
0,0,1,20356608,400,400,,
0,0,1,20356609,400,400,,
0,0,1,20356610,400,400,,
0,0,1,20356611,400,400,,
0,0,1,20356612,400,400,,
0,0,1,20356613,400,400,,
0,0,1,20356614,400,400,,
0,0,1,20356615,400,400,,
0,0,1,20356616,400,400,,
0,0,1,20356617,400,400,,
0,0,1,20356618,400,400,,
0,0,1,20356619,400,400,,
0,0,1,20356620,400,400,,
0,0,1,20356621,400,400,,
0,0,1,20356622,400,400,,
0,0,1,20356623,400,400,,
0,0,1,20356624,400,400,,
0,0,1,20356625,400,400,,
0,0,1,20356626,400,400,,
0,0,1,20356627,400,400,,
0,0,1,20356628,400,400,,
0,0,1,20356629,400,400,,
0,0,1,20356630,400,400,,
0,0,1,20356631,400,400,,
0,0,1,20356632,400,400,,
0,0,1,20356633,400,400,,
0,0,1,20356634,400,400,,
0,0,1,20356635,400,400,,
0,0,1,20356636,400,400,,
0,0,1,20356637,400,400,,
0,0,1,20356638,400,400,,
0,0,1,20356639,400,400,,
0,0,1,20356640,400,400,,
0,0,1,20356641,400,400,,
0,0,1,20356642,400,400,,
0,0,1,20356643,400,400,,
0,0,1,20356644,400,400,,
0,0,1,20356645,400,400,,
0,0,1,20356646,400,400,,
0,0,1,20356647,400,400,,
0,0,1,20356648,400,400,,
0,0,1,20356649,400,400,,
0,0,1,20356650,400,400,,
0,0,1,20356651,400,400,,
0,0,1,20356652,400,400,,
0,0,1,20356653,400,400,,
0,0,1,20356654,400,400,,
0,0,1,20356655,400,400,,
0,0,1,20356656,400,400,,
0,0,1,20356657,400,400,,
0,0,1,20356658,400,400,,
0,0,1,20356659,400,400,,
0,0,1,20356660,400,400,,
0,0,1,20356661,400,400,,
0,0,1,20356662,400,400,,
0,0,1,20356663,400,400,,
0,0,1,20356664,400,400,,
0,0,1,20356665,400,400,,
0,0,1,20356666,400,400,,
0,0,1,20356667,400,400,,
0,0,1,20356668,400,400,,
0,0,1,20356669,400,400,,
0,0,1,20356670,400,400,,
0,0,1,20356671,400,400,,
0,0,1,20356672,400,400,,
0,0,1,20356673,400,400,,
0,0,1,20356674,400,400,,
0,0,1,20356675,400,400,,
0,0,1,20356676,400,400,,
0,0,1,20356677,400,400,,
0,0,1,20356678,400,400,,
0,0,1,20356679,400,400,,
0,0,1,20356680,400,400,,
0,0,1,20356681,400,400,,
0,0,1,20356682,400,400,,
0,0,1,20356683,400,400,,
0,0,1,20356684,400,400,,
0,0,1,20356685,400,400,,
0,0,1,20356686,400,400,,
0,0,1,20356687,400,400,,
0,0,1,20356688,400,400,,
0,0,1,20356689,400,400,,
0,0,1,20356690,400,400,,
0,0,1,20356691,400,400,,
0,0,1,20356692,400,400,,
0,0,1,20356693,400,400,,
0,0,1,20356694,400,400,,
0,0,1,20356695,400,400,,
0,0,1,20356696,400,400,,
0,0,1,20356697,400,400,,
0,0,1,20356698,400,400,,
0,0,1,20356699,400,400,,
0,0,1,20356700,400,400,,
0,0,1,20356701,400,400,,
0,0,1,20356702,400,400,,
0,0,1,20356703,400,400,,
0,0,1,20356704,400,400,,
0,0,1,20356705,400,400,,
0,0,1,20356706,400,400,,
0,0,1,20356707,400,400,,
0,0,1,20356708,400,400,,
0,0,1,20356709,400,400,,
0,0,1,20356710,400,400,,
0,0,1,20356711,400,400,,
0,0,1,20356712,400,400,,
0,0,1,20356713,400,400,,
0,0,1,20356714,400,400,,
0,0,1,20356715,400,400,,
0,0,1,20356716,400,400,,
0,0,1,20356717,400,400,,
0,0,1,20356718,400,400,,
0,0,1,20356719,400,400,,
0,0,1,20356720,400,400,,
0,0,1,20356721,400,400,,
0,0,1,20356722,400,400,,
0,0,1,20356723,400,400,,
0,0,1,20356724,400,400,,
0,0,1,20356725,400,400,,
0,0,1,20356726,400,400,,
0,0,1,20356727,400,400,,
0,0,1,20356728,400,400,,
0,0,1,20356729,400,400,,
0,0,1,20356730,400,400,,
0,0,1,20356731,400,400,,
0,0,1,20356732,400,400,,
0,0,1,20356733,400,400,,
0,0,1,20356734,400,400,,
0,0,1,20356735,400,400,,
0,0,1,20356736,400,400,,
0,0,1,20356737,400,400,,
0,0,1,20356738,400,400,,
0,0,1,20356739,400,400,,
0,0,1,20356740,400,400,,
0,0,1,20356741,400,400,,
0,0,1,20356742,400,400,,
0,0,1,20356743,400,400,,
0,0,1,20356744,400,400,,
0,0,1,20356745,400,400,,
0,0,1,20356746,400,400,,
0,0,1,20356747,400,400,,
0,0,1,20356748,400,400,,
0,0,1,20356749,400,400,,
0,0,1,20356750,400,400,,
0,0,1,20356751,400,400,,
0,0,1,20356752,400,400,,
0,0,1,20356753,400,400,,
0,0,1,20356754,400,400,,
0,0,1,20356755,400,400,,
0,0,1,20356756,400,400,,
0,0,1,20356757,400,400,,
0,0,1,20356758,400,400,,
0,0,1,20356759,400,400,,
0,0,1,20356760,400,400,,
0,0,1,20356761,400,400,,
0,0,1,20356762,400,400,,
0,0,1,20356763,400,400,,
0,0,1,20356764,400,400,,
0,0,1,20356765,400,400,,
0,0,1,20356766,400,400,,
0,0,1,20356767,400,400,,
0,0,1,20356768,400,400,,
0,0,1,20356769,400,400,,
0,0,1,20356770,400,400,,
0,0,1,20356771,400,400,,
0,0,1,20356772,400,400,,
0,0,1,20356773,400,400,,
0,0,1,20356774,400,400,,
0,0,1,20356775,400,400,,
0,0,1,20356776,400,400,,
0,0,1,20356777,400,400,,
0,0,1,20356778,400,400,,
0,0,1,20356779,400,400,,
0,0,1,20356780,400,400,,
0,0,1,20356781,400,400,,
0,0,1,20356782,400,400,,
0,0,1,20356783,400,400,,
0,0,1,20356784,400,400,,
0,0,1,20356785,400,400,,
0,0,1,20356786,400,400,,
0,0,1,20356787,400,400,,
0,0,1,20356788,400,400,,
0,0,1,20356789,400,400,,
0,0,1,20356790,400,400,,
0,0,1,20356791,400,400,,
0,0,1,20356792,400,400,,
0,0,1,20356793,400,400,,
0,0,1,20356794,400,400,,
0,0,1,20356795,400,400,,
0,0,1,20356796,400,400,,
0,0,1,20356797,400,400,,
0,0,1,20356798,400,400,,
0,0,1,20356799,400,400,,
0,0,1,20356800,400,400,,
0,0,1,20356801,400,400,,
0,0,1,20356802,400,400,,
0,0,1,20356803,400,400,,
0,0,1,20356804,400,400,,
0,0,1,20356805,400,400,,
0,0,1,20356806,400,400,,
0,0,1,20356807,400,400,,
0,0,1,20356808,400,400,,
0,0,1,20356809,400,400,,
0,0,1,20356810,400,400,,
0,0,1,20356811,400,400,,
0,0,1,20356812,400,400,,
0,0,1,20356813,400,400,,
0,0,1,20356814,400,400,,
0,0,1,20356815,400,400,,
0,0,1,20356816,400,400,,
0,0,1,20356817,400,400,,
0,0,1,20356818,400,400,,
0,0,1,20356819,400,400,,
0,0,1,20356820,400,400,,
0,0,1,20356821,400,400,,
0,0,1,20356822,400,400,,
0,0,1,20356823,400,400,,
0,0,1,20356824,400,400,,
0,0,1,20356825,400,400,,
0,0,1,20356826,400,400,,
0,0,1,20356827,400,400,,
0,0,1,20356828,400,400,,
0,0,1,20356829,400,400,,
0,0,1,20356830,400,400,,
0,0,1,20356831,400,400,,
0,0,1,20356832,400,400,,
0,0,1,20356833,400,400,,
0,0,1,20356834,400,400,,
0,0,1,20356835,400,400,,
0,0,1,20356836,400,400,,
0,0,1,20356837,400,400,,
0,0,1,20356838,400,400,,
0,0,1,20356839,400,400,,
0,0,1,20356840,400,400,,
0,0,1,20356841,400,400,,
0,0,1,20356842,400,400,,
0,0,1,20356843,400,400,,
0,0,1,20356844,400,400,,
0,0,1,20356845,400,400,,
0,0,1,20356846,400,400,,
0,0,1,20356847,400,400,,
0,0,1,20356848,400,400,,
0,0,1,20356849,400,400,,
0,0,1,20356850,400,400,,
0,0,1,20356851,400,400,,
0,0,1,20356852,400,400,,
0,0,1,20356853,400,400,,
0,0,1,20356854,400,400,,
0,0,1,20356855,400,400,,
0,0,1,20356856,400,400,,
0,0,1,20356857,400,400,,
0,0,1,20356858,400,400,,
0,0,1,20356859,400,400,,
0,0,1,20356860,400,400,,
0,0,1,20356861,400,400,,
0,0,1,20356862,400,400,,
0,0,1,20356863,400,400,,
0,0,1,20356864,400,400,,
0,0,1,20356865,400,400,,
0,0,1,20356866,400,400,,
0,0,1,20356867,400,400,,
0,0,1,20356868,400,400,,
0,0,1,20356869,400,400,,
0,0,1,20356870,400,400,,
0,0,1,20356871,400,400,,
0,0,1,20356872,400,400,,
0,0,1,20356873,400,400,,
0,0,1,20356874,400,400,,
0,0,1,20356875,400,400,,
0,0,1,20356876,400,400,,
0,0,1,20356877,400,400,,
0,0,1,20356878,400,400,,
0,0,1,20356879,400,400,,
0,0,1,20356880,400,400,,
0,0,1,20356881,400,400,,
0,0,1,20356882,400,400,,
0,0,1,20356883,400,400,,
0,0,1,20356884,400,400,,
0,0,1,20356885,400,400,,
0,0,1,20356886,400,400,,
0,0,1,20356887,400,400,,
0,0,1,20356888,400,400,,
0,0,1,20356889,400,400,,
0,0,1,20356890,400,400,,
0,0,1,20356891,400,400,,
0,0,1,20356892,400,400,,
0,0,1,20356893,400,400,,
0,0,1,20356894,400,400,,
0,0,1,20356895,400,400,,
0,0,1,20356896,400,400,,
0,0,1,20356897,400,400,,
0,0,1,20356898,400,400,,
0,0,1,20356899,400,400,,
0,0,1,20356900,400,400,,
0,0,1,20356901,400,400,,
0,0,1,20356902,400,400,,
0,0,1,20356903,400,400,,
0,0,1,20356904,400,400,,
0,0,1,20356905,400,400,,
0,0,1,20356906,400,400,,
0,0,1,20356907,400,400,,
0,0,1,20356908,400,400,,
0,0,1,20356909,400,400,,
0,0,1,20356910,400,400,,
0,0,1,20356911,400,400,,
0,0,1,20356912,400,400,,
0,0,1,20356913,400,400,,
0,0,1,20356914,400,400,,
0,0,1,20356915,400,400,,
0,0,1,20356916,400,400,,
0,0,1,20356917,400,400,,
0,0,1,20356918,400,400,,
0,0,1,20356919,400,400,,
0,0,1,20356920,400,400,,
0,0,1,20356921,400,400,,
0,0,1,20356922,400,400,,
0,0,1,20356923,400,400,,
0,0,1,20356924,400,400,,
0,0,1,20356925,400,400,,
0,0,1,20356926,400,400,,
0,0,1,20356927,400,400,,
0,0,1,20356928,400,400,,
0,0,1,20356929,400,400,,
0,0,1,20356930,400,400,,
0,0,1,20356931,400,400,,
0,0,1,20356932,400,400,,
0,0,1,20356933,400,400,,
0,0,1,20356934,400,400,,
0,0,1,20356935,400,400,,
0,0,1,20356936,400,400,,
0,0,1,20356937,400,400,,
0,0,1,20356938,400,400,,
0,0,1,20356939,400,400,,
0,0,1,20356940,400,400,,
0,0,1,20356941,400,400,,
0,0,1,20356942,400,400,,
0,0,1,20356943,400,400,,
0,0,1,20356944,400,400,,
0,0,1,20356945,400,400,,
0,0,1,20356946,400,400,,
0,0,1,20356947,400,400,,
0,0,1,20356948,400,400,,
0,0,1,20356949,400,400,,
0,0,1,20356950,400,400,,
0,0,1,20356951,400,400,,
0,0,1,20356952,400,400,,
0,0,1,20356953,400,400,,
0,0,1,20356954,400,400,,
0,0,1,20356955,400,400,,
0,0,1,20356956,400,400,,
0,0,1,20356957,400,400,,
0,0,1,20356958,400,400,,
0,0,1,20356959,400,400,,
0,0,1,20356960,400,400,,
0,0,1,20356961,400,400,,
0,0,1,20356962,400,400,,
0,0,1,20356963,400,400,,
0,0,1,20356964,400,400,,
0,0,1,20356965,400,400,,
0,0,1,20356966,400,400,,
0,0,1,20356967,400,400,,
0,0,1,20356968,400,400,,
0,0,1,20356969,400,400,,
0,0,1,20356970,400,400,,
0,0,1,20356971,400,400,,
0,0,1,20356972,400,400,,
0,0,1,20356973,400,400,,
0,0,1,20356974,400,400,,
0,0,1,20356975,400,400,,
0,0,1,20356976,400,400,,
0,0,1,20356977,400,400,,
0,0,1,20356978,400,400,,
0,0,1,20356979,400,400,,
0,0,1,20356980,400,400,,
0,0,1,20356981,400,400,,
0,0,1,20356982,400,400,,
0,0,1,20356983,400,400,,
0,0,1,20356984,400,400,,
0,0,1,20356985,400,400,,
0,0,1,20356986,400,400,,
0,0,1,20356987,400,400,,
0,0,1,20356988,400,400,,
0,0,1,20356989,400,400,,
0,0,1,20356990,400,400,,
0,0,1,20356991,400,400,,
0,0,1,20356992,400,400,,
0,0,1,20356993,400,400,,
0,0,1,20356994,400,400,,
0,0,1,20356995,400,400,,
0,0,1,20356996,400,400,,
0,0,1,20356997,400,400,,
0,0,1,20356998,400,400,,
0,0,1,20356999,400,400,,
0,0,1,20357000,400,400,,
0,0,1,20357001,400,400,,
0,0,1,20357002,400,400,,
0,0,1,20357003,400,400,,
0,0,1,20357004,400,400,,
0,0,1,20357005,400,400,,
0,0,1,20357006,400,400,,
0,0,1,20357007,400,400,,
0,0,1,20357008,400,400,,
0,0,1,20357009,400,400,,
0,0,1,20357010,400,400,,
0,0,1,20357011,400,400,,
0,0,1,20357012,400,400,,
0,0,1,20357013,400,400,,
0,0,1,20357014,400,400,,
0,0,1,20357015,400,400,,
0,0,1,20357016,400,400,,
0,0,1,20357017,400,400,,
0,0,1,20357018,400,400,,
0,0,1,20357019,400,400,,
0,0,1,20357020,400,400,,
0,0,1,20357021,400,400,,
0,0,1,20357022,400,400,,
0,0,1,20357023,400,400,,
0,0,1,20357024,400,400,,
0,0,1,20357025,400,400,,
0,0,1,20357026,400,400,,
0,0,1,20357027,400,400,,
0,0,1,20357028,400,400,,
0,0,1,20357029,400,400,,
0,0,1,20357030,400,400,,
0,0,1,20357031,400,400,,
0,0,1,20357032,400,400,,
0,0,1,20357033,400,400,,
0,0,1,20357034,400,400,,
0,0,1,20357035,400,400,,
0,0,1,20357036,400,400,,
0,0,1,20357037,400,400,,
0,0,1,20357038,400,400,,
0,0,1,20357039,400,400,,
0,0,1,20357040,400,400,,
0,0,1,20357041,400,400,,
0,0,1,20357042,400,400,,
0,0,1,20357043,400,400,,
0,0,1,20357044,400,400,,
0,0,1,20357045,400,400,,
0,0,1,20357046,400,400,,
0,0,1,20357047,400,400,,
0,0,1,20357048,400,400,,
0,0,1,20357049,400,400,,
0,0,1,20357050,400,400,,
0,0,1,20357051,400,400,,
0,0,1,20357052,400,400,,
0,0,1,20357053,400,400,,
0,0,1,20357054,400,400,,
0,0,1,20357055,400,400,,
0,0,1,20357056,400,400,,
0,0,1,20357057,400,400,,
0,0,1,20357058,400,400,,
0,0,1,20357059,400,400,,
0,0,1,20357060,400,400,,
0,0,1,20357061,400,400,,
0,0,1,20357062,400,400,,
0,0,1,20357063,400,400,,
0,0,1,20357064,400,400,,
0,0,1,20357065,400,400,,
0,0,1,20357066,400,400,,
0,0,1,20357067,400,400,,
0,0,1,20357068,400,400,,
0,0,1,20357069,400,400,,
0,0,1,20357070,400,400,,
0,0,1,20357071,400,400,,
0,0,1,20357072,400,400,,
0,0,1,20357073,400,400,,
0,0,1,20357074,400,400,,
0,0,1,20357075,400,400,,
0,0,1,20357076,400,400,,
0,0,1,20357077,400,400,,
0,0,1,20357078,400,400,,
0,0,1,20357079,400,400,,
0,0,1,20357080,400,400,,
0,0,1,20357081,400,400,,
0,0,1,20357082,400,400,,
0,0,1,20357083,400,400,,
0,0,1,20357084,400,400,,
0,0,1,20357085,400,400,,
0,0,1,20357086,400,400,,
0,0,1,20357087,400,400,,
0,0,1,20357088,400,400,,
0,0,1,20357089,400,400,,
0,0,1,20357090,400,400,,
0,0,1,20357091,400,400,,
0,0,1,20357092,400,400,,
0,0,1,20357093,400,400,,
0,0,1,20357094,400,400,,
0,0,1,20357095,400,400,,
0,0,1,20357096,400,400,,
0,0,1,20357097,400,400,,
0,0,1,20357098,400,400,,
0,0,1,20357099,400,400,,
0,0,1,20357100,400,400,,
0,0,1,20357101,400,400,,
0,0,1,20357102,400,400,,
0,0,1,20357103,400,400,,
0,0,1,20357104,400,400,,
0,0,1,20357105,400,400,,
0,0,1,20357106,400,400,,
0,0,1,20357107,400,400,,
0,0,1,20357108,400,400,,
0,0,1,20357109,400,400,,
0,0,1,20357110,400,400,,
0,0,1,20357111,400,400,,
0,0,1,20357112,400,400,,
0,0,1,20357113,400,400,,
0,0,1,20357114,400,400,,
0,0,1,20357115,400,400,,
0,0,1,20357116,400,400,,
0,0,1,20357117,400,400,,
0,0,1,20357118,400,400,,
0,0,1,20357119,400,400,,
0,0,1,20357120,400,400,,
0,0,1,20357121,400,400,,
0,0,1,20357122,400,400,,
0,0,1,20357123,400,400,,
0,0,1,20357124,400,400,,
0,0,1,20357125,400,400,,
0,0,1,20357126,400,400,,
0,0,1,20357127,400,400,,
0,0,1,20357128,400,400,,
0,0,1,20357129,400,400,,
0,0,1,20357130,400,400,,
0,0,1,20357131,400,400,,
0,0,1,20357132,400,400,,
0,0,1,20357133,400,400,,
0,0,1,20357134,400,400,,
0,0,1,20357135,400,400,,
0,0,1,20357136,400,400,,
0,0,1,20357137,400,400,,
0,0,1,20357138,400,400,,
0,0,1,20357139,400,400,,
0,0,1,20357140,400,400,,
0,0,1,20357141,400,400,,
0,0,1,20357142,400,400,,
0,0,1,20357143,400,400,,
0,0,1,20357144,400,400,,
0,0,1,20357145,400,400,,
0,0,1,20357146,400,400,,
0,0,1,20357147,400,400,,
0,0,1,20357148,400,400,,
0,0,1,20357149,400,400,,
0,0,1,20357150,400,400,,
0,0,1,20357151,400,400,,
0,0,1,20357152,400,400,,
0,0,1,20357153,400,400,,
0,0,1,20357154,400,400,,
0,0,1,20357155,400,400,,
0,0,1,20357156,400,400,,
0,0,1,20357157,400,400,,
0,0,1,20357158,400,400,,
0,0,1,20357159,400,400,,
0,0,1,20357160,400,400,,
0,0,1,20357161,400,400,,
0,0,1,20357162,400,400,,
0,0,1,20357163,400,400,,
0,0,1,20357164,400,400,,
0,0,1,20357165,400,400,,
0,0,1,20357166,400,400,,
0,0,1,20357167,400,400,,
0,0,1,20357168,400,400,,
0,0,1,20357169,400,400,,
0,0,1,20357170,400,400,,
0,0,1,20357171,400,400,,
0,0,1,20357172,400,400,,
0,0,1,20357173,400,400,,
0,0,1,20357174,400,400,,
0,0,1,20357175,400,400,,
0,0,1,20357176,400,400,,
0,0,1,20357177,400,400,,
0,0,1,20357178,400,400,,
0,0,1,20357179,400,400,,
0,0,1,20357180,400,400,,
0,0,1,20357181,400,400,,
0,0,1,20357182,400,400,,
0,0,1,20357183,400,400,,
0,0,1,20357184,400,400,,
0,0,1,20357185,400,400,,
0,0,1,20357186,400,400,,
0,0,1,20357187,400,400,,
0,0,1,20357188,400,400,,
0,0,1,20357189,400,400,,
0,0,1,20357190,400,400,,
0,0,1,20357191,400,400,,
0,0,1,20357192,400,400,,
0,0,1,20357193,400,400,,
0,0,1,20357194,400,400,,
0,0,1,20357195,400,400,,
0,0,1,20357196,400,400,,
0,0,1,20357197,400,400,,
0,0,1,20357198,400,400,,
0,0,1,20357199,400,400,,
0,0,1,20357200,400,400,,
0,0,1,20357201,400,400,,
0,0,1,20357202,400,400,,
0,0,1,20357203,400,400,,
0,0,1,20357204,400,400,,
0,0,1,20357205,400,400,,
0,0,1,20357206,400,400,,
0,0,1,20357207,400,400,,
0,0,1,20357208,400,400,,
0,0,1,20357209,400,400,,
0,0,1,20357210,400,400,,
0,0,1,20357211,400,400,,
0,0,1,20357212,400,400,,
0,0,1,20357213,400,400,,
0,0,1,20357214,400,400,,
0,0,1,20357215,400,400,,
0,0,1,20357216,400,400,,
0,0,1,20357217,400,400,,
0,0,1,20357218,400,400,,
0,0,1,20357219,400,400,,
0,0,1,20357220,400,400,,
0,0,1,20357221,400,400,,
0,0,1,20357222,400,400,,
0,0,1,20357223,400,400,,
0,0,1,20357224,400,400,,
0,0,1,20357225,400,400,,
0,0,1,20357226,400,400,,
0,0,1,20357227,400,400,,
0,0,1,20357228,400,400,,
0,0,1,20357229,400,400,,
0,0,1,20357230,400,400,,
0,0,1,20357231,400,400,,
0,0,1,20357232,400,400,,
0,0,1,20357233,400,400,,
0,0,1,20357234,400,400,,
0,0,1,20357235,400,400,,
0,0,1,20357236,400,400,,
0,0,1,20357237,400,400,,
0,0,1,20357238,400,400,,
0,0,1,20357239,400,400,,
0,0,1,20357240,400,400,,
0,0,1,20357241,400,400,,
0,0,1,20357242,400,400,,
0,0,1,20357243,400,400,,
0,0,1,20357244,400,400,,
0,0,1,20357245,400,400,,
0,0,1,20357246,400,400,,
0,0,1,20357247,400,400,,
0,0,1,20357248,400,400,,
0,0,1,20357249,400,400,,
0,0,1,20357250,400,400,,
0,0,1,20357251,400,400,,
0,0,1,20357252,400,400,,
0,0,1,20357253,400,400,,
0,0,1,20357254,400,400,,
0,0,1,20357255,400,400,,
0,0,1,20357256,400,400,,
0,0,1,20357257,400,400,,
0,0,1,20357258,400,400,,
0,0,1,20357259,400,400,,
0,0,1,20357260,400,400,,
0,0,1,20357261,400,400,,
0,0,1,20357262,400,400,,
0,0,1,20357263,400,400,,
0,0,1,20357264,400,400,,
0,0,1,20357265,400,400,,
0,0,1,20357266,400,400,,
0,0,1,20357267,400,400,,
0,0,1,20357268,400,400,,
0,0,1,20357269,400,400,,
0,0,1,20357270,400,400,,
0,0,1,20357271,400,400,,
0,0,1,20357272,400,400,,
0,0,1,20357273,400,400,,
0,0,1,20357274,400,400,,
0,0,1,20357275,400,400,,
0,0,1,20357276,400,400,,
0,0,1,20357277,400,400,,
0,0,1,20357278,400,400,,
0,0,1,20357279,400,400,,
0,0,1,20357280,400,400,,
0,0,1,20357281,400,400,,
0,0,1,20357282,400,400,,
0,0,1,20357283,400,400,,
0,0,1,20357284,400,400,,
0,0,1,20357285,400,400,,
0,0,1,20357286,400,400,,
0,0,1,20357287,400,400,,
0,0,1,20357288,400,400,,
0,0,1,20357289,400,400,,
0,0,1,20357290,400,400,,
0,0,1,20357291,400,400,,
0,0,1,20357292,400,400,,
0,0,1,20357293,400,400,,
0,0,1,20357294,400,400,,
0,0,1,20357295,400,400,,
0,0,1,20357296,400,400,,
0,0,1,20357297,400,400,,
0,0,1,20357298,400,400,,
0,0,1,20357299,400,400,,
0,0,1,20357300,400,400,,
0,0,1,20357301,400,400,,
0,0,1,20357302,400,400,,
0,0,1,20357303,400,400,,
0,0,1,20357304,400,400,,
0,0,1,20357305,400,400,,
0,0,1,20357306,400,400,,
0,0,1,20357307,400,400,,
0,0,1,20357308,400,400,,
0,0,1,20357309,400,400,,
0,0,1,20357310,400,400,,
0,0,1,20357311,400,400,,
0,0,1,20357312,400,400,,
0,0,1,20357313,400,400,,
0,0,1,20357314,400,400,,
0,0,1,20357315,400,400,,
0,0,1,20357316,400,400,,
0,0,1,20357317,400,400,,
0,0,1,20357318,400,400,,
0,0,1,20357319,400,400,,
0,0,1,20357320,400,400,,
0,0,1,20357321,400,400,,
0,0,1,20357322,400,400,,
0,0,1,20357323,400,400,,
0,0,1,20357324,400,400,,
0,0,1,20357325,400,400,,
0,0,1,20357326,400,400,,
0,0,1,20357327,400,400,,
0,0,1,20357328,400,400,,
0,0,1,20357329,400,400,,
0,0,1,20357330,400,400,,
0,0,1,20357331,400,400,,
0,0,1,20357332,400,400,,
0,0,1,20357333,400,400,,
0,0,1,20357334,400,400,,
0,0,1,20357335,400,400,,
0,0,1,20357336,400,400,,
0,0,1,20357337,400,400,,
0,0,1,20357338,400,400,,
0,0,1,20357339,400,400,,
0,0,1,20357340,400,400,,
0,0,1,20357341,400,400,,
0,0,1,20357342,400,400,,
0,0,1,20357343,400,400,,
0,0,1,20357344,400,400,,
0,0,1,20357345,400,400,,
0,0,1,20357346,400,400,,
0,0,1,20357347,400,400,,
0,0,1,20357348,400,400,,
0,0,1,20357349,400,400,,
0,0,1,20357350,400,400,,
0,0,1,20357351,400,400,,
0,0,1,20357352,400,400,,
0,0,1,20357353,400,400,,
0,0,1,20357354,400,400,,
0,0,1,20357355,400,400,,
0,0,1,20357356,400,400,,
0,0,1,20357357,400,400,,
0,0,1,20357358,400,400,,
0,0,1,20357359,400,400,,
0,0,1,20357360,400,400,,
0,0,1,20357361,400,400,,
0,0,1,20357362,400,400,,
0,0,1,20357363,400,400,,
0,0,1,20357364,400,400,,
0,0,1,20357365,400,400,,
0,0,1,20357366,400,400,,
0,0,1,20357367,400,400,,
0,0,1,20357368,400,400,,
0,0,1,20357369,400,400,,
0,0,1,20357370,400,400,,
0,0,1,20357371,400,400,,
0,0,1,20357372,400,400,,
0,0,1,20357373,400,400,,
0,0,1,20357374,400,400,,
0,0,1,20357375,400,400,,
0,0,1,20357376,400,400,,
0,0,1,20357377,400,400,,
0,0,1,20357378,400,400,,
0,0,1,20357379,400,400,,
0,0,1,20357380,400,400,,
0,0,1,20357381,400,400,,
0,0,1,20357382,400,400,,
0,0,1,20357383,400,400,,
0,0,1,20357384,400,400,,
0,0,1,20357385,400,400,,
0,0,1,20357386,400,400,,
0,0,1,20357387,400,400,,
0,0,1,20357388,400,400,,
0,0,1,20357389,400,400,,
0,0,1,20357390,400,400,,
0,0,1,20357391,400,400,,
0,0,1,20357392,400,400,,
0,0,1,20357393,400,400,,
0,0,1,20357394,400,400,,
0,0,1,20357395,400,400,,
0,0,1,20357396,400,400,,
0,0,1,20357397,400,400,,
0,0,1,20357398,400,400,,
0,0,1,20357399,400,400,,
0,0,1,20357400,400,400,,
0,0,1,20357401,400,400,,
0,0,1,20357402,400,400,,
0,0,1,20357403,400,400,,
0,0,1,20357404,400,400,,
0,0,1,20357405,400,400,,
0,0,1,20357406,400,400,,
0,0,1,20357407,400,400,,
0,0,1,20357408,400,400,,
0,0,1,20357409,400,400,,
0,0,1,20357410,400,400,,
0,0,1,20357411,400,400,,
0,0,1,20357412,400,400,,
0,0,1,20357413,400,400,,
0,0,1,20357414,400,400,,
0,0,1,20357415,400,400,,
0,0,1,20357416,400,400,,
0,0,1,20357417,400,400,,
0,0,1,20357418,400,400,,
0,0,1,20357419,400,400,,
0,0,1,20357420,400,400,,
0,0,1,20357421,400,400,,
0,0,1,20357422,400,400,,
0,0,1,20357423,400,400,,
0,0,1,20357424,400,400,,
0,0,1,20357425,400,400,,
0,0,1,20357426,400,400,,
0,0,1,20357427,400,400,,
0,0,1,20357428,400,400,,
0,0,1,20357429,400,400,,
0,0,1,20357430,400,400,,
0,0,1,20357431,400,400,,
0,0,1,20357432,400,400,,
0,0,1,20357433,400,400,,
0,0,1,20357434,400,400,,
0,0,1,20357435,400,400,,
0,0,1,20357436,400,400,,
0,0,1,20357437,400,400,,
0,0,1,20357438,400,400,,
0,0,1,20357439,400,400,,
0,0,1,20357440,400,400,,
0,0,1,20357441,400,400,,
0,0,1,20357442,400,400,,
0,0,1,20357443,400,400,,
0,0,1,20357444,400,400,,
0,0,1,20357445,400,400,,
0,0,1,20357446,400,400,,
0,0,1,20357447,400,400,,
0,0,1,20357448,400,400,,
0,0,1,20357449,400,400,,
0,0,1,20357450,400,400,,
0,0,1,20357451,400,400,,
0,0,1,20357452,400,400,,
0,0,1,20357453,400,400,,
0,0,1,20357454,400,400,,
0,0,1,20357455,400,400,,
0,0,1,20357456,400,400,,
0,0,1,20357457,400,400,,
0,0,1,20357458,400,400,,
0,0,1,20357459,400,400,,
0,0,1,20357460,400,400,,
0,0,1,20357461,400,400,,
0,0,1,20357462,400,400,,
0,0,1,20357463,400,400,,
0,0,1,20357464,400,400,,
0,0,1,20357465,400,400,,
0,0,1,20357466,400,400,,
0,0,1,20357467,400,400,,
0,0,1,20357468,400,400,,
0,0,1,20357469,400,400,,
0,0,1,20357470,400,400,,
0,0,1,20357471,400,400,,
0,0,1,20357472,400,400,,
0,0,1,20357473,400,400,,
0,0,1,20357474,400,400,,
0,0,1,20357475,400,400,,
0,0,1,20357476,400,400,,
0,0,1,20357477,400,400,,
0,0,1,20357478,400,400,,
0,0,1,20357479,400,400,,
0,0,1,20357480,400,400,,
0,0,1,20357481,400,400,,
0,0,1,20357482,400,400,,
0,0,1,20357483,400,400,,
0,0,1,20357484,400,400,,
0,0,1,20357485,400,400,,
0,0,1,20357486,400,400,,
0,0,1,20357487,400,400,,
0,0,1,20357488,400,400,,
0,0,1,20357489,400,400,,
0,0,1,20357490,400,400,,
0,0,1,20357491,400,400,,
0,0,1,20357492,400,400,,
0,0,1,20357493,400,400,,
0,0,1,20357494,400,400,,
0,0,1,20357495,400,400,,
0,0,1,20357496,400,400,,
0,0,1,20357497,400,400,,
0,0,1,20357498,400,400,,
0,0,1,20357499,400,400,,
0,0,1,20357500,400,400,,
0,0,1,20357501,400,400,,
0,0,1,20357502,400,400,,
0,0,1,20357503,400,400,,
0,0,1,20357504,400,400,,
0,0,1,20357505,400,400,,
0,0,1,20357506,400,400,,
0,0,1,20357507,400,400,,
0,0,1,20357508,400,400,,
0,0,1,20357509,400,400,,
0,0,1,20357510,400,400,,
0,0,1,20357511,400,400,,
0,0,1,20357512,400,400,,
0,0,1,20357513,400,400,,
0,0,1,20357514,400,400,,
0,0,1,20357515,400,400,,
0,0,1,20357516,400,400,,
0,0,1,20357517,400,400,,
0,0,1,20357518,400,400,,
0,0,1,20357519,400,400,,
0,0,1,20357520,400,400,,
0,0,1,20357521,400,400,,
0,0,1,20357522,400,400,,
0,0,1,20357523,400,400,,
0,0,1,20357524,400,400,,
0,0,1,20357525,400,400,,
0,0,1,20357526,400,400,,
0,0,1,20357527,400,400,,
0,0,1,20357528,400,400,,
0,0,1,20357529,400,400,,
0,0,1,20357530,400,400,,
0,0,1,20357531,400,400,,
0,0,1,20357532,400,400,,
0,0,1,20357533,400,400,,
0,0,1,20357534,400,400,,
0,0,1,20357535,400,400,,
0,0,1,20357536,400,400,,
0,0,1,20357537,400,400,,
0,0,1,20357538,400,400,,
0,0,1,20357539,400,400,,
0,0,1,20357540,400,400,,
0,0,1,20357541,400,400,,
0,0,1,20357542,400,400,,
0,0,1,20357543,400,400,,
0,0,1,20357544,400,400,,
0,0,1,20357545,400,400,,
0,0,1,20357546,400,400,,
0,0,1,20357547,400,400,,
0,0,1,20357548,400,400,,
0,0,1,20357549,400,400,,
0,0,1,20357550,400,400,,
0,0,1,20357551,400,400,,
0,0,1,20357552,400,400,,
0,0,1,20357553,400,400,,
0,0,1,20357554,400,400,,
0,0,1,20357555,400,400,,
0,0,1,20357556,400,400,,
0,0,1,20357557,400,400,,
0,0,1,20357558,400,400,,
0,0,1,20357559,400,400,,
0,0,1,20357560,400,400,,
0,0,1,20357561,400,400,,
0,0,1,20357562,400,400,,
0,0,1,20357563,400,400,,
0,0,1,20357564,400,400,,
0,0,1,20357565,400,400,,
0,0,1,20357566,400,400,,
0,0,1,20357567,400,400,,
0,0,1,20357568,400,400,,
0,0,1,20357569,400,400,,
0,0,1,20357570,400,400,,
0,0,1,20357571,400,400,,
0,0,1,20357572,400,400,,
0,0,1,20357573,400,400,,
0,0,1,20357574,400,400,,
0,0,1,20357575,400,400,,
0,0,1,20357576,400,400,,
0,0,1,20357577,400,400,,
0,0,1,20357578,400,400,,
0,0,1,20357579,400,400,,
0,0,1,20357580,400,400,,
0,0,1,20357581,400,400,,
0,0,1,20357582,400,400,,
0,0,1,20357583,400,400,,
0,0,1,20357584,400,400,,
0,0,1,20357585,400,400,,
0,0,1,20357586,400,400,,
0,0,1,20357587,400,400,,
0,0,1,20357588,400,400,,
0,0,1,20357589,400,400,,
0,0,1,20357590,400,400,,
0,0,1,20357591,400,400,,
0,0,1,20357592,400,400,,
0,0,1,20357593,400,400,,
0,0,1,20357594,400,400,,
0,0,1,20357595,400,400,,
0,0,1,20357596,400,400,,
0,0,1,20357597,400,400,,
0,0,1,20357598,400,400,,
0,0,1,20357599,400,400,,
0,0,1,20357600,400,400,,
0,0,1,20357601,400,400,,
0,0,1,20357602,400,400,,
0,0,1,20357603,400,400,,
0,0,1,20357604,400,400,,
0,0,1,20357605,400,400,,
0,0,1,20357606,400,400,,
0,0,1,20357607,400,400,,
0,0,1,20357608,400,400,,
0,0,1,20357609,400,400,,
0,0,1,20357610,400,400,,
0,0,1,20357611,400,400,,
0,0,1,20357612,400,400,,
0,0,1,20357613,400,400,,
0,0,1,20357614,400,400,,
0,0,1,20357615,400,400,,
0,0,1,20357616,400,400,,
0,0,1,20357617,400,400,,
0,0,1,20357618,400,400,,
0,0,1,20357619,400,400,,
0,0,1,20357620,400,400,,
0,0,1,20357621,400,400,,
0,0,1,20357622,400,400,,
0,0,1,20357623,400,400,,
0,0,1,20357624,400,400,,
0,0,1,20357625,400,400,,
0,0,1,20357626,400,400,,
0,0,1,20357627,400,400,,
0,0,1,20357628,400,400,,
0,0,1,20357629,400,400,,
0,0,1,20357630,400,400,,
0,0,1,20357631,400,400,,
0,0,1,20357632,400,400,,
0,0,1,20357633,400,400,,
0,0,1,20357634,400,400,,
0,0,1,20357635,400,400,,
0,0,1,20357636,400,400,,
0,0,1,20357637,400,400,,
0,0,1,20357638,400,400,,
0,0,1,20357639,400,400,,
0,0,1,20357640,400,400,,
0,0,1,20357641,400,400,,
0,0,1,20357642,400,400,,
0,0,1,20357643,400,400,,
0,0,1,20357644,400,400,,
0,0,1,20357645,400,400,,
0,0,1,20357646,400,400,,
0,0,1,20357647,400,400,,
0,0,1,20357648,400,400,,
0,0,1,20357649,400,400,,
0,0,1,20357650,400,400,,
0,0,1,20357651,400,400,,
0,0,1,20357652,400,400,,
0,0,1,20357653,400,400,,
0,0,1,20357654,400,400,,
0,0,1,20357655,400,400,,
0,0,1,20357656,400,400,,
0,0,1,20357657,400,400,,
0,0,1,20357658,400,400,,
0,0,1,20357659,400,400,,
0,0,1,20357660,400,400,,
0,0,1,20357661,400,400,,
0,0,1,20357662,400,400,,
0,0,1,20357663,400,400,,
0,0,1,20357664,400,400,,
0,0,1,20357665,400,400,,
0,0,1,20357666,400,400,,
0,0,1,20357667,400,400,,
0,0,1,20357668,400,400,,
0,0,1,20357669,400,400,,
0,0,1,20357670,400,400,,
0,0,1,20357671,400,400,,
0,0,1,20357672,400,400,,
0,0,1,20357673,400,400,,
0,0,1,20357674,400,400,,
0,0,1,20357675,400,400,,
0,0,1,20357676,400,400,,
0,0,1,20357677,400,400,,
0,0,1,20357678,400,400,,
0,0,1,20357679,400,400,,
0,0,1,20357680,400,400,,
0,0,1,20357681,400,400,,
0,0,1,20357682,400,400,,
0,0,1,20357683,400,400,,
0,0,1,20357684,400,400,,
0,0,1,20357685,400,400,,
0,0,1,20357686,400,400,,
0,0,1,20357687,400,400,,
0,0,1,20357688,400,400,,
0,0,1,20357689,400,400,,
0,0,1,20357690,400,400,,
0,0,1,20357691,400,400,,
0,0,1,20357692,400,400,,
0,0,1,20357693,400,400,,
0,0,1,20357694,400,400,,
0,0,1,20357695,400,400,,
0,0,1,20357696,400,400,,
0,0,1,20357697,400,400,,
0,0,1,20357698,400,400,,
0,0,1,20357699,400,400,,
0,0,1,20357700,400,400,,
0,0,1,20357701,400,400,,
0,0,1,20357702,400,400,,
0,0,1,20357703,400,400,,
0,0,1,20357704,400,400,,
0,0,1,20357705,400,400,,
0,0,1,20357706,400,400,,
0,0,1,20357707,400,400,,
0,0,1,20357708,400,400,,
0,0,1,20357709,400,400,,
0,0,1,20357710,400,400,,
0,0,1,20357711,400,400,,
0,0,1,20357712,400,400,,
0,0,1,20357713,400,400,,
0,0,1,20357714,400,400,,
0,0,1,20357715,400,400,,
0,0,1,20357716,400,400,,
0,0,1,20357717,400,400,,
0,0,1,20357718,400,400,,
0,0,1,20357719,400,400,,
0,0,1,20357720,400,400,,
0,0,1,20357721,400,400,,
0,0,1,20357722,400,400,,
0,0,1,20357723,400,400,,
0,0,1,20357724,400,400,,
0,0,1,20357725,400,400,,
0,0,1,20357726,400,400,,
0,0,1,20357727,400,400,,
0,0,1,20357728,400,400,,
0,0,1,20357729,400,400,,
0,0,1,20357730,400,400,,
0,0,1,20357731,400,400,,
0,0,1,20357732,400,400,,
0,0,1,20357733,400,400,,
0,0,1,20357734,400,400,,
0,0,1,20357735,400,400,,
0,0,1,20357736,400,400,,
0,0,1,20357737,400,400,,
0,0,1,20357738,400,400,,
0,0,1,20357739,400,400,,
0,0,1,20357740,400,400,,
0,0,1,20357741,400,400,,
0,0,1,20357742,400,400,,
0,0,1,20357743,400,400,,
0,0,1,20357744,400,400,,
0,0,1,20357745,400,400,,
0,0,1,20357746,400,400,,
0,0,1,20357747,400,400,,
0,0,1,20357748,400,400,,
0,0,1,20357749,400,400,,
0,0,1,20357750,400,400,,
0,0,1,20357751,400,400,,
0,0,1,20357752,400,400,,
0,0,1,20357753,400,400,,
0,0,1,20357754,400,400,,
0,0,1,20357755,400,400,,
0,0,1,20357756,400,400,,
0,0,1,20357757,400,400,,
0,0,1,20357758,400,400,,
0,0,1,20357759,400,400,,
0,0,1,20357760,400,400,,
0,0,1,20357761,400,400,,
0,0,1,20357762,400,400,,
0,0,1,20357763,400,400,,
0,0,1,20357764,400,400,,
0,0,1,20357765,400,400,,
0,0,1,20357766,400,400,,
0,0,1,20357767,400,400,,
0,0,1,20357768,400,400,,
0,0,1,20357769,400,400,,
0,0,1,20357770,400,400,,
0,0,1,20357771,400,400,,
0,0,1,20357772,400,400,,
0,0,1,20357773,400,400,,
0,0,1,20357774,400,400,,
0,0,1,20357775,400,400,,
0,0,1,20357776,400,400,,
0,0,1,20357777,400,400,,
0,0,1,20357778,400,400,,
0,0,1,20357779,400,400,,
0,0,1,20357780,400,400,,
0,0,1,20357781,400,400,,
0,0,1,20357782,400,400,,
0,0,1,20357783,400,400,,
0,0,1,20357784,400,400,,
0,0,1,20357785,400,400,,
0,0,1,20357786,400,400,,
0,0,1,20357787,400,400,,
0,0,1,20357788,400,400,,
0,0,1,20357789,400,400,,
0,0,1,20357790,400,400,,
0,0,1,20357791,400,400,,
0,0,1,20357792,400,400,,
0,0,1,20357793,400,400,,
0,0,1,20357794,400,400,,
0,0,1,20357795,400,400,,
0,0,1,20357796,400,400,,
0,0,1,20357797,400,400,,
0,0,1,20357798,400,400,,
0,0,1,20357799,400,400,,
0,0,1,20357800,400,400,,
0,0,1,20357801,400,400,,
0,0,1,20357802,400,400,,
0,0,1,20357803,400,400,,
0,0,1,20357804,400,400,,
0,0,1,20357805,400,400,,
0,0,1,20357806,400,400,,
0,0,1,20357807,400,400,,
0,0,1,20357808,400,400,,
0,0,1,20357809,400,400,,
0,0,1,20357810,400,400,,
0,0,1,20357811,400,400,,
0,0,1,20357812,400,400,,
0,0,1,20357813,400,400,,
0,0,1,20357814,400,400,,
0,0,1,20357815,400,400,,
0,0,1,20357816,400,400,,
0,0,1,20357817,400,400,,
0,0,1,20357818,400,400,,
0,0,1,20357819,400,400,,
0,0,1,20357820,400,400,,
0,0,1,20357821,400,400,,
0,0,1,20357822,400,400,,
0,0,1,20357823,400,400,,
0,0,1,20357824,400,400,,
0,0,1,20357825,400,400,,
0,0,1,20357826,400,400,,
0,0,1,20357827,400,400,,
0,0,1,20357828,400,400,,
0,0,1,20357829,400,400,,
0,0,1,20357830,400,400,,
0,0,1,20357831,400,400,,
0,0,1,20357832,400,400,,
0,0,1,20357833,400,400,,
0,0,1,20357834,400,400,,
0,0,1,20357835,400,400,,
0,0,1,20357836,400,400,,
0,0,1,20357837,400,400,,
0,0,1,20357838,400,400,,
0,0,1,20357839,400,400,,
0,0,1,20357840,400,400,,
0,0,1,20357841,400,400,,
0,0,1,20357842,400,400,,
0,0,1,20357843,400,400,,
0,0,1,20357844,400,400,,
0,0,1,20357845,400,400,,
0,0,1,20357846,400,400,,
0,0,1,20357847,400,400,,
0,0,1,20357848,400,400,,
0,0,1,20357849,400,400,,
0,0,1,20357850,400,400,,
0,0,1,20357851,400,400,,
0,0,1,20357852,400,400,,
0,0,1,20357853,400,400,,
0,0,1,20357854,400,400,,
0,0,1,20357855,400,400,,
0,0,1,20357856,400,400,,
0,0,1,20357857,400,400,,
0,0,1,20357858,400,400,,
0,0,1,20357859,400,400,,
0,0,1,20357860,400,400,,
0,0,1,20357861,400,400,,
0,0,1,20357862,400,400,,
0,0,1,20357863,400,400,,
0,0,1,20357864,400,400,,
0,0,1,20357865,400,400,,
0,0,1,20357866,400,400,,
0,0,1,20357867,400,400,,
0,0,1,20357868,400,400,,
0,0,1,20357869,400,400,,
0,0,1,20357870,400,400,,
0,0,1,20357871,400,400,,
0,0,1,20357872,400,400,,
0,0,1,20357873,400,400,,
0,0,1,20357874,400,400,,
0,0,1,20357875,400,400,,
0,0,1,20357876,400,400,,
0,0,1,20357877,400,400,,
0,0,1,20357878,400,400,,
0,0,1,20357879,400,400,,
0,0,1,20357880,400,400,,
0,0,1,20357881,400,400,,
0,0,1,20357882,400,400,,
0,0,1,20357883,400,400,,
0,0,1,20357884,400,400,,
0,0,1,20357885,400,400,,
0,0,1,20357886,400,400,,
0,0,1,20357887,400,400,,
0,0,1,20357888,400,400,,
0,0,1,20357889,400,400,,
0,0,1,20357890,400,400,,
0,0,1,20357891,400,400,,
0,0,1,20357892,400,400,,
0,0,1,20357893,400,400,,
0,0,1,20357894,400,400,,
0,0,1,20357895,400,400,,
0,0,1,20357896,400,400,,
0,0,1,20357897,400,400,,
0,0,1,20357898,400,400,,
0,0,1,20357899,400,400,,
0,0,1,20357900,400,400,,
0,0,1,20357901,400,400,,
0,0,1,20357902,400,400,,
0,0,1,20357903,400,400,,
0,0,1,20357904,400,400,,
0,0,1,20357905,400,400,,
0,0,1,20357906,400,400,,
0,0,1,20357907,400,400,,
0,0,1,20357908,400,400,,
0,0,1,20357909,400,400,,
0,0,1,20357910,400,400,,
0,0,1,20357911,400,400,,
0,0,1,20357912,400,400,,
0,0,1,20357913,400,400,,
0,0,1,20357914,400,400,,
0,0,1,20357915,400,400,,
0,0,1,20357916,400,400,,
0,0,1,20357917,400,400,,
0,0,1,20357918,400,400,,
0,0,1,20357919,400,400,,
0,0,1,20357920,400,400,,
0,0,1,20357921,400,400,,
0,0,1,20357922,400,400,,
0,0,1,20357923,400,400,,
0,0,1,20357924,400,400,,
0,0,1,20357925,400,400,,
0,0,1,20357926,400,400,,
0,0,1,20357927,400,400,,
0,0,1,20357928,400,400,,
0,0,1,20357929,400,400,,
0,0,1,20357930,400,400,,
0,0,1,20357931,400,400,,
0,0,1,20357932,400,400,,
0,0,1,20357933,400,400,,
0,0,1,20357934,400,400,,
0,0,1,20357935,400,400,,
0,0,1,20357936,400,400,,
0,0,1,20357937,400,400,,
0,0,1,20357938,400,400,,
0,0,1,20357939,400,400,,
0,0,1,20357940,400,400,,
0,0,1,20357941,400,400,,
0,0,1,20357942,400,400,,
0,0,1,20357943,400,400,,
0,0,1,20357944,400,400,,
0,0,1,20357945,400,400,,
0,0,1,20357946,400,400,,
0,0,1,20357947,400,400,,
0,0,1,20357948,400,400,,
0,0,1,20357949,400,400,,
0,0,1,20357950,400,400,,
0,0,1,20357951,400,400,,
0,0,1,20357952,400,400,,
0,0,1,20357953,400,400,,
0,0,1,20357954,400,400,,
0,0,1,20357955,400,400,,
0,0,1,20357956,400,400,,
0,0,1,20357957,400,400,,
0,0,1,20357958,400,400,,
0,0,1,20357959,400,400,,
0,0,1,20357960,400,400,,
0,0,1,20357961,400,400,,
0,0,1,20357962,400,400,,
0,0,1,20357963,400,400,,
0,0,1,20357964,400,400,,
0,0,1,20357965,400,400,,
0,0,1,20357966,400,400,,
0,0,1,20357967,400,400,,
0,0,1,20357968,400,400,,
0,0,1,20357969,400,400,,
0,0,1,20357970,400,400,,
0,0,1,20357971,400,400,,
0,0,1,20357972,400,400,,
0,0,1,20357973,400,400,,
0,0,1,20357974,400,400,,
0,0,1,20357975,400,400,,
0,0,1,20357976,400,400,,
0,0,1,20357977,400,400,,
0,0,1,20357978,400,400,,
0,0,1,20357979,400,400,,
0,0,1,20357980,400,400,,
0,0,1,20357981,400,400,,
0,0,1,20357982,400,400,,
0,0,1,20357983,400,400,,
0,0,1,20357984,400,400,,
0,0,1,20357985,400,400,,
0,0,1,20357986,400,400,,
0,0,1,20357987,400,400,,
0,0,1,20357988,400,400,,
0,0,1,20357989,400,400,,
0,0,1,20357990,400,400,,
0,0,1,20357991,400,400,,
0,0,1,20357992,400,400,,
0,0,1,20357993,400,400,,
0,0,1,20357994,400,400,,
0,0,1,20357995,400,400,,
0,0,1,20357996,400,400,,
0,0,1,20357997,400,400,,
0,0,1,20357998,400,400,,
0,0,1,20357999,400,400,,
0,0,1,20358000,400,400,,
0,0,1,20358001,400,400,,
0,0,1,20358002,400,400,,
0,0,1,20358003,400,400,,
0,0,1,20358004,400,400,,
0,0,1,20358005,400,400,,
0,0,1,20358006,400,400,,
0,0,1,20358007,400,400,,
0,0,1,20358008,400,400,,
0,0,1,20358009,400,400,,
0,0,1,20358010,400,400,,
0,0,1,20358011,400,400,,
0,0,1,20358012,400,400,,
0,0,1,20358013,400,400,,
0,0,1,20358014,400,400,,
0,0,1,20358015,400,400,,
0,0,1,20358016,400,400,,
0,0,1,20358017,400,400,,
0,0,1,20358018,400,400,,
0,0,1,20358019,400,400,,
0,0,1,20358020,400,400,,
0,0,1,20358021,400,400,,
0,0,1,20358022,400,400,,
0,0,1,20358023,400,400,,
0,0,1,20358024,400,400,,
0,0,1,20358025,400,400,,
0,0,1,20358026,400,400,,
0,0,1,20358027,400,400,,
0,0,1,20358028,400,400,,
0,0,1,20358029,400,400,,
0,0,1,20358030,400,400,,
0,0,1,20358031,400,400,,
0,0,1,20358032,400,400,,
0,0,1,20358033,400,400,,
0,0,1,20358034,400,400,,
0,0,1,20358035,400,400,,
0,0,1,20358036,400,400,,
0,0,1,20358037,400,400,,
0,0,1,20358038,400,400,,
0,0,1,20358039,400,400,,
0,0,1,20358040,400,400,,
0,0,1,20358041,400,400,,
0,0,1,20358042,400,400,,
0,0,1,20358043,400,400,,
0,0,1,20358044,400,400,,
0,0,1,20358045,400,400,,
0,0,1,20358046,400,400,,
0,0,1,20358047,400,400,,
0,0,1,20358048,400,400,,
0,0,1,20358049,400,400,,
0,0,1,20358050,400,400,,
0,0,1,20358051,400,400,,
0,0,1,20358052,400,400,,
0,0,1,20358053,400,400,,
0,0,1,20358054,400,400,,
0,0,1,20358055,400,400,,
0,0,1,20358056,400,400,,
0,0,1,20358057,400,400,,
0,0,1,20358058,400,400,,
0,0,1,20358059,400,400,,
0,0,1,20358060,400,400,,
0,0,1,20358061,400,400,,
0,0,1,20358062,400,400,,
0,0,1,20358063,400,400,,
0,0,1,20358064,400,400,,
0,0,1,20358065,400,400,,
0,0,1,20358066,400,400,,
0,0,1,20358067,400,400,,
0,0,1,20358068,400,400,,
0,0,1,20358069,400,400,,
0,0,1,20358070,400,400,,
0,0,1,20358071,400,400,,
0,0,1,20358072,400,400,,
0,0,1,20358073,400,400,,
0,0,1,20358074,400,400,,
0,0,1,20358075,400,400,,
0,0,1,20358076,400,400,,
0,0,1,20358077,400,400,,
0,0,1,20358078,400,400,,
0,0,1,20358079,400,400,,
0,0,1,20358080,400,400,,
0,0,1,20358081,400,400,,
0,0,1,20358082,400,400,,
0,0,1,20358083,400,400,,
0,0,1,20358084,400,400,,
0,0,1,20358085,400,400,,
0,0,1,20358086,400,400,,
0,0,1,20358087,400,400,,
0,0,1,20358088,400,400,,
0,0,1,20358089,400,400,,
0,0,1,20358090,400,400,,
0,0,1,20358091,400,400,,
0,0,1,20358092,400,400,,
0,0,1,20358093,400,400,,
0,0,1,20358094,400,400,,
0,0,1,20358095,400,400,,
0,0,1,20358096,400,400,,
0,0,1,20358097,400,400,,
0,0,1,20358098,400,400,,
0,0,1,20358099,400,400,,
0,0,1,20358100,400,400,,
0,0,1,20358101,400,400,,
0,0,1,20358102,400,400,,
0,0,1,20358103,400,400,,
0,0,1,20358104,400,400,,
0,0,1,20358105,400,400,,
0,0,1,20358106,400,400,,
0,0,1,20358107,400,400,,
0,0,1,20358108,400,400,,
0,0,1,20358109,400,400,,
0,0,1,20358110,400,400,,
0,0,1,20358111,400,400,,
0,0,1,20358112,400,400,,
0,0,1,20358113,400,400,,
0,0,1,20358114,400,400,,
0,0,1,20358115,400,400,,
0,0,1,20358116,400,400,,
0,0,1,20358117,400,400,,
0,0,1,20358118,400,400,,
0,0,1,20358119,400,400,,
0,0,1,20358120,400,400,,
0,0,1,20358121,400,400,,
0,0,1,20358122,400,400,,
0,0,1,20358123,400,400,,
0,0,1,20358124,400,400,,
0,0,1,20358125,400,400,,
0,0,1,20358126,400,400,,
0,0,1,20358127,400,400,,
0,0,1,20358128,400,400,,
0,0,1,20358129,400,400,,
0,0,1,20358130,400,400,,
0,0,1,20358131,400,400,,
0,0,1,20358132,400,400,,
0,0,1,20358133,400,400,,
0,0,1,20358134,400,400,,
0,0,1,20358135,400,400,,
0,0,1,20358136,400,400,,
0,0,1,20358137,400,400,,
0,0,1,20358138,400,400,,
0,0,1,20358139,400,400,,
0,0,1,20358140,400,400,,
0,0,1,20358141,400,400,,
0,0,1,20358142,400,400,,
0,0,1,20358143,400,400,,
0,0,1,20358144,400,400,,
0,0,1,20358145,400,400,,
0,0,1,20358146,400,400,,
0,0,1,20358147,400,400,,
0,0,1,20358148,400,400,,
0,0,1,20358149,400,400,,
0,0,1,20358150,400,400,,
0,0,1,20358151,400,400,,
0,0,1,20358152,400,400,,
0,0,1,20358153,400,400,,
0,0,1,20358154,400,400,,
0,0,1,20358155,400,400,,
0,0,1,20358156,400,400,,
0,0,1,20358157,400,400,,
0,0,1,20358158,400,400,,
0,0,1,20358159,400,400,,
0,0,1,20358160,400,400,,
0,0,1,20358161,400,400,,
0,0,1,20358162,400,400,,
0,0,1,20358163,400,400,,
0,0,1,20358164,400,400,,
0,0,1,20358165,400,400,,
0,0,1,20358166,400,400,,
0,0,1,20358167,400,400,,
0,0,1,20358168,400,400,,
0,0,1,20358169,400,400,,
0,0,1,20358170,400,400,,
0,0,1,20358171,400,400,,
0,0,1,20358172,400,400,,
0,0,1,20358173,400,400,,
0,0,1,20358174,400,400,,
0,0,1,20358175,400,400,,
0,0,1,20358176,400,400,,
0,0,1,20358177,400,400,,
0,0,1,20358178,400,400,,
0,0,1,20358179,400,400,,
0,0,1,20358180,400,400,,
0,0,1,20358181,400,400,,
0,0,1,20358182,400,400,,
0,0,1,20358183,400,400,,
0,0,1,20358184,400,400,,
0,0,1,20358185,400,400,,
0,0,1,20358186,400,400,,
0,0,1,20358187,400,400,,
0,0,1,20358188,400,400,,
0,0,1,20358189,400,400,,
0,0,1,20358190,400,400,,
0,0,1,20358191,400,400,,
0,0,1,20358192,400,400,,
0,0,1,20358193,400,400,,
0,0,1,20358194,400,400,,
0,0,1,20358195,400,400,,
0,0,1,20358196,400,400,,
0,0,1,20358197,400,400,,
0,0,1,20358198,400,400,,
0,0,1,20358199,400,400,,
0,0,1,20358200,400,400,,
0,0,1,20358201,400,400,,
0,0,1,20358202,400,400,,
0,0,1,20358203,400,400,,
0,0,1,20358204,400,400,,
0,0,1,20358205,400,400,,
0,0,1,20358206,400,400,,
0,0,1,20358207,400,400,,
0,0,1,20358208,400,400,,
0,0,1,20358209,400,400,,
0,0,1,20358210,400,400,,
0,0,1,20358211,400,400,,
0,0,1,20358212,400,400,,
0,0,1,20358213,400,400,,
0,0,1,20358214,400,400,,
0,0,1,20358215,400,400,,
0,0,1,20358216,400,400,,
0,0,1,20358217,400,400,,
0,0,1,20358218,400,400,,
0,0,1,20358219,400,400,,
0,0,1,20358220,400,400,,
0,0,1,20358221,400,400,,
0,0,1,20358222,400,400,,
0,0,1,20358223,400,400,,
0,0,1,20358224,400,400,,
0,0,1,20358225,400,400,,
0,0,1,20358226,400,400,,
0,0,1,20358227,400,400,,
0,0,1,20358228,400,400,,
0,0,1,20358229,400,400,,
0,0,1,20358230,400,400,,
0,0,1,20358231,400,400,,
0,0,1,20358232,400,400,,
0,0,1,20358233,400,400,,
0,0,1,20358234,400,400,,
0,0,1,20358235,400,400,,
0,0,1,20358236,400,400,,
0,0,1,20358237,400,400,,
0,0,1,20358238,400,400,,
0,0,1,20358239,400,400,,
0,0,1,20358240,400,400,,
0,0,1,20358241,400,400,,
0,0,1,20358242,400,400,,
0,0,1,20358243,400,400,,
0,0,1,20358244,400,400,,
0,0,1,20358245,400,400,,
0,0,1,20358246,400,400,,
0,0,1,20358247,400,400,,
0,0,1,20358248,400,400,,
0,0,1,20358249,400,400,,
0,0,1,20358250,400,400,,
0,0,1,20358251,400,400,,
0,0,1,20358252,400,400,,
0,0,1,20358253,400,400,,
0,0,1,20358254,400,400,,
0,0,1,20358255,400,400,,
0,0,1,20358256,400,400,,
0,0,1,20358257,400,400,,
0,0,1,20358258,400,400,,
0,0,1,20358259,400,400,,
0,0,1,20358260,400,400,,
0,0,1,20358261,400,400,,
0,0,1,20358262,400,400,,
0,0,1,20358263,400,400,,
0,0,1,20358264,400,400,,
0,0,1,20358265,400,400,,
0,0,1,20358266,400,400,,
0,0,1,20358267,400,400,,
0,0,1,20358268,400,400,,
0,0,1,20358269,400,400,,
0,0,1,20358270,400,400,,
0,0,1,20358271,400,400,,
0,0,1,20358272,400,400,,
0,0,1,20358273,400,400,,
0,0,1,20358274,400,400,,
0,0,1,20358275,400,400,,
0,0,1,20358276,400,400,,
0,0,1,20358277,400,400,,
0,0,1,20358278,400,400,,
0,0,1,20358279,400,400,,
0,0,1,20358280,400,400,,
0,0,1,20358281,400,400,,
0,0,1,20358282,400,400,,
0,0,1,20358283,400,400,,
0,0,1,20358284,400,400,,
0,0,1,20358285,400,400,,
0,0,1,20358286,400,400,,
0,0,1,20358287,400,400,,
0,0,1,20358288,400,400,,
0,0,1,20358289,400,400,,
0,0,1,20358290,400,400,,
0,0,1,20358291,400,400,,
0,0,1,20358292,400,400,,
0,0,1,20358293,400,400,,
0,0,1,20358294,400,400,,
0,0,1,20358295,400,400,,
0,0,1,20358296,400,400,,
0,0,1,20358297,400,400,,
0,0,1,20358298,400,400,,
0,0,1,20358299,400,400,,
0,0,1,20358300,400,400,,
0,0,1,20358301,400,400,,
0,0,1,20358302,400,400,,
0,0,1,20358303,400,400,,
0,0,1,20358304,400,400,,
0,0,1,20358305,400,400,,
0,0,1,20358306,400,400,,
0,0,1,20358307,400,400,,
0,0,1,20358308,400,400,,
0,0,1,20358309,400,400,,
0,0,1,20358310,400,400,,
0,0,1,20358311,400,400,,
0,0,1,20358312,400,400,,
0,0,1,20358313,400,400,,
0,0,1,20358314,400,400,,
0,0,1,20358315,400,400,,
0,0,1,20358316,400,400,,
0,0,1,20358317,400,400,,
0,0,1,20358318,400,400,,
0,0,1,20358319,400,400,,
0,0,1,20358320,400,400,,
0,0,1,20358321,400,400,,
0,0,1,20358322,400,400,,
0,0,1,20358323,400,400,,
0,0,1,20358324,400,400,,
0,0,1,20358325,400,400,,
0,0,1,20358326,400,400,,
0,0,1,20358327,400,400,,
0,0,1,20358328,400,400,,
0,0,1,20358329,400,400,,
0,0,1,20358330,400,400,,
0,0,1,20358331,400,400,,
0,0,1,20358332,400,400,,
0,0,1,20358333,400,400,,
0,0,1,20358334,400,400,,
0,0,1,20358335,400,400,,
0,0,1,20358336,400,400,,
0,0,1,20358337,400,400,,
0,0,1,20358338,400,400,,
0,0,1,20358339,400,400,,
0,0,1,20358340,400,400,,
0,0,1,20358341,400,400,,
0,0,1,20358342,400,400,,
0,0,1,20358343,400,400,,
0,0,1,20358344,400,400,,
0,0,1,20358345,400,400,,
0,0,1,20358346,400,400,,
0,0,1,20358347,400,400,,
0,0,1,20358348,400,400,,
0,0,1,20358349,400,400,,
0,0,1,20358350,400,400,,
0,0,1,20358351,400,400,,
0,0,1,20358352,400,400,,
0,0,1,20358353,400,400,,
0,0,1,20358354,400,400,,
0,0,1,20358355,400,400,,
0,0,1,20358356,400,400,,
0,0,1,20358357,400,400,,
0,0,1,20358358,400,400,,
0,0,1,20358359,400,400,,
0,0,1,20358360,400,400,,
0,0,1,20358361,400,400,,
0,0,1,20358362,400,400,,
0,0,1,20358363,400,400,,
0,0,1,20358364,400,400,,
0,0,1,20358365,400,400,,
0,0,1,20358366,400,400,,
0,0,1,20358367,400,400,,
0,0,1,20358368,400,400,,
0,0,1,20358369,400,400,,
0,0,1,20358370,400,400,,
0,0,1,20358371,400,400,,
0,0,1,20358372,400,400,,
0,0,1,20358373,400,400,,
0,0,1,20358374,400,400,,
0,0,1,20358375,400,400,,
0,0,1,20358376,400,400,,
0,0,1,20358377,400,400,,
0,0,1,20358378,400,400,,
0,0,1,20358379,400,400,,
0,0,1,20358380,400,400,,
0,0,1,20358381,400,400,,
0,0,1,20358382,400,400,,
0,0,1,20358383,400,400,,
0,0,1,20358384,400,400,,
0,0,1,20358385,400,400,,
0,0,1,20358386,400,400,,
0,0,1,20358387,400,400,,
0,0,1,20358388,400,400,,
0,0,1,20358389,400,400,,
0,0,1,20358390,400,400,,
0,0,1,20358391,400,400,,
0,0,1,20358392,400,400,,
0,0,1,20358393,400,400,,
0,0,1,20358394,400,400,,
0,0,1,20358395,400,400,,
0,0,1,20358396,400,400,,
0,0,1,20358397,400,400,,
0,0,1,20358398,400,400,,
0,0,1,20358399,400,400,,
0,0,1,20358400,400,400,,
0,0,1,20358401,400,400,,
0,0,1,20358402,400,400,,
0,0,1,20358403,400,400,,
0,0,1,20358404,400,400,,
0,0,1,20358405,400,400,,
0,0,1,20358406,400,400,,
0,0,1,20358407,400,400,,
0,0,1,20358408,400,400,,
0,0,1,20358409,400,400,,
0,0,1,20358410,400,400,,
0,0,1,20358411,400,400,,
0,0,1,20358412,400,400,,
0,0,1,20358413,400,400,,
0,0,1,20358414,400,400,,
0,0,1,20358415,400,400,,
0,0,1,20358416,400,400,,
0,0,1,20358417,400,400,,
0,0,1,20358418,400,400,,
0,0,1,20358419,400,400,,
0,0,1,20358420,400,400,,
0,0,1,20358421,400,400,,
0,0,1,20358422,400,400,,
0,0,1,20358423,400,400,,
0,0,1,20358424,400,400,,
0,0,1,20358425,400,400,,
0,0,1,20358426,400,400,,
0,0,1,20358427,400,400,,
0,0,1,20358428,400,400,,
0,0,1,20358429,400,400,,
0,0,1,20358430,400,400,,
0,0,1,20358431,400,400,,
0,0,1,20358432,400,400,,
0,0,1,20358433,400,400,,
0,0,1,20358434,400,400,,
0,0,1,20358435,400,400,,
0,0,1,20358436,400,400,,
0,0,1,20358437,400,400,,
0,0,1,20358438,400,400,,
0,0,1,20358439,400,400,,
0,0,1,20358440,400,400,,
0,0,1,20358441,400,400,,
0,0,1,20358442,400,400,,
0,0,1,20358443,400,400,,
0,0,1,20358444,400,400,,
0,0,1,20358445,400,400,,
0,0,1,20358446,400,400,,
0,0,1,20358447,400,400,,
0,0,1,20358448,400,400,,
0,0,1,20358449,400,400,,
0,0,1,20358450,400,400,,
0,0,1,20358451,400,400,,
0,0,1,20358452,400,400,,
0,0,1,20358453,400,400,,
0,0,1,20358454,400,400,,
0,0,1,20358455,400,400,,
0,0,1,20358456,400,400,,
0,0,1,20358457,400,400,,
0,0,1,20358458,400,400,,
0,0,1,20358459,400,400,,
0,0,1,20358460,400,400,,
0,0,1,20358461,400,400,,
0,0,1,20358462,400,400,,
0,0,1,20358463,400,400,,
0,0,1,20358464,400,400,,
0,0,1,20358465,400,400,,
0,0,1,20358466,400,400,,
0,0,1,20358467,400,400,,
0,0,1,20358468,400,400,,
0,0,1,20358469,400,400,,
0,0,1,20358470,400,400,,
0,0,1,20358471,400,400,,
0,0,1,20358472,400,400,,
0,0,1,20358473,400,400,,
0,0,1,20358474,400,400,,
0,0,1,20358475,400,400,,
0,0,1,20358476,400,400,,
0,0,1,20358477,400,400,,
0,0,1,20358478,400,400,,
0,0,1,20358479,400,400,,
0,0,1,20358480,400,400,,
0,0,1,20358481,400,400,,
0,0,1,20358482,400,400,,
0,0,1,20358483,400,400,,
0,0,1,20358484,400,400,,
0,0,1,20358485,400,400,,
0,0,1,20358486,400,400,,
0,0,1,20358487,400,400,,
0,0,1,20358488,400,400,,
0,0,1,20358489,400,400,,
0,0,1,20358490,400,400,,
0,0,1,20358491,400,400,,
0,0,1,20358492,400,400,,
0,0,1,20358493,400,400,,
0,0,1,20358494,400,400,,
0,0,1,20358495,400,400,,
0,0,1,20358496,400,400,,
0,0,1,20358497,400,400,,
0,0,1,20358498,400,400,,
0,0,1,20358499,400,400,,
0,0,1,20358500,400,400,,
0,0,1,20358501,400,400,,
0,0,1,20358502,400,400,,
0,0,1,20358503,400,400,,
0,0,1,20358504,400,400,,
0,0,1,20358505,400,400,,
0,0,1,20358506,400,400,,
0,0,1,20358507,400,400,,
0,0,1,20358508,400,400,,
0,0,1,20358509,400,400,,
0,0,1,20358510,400,400,,
0,0,1,20358511,400,400,,
0,0,1,20358512,400,400,,
0,0,1,20358513,400,400,,
0,0,1,20358514,400,400,,
0,0,1,20358515,400,400,,
0,0,1,20358516,400,400,,
0,0,1,20358517,400,400,,
0,0,1,20358518,400,400,,
0,0,1,20358519,400,400,,
0,0,1,20358520,400,400,,
0,0,1,20358521,400,400,,
0,0,1,20358522,400,400,,
0,0,1,20358523,400,400,,
0,0,1,20358524,400,400,,
0,0,1,20358525,400,400,,
0,0,1,20358526,400,400,,
0,0,1,20358527,400,400,,
0,0,1,20358528,400,400,,
0,0,1,20358529,400,400,,
0,0,1,20358530,400,400,,
0,0,1,20358531,400,400,,
0,0,1,20358532,400,400,,
0,0,1,20358533,400,400,,
0,0,1,20358534,400,400,,
0,0,1,20358535,400,400,,
0,0,1,20358536,400,400,,
0,0,1,20358537,400,400,,
0,0,1,20358538,400,400,,
0,0,1,20358539,400,400,,
0,0,1,20358540,400,400,,
0,0,1,20358541,400,400,,
0,0,1,20358542,400,400,,
0,0,1,20358543,400,400,,
0,0,1,20358544,400,400,,
0,0,1,20358545,400,400,,
0,0,1,20358546,400,400,,
0,0,1,20358547,400,400,,
0,0,1,20358548,400,400,,
0,0,1,20358549,400,400,,
0,0,1,20358550,400,400,,
0,0,1,20358551,400,400,,
0,0,1,20358552,400,400,,
0,0,1,20358553,400,400,,
0,0,1,20358554,400,400,,
0,0,1,20358555,400,400,,
0,0,1,20358556,400,400,,
0,0,1,20358557,400,400,,
0,0,1,20358558,400,400,,
0,0,1,20358559,400,400,,
0,0,1,20358560,400,400,,
0,0,1,20358561,400,400,,
0,0,1,20358562,400,400,,
0,0,1,20358563,400,400,,
0,0,1,20358564,400,400,,
0,0,1,20358565,400,400,,
0,0,1,20358566,400,400,,
0,0,1,20358567,400,400,,
0,0,1,20358568,400,400,,
0,0,1,20358569,400,400,,
0,0,1,20358570,400,400,,
0,0,1,20358571,400,400,,
0,0,1,20358572,400,400,,
0,0,1,20358573,400,400,,
0,0,1,20358574,400,400,,
0,0,1,20358575,400,400,,
0,0,1,20358576,400,400,,
0,0,1,20358577,400,400,,
0,0,1,20358578,400,400,,
0,0,1,20358579,400,400,,
0,0,1,20358580,400,400,,
0,0,1,20358581,400,400,,
0,0,1,20358582,400,400,,
0,0,1,20358583,400,400,,
0,0,1,20358584,400,400,,
0,0,1,20358585,400,400,,
0,0,1,20358586,400,400,,
0,0,1,20358587,400,400,,
0,0,1,20358588,400,400,,
0,0,1,20358589,400,400,,
0,0,1,20358590,400,400,,
0,0,1,20358591,400,400,,
0,0,1,20358592,400,400,,
0,0,1,20358593,400,400,,
0,0,1,20358594,400,400,,
0,0,1,20358595,400,400,,
0,0,1,20358596,400,400,,
0,0,1,20358597,400,400,,
0,0,1,20358598,400,400,,
0,0,1,20358599,400,400,,
0,0,1,20358600,400,400,,
0,0,1,20358601,400,400,,
0,0,1,20358602,400,400,,
0,0,1,20358603,400,400,,
0,0,1,20358604,400,400,,
0,0,1,20358605,400,400,,
0,0,1,20358606,400,400,,
0,0,1,20358607,400,400,,
0,0,1,20358608,400,400,,
0,0,1,20358609,400,400,,
0,0,1,20358610,400,400,,
0,0,1,20358611,400,400,,
0,0,1,20358612,400,400,,
0,0,1,20358613,400,400,,
0,0,1,20358614,400,400,,
0,0,1,20358615,400,400,,
0,0,1,20358616,400,400,,
0,0,1,20358617,400,400,,
0,0,1,20358618,400,400,,
0,0,1,20358619,400,400,,
0,0,1,20358620,400,400,,
0,0,1,20358621,400,400,,
0,0,1,20358622,400,400,,
0,0,1,20358623,400,400,,
0,0,1,20358624,400,400,,
0,0,1,20358625,400,400,,
0,0,1,20358626,400,400,,
0,0,1,20358627,400,400,,
0,0,1,20358628,400,400,,
0,0,1,20358629,400,400,,
0,0,1,20358630,400,400,,
0,0,1,20358631,400,400,,
0,0,1,20358632,400,400,,
0,0,1,20358633,400,400,,
0,0,1,20358634,400,400,,
0,0,1,20358635,400,400,,
0,0,1,20358636,400,400,,
0,0,1,20358637,400,400,,
0,0,1,20358638,400,400,,
0,0,1,20358639,400,400,,
0,0,1,20358640,400,400,,
0,0,1,20358641,400,400,,
0,0,1,20358642,400,400,,
0,0,1,20358643,400,400,,
0,0,1,20358644,400,400,,
0,0,1,20358645,400,400,,
0,0,1,20358646,400,400,,
0,0,1,20358647,400,400,,
0,0,1,20358648,400,400,,
0,0,1,20358649,400,400,,
0,0,1,20358650,400,400,,
0,0,1,20358651,400,400,,
0,0,1,20358652,400,400,,
0,0,1,20358653,400,400,,
0,0,1,20358654,400,400,,
0,0,1,20358655,400,400,,
0,0,1,20358656,400,400,,
0,0,1,20358657,400,400,,
0,0,1,20358658,400,400,,
0,0,1,20358659,400,400,,
0,0,1,20358660,400,400,,
0,0,1,20358661,400,400,,
0,0,1,20358662,400,400,,
0,0,1,20358663,400,400,,
0,0,1,20358664,400,400,,
0,0,1,20358665,400,400,,
0,0,1,20358666,400,400,,
0,0,1,20358667,400,400,,
0,0,1,20358668,400,400,,
0,0,1,20358669,400,400,,
0,0,1,20358670,400,400,,
0,0,1,20358671,400,400,,
0,0,1,20358672,400,400,,
0,0,1,20358673,400,400,,
0,0,1,20358674,400,400,,
0,0,1,20358675,400,400,,
0,0,1,20358676,400,400,,
0,0,1,20358677,400,400,,
0,0,1,20358678,400,400,,
0,0,1,20358679,400,400,,
0,0,1,20358680,400,400,,
0,0,1,20358681,400,400,,
0,0,1,20358682,400,400,,
0,0,1,20358683,400,400,,
0,0,1,20358684,400,400,,
0,0,1,20358685,400,400,,
0,0,1,20358686,400,400,,
0,0,1,20358687,400,400,,
0,0,1,20358688,400,400,,
0,0,1,20358689,400,400,,
0,0,1,20358690,400,400,,
0,0,1,20358691,400,400,,
0,0,1,20358692,400,400,,
0,0,1,20358693,400,400,,
0,0,1,20358694,400,400,,
0,0,1,20358695,400,400,,
0,0,1,20358696,400,400,,
0,0,1,20358697,400,400,,
0,0,1,20358698,400,400,,
0,0,1,20358699,400,400,,
0,0,1,20358700,400,400,,
0,0,1,20358701,400,400,,
0,0,1,20358702,400,400,,
0,0,1,20358703,400,400,,
0,0,1,20358704,400,400,,
0,0,1,20358705,400,400,,
0,0,1,20358706,400,400,,
0,0,1,20358707,400,400,,
0,0,1,20358708,400,400,,
0,0,1,20358709,400,400,,
0,0,1,20358710,400,400,,
0,0,1,20358711,400,400,,
0,0,1,20358712,400,400,,
0,0,1,20358713,400,400,,
0,0,1,20358714,400,400,,
0,0,1,20358715,400,400,,
0,0,1,20358716,400,400,,
0,0,1,20358717,400,400,,
0,0,1,20358718,400,400,,
0,0,1,20358719,400,400,,
0,0,1,20358720,400,400,,
0,0,1,20358721,400,400,,
0,0,1,20358722,400,400,,
0,0,1,20358723,400,400,,
0,0,1,20358724,400,400,,
0,0,1,20358725,400,400,,
0,0,1,20358726,400,400,,
0,0,1,20358727,400,400,,
0,0,1,20358728,400,400,,
0,0,1,20358729,400,400,,
0,0,1,20358730,400,400,,
0,0,1,20358731,400,400,,
0,0,1,20358732,400,400,,
0,0,1,20358733,400,400,,
0,0,1,20358734,400,400,,
0,0,1,20358735,400,400,,
0,0,1,20358736,400,400,,
0,0,1,20358737,400,400,,
0,0,1,20358738,400,400,,
0,0,1,20358739,400,400,,
0,0,1,20358740,400,400,,
0,0,1,20358741,400,400,,
0,0,1,20358742,400,400,,
0,0,1,20358743,400,400,,
0,0,1,20358744,400,400,,
0,0,1,20358745,400,400,,
0,0,1,20358746,400,400,,
0,0,1,20358747,400,400,,
0,0,1,20358748,400,400,,
0,0,1,20358749,400,400,,
0,0,1,20358750,400,400,,
0,0,1,20358751,400,400,,
0,0,1,20358752,400,400,,
0,0,1,20358753,400,400,,
0,0,1,20358754,400,400,,
0,0,1,20358755,400,400,,
0,0,1,20358756,400,400,,
0,0,1,20358757,400,400,,
0,0,1,20358758,400,400,,
0,0,1,20358759,400,400,,
0,0,1,20358760,400,400,,
